datetime,site_name,pm25_value
2025-02-01 00:00:00+00:00,37 Lorry Station,34.75
2025-02-01 01:00:00+00:00,37 Lorry Station,37.32
2025-02-01 02:00:00+00:00,37 Lorry Station,30.2
2025-02-01 03:00:00+00:00,37 Lorry Station,37.48
2025-02-01 04:00:00+00:00,37 Lorry Station,41.72
2025-02-01 05:00:00+00:00,37 Lorry Station,50.74
2025-02-01 06:00:00+00:00,37 Lorry Station,57.48
2025-02-01 07:00:00+00:00,37 Lorry Station,57.28
2025-02-01 08:00:00+00:00,37 Lorry Station,45.34
2025-02-01 09:00:00+00:00,37 Lorry Station,32.66
2025-02-01 10:00:00+00:00,37 Lorry Station,30.4
2025-02-01 11:00:00+00:00,37 Lorry Station,32.94
2025-02-01 13:00:00+00:00,37 Lorry Station,16.28
2025-02-01 14:00:00+00:00,37 Lorry Station,13.87
2025-02-01 15:00:00+00:00,37 Lorry Station,16.87
2025-02-01 17:00:00+00:00,37 Lorry Station,39.59
2025-02-01 18:00:00+00:00,37 Lorry Station,66.96
2025-02-01 20:00:00+00:00,37 Lorry Station,34.71
2025-02-01 21:00:00+00:00,37 Lorry Station,29.09
2025-02-01 22:00:00+00:00,37 Lorry Station,22.72
2025-02-01 23:00:00+00:00,37 Lorry Station,24.32
2025-02-02 01:00:00+00:00,37 Lorry Station,45.91
2025-02-02 02:00:00+00:00,37 Lorry Station,41.11
2025-02-02 03:00:00+00:00,37 Lorry Station,41.01
2025-02-02 04:00:00+00:00,37 Lorry Station,47.18
2025-02-02 05:00:00+00:00,37 Lorry Station,45.09
2025-02-02 06:00:00+00:00,37 Lorry Station,49.66
2025-02-02 09:00:00+00:00,37 Lorry Station,37.39
2025-02-02 10:00:00+00:00,37 Lorry Station,37.66
2025-02-02 12:00:00+00:00,37 Lorry Station,17.72
2025-02-02 13:00:00+00:00,37 Lorry Station,15.29
2025-02-02 15:00:00+00:00,37 Lorry Station,17.53
2025-02-02 16:00:00+00:00,37 Lorry Station,44.73
2025-02-02 19:00:00+00:00,37 Lorry Station,41.93
2025-02-02 20:00:00+00:00,37 Lorry Station,40.96
2025-02-03 00:00:00+00:00,37 Lorry Station,42.75
2025-02-03 08:00:00+00:00,37 Lorry Station,46.76
2025-02-03 09:00:00+00:00,37 Lorry Station,43.79
2025-02-03 20:00:00+00:00,37 Lorry Station,37.43
2025-02-03 21:00:00+00:00,37 Lorry Station,37.49
2025-02-04 03:00:00+00:00,37 Lorry Station,43.07
2025-02-04 04:00:00+00:00,37 Lorry Station,45.92
2025-02-04 05:00:00+00:00,37 Lorry Station,50.08
2025-02-04 07:00:00+00:00,37 Lorry Station,53.46
2025-02-04 08:00:00+00:00,37 Lorry Station,47.77
2025-02-04 09:00:00+00:00,37 Lorry Station,40.52
2025-02-04 10:00:00+00:00,37 Lorry Station,36.55
2025-02-04 11:00:00+00:00,37 Lorry Station,31.74
2025-02-04 12:00:00+00:00,37 Lorry Station,33.11
2025-02-04 13:00:00+00:00,37 Lorry Station,27.36
2025-02-04 14:00:00+00:00,37 Lorry Station,21.58
2025-02-04 15:00:00+00:00,37 Lorry Station,26.54
2025-02-04 16:00:00+00:00,37 Lorry Station,29.87
2025-02-04 19:00:00+00:00,37 Lorry Station,39.42
2025-02-04 20:00:00+00:00,37 Lorry Station,43.25
2025-02-04 21:00:00+00:00,37 Lorry Station,38.28
2025-02-04 22:00:00+00:00,37 Lorry Station,31.38
2025-02-04 23:00:00+00:00,37 Lorry Station,30.16
2025-02-05 00:00:00+00:00,37 Lorry Station,32.11
2025-02-05 01:00:00+00:00,37 Lorry Station,32.39
2025-02-05 02:00:00+00:00,37 Lorry Station,33.95
2025-02-05 05:00:00+00:00,37 Lorry Station,48.02
2025-02-05 06:00:00+00:00,37 Lorry Station,55.2
2025-02-05 08:00:00+00:00,37 Lorry Station,47.06
2025-02-05 09:00:00+00:00,37 Lorry Station,41.58
2025-02-05 10:00:00+00:00,37 Lorry Station,38.66
2025-02-05 13:00:00+00:00,37 Lorry Station,26.06
2025-02-05 14:00:00+00:00,37 Lorry Station,24.24
2025-02-05 15:00:00+00:00,37 Lorry Station,25.36
2025-02-05 17:00:00+00:00,37 Lorry Station,35.64
2025-02-05 18:00:00+00:00,37 Lorry Station,34.7
2025-02-05 19:00:00+00:00,37 Lorry Station,36.74
2025-02-05 20:00:00+00:00,37 Lorry Station,32.09
2025-02-05 21:00:00+00:00,37 Lorry Station,25.03
2025-02-05 22:00:00+00:00,37 Lorry Station,24.21
2025-02-05 23:00:00+00:00,37 Lorry Station,24.42
2025-02-06 01:00:00+00:00,37 Lorry Station,24.96
2025-02-06 02:00:00+00:00,37 Lorry Station,24.72
2025-02-06 03:00:00+00:00,37 Lorry Station,26.76
2025-02-06 04:00:00+00:00,37 Lorry Station,35.07
2025-02-06 05:00:00+00:00,37 Lorry Station,38.63
2025-02-06 06:00:00+00:00,37 Lorry Station,48.67
2025-02-06 07:00:00+00:00,37 Lorry Station,60.13
2025-02-06 15:00:00+00:00,37 Lorry Station,23.19
2025-02-06 16:00:00+00:00,37 Lorry Station,24.42
2025-02-06 19:00:00+00:00,37 Lorry Station,27.42
2025-02-06 20:00:00+00:00,37 Lorry Station,37.97
2025-02-06 22:00:00+00:00,37 Lorry Station,30.48
2025-02-06 23:00:00+00:00,37 Lorry Station,24.16
2025-02-07 00:00:00+00:00,37 Lorry Station,24.15
2025-02-07 03:00:00+00:00,37 Lorry Station,27.15
2025-02-07 04:00:00+00:00,37 Lorry Station,32.73
2025-02-07 05:00:00+00:00,37 Lorry Station,41.84
2025-02-07 06:00:00+00:00,37 Lorry Station,37.66
2025-02-07 07:00:00+00:00,37 Lorry Station,43.06
2025-02-07 08:00:00+00:00,37 Lorry Station,38.97
2025-02-07 09:00:00+00:00,37 Lorry Station,34.51
2025-02-07 10:00:00+00:00,37 Lorry Station,31.81
2025-02-07 11:00:00+00:00,37 Lorry Station,32.43
2025-02-07 12:00:00+00:00,37 Lorry Station,25.26
2025-02-07 13:00:00+00:00,37 Lorry Station,22.43
2025-02-07 14:00:00+00:00,37 Lorry Station,27.32
2025-02-07 15:00:00+00:00,37 Lorry Station,24.55
2025-02-07 16:00:00+00:00,37 Lorry Station,28.45
2025-02-07 17:00:00+00:00,37 Lorry Station,40.29
2025-02-07 18:00:00+00:00,37 Lorry Station,36.54
2025-02-07 20:00:00+00:00,37 Lorry Station,33.93
2025-02-07 21:00:00+00:00,37 Lorry Station,29.94
2025-02-07 22:00:00+00:00,37 Lorry Station,23.94
2025-02-07 23:00:00+00:00,37 Lorry Station,23.79
2025-02-08 00:00:00+00:00,37 Lorry Station,25.46
2025-02-08 01:00:00+00:00,37 Lorry Station,27.04
2025-02-08 02:00:00+00:00,37 Lorry Station,28.15
2025-02-08 03:00:00+00:00,37 Lorry Station,24.74
2025-02-08 04:00:00+00:00,37 Lorry Station,28.12
2025-02-08 05:00:00+00:00,37 Lorry Station,32.42
2025-02-08 06:00:00+00:00,37 Lorry Station,36.89
2025-02-08 07:00:00+00:00,37 Lorry Station,52.16
2025-02-08 08:00:00+00:00,37 Lorry Station,36.12
2025-02-08 09:00:00+00:00,37 Lorry Station,34.84
2025-02-08 10:00:00+00:00,37 Lorry Station,30.97
2025-02-08 11:00:00+00:00,37 Lorry Station,27.08
2025-02-08 12:00:00+00:00,37 Lorry Station,21.88
2025-02-08 13:00:00+00:00,37 Lorry Station,16.46
2025-02-08 15:00:00+00:00,37 Lorry Station,20.77
2025-02-08 16:00:00+00:00,37 Lorry Station,19.46
2025-02-08 17:00:00+00:00,37 Lorry Station,31.63
2025-02-08 18:00:00+00:00,37 Lorry Station,29.72
2025-02-08 19:00:00+00:00,37 Lorry Station,39.57
2025-02-08 20:00:00+00:00,37 Lorry Station,30.45
2025-02-08 21:00:00+00:00,37 Lorry Station,18.47
2025-02-08 22:00:00+00:00,37 Lorry Station,13.55
2025-02-08 23:00:00+00:00,37 Lorry Station,15.87
2025-02-09 01:00:00+00:00,37 Lorry Station,13.38
2025-02-09 02:00:00+00:00,37 Lorry Station,18.3
2025-02-09 03:00:00+00:00,37 Lorry Station,23.1
2025-02-09 04:00:00+00:00,37 Lorry Station,17.94
2025-02-09 05:00:00+00:00,37 Lorry Station,18.76
2025-02-09 06:00:00+00:00,37 Lorry Station,28.62
2025-02-09 07:00:00+00:00,37 Lorry Station,29.03
2025-02-09 09:00:00+00:00,37 Lorry Station,36.51
2025-02-09 10:00:00+00:00,37 Lorry Station,22.75
2025-02-09 11:00:00+00:00,37 Lorry Station,23.9
2025-02-09 12:00:00+00:00,37 Lorry Station,23.81
2025-02-09 13:00:00+00:00,37 Lorry Station,13.13
2025-02-09 14:00:00+00:00,37 Lorry Station,12.03
2025-02-09 15:00:00+00:00,37 Lorry Station,10.19
2025-02-09 17:00:00+00:00,37 Lorry Station,32.22
2025-02-09 18:00:00+00:00,37 Lorry Station,40.45
2025-02-09 19:00:00+00:00,37 Lorry Station,41.11
2025-02-09 20:00:00+00:00,37 Lorry Station,30.58
2025-02-09 21:00:00+00:00,37 Lorry Station,18.23
2025-02-09 22:00:00+00:00,37 Lorry Station,41.94
2025-02-09 23:00:00+00:00,37 Lorry Station,52.02
2025-02-10 01:00:00+00:00,37 Lorry Station,28.76
2025-02-10 02:00:00+00:00,37 Lorry Station,24.06
2025-02-10 03:00:00+00:00,37 Lorry Station,36.97
2025-02-10 04:00:00+00:00,37 Lorry Station,42.61
2025-02-10 05:00:00+00:00,37 Lorry Station,42.69
2025-02-10 06:00:00+00:00,37 Lorry Station,47.48
2025-02-10 07:00:00+00:00,37 Lorry Station,46.96
2025-02-10 09:00:00+00:00,37 Lorry Station,28.71
2025-02-10 10:00:00+00:00,37 Lorry Station,29.98
2025-02-10 11:00:00+00:00,37 Lorry Station,25.63
2025-02-10 12:00:00+00:00,37 Lorry Station,22.11
2025-02-10 13:00:00+00:00,37 Lorry Station,15.3
2025-02-10 15:00:00+00:00,37 Lorry Station,19.36
2025-02-10 16:00:00+00:00,37 Lorry Station,21.11
2025-02-10 17:00:00+00:00,37 Lorry Station,37.72
2025-02-10 18:00:00+00:00,37 Lorry Station,31.87
2025-02-10 19:00:00+00:00,37 Lorry Station,31.76
2025-02-10 20:00:00+00:00,37 Lorry Station,29.71
2025-02-10 21:00:00+00:00,37 Lorry Station,17.96
2025-02-10 22:00:00+00:00,37 Lorry Station,16.09
2025-02-10 23:00:00+00:00,37 Lorry Station,14.66
2025-02-11 00:00:00+00:00,37 Lorry Station,12.93
2025-02-11 01:00:00+00:00,37 Lorry Station,14.89
2025-02-11 02:00:00+00:00,37 Lorry Station,13.5
2025-02-11 03:00:00+00:00,37 Lorry Station,15.35
2025-02-11 05:00:00+00:00,37 Lorry Station,30.95
2025-02-11 06:00:00+00:00,37 Lorry Station,36.77
2025-02-11 07:00:00+00:00,37 Lorry Station,34.33
2025-02-11 08:00:00+00:00,37 Lorry Station,31.68
2025-02-11 09:00:00+00:00,37 Lorry Station,29.75
2025-02-11 10:00:00+00:00,37 Lorry Station,26.29
2025-02-11 11:00:00+00:00,37 Lorry Station,24.57
2025-02-11 12:00:00+00:00,37 Lorry Station,27.66
2025-02-11 14:00:00+00:00,37 Lorry Station,18.95
2025-02-11 15:00:00+00:00,37 Lorry Station,20.48
2025-02-11 16:00:00+00:00,37 Lorry Station,15.49
2025-02-11 17:00:00+00:00,37 Lorry Station,35.45
2025-02-11 18:00:00+00:00,37 Lorry Station,32.57
2025-02-11 19:00:00+00:00,37 Lorry Station,30.95
2025-02-11 20:00:00+00:00,37 Lorry Station,23.32
2025-02-11 21:00:00+00:00,37 Lorry Station,29.12
2025-02-11 22:00:00+00:00,37 Lorry Station,26.11
2025-02-11 23:00:00+00:00,37 Lorry Station,25.76
2025-02-12 00:00:00+00:00,37 Lorry Station,23.78
2025-02-12 01:00:00+00:00,37 Lorry Station,23.42
2025-02-12 02:00:00+00:00,37 Lorry Station,25.69
2025-02-12 03:00:00+00:00,37 Lorry Station,19.4
2025-02-12 04:00:00+00:00,37 Lorry Station,19.93
2025-02-12 05:00:00+00:00,37 Lorry Station,36.37
2025-02-12 06:00:00+00:00,37 Lorry Station,46.71
2025-02-12 07:00:00+00:00,37 Lorry Station,40.86
2025-02-12 08:00:00+00:00,37 Lorry Station,33.72
2025-02-12 09:00:00+00:00,37 Lorry Station,26.49
2025-02-12 10:00:00+00:00,37 Lorry Station,28.08
2025-02-12 11:00:00+00:00,37 Lorry Station,26.03
2025-02-12 12:00:00+00:00,37 Lorry Station,17.88
2025-02-12 13:00:00+00:00,37 Lorry Station,14.52
2025-02-12 14:00:00+00:00,37 Lorry Station,16.04
2025-02-12 15:00:00+00:00,37 Lorry Station,22.16
2025-02-12 16:00:00+00:00,37 Lorry Station,21.76
2025-02-12 17:00:00+00:00,37 Lorry Station,26.79
2025-02-12 18:00:00+00:00,37 Lorry Station,36.08
2025-02-12 19:00:00+00:00,37 Lorry Station,23.83
2025-02-12 20:00:00+00:00,37 Lorry Station,25.17
2025-02-12 21:00:00+00:00,37 Lorry Station,23.03
2025-02-12 22:00:00+00:00,37 Lorry Station,18.99
2025-02-12 23:00:00+00:00,37 Lorry Station,18.44
2025-02-13 00:00:00+00:00,37 Lorry Station,19.35
2025-02-13 01:00:00+00:00,37 Lorry Station,18.78
2025-02-13 02:00:00+00:00,37 Lorry Station,20.17
2025-02-13 03:00:00+00:00,37 Lorry Station,24.56
2025-02-13 04:00:00+00:00,37 Lorry Station,39.98
2025-02-13 05:00:00+00:00,37 Lorry Station,38.77
2025-02-13 06:00:00+00:00,37 Lorry Station,39.21
2025-02-13 07:00:00+00:00,37 Lorry Station,48.4
2025-02-13 08:00:00+00:00,37 Lorry Station,36.97
2025-02-13 09:00:00+00:00,37 Lorry Station,28.79
2025-02-13 10:00:00+00:00,37 Lorry Station,28.09
2025-02-13 11:00:00+00:00,37 Lorry Station,28.68
2025-02-13 12:00:00+00:00,37 Lorry Station,21.25
2025-02-13 13:00:00+00:00,37 Lorry Station,21.29
2025-02-13 14:00:00+00:00,37 Lorry Station,17.66
2025-02-13 15:00:00+00:00,37 Lorry Station,16.89
2025-02-13 16:00:00+00:00,37 Lorry Station,19.88
2025-02-13 17:00:00+00:00,37 Lorry Station,28.37
2025-02-13 18:00:00+00:00,37 Lorry Station,35.29
2025-02-13 19:00:00+00:00,37 Lorry Station,35.56
2025-02-13 20:00:00+00:00,37 Lorry Station,37.12
2025-02-13 21:00:00+00:00,37 Lorry Station,28.72
2025-02-13 22:00:00+00:00,37 Lorry Station,28.23
2025-02-13 23:00:00+00:00,37 Lorry Station,28.48
2025-02-14 00:00:00+00:00,37 Lorry Station,20.34
2025-02-14 01:00:00+00:00,37 Lorry Station,16.59
2025-02-14 02:00:00+00:00,37 Lorry Station,17.17
2025-02-14 03:00:00+00:00,37 Lorry Station,24.27
2025-02-14 04:00:00+00:00,37 Lorry Station,23.5
2025-02-14 05:00:00+00:00,37 Lorry Station,28.46
2025-02-14 06:00:00+00:00,37 Lorry Station,41.87
2025-02-14 07:00:00+00:00,37 Lorry Station,38.76
2025-02-14 08:00:00+00:00,37 Lorry Station,31.17
2025-02-14 09:00:00+00:00,37 Lorry Station,27.94
2025-02-14 10:00:00+00:00,37 Lorry Station,25.69
2025-02-14 11:00:00+00:00,37 Lorry Station,26.88
2025-02-14 12:00:00+00:00,37 Lorry Station,18.13
2025-02-14 13:00:00+00:00,37 Lorry Station,15.5
2025-02-14 14:00:00+00:00,37 Lorry Station,14.89
2025-02-14 15:00:00+00:00,37 Lorry Station,27.63
2025-02-14 16:00:00+00:00,37 Lorry Station,30.02
2025-02-14 17:00:00+00:00,37 Lorry Station,30.74
2025-02-14 18:00:00+00:00,37 Lorry Station,63.02
2025-02-14 19:00:00+00:00,37 Lorry Station,33.05
2025-02-14 20:00:00+00:00,37 Lorry Station,36.56
2025-02-14 21:00:00+00:00,37 Lorry Station,40.41
2025-02-14 22:00:00+00:00,37 Lorry Station,31.86
2025-02-14 23:00:00+00:00,37 Lorry Station,24.73
2025-02-15 00:00:00+00:00,37 Lorry Station,21.28
2025-02-15 01:00:00+00:00,37 Lorry Station,25.7
2025-02-15 02:00:00+00:00,37 Lorry Station,22.53
2025-02-15 03:00:00+00:00,37 Lorry Station,22.89
2025-02-15 04:00:00+00:00,37 Lorry Station,31.36
2025-02-15 05:00:00+00:00,37 Lorry Station,40.84
2025-02-15 06:00:00+00:00,37 Lorry Station,45.56
2025-02-15 07:00:00+00:00,37 Lorry Station,42.51
2025-02-15 08:00:00+00:00,37 Lorry Station,38.84
2025-02-15 09:00:00+00:00,37 Lorry Station,28.03
2025-02-15 10:00:00+00:00,37 Lorry Station,25.65
2025-02-15 11:00:00+00:00,37 Lorry Station,25.76
2025-02-15 12:00:00+00:00,37 Lorry Station,17.22
2025-02-15 13:00:00+00:00,37 Lorry Station,14.81
2025-02-15 14:00:00+00:00,37 Lorry Station,15.63
2025-02-15 15:00:00+00:00,37 Lorry Station,15.15
2025-02-15 16:00:00+00:00,37 Lorry Station,15.73
2025-02-15 17:00:00+00:00,37 Lorry Station,18.86
2025-02-15 18:00:00+00:00,37 Lorry Station,49.93
2025-02-15 19:00:00+00:00,37 Lorry Station,43.23
2025-02-15 20:00:00+00:00,37 Lorry Station,33.52
2025-02-15 21:00:00+00:00,37 Lorry Station,20.54
2025-02-15 22:00:00+00:00,37 Lorry Station,23.79
2025-02-15 23:00:00+00:00,37 Lorry Station,38.74
2025-02-16 00:00:00+00:00,37 Lorry Station,39.59
2025-02-16 01:00:00+00:00,37 Lorry Station,20.29
2025-02-16 02:00:00+00:00,37 Lorry Station,21.82
2025-02-16 03:00:00+00:00,37 Lorry Station,28.0
2025-02-16 04:00:00+00:00,37 Lorry Station,29.73
2025-02-16 05:00:00+00:00,37 Lorry Station,33.8
2025-02-16 06:00:00+00:00,37 Lorry Station,44.91
2025-02-16 07:00:00+00:00,37 Lorry Station,41.73
2025-02-16 08:00:00+00:00,37 Lorry Station,37.89
2025-02-16 09:00:00+00:00,37 Lorry Station,33.1
2025-02-16 10:00:00+00:00,37 Lorry Station,30.92
2025-02-16 11:00:00+00:00,37 Lorry Station,27.44
2025-02-16 12:00:00+00:00,37 Lorry Station,18.55
2025-02-16 13:00:00+00:00,37 Lorry Station,15.55
2025-02-16 14:00:00+00:00,37 Lorry Station,14.3
2025-02-16 15:00:00+00:00,37 Lorry Station,14.98
2025-02-16 16:00:00+00:00,37 Lorry Station,15.39
2025-02-16 17:00:00+00:00,37 Lorry Station,20.54
2025-02-16 18:00:00+00:00,37 Lorry Station,34.37
2025-02-16 19:00:00+00:00,37 Lorry Station,34.32
2025-02-16 20:00:00+00:00,37 Lorry Station,35.09
2025-02-16 21:00:00+00:00,37 Lorry Station,27.1
2025-02-16 22:00:00+00:00,37 Lorry Station,24.95
2025-02-16 23:00:00+00:00,37 Lorry Station,26.98
2025-02-17 00:00:00+00:00,37 Lorry Station,27.74
2025-02-17 01:00:00+00:00,37 Lorry Station,24.58
2025-02-17 02:00:00+00:00,37 Lorry Station,21.67
2025-02-17 03:00:00+00:00,37 Lorry Station,21.19
2025-02-17 04:00:00+00:00,37 Lorry Station,29.26
2025-02-17 05:00:00+00:00,37 Lorry Station,37.77
2025-02-17 06:00:00+00:00,37 Lorry Station,43.6
2025-02-17 07:00:00+00:00,37 Lorry Station,47.23
2025-02-17 08:00:00+00:00,37 Lorry Station,42.75
2025-02-17 09:00:00+00:00,37 Lorry Station,33.84
2025-02-17 10:00:00+00:00,37 Lorry Station,32.48
2025-02-17 11:00:00+00:00,37 Lorry Station,30.09
2025-02-17 12:00:00+00:00,37 Lorry Station,23.32
2025-02-17 13:00:00+00:00,37 Lorry Station,23.33
2025-02-17 14:00:00+00:00,37 Lorry Station,23.28
2025-02-17 15:00:00+00:00,37 Lorry Station,22.48
2025-02-17 16:00:00+00:00,37 Lorry Station,19.29
2025-02-17 17:00:00+00:00,37 Lorry Station,29.66
2025-02-17 18:00:00+00:00,37 Lorry Station,30.57
2025-02-17 19:00:00+00:00,37 Lorry Station,27.34
2025-02-17 20:00:00+00:00,37 Lorry Station,33.17
2025-02-17 21:00:00+00:00,37 Lorry Station,28.91
2025-02-17 22:00:00+00:00,37 Lorry Station,26.7
2025-02-17 23:00:00+00:00,37 Lorry Station,23.52
2025-02-18 03:00:00+00:00,37 Lorry Station,24.44
2025-02-18 04:00:00+00:00,37 Lorry Station,27.17
2025-02-18 05:00:00+00:00,37 Lorry Station,33.14
2025-02-18 06:00:00+00:00,37 Lorry Station,46.97
2025-02-18 07:00:00+00:00,37 Lorry Station,41.83
2025-02-18 08:00:00+00:00,37 Lorry Station,39.19
2025-02-18 09:00:00+00:00,37 Lorry Station,34.45
2025-02-18 10:00:00+00:00,37 Lorry Station,32.64
2025-02-18 11:00:00+00:00,37 Lorry Station,27.23
2025-02-18 12:00:00+00:00,37 Lorry Station,20.83
2025-02-18 13:00:00+00:00,37 Lorry Station,15.47
2025-02-18 14:00:00+00:00,37 Lorry Station,15.69
2025-02-18 15:00:00+00:00,37 Lorry Station,16.17
2025-02-18 16:00:00+00:00,37 Lorry Station,21.86
2025-02-18 17:00:00+00:00,37 Lorry Station,44.82
2025-02-18 18:00:00+00:00,37 Lorry Station,34.5
2025-02-18 19:00:00+00:00,37 Lorry Station,34.06
2025-02-18 20:00:00+00:00,37 Lorry Station,34.31
2025-02-18 21:00:00+00:00,37 Lorry Station,19.25
2025-02-18 22:00:00+00:00,37 Lorry Station,20.99
2025-02-18 23:00:00+00:00,37 Lorry Station,20.77
2025-02-19 00:00:00+00:00,37 Lorry Station,19.09
2025-02-19 02:00:00+00:00,37 Lorry Station,16.82
2025-02-19 03:00:00+00:00,37 Lorry Station,20.71
2025-02-19 05:00:00+00:00,37 Lorry Station,27.43
2025-02-19 06:00:00+00:00,37 Lorry Station,37.42
2025-02-19 08:00:00+00:00,37 Lorry Station,17.98
2025-02-19 09:00:00+00:00,37 Lorry Station,18.71
2025-02-19 10:00:00+00:00,37 Lorry Station,13.34
2025-02-19 11:00:00+00:00,37 Lorry Station,13.43
2025-02-19 12:00:00+00:00,37 Lorry Station,14.0
2025-02-19 13:00:00+00:00,37 Lorry Station,12.84
2025-02-19 14:00:00+00:00,37 Lorry Station,12.11
2025-02-19 16:00:00+00:00,37 Lorry Station,16.37
2025-02-19 17:00:00+00:00,37 Lorry Station,30.55
2025-02-19 18:00:00+00:00,37 Lorry Station,47.55
2025-02-19 19:00:00+00:00,37 Lorry Station,71.95
2025-02-19 22:00:00+00:00,37 Lorry Station,21.81
2025-02-19 23:00:00+00:00,37 Lorry Station,18.57
2025-02-20 01:00:00+00:00,37 Lorry Station,23.09
2025-02-20 02:00:00+00:00,37 Lorry Station,24.5
2025-02-20 03:00:00+00:00,37 Lorry Station,23.44
2025-02-20 04:00:00+00:00,37 Lorry Station,26.83
2025-02-20 06:00:00+00:00,37 Lorry Station,38.32
2025-02-20 07:00:00+00:00,37 Lorry Station,35.57
2025-02-20 08:00:00+00:00,37 Lorry Station,33.3
2025-02-20 09:00:00+00:00,37 Lorry Station,27.63
2025-02-20 10:00:00+00:00,37 Lorry Station,30.07
2025-02-20 11:00:00+00:00,37 Lorry Station,27.05
2025-02-20 14:00:00+00:00,37 Lorry Station,19.66
2025-02-20 15:00:00+00:00,37 Lorry Station,20.51
2025-02-20 16:00:00+00:00,37 Lorry Station,17.59
2025-02-20 18:00:00+00:00,37 Lorry Station,28.4
2025-02-20 19:00:00+00:00,37 Lorry Station,19.98
2025-02-20 20:00:00+00:00,37 Lorry Station,25.64
2025-02-20 21:00:00+00:00,37 Lorry Station,27.0
2025-02-20 22:00:00+00:00,37 Lorry Station,27.8
2025-02-20 23:00:00+00:00,37 Lorry Station,21.36
2025-02-21 00:00:00+00:00,37 Lorry Station,22.29
2025-02-21 01:00:00+00:00,37 Lorry Station,21.15
2025-02-21 02:00:00+00:00,37 Lorry Station,21.92
2025-02-21 03:00:00+00:00,37 Lorry Station,22.79
2025-02-21 04:00:00+00:00,37 Lorry Station,28.41
2025-02-21 05:00:00+00:00,37 Lorry Station,44.65
2025-02-21 06:00:00+00:00,37 Lorry Station,45.03
2025-02-21 08:00:00+00:00,37 Lorry Station,39.68
2025-02-21 09:00:00+00:00,37 Lorry Station,42.61
2025-02-21 10:00:00+00:00,37 Lorry Station,36.44
2025-02-21 11:00:00+00:00,37 Lorry Station,26.9
2025-02-21 12:00:00+00:00,37 Lorry Station,19.59
2025-02-21 13:00:00+00:00,37 Lorry Station,19.42
2025-02-21 14:00:00+00:00,37 Lorry Station,18.63
2025-02-21 15:00:00+00:00,37 Lorry Station,22.15
2025-02-21 16:00:00+00:00,37 Lorry Station,22.77
2025-02-21 19:00:00+00:00,37 Lorry Station,34.52
2025-02-21 20:00:00+00:00,37 Lorry Station,26.34
2025-02-21 21:00:00+00:00,37 Lorry Station,24.31
2025-02-21 23:00:00+00:00,37 Lorry Station,31.76
2025-02-22 00:00:00+00:00,37 Lorry Station,43.39
2025-02-22 02:00:00+00:00,37 Lorry Station,38.23
2025-02-22 03:00:00+00:00,37 Lorry Station,38.97
2025-02-22 04:00:00+00:00,37 Lorry Station,91.86
2025-02-22 05:00:00+00:00,37 Lorry Station,61.74
2025-02-22 06:00:00+00:00,37 Lorry Station,51.67
2025-02-22 07:00:00+00:00,37 Lorry Station,49.88
2025-02-22 08:00:00+00:00,37 Lorry Station,45.76
2025-02-22 09:00:00+00:00,37 Lorry Station,37.06
2025-02-22 10:00:00+00:00,37 Lorry Station,33.0
2025-02-22 12:00:00+00:00,37 Lorry Station,18.86
2025-02-22 13:00:00+00:00,37 Lorry Station,15.4
2025-02-22 14:00:00+00:00,37 Lorry Station,17.35
2025-02-22 15:00:00+00:00,37 Lorry Station,26.53
2025-02-22 16:00:00+00:00,37 Lorry Station,21.04
2025-02-22 17:00:00+00:00,37 Lorry Station,24.68
2025-02-22 18:00:00+00:00,37 Lorry Station,38.18
2025-02-22 19:00:00+00:00,37 Lorry Station,40.31
2025-02-22 20:00:00+00:00,37 Lorry Station,33.97
2025-02-22 21:00:00+00:00,37 Lorry Station,28.72
2025-02-22 22:00:00+00:00,37 Lorry Station,29.05
2025-02-22 23:00:00+00:00,37 Lorry Station,28.3
2025-02-23 00:00:00+00:00,37 Lorry Station,25.11
2025-02-23 01:00:00+00:00,37 Lorry Station,27.22
2025-02-23 02:00:00+00:00,37 Lorry Station,17.47
2025-02-23 03:00:00+00:00,37 Lorry Station,17.07
2025-02-23 04:00:00+00:00,37 Lorry Station,17.72
2025-02-23 05:00:00+00:00,37 Lorry Station,20.13
2025-02-23 06:00:00+00:00,37 Lorry Station,23.92
2025-02-23 07:00:00+00:00,37 Lorry Station,30.86
2025-02-23 08:00:00+00:00,37 Lorry Station,43.14
2025-02-23 09:00:00+00:00,37 Lorry Station,48.29
2025-02-23 11:00:00+00:00,37 Lorry Station,33.84
2025-02-23 12:00:00+00:00,37 Lorry Station,31.85
2025-02-23 13:00:00+00:00,37 Lorry Station,34.23
2025-02-23 14:00:00+00:00,37 Lorry Station,33.48
2025-02-23 15:00:00+00:00,37 Lorry Station,33.05
2025-02-23 16:00:00+00:00,37 Lorry Station,34.35
2025-02-23 17:00:00+00:00,37 Lorry Station,41.6
2025-02-23 18:00:00+00:00,37 Lorry Station,46.46
2025-02-23 19:00:00+00:00,37 Lorry Station,39.82
2025-02-23 20:00:00+00:00,37 Lorry Station,46.57
2025-02-23 23:00:00+00:00,37 Lorry Station,33.91
2025-02-24 00:00:00+00:00,37 Lorry Station,35.5
2025-02-24 01:00:00+00:00,37 Lorry Station,38.95
2025-02-24 02:00:00+00:00,37 Lorry Station,32.36
2025-02-24 03:00:00+00:00,37 Lorry Station,29.59
2025-02-24 04:00:00+00:00,37 Lorry Station,35.02
2025-02-24 05:00:00+00:00,37 Lorry Station,41.85
2025-02-24 08:00:00+00:00,37 Lorry Station,42.59
2025-02-24 09:00:00+00:00,37 Lorry Station,36.17
2025-02-24 10:00:00+00:00,37 Lorry Station,41.89
2025-02-24 11:00:00+00:00,37 Lorry Station,29.01
2025-02-24 12:00:00+00:00,37 Lorry Station,24.32
2025-02-24 13:00:00+00:00,37 Lorry Station,17.45
2025-02-24 16:00:00+00:00,37 Lorry Station,19.07
2025-02-24 17:00:00+00:00,37 Lorry Station,18.23
2025-02-24 18:00:00+00:00,37 Lorry Station,27.85
2025-02-24 19:00:00+00:00,37 Lorry Station,38.23
2025-02-24 20:00:00+00:00,37 Lorry Station,33.62
2025-02-24 21:00:00+00:00,37 Lorry Station,26.75
2025-02-24 23:00:00+00:00,37 Lorry Station,17.93
2025-02-25 00:00:00+00:00,37 Lorry Station,15.63
2025-02-25 01:00:00+00:00,37 Lorry Station,17.36
2025-02-25 02:00:00+00:00,37 Lorry Station,22.72
2025-02-25 03:00:00+00:00,37 Lorry Station,22.58
2025-02-25 04:00:00+00:00,37 Lorry Station,33.13
2025-02-25 05:00:00+00:00,37 Lorry Station,49.1
2025-02-25 06:00:00+00:00,37 Lorry Station,60.08
2025-02-25 07:00:00+00:00,37 Lorry Station,55.86
2025-02-25 08:00:00+00:00,37 Lorry Station,38.07
2025-02-25 09:00:00+00:00,37 Lorry Station,26.48
2025-02-25 10:00:00+00:00,37 Lorry Station,19.93
2025-02-25 11:00:00+00:00,37 Lorry Station,21.13
2025-02-25 12:00:00+00:00,37 Lorry Station,20.97
2025-02-25 13:00:00+00:00,37 Lorry Station,13.86
2025-02-25 14:00:00+00:00,37 Lorry Station,12.52
2025-02-25 15:00:00+00:00,37 Lorry Station,12.46
2025-02-25 16:00:00+00:00,37 Lorry Station,11.55
2025-02-25 17:00:00+00:00,37 Lorry Station,26.3
2025-02-25 18:00:00+00:00,37 Lorry Station,25.62
2025-02-25 19:00:00+00:00,37 Lorry Station,28.76
2025-02-25 20:00:00+00:00,37 Lorry Station,18.16
2025-02-25 21:00:00+00:00,37 Lorry Station,16.8
2025-02-25 23:00:00+00:00,37 Lorry Station,22.33
2025-02-26 00:00:00+00:00,37 Lorry Station,13.09
2025-02-26 02:00:00+00:00,37 Lorry Station,14.84
2025-02-26 03:00:00+00:00,37 Lorry Station,19.29
2025-02-26 04:00:00+00:00,37 Lorry Station,22.28
2025-02-26 05:00:00+00:00,37 Lorry Station,27.56
2025-02-26 06:00:00+00:00,37 Lorry Station,39.03
2025-02-26 07:00:00+00:00,37 Lorry Station,40.54
2025-02-26 08:00:00+00:00,37 Lorry Station,31.37
2025-02-26 09:00:00+00:00,37 Lorry Station,27.15
2025-02-26 10:00:00+00:00,37 Lorry Station,26.58
2025-02-26 11:00:00+00:00,37 Lorry Station,25.66
2025-02-26 13:00:00+00:00,37 Lorry Station,12.89
2025-02-26 14:00:00+00:00,37 Lorry Station,12.98
2025-02-26 15:00:00+00:00,37 Lorry Station,18.25
2025-02-26 16:00:00+00:00,37 Lorry Station,17.04
2025-02-26 17:00:00+00:00,37 Lorry Station,15.84
2025-02-26 18:00:00+00:00,37 Lorry Station,32.51
2025-02-26 19:00:00+00:00,37 Lorry Station,23.63
2025-02-27 03:00:00+00:00,37 Lorry Station,23.2
2025-02-27 04:00:00+00:00,37 Lorry Station,19.62
2025-02-27 05:00:00+00:00,37 Lorry Station,19.39
2025-02-27 06:00:00+00:00,37 Lorry Station,24.6
2025-02-27 07:00:00+00:00,37 Lorry Station,32.31
2025-02-27 08:00:00+00:00,37 Lorry Station,32.32
2025-02-27 10:00:00+00:00,37 Lorry Station,25.7
2025-02-27 11:00:00+00:00,37 Lorry Station,16.56
2025-02-27 12:00:00+00:00,37 Lorry Station,15.57
2025-02-27 13:00:00+00:00,37 Lorry Station,14.93
2025-02-27 14:00:00+00:00,37 Lorry Station,15.56
2025-02-27 15:00:00+00:00,37 Lorry Station,14.19
2025-02-27 16:00:00+00:00,37 Lorry Station,16.93
2025-02-27 17:00:00+00:00,37 Lorry Station,29.05
2025-02-27 18:00:00+00:00,37 Lorry Station,39.92
2025-02-27 21:00:00+00:00,37 Lorry Station,24.21
2025-02-27 22:00:00+00:00,37 Lorry Station,20.84
2025-02-27 23:00:00+00:00,37 Lorry Station,18.32
2025-02-28 00:00:00+00:00,37 Lorry Station,11.83
2025-02-28 01:00:00+00:00,37 Lorry Station,16.77
2025-02-28 03:00:00+00:00,37 Lorry Station,17.88
2025-02-28 04:00:00+00:00,37 Lorry Station,18.65
2025-02-28 05:00:00+00:00,37 Lorry Station,28.43
2025-02-28 06:00:00+00:00,37 Lorry Station,33.62
2025-02-28 07:00:00+00:00,37 Lorry Station,45.0
2025-02-28 08:00:00+00:00,37 Lorry Station,44.66
2025-02-28 10:00:00+00:00,37 Lorry Station,27.63
2025-02-28 11:00:00+00:00,37 Lorry Station,17.15
2025-02-28 12:00:00+00:00,37 Lorry Station,15.16
2025-02-28 13:00:00+00:00,37 Lorry Station,14.44
2025-02-28 14:00:00+00:00,37 Lorry Station,13.11
2025-02-28 15:00:00+00:00,37 Lorry Station,19.12
2025-02-28 16:00:00+00:00,37 Lorry Station,31.7
2025-02-28 17:00:00+00:00,37 Lorry Station,33.48
2025-02-28 18:00:00+00:00,37 Lorry Station,40.11
2025-02-28 19:00:00+00:00,37 Lorry Station,31.64
2025-02-28 20:00:00+00:00,37 Lorry Station,59.3
2025-02-28 21:00:00+00:00,37 Lorry Station,28.49
2025-02-28 22:00:00+00:00,37 Lorry Station,31.03
2025-02-28 23:00:00+00:00,37 Lorry Station,19.33
2025-02-01 00:00:00+00:00,Accra Technical University,43.85
2025-02-01 01:00:00+00:00,Accra Technical University,66.2
2025-02-01 02:00:00+00:00,Accra Technical University,58.35
2025-02-01 03:00:00+00:00,Accra Technical University,59.7
2025-02-01 04:00:00+00:00,Accra Technical University,63.3
2025-02-01 05:00:00+00:00,Accra Technical University,64.8
2025-02-01 06:00:00+00:00,Accra Technical University,70.25
2025-02-01 07:00:00+00:00,Accra Technical University,83.95
2025-02-01 08:00:00+00:00,Accra Technical University,59.15
2025-02-01 09:00:00+00:00,Accra Technical University,42.05
2025-02-01 10:00:00+00:00,Accra Technical University,45.3
2025-02-01 11:00:00+00:00,Accra Technical University,33.1
2025-02-01 12:00:00+00:00,Accra Technical University,29.25
2025-02-01 13:00:00+00:00,Accra Technical University,29.15
2025-02-01 14:00:00+00:00,Accra Technical University,27.95
2025-02-01 15:00:00+00:00,Accra Technical University,31.85
2025-02-01 16:00:00+00:00,Accra Technical University,36.5
2025-02-01 17:00:00+00:00,Accra Technical University,35.6
2025-02-01 18:00:00+00:00,Accra Technical University,46.25
2025-02-01 19:00:00+00:00,Accra Technical University,49.35
2025-02-01 20:00:00+00:00,Accra Technical University,49.55
2025-02-01 21:00:00+00:00,Accra Technical University,42.05
2025-02-01 22:00:00+00:00,Accra Technical University,43.85
2025-02-01 23:00:00+00:00,Accra Technical University,48.45
2025-02-02 00:00:00+00:00,Accra Technical University,50.2
2025-02-02 01:00:00+00:00,Accra Technical University,48.7
2025-02-02 02:00:00+00:00,Accra Technical University,72.55
2025-02-02 03:00:00+00:00,Accra Technical University,99.35
2025-02-02 04:00:00+00:00,Accra Technical University,65.55
2025-02-02 05:00:00+00:00,Accra Technical University,73.35
2025-02-02 07:00:00+00:00,Accra Technical University,83.8
2025-02-02 08:00:00+00:00,Accra Technical University,67.4
2025-02-02 09:00:00+00:00,Accra Technical University,47.75
2025-02-02 10:00:00+00:00,Accra Technical University,46.0
2025-02-02 11:00:00+00:00,Accra Technical University,44.45
2025-02-02 12:00:00+00:00,Accra Technical University,32.0
2025-02-02 13:00:00+00:00,Accra Technical University,21.0
2025-02-02 14:00:00+00:00,Accra Technical University,26.5
2025-02-02 15:00:00+00:00,Accra Technical University,19.6
2025-02-02 16:00:00+00:00,Accra Technical University,20.0
2025-02-02 17:00:00+00:00,Accra Technical University,32.85
2025-02-02 18:00:00+00:00,Accra Technical University,41.05
2025-02-02 19:00:00+00:00,Accra Technical University,59.45
2025-02-02 20:00:00+00:00,Accra Technical University,76.9
2025-02-02 21:00:00+00:00,Accra Technical University,36.5
2025-02-02 22:00:00+00:00,Accra Technical University,55.75
2025-02-02 23:00:00+00:00,Accra Technical University,140.85
2025-02-03 00:00:00+00:00,Accra Technical University,111.9
2025-02-03 01:00:00+00:00,Accra Technical University,120.75
2025-02-03 02:00:00+00:00,Accra Technical University,67.55
2025-02-03 03:00:00+00:00,Accra Technical University,65.8
2025-02-03 04:00:00+00:00,Accra Technical University,62.7
2025-02-03 05:00:00+00:00,Accra Technical University,76.75
2025-02-03 06:00:00+00:00,Accra Technical University,75.1
2025-02-03 07:00:00+00:00,Accra Technical University,87.75
2025-02-03 08:00:00+00:00,Accra Technical University,63.85
2025-02-03 09:00:00+00:00,Accra Technical University,51.7
2025-02-03 10:00:00+00:00,Accra Technical University,41.45
2025-02-03 11:00:00+00:00,Accra Technical University,37.95
2025-02-03 12:00:00+00:00,Accra Technical University,37.9
2025-02-03 13:00:00+00:00,Accra Technical University,38.85
2025-02-03 14:00:00+00:00,Accra Technical University,38.75
2025-02-03 15:00:00+00:00,Accra Technical University,39.85
2025-02-03 16:00:00+00:00,Accra Technical University,42.35
2025-02-03 17:00:00+00:00,Accra Technical University,48.6
2025-02-03 18:00:00+00:00,Accra Technical University,49.7
2025-02-03 19:00:00+00:00,Accra Technical University,57.6
2025-02-03 20:00:00+00:00,Accra Technical University,57.0
2025-02-03 21:00:00+00:00,Accra Technical University,54.1
2025-02-03 22:00:00+00:00,Accra Technical University,47.5
2025-02-03 23:00:00+00:00,Accra Technical University,87.85
2025-02-04 00:00:00+00:00,Accra Technical University,73.25
2025-02-04 01:00:00+00:00,Accra Technical University,65.45
2025-02-04 02:00:00+00:00,Accra Technical University,75.2
2025-02-04 03:00:00+00:00,Accra Technical University,62.05
2025-02-04 04:00:00+00:00,Accra Technical University,72.15
2025-02-04 05:00:00+00:00,Accra Technical University,99.45
2025-02-04 06:00:00+00:00,Accra Technical University,87.25
2025-02-04 07:00:00+00:00,Accra Technical University,73.2
2025-02-04 08:00:00+00:00,Accra Technical University,52.9
2025-02-04 09:00:00+00:00,Accra Technical University,46.4
2025-02-04 10:00:00+00:00,Accra Technical University,43.1
2025-02-04 11:00:00+00:00,Accra Technical University,42.45
2025-02-04 12:00:00+00:00,Accra Technical University,42.45
2025-02-04 13:00:00+00:00,Accra Technical University,40.8
2025-02-04 14:00:00+00:00,Accra Technical University,39.25
2025-02-04 15:00:00+00:00,Accra Technical University,41.05
2025-02-04 16:00:00+00:00,Accra Technical University,41.3
2025-02-04 17:00:00+00:00,Accra Technical University,44.2
2025-02-04 18:00:00+00:00,Accra Technical University,52.85
2025-02-04 19:00:00+00:00,Accra Technical University,61.35
2025-02-04 20:00:00+00:00,Accra Technical University,62.05
2025-02-04 21:00:00+00:00,Accra Technical University,64.9
2025-02-04 22:00:00+00:00,Accra Technical University,53.6
2025-02-04 23:00:00+00:00,Accra Technical University,64.7
2025-02-05 00:00:00+00:00,Accra Technical University,91.35
2025-02-05 02:00:00+00:00,Accra Technical University,105.5
2025-02-05 03:00:00+00:00,Accra Technical University,53.25
2025-02-05 04:00:00+00:00,Accra Technical University,62.55
2025-02-05 05:00:00+00:00,Accra Technical University,62.0
2025-02-05 06:00:00+00:00,Accra Technical University,74.1
2025-02-05 07:00:00+00:00,Accra Technical University,68.6
2025-02-05 08:00:00+00:00,Accra Technical University,55.7
2025-02-05 09:00:00+00:00,Accra Technical University,48.55
2025-02-05 10:00:00+00:00,Accra Technical University,45.3
2025-02-05 11:00:00+00:00,Accra Technical University,46.1
2025-02-05 12:00:00+00:00,Accra Technical University,42.55
2025-02-05 13:00:00+00:00,Accra Technical University,39.25
2025-02-05 14:00:00+00:00,Accra Technical University,41.4
2025-02-05 15:00:00+00:00,Accra Technical University,42.35
2025-02-05 16:00:00+00:00,Accra Technical University,43.2
2025-02-05 17:00:00+00:00,Accra Technical University,43.05
2025-02-05 18:00:00+00:00,Accra Technical University,43.95
2025-02-05 19:00:00+00:00,Accra Technical University,43.45
2025-02-05 20:00:00+00:00,Accra Technical University,40.7
2025-02-05 21:00:00+00:00,Accra Technical University,40.2
2025-02-05 22:00:00+00:00,Accra Technical University,38.5
2025-02-05 23:00:00+00:00,Accra Technical University,40.05
2025-02-06 00:00:00+00:00,Accra Technical University,43.3
2025-02-06 01:00:00+00:00,Accra Technical University,45.95
2025-02-06 02:00:00+00:00,Accra Technical University,41.55
2025-02-06 03:00:00+00:00,Accra Technical University,44.2
2025-02-06 04:00:00+00:00,Accra Technical University,48.95
2025-02-06 05:00:00+00:00,Accra Technical University,54.1
2025-02-06 08:00:00+00:00,Accra Technical University,46.55
2025-02-06 09:00:00+00:00,Accra Technical University,44.6
2025-02-06 10:00:00+00:00,Accra Technical University,44.65
2025-02-06 11:00:00+00:00,Accra Technical University,40.45
2025-02-06 12:00:00+00:00,Accra Technical University,36.9
2025-02-06 13:00:00+00:00,Accra Technical University,34.15
2025-02-06 14:00:00+00:00,Accra Technical University,37.05
2025-02-06 15:00:00+00:00,Accra Technical University,35.7
2025-02-06 16:00:00+00:00,Accra Technical University,36.85
2025-02-06 17:00:00+00:00,Accra Technical University,38.85
2025-02-06 18:00:00+00:00,Accra Technical University,42.25
2025-02-06 19:00:00+00:00,Accra Technical University,41.0
2025-02-06 20:00:00+00:00,Accra Technical University,43.0
2025-02-06 21:00:00+00:00,Accra Technical University,41.05
2025-02-06 22:00:00+00:00,Accra Technical University,40.5
2025-02-06 23:00:00+00:00,Accra Technical University,38.0
2025-02-07 00:00:00+00:00,Accra Technical University,42.95
2025-02-07 01:00:00+00:00,Accra Technical University,47.75
2025-02-07 02:00:00+00:00,Accra Technical University,57.35
2025-02-07 04:00:00+00:00,Accra Technical University,50.55
2025-02-07 07:00:00+00:00,Accra Technical University,51.35
2025-02-07 08:00:00+00:00,Accra Technical University,44.7
2025-02-07 09:00:00+00:00,Accra Technical University,43.1
2025-02-07 10:00:00+00:00,Accra Technical University,41.7
2025-02-07 11:00:00+00:00,Accra Technical University,36.75
2025-02-07 12:00:00+00:00,Accra Technical University,34.8
2025-02-07 13:00:00+00:00,Accra Technical University,35.45
2025-02-07 14:00:00+00:00,Accra Technical University,36.15
2025-02-07 15:00:00+00:00,Accra Technical University,37.45
2025-02-07 16:00:00+00:00,Accra Technical University,39.75
2025-02-07 17:00:00+00:00,Accra Technical University,42.3
2025-02-07 18:00:00+00:00,Accra Technical University,46.2
2025-02-07 19:00:00+00:00,Accra Technical University,53.35
2025-02-07 20:00:00+00:00,Accra Technical University,56.4
2025-02-07 21:00:00+00:00,Accra Technical University,63.55
2025-02-07 22:00:00+00:00,Accra Technical University,42.05
2025-02-07 23:00:00+00:00,Accra Technical University,41.25
2025-02-08 00:00:00+00:00,Accra Technical University,42.6
2025-02-08 02:00:00+00:00,Accra Technical University,74.1
2025-02-08 04:00:00+00:00,Accra Technical University,64.35
2025-02-08 05:00:00+00:00,Accra Technical University,52.6
2025-02-08 06:00:00+00:00,Accra Technical University,55.7
2025-02-08 07:00:00+00:00,Accra Technical University,52.95
2025-02-08 08:00:00+00:00,Accra Technical University,49.15
2025-02-08 09:00:00+00:00,Accra Technical University,44.75
2025-02-08 10:00:00+00:00,Accra Technical University,41.1
2025-02-08 11:00:00+00:00,Accra Technical University,32.6
2025-02-08 12:00:00+00:00,Accra Technical University,34.05
2025-02-08 13:00:00+00:00,Accra Technical University,31.0
2025-02-08 14:00:00+00:00,Accra Technical University,31.4
2025-02-08 15:00:00+00:00,Accra Technical University,34.9
2025-02-08 16:00:00+00:00,Accra Technical University,36.3
2025-02-08 17:00:00+00:00,Accra Technical University,39.45
2025-02-08 18:00:00+00:00,Accra Technical University,38.15
2025-02-08 19:00:00+00:00,Accra Technical University,39.55
2025-02-08 20:00:00+00:00,Accra Technical University,34.5
2025-02-08 21:00:00+00:00,Accra Technical University,39.4
2025-02-08 22:00:00+00:00,Accra Technical University,32.35
2025-02-09 00:00:00+00:00,Accra Technical University,61.35
2025-02-09 01:00:00+00:00,Accra Technical University,48.35
2025-02-09 02:00:00+00:00,Accra Technical University,35.85
2025-02-09 03:00:00+00:00,Accra Technical University,32.9
2025-02-09 04:00:00+00:00,Accra Technical University,39.7
2025-02-09 05:00:00+00:00,Accra Technical University,60.85
2025-02-09 06:00:00+00:00,Accra Technical University,39.1
2025-02-09 07:00:00+00:00,Accra Technical University,50.15
2025-02-09 08:00:00+00:00,Accra Technical University,62.85
2025-02-09 09:00:00+00:00,Accra Technical University,42.9
2025-02-09 10:00:00+00:00,Accra Technical University,42.6
2025-02-09 11:00:00+00:00,Accra Technical University,36.4
2025-02-09 12:00:00+00:00,Accra Technical University,27.5
2025-02-09 13:00:00+00:00,Accra Technical University,24.85
2025-02-09 14:00:00+00:00,Accra Technical University,23.1
2025-02-09 15:00:00+00:00,Accra Technical University,26.85
2025-02-09 16:00:00+00:00,Accra Technical University,31.75
2025-02-09 17:00:00+00:00,Accra Technical University,34.6
2025-02-09 18:00:00+00:00,Accra Technical University,42.75
2025-02-09 19:00:00+00:00,Accra Technical University,40.7
2025-02-09 20:00:00+00:00,Accra Technical University,46.0
2025-02-09 21:00:00+00:00,Accra Technical University,44.15
2025-02-09 22:00:00+00:00,Accra Technical University,58.45
2025-02-09 23:00:00+00:00,Accra Technical University,40.6
2025-02-10 00:00:00+00:00,Accra Technical University,60.0
2025-02-10 01:00:00+00:00,Accra Technical University,95.35
2025-02-10 02:00:00+00:00,Accra Technical University,46.7
2025-02-10 03:00:00+00:00,Accra Technical University,46.65
2025-02-10 04:00:00+00:00,Accra Technical University,51.6
2025-02-10 05:00:00+00:00,Accra Technical University,57.45
2025-02-10 06:00:00+00:00,Accra Technical University,64.95
2025-02-10 07:00:00+00:00,Accra Technical University,58.3
2025-02-10 08:00:00+00:00,Accra Technical University,44.35
2025-02-10 09:00:00+00:00,Accra Technical University,44.45
2025-02-10 10:00:00+00:00,Accra Technical University,34.85
2025-02-10 11:00:00+00:00,Accra Technical University,31.8
2025-02-10 12:00:00+00:00,Accra Technical University,31.1
2025-02-10 13:00:00+00:00,Accra Technical University,29.55
2025-02-10 14:00:00+00:00,Accra Technical University,30.25
2025-02-10 15:00:00+00:00,Accra Technical University,30.05
2025-02-10 16:00:00+00:00,Accra Technical University,33.65
2025-02-10 17:00:00+00:00,Accra Technical University,35.4
2025-02-10 18:00:00+00:00,Accra Technical University,40.6
2025-02-10 19:00:00+00:00,Accra Technical University,44.1
2025-02-10 20:00:00+00:00,Accra Technical University,40.45
2025-02-10 21:00:00+00:00,Accra Technical University,39.95
2025-02-10 22:00:00+00:00,Accra Technical University,42.05
2025-02-10 23:00:00+00:00,Accra Technical University,40.45
2025-02-11 00:00:00+00:00,Accra Technical University,38.1
2025-02-11 01:00:00+00:00,Accra Technical University,40.35
2025-02-11 02:00:00+00:00,Accra Technical University,41.45
2025-02-11 03:00:00+00:00,Accra Technical University,44.45
2025-02-11 04:00:00+00:00,Accra Technical University,52.05
2025-02-11 05:00:00+00:00,Accra Technical University,50.85
2025-02-11 06:00:00+00:00,Accra Technical University,48.7
2025-02-11 07:00:00+00:00,Accra Technical University,45.65
2025-02-11 08:00:00+00:00,Accra Technical University,41.9
2025-02-11 09:00:00+00:00,Accra Technical University,41.2
2025-02-11 10:00:00+00:00,Accra Technical University,36.35
2025-02-11 11:00:00+00:00,Accra Technical University,33.05
2025-02-11 12:00:00+00:00,Accra Technical University,30.8
2025-02-11 13:00:00+00:00,Accra Technical University,28.2
2025-02-11 14:00:00+00:00,Accra Technical University,28.9
2025-02-11 15:00:00+00:00,Accra Technical University,31.15
2025-02-11 16:00:00+00:00,Accra Technical University,33.05
2025-02-11 17:00:00+00:00,Accra Technical University,34.0
2025-02-11 18:00:00+00:00,Accra Technical University,42.9
2025-02-11 19:00:00+00:00,Accra Technical University,46.7
2025-02-11 20:00:00+00:00,Accra Technical University,43.8
2025-02-11 21:00:00+00:00,Accra Technical University,39.55
2025-02-11 22:00:00+00:00,Accra Technical University,38.15
2025-02-11 23:00:00+00:00,Accra Technical University,40.5
2025-02-12 00:00:00+00:00,Accra Technical University,81.45
2025-02-12 01:00:00+00:00,Accra Technical University,76.95
2025-02-12 02:00:00+00:00,Accra Technical University,62.65
2025-02-12 03:00:00+00:00,Accra Technical University,51.5
2025-02-12 04:00:00+00:00,Accra Technical University,49.2
2025-02-12 05:00:00+00:00,Accra Technical University,51.45
2025-02-12 06:00:00+00:00,Accra Technical University,52.65
2025-02-12 07:00:00+00:00,Accra Technical University,47.15
2025-02-12 08:00:00+00:00,Accra Technical University,40.8
2025-02-12 09:00:00+00:00,Accra Technical University,39.05
2025-02-12 10:00:00+00:00,Accra Technical University,38.2
2025-02-12 11:00:00+00:00,Accra Technical University,32.15
2025-02-12 12:00:00+00:00,Accra Technical University,30.35
2025-02-12 13:00:00+00:00,Accra Technical University,28.8
2025-02-12 14:00:00+00:00,Accra Technical University,31.25
2025-02-12 15:00:00+00:00,Accra Technical University,30.3
2025-02-12 16:00:00+00:00,Accra Technical University,33.25
2025-02-12 17:00:00+00:00,Accra Technical University,44.35
2025-02-12 18:00:00+00:00,Accra Technical University,47.55
2025-02-12 19:00:00+00:00,Accra Technical University,45.45
2025-02-12 20:00:00+00:00,Accra Technical University,42.75
2025-02-12 21:00:00+00:00,Accra Technical University,45.95
2025-02-12 22:00:00+00:00,Accra Technical University,50.3
2025-02-12 23:00:00+00:00,Accra Technical University,43.95
2025-02-13 00:00:00+00:00,Accra Technical University,42.5
2025-02-13 01:00:00+00:00,Accra Technical University,69.1
2025-02-13 04:00:00+00:00,Accra Technical University,49.8
2025-02-13 05:00:00+00:00,Accra Technical University,49.6
2025-02-13 06:00:00+00:00,Accra Technical University,52.15
2025-02-13 07:00:00+00:00,Accra Technical University,53.5
2025-02-13 08:00:00+00:00,Accra Technical University,43.2
2025-02-13 09:00:00+00:00,Accra Technical University,40.0
2025-02-13 10:00:00+00:00,Accra Technical University,39.6
2025-02-13 11:00:00+00:00,Accra Technical University,33.3
2025-02-13 12:00:00+00:00,Accra Technical University,30.7
2025-02-13 13:00:00+00:00,Accra Technical University,29.45
2025-02-13 14:00:00+00:00,Accra Technical University,30.3
2025-02-13 15:00:00+00:00,Accra Technical University,32.55
2025-02-13 16:00:00+00:00,Accra Technical University,34.05
2025-02-13 17:00:00+00:00,Accra Technical University,36.55
2025-02-13 18:00:00+00:00,Accra Technical University,40.8
2025-02-13 19:00:00+00:00,Accra Technical University,58.4
2025-02-13 20:00:00+00:00,Accra Technical University,58.95
2025-02-13 21:00:00+00:00,Accra Technical University,46.75
2025-02-13 22:00:00+00:00,Accra Technical University,45.5
2025-02-13 23:00:00+00:00,Accra Technical University,46.75
2025-02-14 00:00:00+00:00,Accra Technical University,46.5
2025-02-14 02:00:00+00:00,Accra Technical University,48.05
2025-02-14 03:00:00+00:00,Accra Technical University,48.5
2025-02-14 04:00:00+00:00,Accra Technical University,52.5
2025-02-14 05:00:00+00:00,Accra Technical University,48.35
2025-02-14 06:00:00+00:00,Accra Technical University,47.55
2025-02-14 07:00:00+00:00,Accra Technical University,46.85
2025-02-14 08:00:00+00:00,Accra Technical University,42.1
2025-02-14 09:00:00+00:00,Accra Technical University,40.4
2025-02-14 10:00:00+00:00,Accra Technical University,37.4
2025-02-14 11:00:00+00:00,Accra Technical University,36.9
2025-02-14 12:00:00+00:00,Accra Technical University,30.05
2025-02-14 13:00:00+00:00,Accra Technical University,30.8
2025-02-14 14:00:00+00:00,Accra Technical University,28.95
2025-02-14 15:00:00+00:00,Accra Technical University,30.0
2025-02-14 16:00:00+00:00,Accra Technical University,30.75
2025-02-14 17:00:00+00:00,Accra Technical University,36.65
2025-02-14 18:00:00+00:00,Accra Technical University,41.45
2025-02-14 19:00:00+00:00,Accra Technical University,41.15
2025-02-14 20:00:00+00:00,Accra Technical University,43.6
2025-02-14 21:00:00+00:00,Accra Technical University,46.25
2025-02-14 22:00:00+00:00,Accra Technical University,40.05
2025-02-14 23:00:00+00:00,Accra Technical University,38.75
2025-02-15 00:00:00+00:00,Accra Technical University,63.3
2025-02-15 01:00:00+00:00,Accra Technical University,39.25
2025-02-15 02:00:00+00:00,Accra Technical University,55.8
2025-02-15 03:00:00+00:00,Accra Technical University,56.7
2025-02-15 04:00:00+00:00,Accra Technical University,49.3
2025-02-15 05:00:00+00:00,Accra Technical University,66.4
2025-02-15 06:00:00+00:00,Accra Technical University,54.05
2025-02-15 07:00:00+00:00,Accra Technical University,48.7
2025-02-15 08:00:00+00:00,Accra Technical University,44.65
2025-02-15 09:00:00+00:00,Accra Technical University,36.85
2025-02-15 10:00:00+00:00,Accra Technical University,39.6
2025-02-15 11:00:00+00:00,Accra Technical University,35.75
2025-02-15 12:00:00+00:00,Accra Technical University,29.65
2025-02-15 13:00:00+00:00,Accra Technical University,29.8
2025-02-15 14:00:00+00:00,Accra Technical University,29.4
2025-02-15 15:00:00+00:00,Accra Technical University,29.35
2025-02-15 16:00:00+00:00,Accra Technical University,31.5
2025-02-15 17:00:00+00:00,Accra Technical University,34.15
2025-02-15 18:00:00+00:00,Accra Technical University,40.65
2025-02-15 19:00:00+00:00,Accra Technical University,38.65
2025-02-15 20:00:00+00:00,Accra Technical University,37.05
2025-02-15 21:00:00+00:00,Accra Technical University,37.55
2025-02-15 22:00:00+00:00,Accra Technical University,42.05
2025-02-15 23:00:00+00:00,Accra Technical University,73.25
2025-02-16 01:00:00+00:00,Accra Technical University,72.15
2025-02-16 02:00:00+00:00,Accra Technical University,40.8
2025-02-16 03:00:00+00:00,Accra Technical University,47.45
2025-02-16 04:00:00+00:00,Accra Technical University,50.3
2025-02-16 05:00:00+00:00,Accra Technical University,53.0
2025-02-16 06:00:00+00:00,Accra Technical University,62.45
2025-02-16 07:00:00+00:00,Accra Technical University,58.85
2025-02-16 08:00:00+00:00,Accra Technical University,47.85
2025-02-16 09:00:00+00:00,Accra Technical University,45.25
2025-02-16 10:00:00+00:00,Accra Technical University,42.25
2025-02-16 11:00:00+00:00,Accra Technical University,34.65
2025-02-16 12:00:00+00:00,Accra Technical University,30.5
2025-02-16 13:00:00+00:00,Accra Technical University,29.5
2025-02-16 14:00:00+00:00,Accra Technical University,27.0
2025-02-16 15:00:00+00:00,Accra Technical University,30.85
2025-02-16 16:00:00+00:00,Accra Technical University,34.1
2025-02-16 17:00:00+00:00,Accra Technical University,37.35
2025-02-16 18:00:00+00:00,Accra Technical University,45.6
2025-02-16 19:00:00+00:00,Accra Technical University,53.9
2025-02-16 20:00:00+00:00,Accra Technical University,50.25
2025-02-16 21:00:00+00:00,Accra Technical University,46.8
2025-02-16 22:00:00+00:00,Accra Technical University,45.7
2025-02-16 23:00:00+00:00,Accra Technical University,42.7
2025-02-17 00:00:00+00:00,Accra Technical University,64.45
2025-02-17 01:00:00+00:00,Accra Technical University,42.4
2025-02-17 02:00:00+00:00,Accra Technical University,40.15
2025-02-17 03:00:00+00:00,Accra Technical University,49.15
2025-02-17 04:00:00+00:00,Accra Technical University,49.5
2025-02-17 05:00:00+00:00,Accra Technical University,51.4
2025-02-17 06:00:00+00:00,Accra Technical University,52.0
2025-02-17 07:00:00+00:00,Accra Technical University,53.9
2025-02-17 08:00:00+00:00,Accra Technical University,45.0
2025-02-17 09:00:00+00:00,Accra Technical University,40.75
2025-02-17 10:00:00+00:00,Accra Technical University,40.15
2025-02-17 11:00:00+00:00,Accra Technical University,33.5
2025-02-17 12:00:00+00:00,Accra Technical University,33.3
2025-02-17 13:00:00+00:00,Accra Technical University,34.35
2025-02-17 14:00:00+00:00,Accra Technical University,34.6
2025-02-17 15:00:00+00:00,Accra Technical University,38.1
2025-02-17 16:00:00+00:00,Accra Technical University,38.5
2025-02-17 17:00:00+00:00,Accra Technical University,40.6
2025-02-17 18:00:00+00:00,Accra Technical University,41.7
2025-02-17 19:00:00+00:00,Accra Technical University,43.45
2025-02-17 20:00:00+00:00,Accra Technical University,41.35
2025-02-17 21:00:00+00:00,Accra Technical University,41.2
2025-02-17 22:00:00+00:00,Accra Technical University,49.75
2025-02-17 23:00:00+00:00,Accra Technical University,52.1
2025-02-18 00:00:00+00:00,Accra Technical University,47.15
2025-02-18 01:00:00+00:00,Accra Technical University,47.35
2025-02-18 02:00:00+00:00,Accra Technical University,66.2
2025-02-18 03:00:00+00:00,Accra Technical University,77.05
2025-02-18 05:00:00+00:00,Accra Technical University,82.2
2025-02-18 06:00:00+00:00,Accra Technical University,73.35
2025-02-18 07:00:00+00:00,Accra Technical University,53.0
2025-02-18 08:00:00+00:00,Accra Technical University,46.05
2025-02-18 09:00:00+00:00,Accra Technical University,40.85
2025-02-18 10:00:00+00:00,Accra Technical University,36.4
2025-02-18 11:00:00+00:00,Accra Technical University,33.9
2025-02-18 12:00:00+00:00,Accra Technical University,33.1
2025-02-18 13:00:00+00:00,Accra Technical University,31.15
2025-02-18 14:00:00+00:00,Accra Technical University,31.7
2025-02-18 15:00:00+00:00,Accra Technical University,33.95
2025-02-18 16:00:00+00:00,Accra Technical University,37.45
2025-02-18 17:00:00+00:00,Accra Technical University,39.6
2025-02-18 18:00:00+00:00,Accra Technical University,43.05
2025-02-18 19:00:00+00:00,Accra Technical University,45.4
2025-02-18 20:00:00+00:00,Accra Technical University,43.45
2025-02-18 21:00:00+00:00,Accra Technical University,38.55
2025-02-18 22:00:00+00:00,Accra Technical University,38.55
2025-02-19 00:00:00+00:00,Accra Technical University,41.7
2025-02-19 01:00:00+00:00,Accra Technical University,34.1
2025-02-19 02:00:00+00:00,Accra Technical University,37.75
2025-02-19 03:00:00+00:00,Accra Technical University,42.35
2025-02-19 04:00:00+00:00,Accra Technical University,59.6
2025-02-19 05:00:00+00:00,Accra Technical University,54.15
2025-02-19 06:00:00+00:00,Accra Technical University,57.9
2025-02-19 07:00:00+00:00,Accra Technical University,43.35
2025-02-19 08:00:00+00:00,Accra Technical University,33.75
2025-02-19 09:00:00+00:00,Accra Technical University,31.5
2025-02-19 10:00:00+00:00,Accra Technical University,31.05
2025-02-19 11:00:00+00:00,Accra Technical University,29.1
2025-02-19 12:00:00+00:00,Accra Technical University,27.3
2025-02-19 13:00:00+00:00,Accra Technical University,26.7
2025-02-19 14:00:00+00:00,Accra Technical University,28.5
2025-02-19 15:00:00+00:00,Accra Technical University,30.25
2025-02-19 16:00:00+00:00,Accra Technical University,29.9
2025-02-19 17:00:00+00:00,Accra Technical University,33.45
2025-02-19 18:00:00+00:00,Accra Technical University,39.05
2025-02-19 19:00:00+00:00,Accra Technical University,52.4
2025-02-19 20:00:00+00:00,Accra Technical University,42.2
2025-02-19 21:00:00+00:00,Accra Technical University,45.45
2025-02-19 22:00:00+00:00,Accra Technical University,43.95
2025-02-19 23:00:00+00:00,Accra Technical University,51.45
2025-02-20 00:00:00+00:00,Accra Technical University,46.75
2025-02-20 01:00:00+00:00,Accra Technical University,47.65
2025-02-20 02:00:00+00:00,Accra Technical University,42.65
2025-02-20 03:00:00+00:00,Accra Technical University,46.5
2025-02-20 04:00:00+00:00,Accra Technical University,52.05
2025-02-20 05:00:00+00:00,Accra Technical University,48.55
2025-02-20 06:00:00+00:00,Accra Technical University,51.2
2025-02-20 07:00:00+00:00,Accra Technical University,45.8
2025-02-20 08:00:00+00:00,Accra Technical University,40.0
2025-02-20 09:00:00+00:00,Accra Technical University,38.9
2025-02-20 10:00:00+00:00,Accra Technical University,38.5
2025-02-20 11:00:00+00:00,Accra Technical University,35.05
2025-02-20 12:00:00+00:00,Accra Technical University,33.4
2025-02-20 13:00:00+00:00,Accra Technical University,31.45
2025-02-20 14:00:00+00:00,Accra Technical University,31.65
2025-02-20 15:00:00+00:00,Accra Technical University,32.3
2025-02-20 16:00:00+00:00,Accra Technical University,35.6
2025-02-20 17:00:00+00:00,Accra Technical University,44.95
2025-02-20 18:00:00+00:00,Accra Technical University,46.4
2025-02-20 19:00:00+00:00,Accra Technical University,50.7
2025-02-20 20:00:00+00:00,Accra Technical University,51.0
2025-02-20 21:00:00+00:00,Accra Technical University,53.15
2025-02-20 22:00:00+00:00,Accra Technical University,60.15
2025-02-20 23:00:00+00:00,Accra Technical University,49.5
2025-02-21 00:00:00+00:00,Accra Technical University,53.05
2025-02-21 01:00:00+00:00,Accra Technical University,54.85
2025-02-21 02:00:00+00:00,Accra Technical University,49.45
2025-02-21 03:00:00+00:00,Accra Technical University,48.9
2025-02-21 04:00:00+00:00,Accra Technical University,51.65
2025-02-21 05:00:00+00:00,Accra Technical University,57.45
2025-02-21 06:00:00+00:00,Accra Technical University,66.95
2025-02-21 07:00:00+00:00,Accra Technical University,54.55
2025-02-21 08:00:00+00:00,Accra Technical University,56.2
2025-02-21 09:00:00+00:00,Accra Technical University,55.4
2025-02-21 10:00:00+00:00,Accra Technical University,43.5
2025-02-21 11:00:00+00:00,Accra Technical University,37.4
2025-02-21 12:00:00+00:00,Accra Technical University,39.55
2025-02-21 13:00:00+00:00,Accra Technical University,41.25
2025-02-21 14:00:00+00:00,Accra Technical University,42.2
2025-02-21 15:00:00+00:00,Accra Technical University,42.6
2025-02-21 16:00:00+00:00,Accra Technical University,43.45
2025-02-21 17:00:00+00:00,Accra Technical University,45.45
2025-02-21 18:00:00+00:00,Accra Technical University,48.6
2025-02-21 19:00:00+00:00,Accra Technical University,48.25
2025-02-21 20:00:00+00:00,Accra Technical University,57.5
2025-02-21 21:00:00+00:00,Accra Technical University,65.7
2025-02-21 22:00:00+00:00,Accra Technical University,59.65
2025-02-21 23:00:00+00:00,Accra Technical University,41.15
2025-02-22 00:00:00+00:00,Accra Technical University,46.25
2025-02-22 01:00:00+00:00,Accra Technical University,55.1
2025-02-22 03:00:00+00:00,Accra Technical University,77.65
2025-02-22 04:00:00+00:00,Accra Technical University,80.5
2025-02-22 06:00:00+00:00,Accra Technical University,83.75
2025-02-22 07:00:00+00:00,Accra Technical University,64.75
2025-02-22 08:00:00+00:00,Accra Technical University,58.65
2025-02-22 09:00:00+00:00,Accra Technical University,45.6
2025-02-22 10:00:00+00:00,Accra Technical University,43.8
2025-02-22 11:00:00+00:00,Accra Technical University,37.0
2025-02-22 12:00:00+00:00,Accra Technical University,32.95
2025-02-22 13:00:00+00:00,Accra Technical University,33.6
2025-02-22 14:00:00+00:00,Accra Technical University,38.85
2025-02-22 15:00:00+00:00,Accra Technical University,40.95
2025-02-22 16:00:00+00:00,Accra Technical University,39.1
2025-02-22 17:00:00+00:00,Accra Technical University,44.75
2025-02-22 18:00:00+00:00,Accra Technical University,42.35
2025-02-22 19:00:00+00:00,Accra Technical University,49.95
2025-02-22 20:00:00+00:00,Accra Technical University,47.35
2025-02-22 21:00:00+00:00,Accra Technical University,46.35
2025-02-22 22:00:00+00:00,Accra Technical University,45.5
2025-02-22 23:00:00+00:00,Accra Technical University,38.95
2025-02-23 00:00:00+00:00,Accra Technical University,49.75
2025-02-23 01:00:00+00:00,Accra Technical University,46.5
2025-02-23 02:00:00+00:00,Accra Technical University,34.6
2025-02-23 03:00:00+00:00,Accra Technical University,47.3
2025-02-23 04:00:00+00:00,Accra Technical University,45.8
2025-02-23 05:00:00+00:00,Accra Technical University,39.25
2025-02-23 06:00:00+00:00,Accra Technical University,37.1
2025-02-23 08:00:00+00:00,Accra Technical University,50.65
2025-02-23 09:00:00+00:00,Accra Technical University,45.9
2025-02-23 10:00:00+00:00,Accra Technical University,51.8
2025-02-23 11:00:00+00:00,Accra Technical University,51.45
2025-02-23 12:00:00+00:00,Accra Technical University,46.2
2025-02-23 13:00:00+00:00,Accra Technical University,48.35
2025-02-23 14:00:00+00:00,Accra Technical University,44.05
2025-02-23 15:00:00+00:00,Accra Technical University,45.05
2025-02-23 16:00:00+00:00,Accra Technical University,50.9
2025-02-23 17:00:00+00:00,Accra Technical University,55.5
2025-02-23 18:00:00+00:00,Accra Technical University,59.65
2025-02-23 19:00:00+00:00,Accra Technical University,104.2
2025-02-23 21:00:00+00:00,Accra Technical University,55.1
2025-02-23 22:00:00+00:00,Accra Technical University,48.35
2025-02-23 23:00:00+00:00,Accra Technical University,59.9
2025-02-24 00:00:00+00:00,Accra Technical University,75.75
2025-02-24 01:00:00+00:00,Accra Technical University,88.1
2025-02-24 02:00:00+00:00,Accra Technical University,99.25
2025-02-24 03:00:00+00:00,Accra Technical University,98.6
2025-02-24 04:00:00+00:00,Accra Technical University,71.15
2025-02-24 05:00:00+00:00,Accra Technical University,65.65
2025-02-24 06:00:00+00:00,Accra Technical University,82.65
2025-02-24 07:00:00+00:00,Accra Technical University,59.7
2025-02-24 08:00:00+00:00,Accra Technical University,64.95
2025-02-24 09:00:00+00:00,Accra Technical University,52.85
2025-02-24 10:00:00+00:00,Accra Technical University,45.45
2025-02-24 11:00:00+00:00,Accra Technical University,37.95
2025-02-24 12:00:00+00:00,Accra Technical University,33.95
2025-02-24 13:00:00+00:00,Accra Technical University,33.7
2025-02-24 14:00:00+00:00,Accra Technical University,34.05
2025-02-24 15:00:00+00:00,Accra Technical University,32.9
2025-02-24 16:00:00+00:00,Accra Technical University,33.95
2025-02-24 17:00:00+00:00,Accra Technical University,38.7
2025-02-24 18:00:00+00:00,Accra Technical University,43.65
2025-02-24 19:00:00+00:00,Accra Technical University,47.05
2025-02-24 20:00:00+00:00,Accra Technical University,46.9
2025-02-24 21:00:00+00:00,Accra Technical University,44.7
2025-02-24 22:00:00+00:00,Accra Technical University,41.15
2025-02-24 23:00:00+00:00,Accra Technical University,43.65
2025-02-25 00:00:00+00:00,Accra Technical University,44.95
2025-02-25 01:00:00+00:00,Accra Technical University,46.95
2025-02-25 02:00:00+00:00,Accra Technical University,50.2
2025-02-25 03:00:00+00:00,Accra Technical University,49.2
2025-02-25 04:00:00+00:00,Accra Technical University,74.95
2025-02-25 05:00:00+00:00,Accra Technical University,69.8
2025-02-25 06:00:00+00:00,Accra Technical University,66.35
2025-02-25 07:00:00+00:00,Accra Technical University,52.7
2025-02-25 08:00:00+00:00,Accra Technical University,40.2
2025-02-25 09:00:00+00:00,Accra Technical University,33.65
2025-02-25 10:00:00+00:00,Accra Technical University,31.4
2025-02-25 11:00:00+00:00,Accra Technical University,33.25
2025-02-25 12:00:00+00:00,Accra Technical University,29.25
2025-02-25 13:00:00+00:00,Accra Technical University,21.25
2025-02-25 14:00:00+00:00,Accra Technical University,23.45
2025-02-25 15:00:00+00:00,Accra Technical University,21.55
2025-02-25 16:00:00+00:00,Accra Technical University,24.85
2025-02-25 17:00:00+00:00,Accra Technical University,33.15
2025-02-25 18:00:00+00:00,Accra Technical University,37.6
2025-02-25 19:00:00+00:00,Accra Technical University,35.95
2025-02-25 20:00:00+00:00,Accra Technical University,42.3
2025-02-25 21:00:00+00:00,Accra Technical University,39.6
2025-02-25 22:00:00+00:00,Accra Technical University,39.45
2025-02-25 23:00:00+00:00,Accra Technical University,46.0
2025-02-26 00:00:00+00:00,Accra Technical University,55.65
2025-02-26 02:00:00+00:00,Accra Technical University,58.6
2025-02-26 03:00:00+00:00,Accra Technical University,38.9
2025-02-26 04:00:00+00:00,Accra Technical University,39.4
2025-02-26 05:00:00+00:00,Accra Technical University,48.7
2025-02-26 06:00:00+00:00,Accra Technical University,53.8
2025-02-26 07:00:00+00:00,Accra Technical University,47.5
2025-02-26 08:00:00+00:00,Accra Technical University,40.95
2025-02-26 09:00:00+00:00,Accra Technical University,39.35
2025-02-26 10:00:00+00:00,Accra Technical University,38.8
2025-02-26 11:00:00+00:00,Accra Technical University,34.3
2025-02-26 12:00:00+00:00,Accra Technical University,30.65
2025-02-26 13:00:00+00:00,Accra Technical University,24.65
2025-02-26 14:00:00+00:00,Accra Technical University,25.35
2025-02-26 15:00:00+00:00,Accra Technical University,28.1
2025-02-26 16:00:00+00:00,Accra Technical University,29.7
2025-02-26 17:00:00+00:00,Accra Technical University,34.45
2025-02-26 18:00:00+00:00,Accra Technical University,37.55
2025-02-26 19:00:00+00:00,Accra Technical University,38.35
2025-02-26 20:00:00+00:00,Accra Technical University,36.5
2025-02-26 21:00:00+00:00,Accra Technical University,28.65
2025-02-26 22:00:00+00:00,Accra Technical University,25.25
2025-02-26 23:00:00+00:00,Accra Technical University,41.55
2025-02-27 00:00:00+00:00,Accra Technical University,71.65
2025-02-27 01:00:00+00:00,Accra Technical University,49.1
2025-02-27 02:00:00+00:00,Accra Technical University,49.95
2025-02-27 03:00:00+00:00,Accra Technical University,42.9
2025-02-27 04:00:00+00:00,Accra Technical University,48.95
2025-02-27 05:00:00+00:00,Accra Technical University,46.05
2025-02-27 06:00:00+00:00,Accra Technical University,48.0
2025-02-27 07:00:00+00:00,Accra Technical University,44.7
2025-02-27 08:00:00+00:00,Accra Technical University,39.7
2025-02-27 09:00:00+00:00,Accra Technical University,35.9
2025-02-27 10:00:00+00:00,Accra Technical University,29.1
2025-02-27 11:00:00+00:00,Accra Technical University,30.9
2025-02-27 12:00:00+00:00,Accra Technical University,27.45
2025-02-27 13:00:00+00:00,Accra Technical University,26.65
2025-02-01 00:00:00+00:00,Afri-SET CC1,36.3
2025-02-01 01:00:00+00:00,Afri-SET CC1,37.5
2025-02-01 02:00:00+00:00,Afri-SET CC1,52.4
2025-02-01 03:00:00+00:00,Afri-SET CC1,53.95
2025-02-01 04:00:00+00:00,Afri-SET CC1,45.6
2025-02-01 05:00:00+00:00,Afri-SET CC1,47.25
2025-02-01 06:00:00+00:00,Afri-SET CC1,49.25
2025-02-01 07:00:00+00:00,Afri-SET CC1,50.9
2025-02-01 08:00:00+00:00,Afri-SET CC1,47.35
2025-02-01 09:00:00+00:00,Afri-SET CC1,41.8
2025-02-01 10:00:00+00:00,Afri-SET CC1,38.45
2025-02-01 11:00:00+00:00,Afri-SET CC1,39.75
2025-02-01 12:00:00+00:00,Afri-SET CC1,40.15
2025-02-01 13:00:00+00:00,Afri-SET CC1,34.9
2025-02-01 14:00:00+00:00,Afri-SET CC1,32.3
2025-02-01 15:00:00+00:00,Afri-SET CC1,32.9
2025-02-01 16:00:00+00:00,Afri-SET CC1,36.25
2025-02-01 17:00:00+00:00,Afri-SET CC1,36.8
2025-02-01 18:00:00+00:00,Afri-SET CC1,35.95
2025-02-01 19:00:00+00:00,Afri-SET CC1,37.8
2025-02-01 20:00:00+00:00,Afri-SET CC1,42.65
2025-02-01 21:00:00+00:00,Afri-SET CC1,42.9
2025-02-01 22:00:00+00:00,Afri-SET CC1,41.25
2025-02-01 23:00:00+00:00,Afri-SET CC1,38.25
2025-02-02 00:00:00+00:00,Afri-SET CC1,48.35
2025-02-02 01:00:00+00:00,Afri-SET CC1,47.8
2025-02-02 02:00:00+00:00,Afri-SET CC1,48.15
2025-02-02 03:00:00+00:00,Afri-SET CC1,46.0
2025-02-02 04:00:00+00:00,Afri-SET CC1,42.8
2025-02-02 05:00:00+00:00,Afri-SET CC1,44.4
2025-02-02 06:00:00+00:00,Afri-SET CC1,48.25
2025-02-02 07:00:00+00:00,Afri-SET CC1,47.1
2025-02-02 08:00:00+00:00,Afri-SET CC1,45.7
2025-02-02 09:00:00+00:00,Afri-SET CC1,44.65
2025-02-02 10:00:00+00:00,Afri-SET CC1,42.7
2025-02-02 11:00:00+00:00,Afri-SET CC1,43.1
2025-02-02 12:00:00+00:00,Afri-SET CC1,36.75
2025-02-02 13:00:00+00:00,Afri-SET CC1,32.7
2025-02-02 14:00:00+00:00,Afri-SET CC1,31.35
2025-02-02 15:00:00+00:00,Afri-SET CC1,34.15
2025-02-02 16:00:00+00:00,Afri-SET CC1,34.9
2025-02-02 17:00:00+00:00,Afri-SET CC1,33.4
2025-02-02 18:00:00+00:00,Afri-SET CC1,37.0
2025-02-02 19:00:00+00:00,Afri-SET CC1,43.25
2025-02-02 20:00:00+00:00,Afri-SET CC1,45.1
2025-02-02 21:00:00+00:00,Afri-SET CC1,45.55
2025-02-02 22:00:00+00:00,Afri-SET CC1,47.95
2025-02-02 23:00:00+00:00,Afri-SET CC1,49.55
2025-02-03 03:00:00+00:00,Afri-SET CC1,50.2
2025-02-03 04:00:00+00:00,Afri-SET CC1,44.15
2025-02-03 05:00:00+00:00,Afri-SET CC1,45.05
2025-02-03 06:00:00+00:00,Afri-SET CC1,46.65
2025-02-03 07:00:00+00:00,Afri-SET CC1,48.8
2025-02-03 08:00:00+00:00,Afri-SET CC1,42.5
2025-02-03 09:00:00+00:00,Afri-SET CC1,44.4
2025-02-03 10:00:00+00:00,Afri-SET CC1,44.85
2025-02-03 11:00:00+00:00,Afri-SET CC1,48.55
2025-02-03 12:00:00+00:00,Afri-SET CC1,44.7
2025-02-03 13:00:00+00:00,Afri-SET CC1,43.95
2025-02-03 14:00:00+00:00,Afri-SET CC1,44.25
2025-02-03 15:00:00+00:00,Afri-SET CC1,42.7
2025-02-03 16:00:00+00:00,Afri-SET CC1,41.8
2025-02-03 17:00:00+00:00,Afri-SET CC1,43.0
2025-02-03 18:00:00+00:00,Afri-SET CC1,46.15
2025-02-03 19:00:00+00:00,Afri-SET CC1,43.55
2025-02-03 20:00:00+00:00,Afri-SET CC1,44.6
2025-02-03 21:00:00+00:00,Afri-SET CC1,43.9
2025-02-03 22:00:00+00:00,Afri-SET CC1,44.05
2025-02-03 23:00:00+00:00,Afri-SET CC1,48.05
2025-02-04 00:00:00+00:00,Afri-SET CC1,45.85
2025-02-04 01:00:00+00:00,Afri-SET CC1,48.8
2025-02-04 04:00:00+00:00,Afri-SET CC1,47.0
2025-02-04 05:00:00+00:00,Afri-SET CC1,46.2
2025-02-04 06:00:00+00:00,Afri-SET CC1,54.9
2025-02-04 09:00:00+00:00,Afri-SET CC1,49.7
2025-02-04 10:00:00+00:00,Afri-SET CC1,46.9
2025-02-04 11:00:00+00:00,Afri-SET CC1,43.75
2025-02-04 12:00:00+00:00,Afri-SET CC1,42.35
2025-02-04 13:00:00+00:00,Afri-SET CC1,43.1
2025-02-04 14:00:00+00:00,Afri-SET CC1,42.45
2025-02-04 15:00:00+00:00,Afri-SET CC1,40.95
2025-02-04 16:00:00+00:00,Afri-SET CC1,42.2
2025-02-04 17:00:00+00:00,Afri-SET CC1,44.35
2025-02-04 18:00:00+00:00,Afri-SET CC1,47.45
2025-02-04 19:00:00+00:00,Afri-SET CC1,43.6
2025-02-04 20:00:00+00:00,Afri-SET CC1,42.0
2025-02-04 21:00:00+00:00,Afri-SET CC1,39.9
2025-02-04 22:00:00+00:00,Afri-SET CC1,39.25
2025-02-04 23:00:00+00:00,Afri-SET CC1,42.55
2025-02-05 00:00:00+00:00,Afri-SET CC1,44.4
2025-02-05 01:00:00+00:00,Afri-SET CC1,44.4
2025-02-05 02:00:00+00:00,Afri-SET CC1,44.25
2025-02-05 03:00:00+00:00,Afri-SET CC1,44.9
2025-02-05 04:00:00+00:00,Afri-SET CC1,47.55
2025-02-05 05:00:00+00:00,Afri-SET CC1,51.4
2025-02-05 07:00:00+00:00,Afri-SET CC1,55.3
2025-02-05 08:00:00+00:00,Afri-SET CC1,51.15
2025-02-05 09:00:00+00:00,Afri-SET CC1,49.9
2025-02-05 10:00:00+00:00,Afri-SET CC1,45.6
2025-02-05 11:00:00+00:00,Afri-SET CC1,45.9
2025-02-05 12:00:00+00:00,Afri-SET CC1,45.75
2025-02-05 13:00:00+00:00,Afri-SET CC1,45.65
2025-02-05 14:00:00+00:00,Afri-SET CC1,46.75
2025-02-05 15:00:00+00:00,Afri-SET CC1,47.15
2025-02-05 16:00:00+00:00,Afri-SET CC1,44.95
2025-02-05 17:00:00+00:00,Afri-SET CC1,39.95
2025-02-05 18:00:00+00:00,Afri-SET CC1,41.65
2025-02-05 19:00:00+00:00,Afri-SET CC1,38.7
2025-02-05 20:00:00+00:00,Afri-SET CC1,37.85
2025-02-05 21:00:00+00:00,Afri-SET CC1,36.65
2025-02-05 22:00:00+00:00,Afri-SET CC1,35.5
2025-02-05 23:00:00+00:00,Afri-SET CC1,35.25
2025-02-06 00:00:00+00:00,Afri-SET CC1,36.5
2025-02-06 01:00:00+00:00,Afri-SET CC1,37.15
2025-02-06 02:00:00+00:00,Afri-SET CC1,36.25
2025-02-06 03:00:00+00:00,Afri-SET CC1,36.55
2025-02-06 04:00:00+00:00,Afri-SET CC1,40.25
2025-02-06 05:00:00+00:00,Afri-SET CC1,43.5
2025-02-06 06:00:00+00:00,Afri-SET CC1,46.4
2025-02-06 07:00:00+00:00,Afri-SET CC1,47.55
2025-02-06 08:00:00+00:00,Afri-SET CC1,43.55
2025-02-06 09:00:00+00:00,Afri-SET CC1,42.8
2025-02-06 10:00:00+00:00,Afri-SET CC1,41.6
2025-02-06 11:00:00+00:00,Afri-SET CC1,43.9
2025-02-06 12:00:00+00:00,Afri-SET CC1,43.3
2025-02-06 13:00:00+00:00,Afri-SET CC1,39.5
2025-02-06 14:00:00+00:00,Afri-SET CC1,35.7
2025-02-06 15:00:00+00:00,Afri-SET CC1,36.2
2025-02-06 16:00:00+00:00,Afri-SET CC1,34.9
2025-02-06 17:00:00+00:00,Afri-SET CC1,34.35
2025-02-06 18:00:00+00:00,Afri-SET CC1,35.15
2025-02-06 19:00:00+00:00,Afri-SET CC1,34.65
2025-02-06 20:00:00+00:00,Afri-SET CC1,33.4
2025-02-06 21:00:00+00:00,Afri-SET CC1,32.9
2025-02-06 22:00:00+00:00,Afri-SET CC1,33.05
2025-02-06 23:00:00+00:00,Afri-SET CC1,33.2
2025-02-07 00:00:00+00:00,Afri-SET CC1,34.65
2025-02-07 01:00:00+00:00,Afri-SET CC1,34.1
2025-02-07 02:00:00+00:00,Afri-SET CC1,35.7
2025-02-07 03:00:00+00:00,Afri-SET CC1,34.65
2025-02-07 04:00:00+00:00,Afri-SET CC1,36.2
2025-02-07 05:00:00+00:00,Afri-SET CC1,38.85
2025-02-07 06:00:00+00:00,Afri-SET CC1,43.7
2025-02-07 07:00:00+00:00,Afri-SET CC1,46.05
2025-02-07 08:00:00+00:00,Afri-SET CC1,40.3
2025-02-07 09:00:00+00:00,Afri-SET CC1,39.8
2025-02-07 10:00:00+00:00,Afri-SET CC1,40.55
2025-02-07 11:00:00+00:00,Afri-SET CC1,42.45
2025-02-07 12:00:00+00:00,Afri-SET CC1,43.2
2025-02-07 13:00:00+00:00,Afri-SET CC1,39.25
2025-02-07 14:00:00+00:00,Afri-SET CC1,38.0
2025-02-07 15:00:00+00:00,Afri-SET CC1,39.05
2025-02-07 16:00:00+00:00,Afri-SET CC1,39.9
2025-02-07 17:00:00+00:00,Afri-SET CC1,39.65
2025-02-07 18:00:00+00:00,Afri-SET CC1,39.35
2025-02-07 19:00:00+00:00,Afri-SET CC1,37.2
2025-02-07 20:00:00+00:00,Afri-SET CC1,38.1
2025-02-07 21:00:00+00:00,Afri-SET CC1,37.75
2025-02-07 22:00:00+00:00,Afri-SET CC1,35.0
2025-02-07 23:00:00+00:00,Afri-SET CC1,35.05
2025-02-08 00:00:00+00:00,Afri-SET CC1,37.8
2025-02-08 01:00:00+00:00,Afri-SET CC1,36.75
2025-02-08 02:00:00+00:00,Afri-SET CC1,36.05
2025-02-08 03:00:00+00:00,Afri-SET CC1,36.7
2025-02-08 04:00:00+00:00,Afri-SET CC1,38.75
2025-02-08 05:00:00+00:00,Afri-SET CC1,41.6
2025-02-08 06:00:00+00:00,Afri-SET CC1,42.45
2025-02-08 07:00:00+00:00,Afri-SET CC1,45.05
2025-02-08 08:00:00+00:00,Afri-SET CC1,43.15
2025-02-08 09:00:00+00:00,Afri-SET CC1,40.05
2025-02-08 10:00:00+00:00,Afri-SET CC1,38.25
2025-02-08 11:00:00+00:00,Afri-SET CC1,40.6
2025-02-08 12:00:00+00:00,Afri-SET CC1,41.6
2025-02-08 13:00:00+00:00,Afri-SET CC1,38.1
2025-02-08 14:00:00+00:00,Afri-SET CC1,34.4
2025-02-08 15:00:00+00:00,Afri-SET CC1,34.45
2025-02-08 16:00:00+00:00,Afri-SET CC1,34.1
2025-02-08 17:00:00+00:00,Afri-SET CC1,33.2
2025-02-08 18:00:00+00:00,Afri-SET CC1,33.7
2025-02-08 19:00:00+00:00,Afri-SET CC1,34.5
2025-02-08 20:00:00+00:00,Afri-SET CC1,34.7
2025-02-08 21:00:00+00:00,Afri-SET CC1,25.55
2025-02-08 23:00:00+00:00,Afri-SET CC1,27.5
2025-02-09 00:00:00+00:00,Afri-SET CC1,31.65
2025-02-09 01:00:00+00:00,Afri-SET CC1,35.05
2025-02-09 02:00:00+00:00,Afri-SET CC1,29.55
2025-02-09 03:00:00+00:00,Afri-SET CC1,29.25
2025-02-09 04:00:00+00:00,Afri-SET CC1,28.95
2025-02-09 05:00:00+00:00,Afri-SET CC1,33.45
2025-02-09 06:00:00+00:00,Afri-SET CC1,36.85
2025-02-09 09:00:00+00:00,Afri-SET CC1,39.4
2025-02-09 10:00:00+00:00,Afri-SET CC1,32.15
2025-02-09 11:00:00+00:00,Afri-SET CC1,33.45
2025-02-09 12:00:00+00:00,Afri-SET CC1,34.95
2025-02-09 13:00:00+00:00,Afri-SET CC1,35.15
2025-02-09 14:00:00+00:00,Afri-SET CC1,32.65
2025-02-09 15:00:00+00:00,Afri-SET CC1,27.7
2025-02-09 16:00:00+00:00,Afri-SET CC1,29.2
2025-02-09 17:00:00+00:00,Afri-SET CC1,34.15
2025-02-09 18:00:00+00:00,Afri-SET CC1,32.5
2025-02-09 19:00:00+00:00,Afri-SET CC1,34.25
2025-02-09 20:00:00+00:00,Afri-SET CC1,33.1
2025-02-09 21:00:00+00:00,Afri-SET CC1,33.9
2025-02-09 22:00:00+00:00,Afri-SET CC1,32.8
2025-02-09 23:00:00+00:00,Afri-SET CC1,33.35
2025-02-10 00:00:00+00:00,Afri-SET CC1,32.9
2025-02-10 01:00:00+00:00,Afri-SET CC1,33.9
2025-02-10 02:00:00+00:00,Afri-SET CC1,41.6
2025-02-10 03:00:00+00:00,Afri-SET CC1,47.3
2025-02-10 04:00:00+00:00,Afri-SET CC1,41.15
2025-02-10 05:00:00+00:00,Afri-SET CC1,39.6
2025-02-10 06:00:00+00:00,Afri-SET CC1,42.25
2025-02-10 07:00:00+00:00,Afri-SET CC1,42.35
2025-02-10 08:00:00+00:00,Afri-SET CC1,38.45
2025-02-10 09:00:00+00:00,Afri-SET CC1,35.8
2025-02-10 10:00:00+00:00,Afri-SET CC1,34.05
2025-02-10 11:00:00+00:00,Afri-SET CC1,32.25
2025-02-10 12:00:00+00:00,Afri-SET CC1,33.95
2025-02-10 13:00:00+00:00,Afri-SET CC1,31.8
2025-02-10 14:00:00+00:00,Afri-SET CC1,30.3
2025-02-10 15:00:00+00:00,Afri-SET CC1,30.55
2025-02-10 16:00:00+00:00,Afri-SET CC1,31.65
2025-02-10 17:00:00+00:00,Afri-SET CC1,31.2
2025-02-10 18:00:00+00:00,Afri-SET CC1,30.5
2025-02-10 19:00:00+00:00,Afri-SET CC1,29.55
2025-02-10 20:00:00+00:00,Afri-SET CC1,28.35
2025-02-10 21:00:00+00:00,Afri-SET CC1,27.75
2025-02-10 22:00:00+00:00,Afri-SET CC1,27.15
2025-02-10 23:00:00+00:00,Afri-SET CC1,29.9
2025-02-11 00:00:00+00:00,Afri-SET CC1,28.8
2025-02-11 01:00:00+00:00,Afri-SET CC1,29.6
2025-02-11 02:00:00+00:00,Afri-SET CC1,28.05
2025-02-11 03:00:00+00:00,Afri-SET CC1,29.8
2025-02-11 04:00:00+00:00,Afri-SET CC1,33.0
2025-02-11 05:00:00+00:00,Afri-SET CC1,34.6
2025-02-11 06:00:00+00:00,Afri-SET CC1,39.05
2025-02-11 08:00:00+00:00,Afri-SET CC1,39.05
2025-02-11 09:00:00+00:00,Afri-SET CC1,38.0
2025-02-11 10:00:00+00:00,Afri-SET CC1,33.8
2025-02-11 11:00:00+00:00,Afri-SET CC1,34.8
2025-02-11 12:00:00+00:00,Afri-SET CC1,35.5
2025-02-11 13:00:00+00:00,Afri-SET CC1,34.15
2025-02-11 14:00:00+00:00,Afri-SET CC1,31.7
2025-02-11 15:00:00+00:00,Afri-SET CC1,31.4
2025-02-11 16:00:00+00:00,Afri-SET CC1,32.85
2025-02-11 17:00:00+00:00,Afri-SET CC1,32.05
2025-02-11 18:00:00+00:00,Afri-SET CC1,32.75
2025-02-11 19:00:00+00:00,Afri-SET CC1,31.7
2025-02-11 20:00:00+00:00,Afri-SET CC1,31.15
2025-02-11 21:00:00+00:00,Afri-SET CC1,31.6
2025-02-11 22:00:00+00:00,Afri-SET CC1,32.05
2025-02-11 23:00:00+00:00,Afri-SET CC1,30.95
2025-02-12 01:00:00+00:00,Afri-SET CC1,34.7
2025-02-12 02:00:00+00:00,Afri-SET CC1,31.05
2025-02-12 03:00:00+00:00,Afri-SET CC1,31.45
2025-02-12 04:00:00+00:00,Afri-SET CC1,33.0
2025-02-12 05:00:00+00:00,Afri-SET CC1,39.05
2025-02-12 06:00:00+00:00,Afri-SET CC1,42.05
2025-02-12 07:00:00+00:00,Afri-SET CC1,42.35
2025-02-12 08:00:00+00:00,Afri-SET CC1,38.45
2025-02-12 09:00:00+00:00,Afri-SET CC1,34.65
2025-02-12 10:00:00+00:00,Afri-SET CC1,32.3
2025-02-12 11:00:00+00:00,Afri-SET CC1,33.85
2025-02-12 12:00:00+00:00,Afri-SET CC1,35.7
2025-02-12 13:00:00+00:00,Afri-SET CC1,34.1
2025-02-12 14:00:00+00:00,Afri-SET CC1,33.75
2025-02-12 15:00:00+00:00,Afri-SET CC1,31.3
2025-02-12 16:00:00+00:00,Afri-SET CC1,33.35
2025-02-12 17:00:00+00:00,Afri-SET CC1,31.25
2025-02-12 18:00:00+00:00,Afri-SET CC1,32.25
2025-02-12 19:00:00+00:00,Afri-SET CC1,31.55
2025-02-12 20:00:00+00:00,Afri-SET CC1,30.9
2025-02-12 21:00:00+00:00,Afri-SET CC1,31.55
2025-02-12 22:00:00+00:00,Afri-SET CC1,41.5
2025-02-12 23:00:00+00:00,Afri-SET CC1,44.2
2025-02-13 00:00:00+00:00,Afri-SET CC1,40.85
2025-02-13 01:00:00+00:00,Afri-SET CC1,42.6
2025-02-13 02:00:00+00:00,Afri-SET CC1,42.45
2025-02-13 03:00:00+00:00,Afri-SET CC1,40.7
2025-02-13 04:00:00+00:00,Afri-SET CC1,42.5
2025-02-13 05:00:00+00:00,Afri-SET CC1,45.3
2025-02-13 06:00:00+00:00,Afri-SET CC1,46.05
2025-02-13 07:00:00+00:00,Afri-SET CC1,45.6
2025-02-13 08:00:00+00:00,Afri-SET CC1,39.4
2025-02-13 09:00:00+00:00,Afri-SET CC1,36.65
2025-02-13 10:00:00+00:00,Afri-SET CC1,34.8
2025-02-13 11:00:00+00:00,Afri-SET CC1,35.1
2025-02-13 12:00:00+00:00,Afri-SET CC1,35.55
2025-02-13 13:00:00+00:00,Afri-SET CC1,35.8
2025-02-13 14:00:00+00:00,Afri-SET CC1,44.05
2025-02-13 15:00:00+00:00,Afri-SET CC1,45.6
2025-02-13 16:00:00+00:00,Afri-SET CC1,38.35
2025-02-13 17:00:00+00:00,Afri-SET CC1,38.15
2025-02-13 18:00:00+00:00,Afri-SET CC1,33.65
2025-02-13 19:00:00+00:00,Afri-SET CC1,32.3
2025-02-13 20:00:00+00:00,Afri-SET CC1,30.1
2025-02-13 21:00:00+00:00,Afri-SET CC1,30.3
2025-02-13 22:00:00+00:00,Afri-SET CC1,31.75
2025-02-13 23:00:00+00:00,Afri-SET CC1,30.85
2025-02-14 00:00:00+00:00,Afri-SET CC1,30.85
2025-02-14 01:00:00+00:00,Afri-SET CC1,31.5
2025-02-14 02:00:00+00:00,Afri-SET CC1,32.7
2025-02-14 03:00:00+00:00,Afri-SET CC1,31.2
2025-02-14 04:00:00+00:00,Afri-SET CC1,33.1
2025-02-14 05:00:00+00:00,Afri-SET CC1,40.4
2025-02-14 06:00:00+00:00,Afri-SET CC1,44.4
2025-02-14 07:00:00+00:00,Afri-SET CC1,46.35
2025-02-14 08:00:00+00:00,Afri-SET CC1,40.55
2025-02-14 09:00:00+00:00,Afri-SET CC1,36.8
2025-02-14 10:00:00+00:00,Afri-SET CC1,34.55
2025-02-14 11:00:00+00:00,Afri-SET CC1,34.95
2025-02-14 12:00:00+00:00,Afri-SET CC1,36.9
2025-02-14 13:00:00+00:00,Afri-SET CC1,38.3
2025-02-14 14:00:00+00:00,Afri-SET CC1,35.1
2025-02-14 15:00:00+00:00,Afri-SET CC1,34.6
2025-02-14 16:00:00+00:00,Afri-SET CC1,36.5
2025-02-14 17:00:00+00:00,Afri-SET CC1,37.25
2025-02-14 18:00:00+00:00,Afri-SET CC1,35.1
2025-02-14 19:00:00+00:00,Afri-SET CC1,34.9
2025-02-14 20:00:00+00:00,Afri-SET CC1,30.05
2025-02-14 21:00:00+00:00,Afri-SET CC1,30.6
2025-02-14 22:00:00+00:00,Afri-SET CC1,31.9
2025-02-14 23:00:00+00:00,Afri-SET CC1,32.2
2025-02-15 00:00:00+00:00,Afri-SET CC1,39.55
2025-02-15 01:00:00+00:00,Afri-SET CC1,31.2
2025-02-15 02:00:00+00:00,Afri-SET CC1,33.3
2025-02-15 03:00:00+00:00,Afri-SET CC1,35.95
2025-02-15 04:00:00+00:00,Afri-SET CC1,38.1
2025-02-15 05:00:00+00:00,Afri-SET CC1,43.35
2025-02-15 08:00:00+00:00,Afri-SET CC1,41.6
2025-02-15 09:00:00+00:00,Afri-SET CC1,39.05
2025-02-15 10:00:00+00:00,Afri-SET CC1,35.95
2025-02-15 11:00:00+00:00,Afri-SET CC1,37.8
2025-02-15 12:00:00+00:00,Afri-SET CC1,41.15
2025-02-15 13:00:00+00:00,Afri-SET CC1,38.35
2025-02-15 14:00:00+00:00,Afri-SET CC1,34.65
2025-02-15 15:00:00+00:00,Afri-SET CC1,32.85
2025-02-15 16:00:00+00:00,Afri-SET CC1,34.9
2025-02-15 17:00:00+00:00,Afri-SET CC1,33.65
2025-02-15 18:00:00+00:00,Afri-SET CC1,36.55
2025-02-15 19:00:00+00:00,Afri-SET CC1,37.45
2025-02-15 20:00:00+00:00,Afri-SET CC1,35.35
2025-02-15 21:00:00+00:00,Afri-SET CC1,35.0
2025-02-15 22:00:00+00:00,Afri-SET CC1,34.05
2025-02-15 23:00:00+00:00,Afri-SET CC1,34.05
2025-02-16 00:00:00+00:00,Afri-SET CC1,52.8
2025-02-16 01:00:00+00:00,Afri-SET CC1,35.7
2025-02-16 02:00:00+00:00,Afri-SET CC1,35.65
2025-02-16 03:00:00+00:00,Afri-SET CC1,39.25
2025-02-16 04:00:00+00:00,Afri-SET CC1,38.1
2025-02-16 05:00:00+00:00,Afri-SET CC1,44.55
2025-02-16 06:00:00+00:00,Afri-SET CC1,44.1
2025-02-16 07:00:00+00:00,Afri-SET CC1,45.95
2025-02-16 08:00:00+00:00,Afri-SET CC1,43.8
2025-02-16 09:00:00+00:00,Afri-SET CC1,41.8
2025-02-16 10:00:00+00:00,Afri-SET CC1,40.6
2025-02-16 11:00:00+00:00,Afri-SET CC1,40.2
2025-02-16 12:00:00+00:00,Afri-SET CC1,40.2
2025-02-16 13:00:00+00:00,Afri-SET CC1,37.05
2025-02-16 14:00:00+00:00,Afri-SET CC1,36.9
2025-02-16 15:00:00+00:00,Afri-SET CC1,39.55
2025-02-16 16:00:00+00:00,Afri-SET CC1,36.8
2025-02-16 17:00:00+00:00,Afri-SET CC1,33.2
2025-02-16 18:00:00+00:00,Afri-SET CC1,34.3
2025-02-16 19:00:00+00:00,Afri-SET CC1,33.85
2025-02-16 20:00:00+00:00,Afri-SET CC1,33.3
2025-02-16 21:00:00+00:00,Afri-SET CC1,33.65
2025-02-16 22:00:00+00:00,Afri-SET CC1,32.75
2025-02-16 23:00:00+00:00,Afri-SET CC1,33.5
2025-02-17 00:00:00+00:00,Afri-SET CC1,34.4
2025-02-17 01:00:00+00:00,Afri-SET CC1,33.45
2025-02-17 02:00:00+00:00,Afri-SET CC1,33.95
2025-02-17 03:00:00+00:00,Afri-SET CC1,33.9
2025-02-17 04:00:00+00:00,Afri-SET CC1,37.85
2025-02-17 09:00:00+00:00,Afri-SET CC1,38.55
2025-02-17 10:00:00+00:00,Afri-SET CC1,35.6
2025-02-17 11:00:00+00:00,Afri-SET CC1,35.9
2025-02-17 12:00:00+00:00,Afri-SET CC1,37.1
2025-02-17 13:00:00+00:00,Afri-SET CC1,35.55
2025-02-17 14:00:00+00:00,Afri-SET CC1,34.25
2025-02-17 15:00:00+00:00,Afri-SET CC1,34.7
2025-02-17 16:00:00+00:00,Afri-SET CC1,34.3
2025-02-17 17:00:00+00:00,Afri-SET CC1,34.6
2025-02-17 18:00:00+00:00,Afri-SET CC1,34.45
2025-02-17 19:00:00+00:00,Afri-SET CC1,34.65
2025-02-17 20:00:00+00:00,Afri-SET CC1,33.8
2025-02-17 21:00:00+00:00,Afri-SET CC1,34.2
2025-02-17 22:00:00+00:00,Afri-SET CC1,34.3
2025-02-17 23:00:00+00:00,Afri-SET CC1,35.35
2025-02-18 00:00:00+00:00,Afri-SET CC1,34.35
2025-02-18 01:00:00+00:00,Afri-SET CC1,34.55
2025-02-18 02:00:00+00:00,Afri-SET CC1,35.65
2025-02-18 03:00:00+00:00,Afri-SET CC1,36.45
2025-02-18 04:00:00+00:00,Afri-SET CC1,39.0
2025-02-18 05:00:00+00:00,Afri-SET CC1,42.15
2025-02-18 06:00:00+00:00,Afri-SET CC1,45.75
2025-02-18 07:00:00+00:00,Afri-SET CC1,45.7
2025-02-18 08:00:00+00:00,Afri-SET CC1,41.85
2025-02-18 09:00:00+00:00,Afri-SET CC1,40.3
2025-02-18 10:00:00+00:00,Afri-SET CC1,40.2
2025-02-18 11:00:00+00:00,Afri-SET CC1,41.35
2025-02-18 12:00:00+00:00,Afri-SET CC1,36.95
2025-02-18 13:00:00+00:00,Afri-SET CC1,37.9
2025-02-18 14:00:00+00:00,Afri-SET CC1,39.2
2025-02-18 15:00:00+00:00,Afri-SET CC1,34.4
2025-02-18 16:00:00+00:00,Afri-SET CC1,32.35
2025-02-18 17:00:00+00:00,Afri-SET CC1,35.1
2025-02-18 18:00:00+00:00,Afri-SET CC1,36.5
2025-02-18 19:00:00+00:00,Afri-SET CC1,35.05
2025-02-18 20:00:00+00:00,Afri-SET CC1,36.8
2025-02-18 21:00:00+00:00,Afri-SET CC1,35.9
2025-02-18 22:00:00+00:00,Afri-SET CC1,39.0
2025-02-18 23:00:00+00:00,Afri-SET CC1,33.55
2025-02-19 00:00:00+00:00,Afri-SET CC1,32.55
2025-02-19 01:00:00+00:00,Afri-SET CC1,31.5
2025-02-19 02:00:00+00:00,Afri-SET CC1,31.8
2025-02-19 03:00:00+00:00,Afri-SET CC1,32.15
2025-02-19 04:00:00+00:00,Afri-SET CC1,32.7
2025-02-19 05:00:00+00:00,Afri-SET CC1,35.35
2025-02-19 06:00:00+00:00,Afri-SET CC1,36.0
2025-02-19 07:00:00+00:00,Afri-SET CC1,35.65
2025-02-19 08:00:00+00:00,Afri-SET CC1,33.1
2025-02-19 09:00:00+00:00,Afri-SET CC1,33.65
2025-02-19 10:00:00+00:00,Afri-SET CC1,33.05
2025-02-19 11:00:00+00:00,Afri-SET CC1,32.8
2025-02-19 12:00:00+00:00,Afri-SET CC1,33.95
2025-02-19 13:00:00+00:00,Afri-SET CC1,34.2
2025-02-19 14:00:00+00:00,Afri-SET CC1,34.15
2025-02-19 15:00:00+00:00,Afri-SET CC1,34.0
2025-02-19 16:00:00+00:00,Afri-SET CC1,32.95
2025-02-19 17:00:00+00:00,Afri-SET CC1,32.1
2025-02-19 18:00:00+00:00,Afri-SET CC1,37.3
2025-02-19 19:00:00+00:00,Afri-SET CC1,36.65
2025-02-19 20:00:00+00:00,Afri-SET CC1,33.9
2025-02-19 21:00:00+00:00,Afri-SET CC1,35.05
2025-02-19 22:00:00+00:00,Afri-SET CC1,32.9
2025-02-19 23:00:00+00:00,Afri-SET CC1,32.6
2025-02-20 00:00:00+00:00,Afri-SET CC1,37.25
2025-02-20 01:00:00+00:00,Afri-SET CC1,32.75
2025-02-20 02:00:00+00:00,Afri-SET CC1,34.0
2025-02-20 03:00:00+00:00,Afri-SET CC1,33.6
2025-02-20 04:00:00+00:00,Afri-SET CC1,35.2
2025-02-20 05:00:00+00:00,Afri-SET CC1,36.3
2025-02-20 06:00:00+00:00,Afri-SET CC1,40.5
2025-02-20 09:00:00+00:00,Afri-SET CC1,38.4
2025-02-20 10:00:00+00:00,Afri-SET CC1,35.45
2025-02-20 11:00:00+00:00,Afri-SET CC1,35.5
2025-02-20 12:00:00+00:00,Afri-SET CC1,35.3
2025-02-20 13:00:00+00:00,Afri-SET CC1,32.05
2025-02-20 14:00:00+00:00,Afri-SET CC1,31.3
2025-02-20 15:00:00+00:00,Afri-SET CC1,31.55
2025-02-20 16:00:00+00:00,Afri-SET CC1,36.65
2025-02-20 17:00:00+00:00,Afri-SET CC1,33.0
2025-02-20 18:00:00+00:00,Afri-SET CC1,32.95
2025-02-20 19:00:00+00:00,Afri-SET CC1,33.45
2025-02-20 20:00:00+00:00,Afri-SET CC1,32.8
2025-02-20 21:00:00+00:00,Afri-SET CC1,32.65
2025-02-20 22:00:00+00:00,Afri-SET CC1,33.35
2025-02-20 23:00:00+00:00,Afri-SET CC1,34.35
2025-02-21 00:00:00+00:00,Afri-SET CC1,33.65
2025-02-21 01:00:00+00:00,Afri-SET CC1,31.7
2025-02-21 02:00:00+00:00,Afri-SET CC1,34.3
2025-02-21 03:00:00+00:00,Afri-SET CC1,36.25
2025-02-21 04:00:00+00:00,Afri-SET CC1,40.15
2025-02-21 05:00:00+00:00,Afri-SET CC1,43.4
2025-02-21 08:00:00+00:00,Afri-SET CC1,47.95
2025-02-21 09:00:00+00:00,Afri-SET CC1,42.45
2025-02-21 10:00:00+00:00,Afri-SET CC1,39.1
2025-02-21 11:00:00+00:00,Afri-SET CC1,35.25
2025-02-21 12:00:00+00:00,Afri-SET CC1,31.45
2025-02-21 13:00:00+00:00,Afri-SET CC1,31.95
2025-02-21 14:00:00+00:00,Afri-SET CC1,35.7
2025-02-21 15:00:00+00:00,Afri-SET CC1,33.5
2025-02-21 16:00:00+00:00,Afri-SET CC1,33.2
2025-02-21 17:00:00+00:00,Afri-SET CC1,33.6
2025-02-21 18:00:00+00:00,Afri-SET CC1,32.75
2025-02-21 19:00:00+00:00,Afri-SET CC1,34.25
2025-02-21 20:00:00+00:00,Afri-SET CC1,38.05
2025-02-21 21:00:00+00:00,Afri-SET CC1,37.75
2025-02-21 22:00:00+00:00,Afri-SET CC1,34.6
2025-02-21 23:00:00+00:00,Afri-SET CC1,36.1
2025-02-22 00:00:00+00:00,Afri-SET CC1,44.95
2025-02-22 01:00:00+00:00,Afri-SET CC1,42.7
2025-02-22 02:00:00+00:00,Afri-SET CC1,48.8
2025-02-22 03:00:00+00:00,Afri-SET CC1,49.95
2025-02-22 04:00:00+00:00,Afri-SET CC1,52.5
2025-02-22 05:00:00+00:00,Afri-SET CC1,51.75
2025-02-22 06:00:00+00:00,Afri-SET CC1,58.0
2025-02-22 07:00:00+00:00,Afri-SET CC1,56.15
2025-02-22 08:00:00+00:00,Afri-SET CC1,56.5
2025-02-22 09:00:00+00:00,Afri-SET CC1,47.0
2025-02-22 10:00:00+00:00,Afri-SET CC1,39.35
2025-02-22 11:00:00+00:00,Afri-SET CC1,34.35
2025-02-22 12:00:00+00:00,Afri-SET CC1,36.15
2025-02-22 13:00:00+00:00,Afri-SET CC1,34.9
2025-02-22 14:00:00+00:00,Afri-SET CC1,29.35
2025-02-22 15:00:00+00:00,Afri-SET CC1,29.55
2025-02-22 16:00:00+00:00,Afri-SET CC1,31.2
2025-02-22 17:00:00+00:00,Afri-SET CC1,46.35
2025-02-22 18:00:00+00:00,Afri-SET CC1,39.8
2025-02-22 19:00:00+00:00,Afri-SET CC1,40.85
2025-02-22 20:00:00+00:00,Afri-SET CC1,37.6
2025-02-22 21:00:00+00:00,Afri-SET CC1,37.15
2025-02-22 22:00:00+00:00,Afri-SET CC1,38.85
2025-02-22 23:00:00+00:00,Afri-SET CC1,38.35
2025-02-23 00:00:00+00:00,Afri-SET CC1,39.1
2025-02-23 01:00:00+00:00,Afri-SET CC1,38.15
2025-02-23 02:00:00+00:00,Afri-SET CC1,37.6
2025-02-23 03:00:00+00:00,Afri-SET CC1,32.35
2025-02-23 04:00:00+00:00,Afri-SET CC1,31.65
2025-02-23 05:00:00+00:00,Afri-SET CC1,33.8
2025-02-23 06:00:00+00:00,Afri-SET CC1,37.35
2025-02-23 07:00:00+00:00,Afri-SET CC1,39.1
2025-02-23 08:00:00+00:00,Afri-SET CC1,46.75
2025-02-23 09:00:00+00:00,Afri-SET CC1,48.05
2025-02-23 10:00:00+00:00,Afri-SET CC1,44.95
2025-02-23 11:00:00+00:00,Afri-SET CC1,38.0
2025-02-23 12:00:00+00:00,Afri-SET CC1,39.15
2025-02-23 13:00:00+00:00,Afri-SET CC1,43.85
2025-02-23 14:00:00+00:00,Afri-SET CC1,41.9
2025-02-23 15:00:00+00:00,Afri-SET CC1,45.55
2025-02-23 16:00:00+00:00,Afri-SET CC1,46.45
2025-02-23 17:00:00+00:00,Afri-SET CC1,44.35
2025-02-23 18:00:00+00:00,Afri-SET CC1,43.3
2025-02-23 19:00:00+00:00,Afri-SET CC1,45.95
2025-02-23 20:00:00+00:00,Afri-SET CC1,44.95
2025-02-23 21:00:00+00:00,Afri-SET CC1,43.0
2025-02-23 22:00:00+00:00,Afri-SET CC1,43.85
2025-02-23 23:00:00+00:00,Afri-SET CC1,45.3
2025-02-24 00:00:00+00:00,Afri-SET CC1,50.5
2025-02-24 01:00:00+00:00,Afri-SET CC1,45.1
2025-02-24 02:00:00+00:00,Afri-SET CC1,41.85
2025-02-24 03:00:00+00:00,Afri-SET CC1,39.15
2025-02-24 04:00:00+00:00,Afri-SET CC1,40.3
2025-02-24 05:00:00+00:00,Afri-SET CC1,43.85
2025-02-24 06:00:00+00:00,Afri-SET CC1,46.5
2025-02-24 07:00:00+00:00,Afri-SET CC1,46.85
2025-02-24 08:00:00+00:00,Afri-SET CC1,49.35
2025-02-24 09:00:00+00:00,Afri-SET CC1,41.75
2025-02-24 10:00:00+00:00,Afri-SET CC1,39.45
2025-02-24 11:00:00+00:00,Afri-SET CC1,42.95
2025-02-24 12:00:00+00:00,Afri-SET CC1,41.05
2025-02-24 13:00:00+00:00,Afri-SET CC1,39.35
2025-02-24 14:00:00+00:00,Afri-SET CC1,33.55
2025-02-24 15:00:00+00:00,Afri-SET CC1,28.7
2025-02-24 16:00:00+00:00,Afri-SET CC1,29.2
2025-02-24 17:00:00+00:00,Afri-SET CC1,28.8
2025-02-24 18:00:00+00:00,Afri-SET CC1,33.4
2025-02-24 19:00:00+00:00,Afri-SET CC1,34.95
2025-02-24 20:00:00+00:00,Afri-SET CC1,35.25
2025-02-24 21:00:00+00:00,Afri-SET CC1,28.7
2025-02-24 22:00:00+00:00,Afri-SET CC1,30.0
2025-02-24 23:00:00+00:00,Afri-SET CC1,30.65
2025-02-25 00:00:00+00:00,Afri-SET CC1,26.95
2025-02-25 01:00:00+00:00,Afri-SET CC1,35.2
2025-02-25 02:00:00+00:00,Afri-SET CC1,33.05
2025-02-25 03:00:00+00:00,Afri-SET CC1,34.4
2025-02-25 04:00:00+00:00,Afri-SET CC1,37.6
2025-02-25 05:00:00+00:00,Afri-SET CC1,44.05
2025-02-25 06:00:00+00:00,Afri-SET CC1,45.8
2025-02-25 07:00:00+00:00,Afri-SET CC1,50.1
2025-02-25 08:00:00+00:00,Afri-SET CC1,36.95
2025-02-25 09:00:00+00:00,Afri-SET CC1,29.95
2025-02-25 10:00:00+00:00,Afri-SET CC1,28.35
2025-02-25 11:00:00+00:00,Afri-SET CC1,30.65
2025-02-25 12:00:00+00:00,Afri-SET CC1,32.7
2025-02-25 13:00:00+00:00,Afri-SET CC1,33.95
2025-02-25 14:00:00+00:00,Afri-SET CC1,32.85
2025-02-25 15:00:00+00:00,Afri-SET CC1,26.8
2025-02-25 16:00:00+00:00,Afri-SET CC1,26.05
2025-02-25 17:00:00+00:00,Afri-SET CC1,25.15
2025-02-25 18:00:00+00:00,Afri-SET CC1,26.05
2025-02-25 19:00:00+00:00,Afri-SET CC1,26.4
2025-02-25 20:00:00+00:00,Afri-SET CC1,24.8
2025-02-25 21:00:00+00:00,Afri-SET CC1,24.95
2025-02-25 22:00:00+00:00,Afri-SET CC1,26.3
2025-02-25 23:00:00+00:00,Afri-SET CC1,25.35
2025-02-26 00:00:00+00:00,Afri-SET CC1,32.8
2025-02-26 01:00:00+00:00,Afri-SET CC1,22.95
2025-02-26 02:00:00+00:00,Afri-SET CC1,24.95
2025-02-26 03:00:00+00:00,Afri-SET CC1,30.2
2025-02-26 04:00:00+00:00,Afri-SET CC1,29.8
2025-02-26 05:00:00+00:00,Afri-SET CC1,34.0
2025-02-26 06:00:00+00:00,Afri-SET CC1,39.3
2025-02-26 07:00:00+00:00,Afri-SET CC1,42.05
2025-02-26 08:00:00+00:00,Afri-SET CC1,37.55
2025-02-26 09:00:00+00:00,Afri-SET CC1,33.5
2025-02-26 10:00:00+00:00,Afri-SET CC1,32.15
2025-02-26 11:00:00+00:00,Afri-SET CC1,33.95
2025-02-26 12:00:00+00:00,Afri-SET CC1,34.6
2025-02-26 13:00:00+00:00,Afri-SET CC1,34.2
2025-02-26 14:00:00+00:00,Afri-SET CC1,28.55
2025-02-26 15:00:00+00:00,Afri-SET CC1,27.05
2025-02-26 16:00:00+00:00,Afri-SET CC1,30.55
2025-02-26 17:00:00+00:00,Afri-SET CC1,34.95
2025-02-26 18:00:00+00:00,Afri-SET CC1,34.8
2025-02-26 19:00:00+00:00,Afri-SET CC1,33.75
2025-02-26 20:00:00+00:00,Afri-SET CC1,29.8
2025-02-26 21:00:00+00:00,Afri-SET CC1,28.8
2025-02-27 08:00:00+00:00,Afri-SET CC1,36.7
2025-02-27 09:00:00+00:00,Afri-SET CC1,35.15
2025-02-27 10:00:00+00:00,Afri-SET CC1,35.5
2025-02-27 11:00:00+00:00,Afri-SET CC1,36.1
2025-02-27 12:00:00+00:00,Afri-SET CC1,35.55
2025-02-27 13:00:00+00:00,Afri-SET CC1,32.9
2025-02-27 14:00:00+00:00,Afri-SET CC1,29.6
2025-02-27 15:00:00+00:00,Afri-SET CC1,26.7
2025-02-27 16:00:00+00:00,Afri-SET CC1,26.95
2025-02-27 17:00:00+00:00,Afri-SET CC1,26.1
2025-02-27 18:00:00+00:00,Afri-SET CC1,25.15
2025-02-27 19:00:00+00:00,Afri-SET CC1,25.65
2025-02-27 20:00:00+00:00,Afri-SET CC1,27.3
2025-02-27 21:00:00+00:00,Afri-SET CC1,26.9
2025-02-27 22:00:00+00:00,Afri-SET CC1,23.95
2025-02-27 23:00:00+00:00,Afri-SET CC1,23.05
2025-02-28 00:00:00+00:00,Afri-SET CC1,28.6
2025-02-28 01:00:00+00:00,Afri-SET CC1,25.3
2025-02-28 02:00:00+00:00,Afri-SET CC1,26.5
2025-02-28 03:00:00+00:00,Afri-SET CC1,25.55
2025-02-28 04:00:00+00:00,Afri-SET CC1,30.2
2025-02-28 05:00:00+00:00,Afri-SET CC1,39.1
2025-02-28 08:00:00+00:00,Afri-SET CC1,41.8
2025-02-28 09:00:00+00:00,Afri-SET CC1,36.4
2025-02-28 10:00:00+00:00,Afri-SET CC1,36.7
2025-02-28 11:00:00+00:00,Afri-SET CC1,36.9
2025-02-28 12:00:00+00:00,Afri-SET CC1,32.3
2025-02-28 13:00:00+00:00,Afri-SET CC1,31.3
2025-02-28 14:00:00+00:00,Afri-SET CC1,25.2
2025-02-28 15:00:00+00:00,Afri-SET CC1,24.05
2025-02-28 16:00:00+00:00,Afri-SET CC1,25.35
2025-02-28 17:00:00+00:00,Afri-SET CC1,27.9
2025-02-28 18:00:00+00:00,Afri-SET CC1,28.25
2025-02-28 19:00:00+00:00,Afri-SET CC1,31.0
2025-02-28 20:00:00+00:00,Afri-SET CC1,29.05
2025-02-28 21:00:00+00:00,Afri-SET CC1,29.3
2025-02-28 22:00:00+00:00,Afri-SET CC1,26.3
2025-02-28 23:00:00+00:00,Afri-SET CC1,28.65
2025-02-01 00:00:00+00:00,Afri-SET F1,36.75
2025-02-01 01:00:00+00:00,Afri-SET F1,37.55
2025-02-01 02:00:00+00:00,Afri-SET F1,54.05
2025-02-01 03:00:00+00:00,Afri-SET F1,55.65
2025-02-01 04:00:00+00:00,Afri-SET F1,46.5
2025-02-01 05:00:00+00:00,Afri-SET F1,48.45
2025-02-01 06:00:00+00:00,Afri-SET F1,50.55
2025-02-01 07:00:00+00:00,Afri-SET F1,52.2
2025-02-01 08:00:00+00:00,Afri-SET F1,48.65
2025-02-01 09:00:00+00:00,Afri-SET F1,42.65
2025-02-01 10:00:00+00:00,Afri-SET F1,39.2
2025-02-01 11:00:00+00:00,Afri-SET F1,39.85
2025-02-01 12:00:00+00:00,Afri-SET F1,40.25
2025-02-01 13:00:00+00:00,Afri-SET F1,35.15
2025-02-01 14:00:00+00:00,Afri-SET F1,32.35
2025-02-01 15:00:00+00:00,Afri-SET F1,33.35
2025-02-01 16:00:00+00:00,Afri-SET F1,37.0
2025-02-01 17:00:00+00:00,Afri-SET F1,37.6
2025-02-01 18:00:00+00:00,Afri-SET F1,36.4
2025-02-01 19:00:00+00:00,Afri-SET F1,38.15
2025-02-01 20:00:00+00:00,Afri-SET F1,43.3
2025-02-01 21:00:00+00:00,Afri-SET F1,43.6
2025-02-01 22:00:00+00:00,Afri-SET F1,42.0
2025-02-01 23:00:00+00:00,Afri-SET F1,38.6
2025-02-02 00:00:00+00:00,Afri-SET F1,49.9
2025-02-02 01:00:00+00:00,Afri-SET F1,49.1
2025-02-02 02:00:00+00:00,Afri-SET F1,49.5
2025-02-02 03:00:00+00:00,Afri-SET F1,46.9
2025-02-02 04:00:00+00:00,Afri-SET F1,43.5
2025-02-02 05:00:00+00:00,Afri-SET F1,45.05
2025-02-02 06:00:00+00:00,Afri-SET F1,49.4
2025-02-02 07:00:00+00:00,Afri-SET F1,48.7
2025-02-02 08:00:00+00:00,Afri-SET F1,47.2
2025-02-02 09:00:00+00:00,Afri-SET F1,45.95
2025-02-02 10:00:00+00:00,Afri-SET F1,43.75
2025-02-02 11:00:00+00:00,Afri-SET F1,44.4
2025-02-02 12:00:00+00:00,Afri-SET F1,37.55
2025-02-02 13:00:00+00:00,Afri-SET F1,34.55
2025-02-02 14:00:00+00:00,Afri-SET F1,32.2
2025-02-02 15:00:00+00:00,Afri-SET F1,34.6
2025-02-02 16:00:00+00:00,Afri-SET F1,35.15
2025-02-02 17:00:00+00:00,Afri-SET F1,33.45
2025-02-02 18:00:00+00:00,Afri-SET F1,37.1
2025-02-02 19:00:00+00:00,Afri-SET F1,43.35
2025-02-02 20:00:00+00:00,Afri-SET F1,45.15
2025-02-02 21:00:00+00:00,Afri-SET F1,45.65
2025-02-02 22:00:00+00:00,Afri-SET F1,48.4
2025-02-02 23:00:00+00:00,Afri-SET F1,49.6
2025-02-03 03:00:00+00:00,Afri-SET F1,51.3
2025-02-03 04:00:00+00:00,Afri-SET F1,44.6
2025-02-03 05:00:00+00:00,Afri-SET F1,45.5
2025-02-03 06:00:00+00:00,Afri-SET F1,47.1
2025-02-03 07:00:00+00:00,Afri-SET F1,49.35
2025-02-03 08:00:00+00:00,Afri-SET F1,43.35
2025-02-03 09:00:00+00:00,Afri-SET F1,45.05
2025-02-03 10:00:00+00:00,Afri-SET F1,44.65
2025-02-03 11:00:00+00:00,Afri-SET F1,48.3
2025-02-03 12:00:00+00:00,Afri-SET F1,44.55
2025-02-03 13:00:00+00:00,Afri-SET F1,43.7
2025-02-03 14:00:00+00:00,Afri-SET F1,43.8
2025-02-03 15:00:00+00:00,Afri-SET F1,42.8
2025-02-03 16:00:00+00:00,Afri-SET F1,42.25
2025-02-03 17:00:00+00:00,Afri-SET F1,43.4
2025-02-03 18:00:00+00:00,Afri-SET F1,46.75
2025-02-03 19:00:00+00:00,Afri-SET F1,44.0
2025-02-03 20:00:00+00:00,Afri-SET F1,45.1
2025-02-03 21:00:00+00:00,Afri-SET F1,44.5
2025-02-03 22:00:00+00:00,Afri-SET F1,44.7
2025-02-03 23:00:00+00:00,Afri-SET F1,48.7
2025-02-04 00:00:00+00:00,Afri-SET F1,46.8
2025-02-04 01:00:00+00:00,Afri-SET F1,50.85
2025-02-04 04:00:00+00:00,Afri-SET F1,47.55
2025-02-04 05:00:00+00:00,Afri-SET F1,46.85
2025-02-04 06:00:00+00:00,Afri-SET F1,57.3
2025-02-04 09:00:00+00:00,Afri-SET F1,50.75
2025-02-04 10:00:00+00:00,Afri-SET F1,46.95
2025-02-04 11:00:00+00:00,Afri-SET F1,44.5
2025-02-04 12:00:00+00:00,Afri-SET F1,43.35
2025-02-04 13:00:00+00:00,Afri-SET F1,43.8
2025-02-04 14:00:00+00:00,Afri-SET F1,42.55
2025-02-04 15:00:00+00:00,Afri-SET F1,41.4
2025-02-04 16:00:00+00:00,Afri-SET F1,42.9
2025-02-04 17:00:00+00:00,Afri-SET F1,45.65
2025-02-04 18:00:00+00:00,Afri-SET F1,48.55
2025-02-04 19:00:00+00:00,Afri-SET F1,44.5
2025-02-04 20:00:00+00:00,Afri-SET F1,42.8
2025-02-04 21:00:00+00:00,Afri-SET F1,40.8
2025-02-04 22:00:00+00:00,Afri-SET F1,39.85
2025-02-04 23:00:00+00:00,Afri-SET F1,43.45
2025-02-05 00:00:00+00:00,Afri-SET F1,45.45
2025-02-05 01:00:00+00:00,Afri-SET F1,45.65
2025-02-05 02:00:00+00:00,Afri-SET F1,45.4
2025-02-05 03:00:00+00:00,Afri-SET F1,46.5
2025-02-05 04:00:00+00:00,Afri-SET F1,49.25
2025-02-05 05:00:00+00:00,Afri-SET F1,53.85
2025-02-05 07:00:00+00:00,Afri-SET F1,58.95
2025-02-05 08:00:00+00:00,Afri-SET F1,53.6
2025-02-05 09:00:00+00:00,Afri-SET F1,52.1
2025-02-05 10:00:00+00:00,Afri-SET F1,47.3
2025-02-05 11:00:00+00:00,Afri-SET F1,47.15
2025-02-05 12:00:00+00:00,Afri-SET F1,46.3
2025-02-05 13:00:00+00:00,Afri-SET F1,45.85
2025-02-05 14:00:00+00:00,Afri-SET F1,47.6
2025-02-05 15:00:00+00:00,Afri-SET F1,48.8
2025-02-05 16:00:00+00:00,Afri-SET F1,46.7
2025-02-05 17:00:00+00:00,Afri-SET F1,41.55
2025-02-05 18:00:00+00:00,Afri-SET F1,42.9
2025-02-05 19:00:00+00:00,Afri-SET F1,40.55
2025-02-05 20:00:00+00:00,Afri-SET F1,39.7
2025-02-05 21:00:00+00:00,Afri-SET F1,38.45
2025-02-05 22:00:00+00:00,Afri-SET F1,37.2
2025-02-05 23:00:00+00:00,Afri-SET F1,37.05
2025-02-06 00:00:00+00:00,Afri-SET F1,38.2
2025-02-06 01:00:00+00:00,Afri-SET F1,39.05
2025-02-06 02:00:00+00:00,Afri-SET F1,37.9
2025-02-06 03:00:00+00:00,Afri-SET F1,38.45
2025-02-06 04:00:00+00:00,Afri-SET F1,42.15
2025-02-06 05:00:00+00:00,Afri-SET F1,44.9
2025-02-06 06:00:00+00:00,Afri-SET F1,48.1
2025-02-06 07:00:00+00:00,Afri-SET F1,49.4
2025-02-06 08:00:00+00:00,Afri-SET F1,45.35
2025-02-06 09:00:00+00:00,Afri-SET F1,44.9
2025-02-06 10:00:00+00:00,Afri-SET F1,43.0
2025-02-06 11:00:00+00:00,Afri-SET F1,45.05
2025-02-06 12:00:00+00:00,Afri-SET F1,43.95
2025-02-06 13:00:00+00:00,Afri-SET F1,40.35
2025-02-06 14:00:00+00:00,Afri-SET F1,37.05
2025-02-06 15:00:00+00:00,Afri-SET F1,37.7
2025-02-06 16:00:00+00:00,Afri-SET F1,36.95
2025-02-06 17:00:00+00:00,Afri-SET F1,36.6
2025-02-06 18:00:00+00:00,Afri-SET F1,37.2
2025-02-06 19:00:00+00:00,Afri-SET F1,36.7
2025-02-06 20:00:00+00:00,Afri-SET F1,35.55
2025-02-06 21:00:00+00:00,Afri-SET F1,34.9
2025-02-06 22:00:00+00:00,Afri-SET F1,34.95
2025-02-06 23:00:00+00:00,Afri-SET F1,35.5
2025-02-07 00:00:00+00:00,Afri-SET F1,36.5
2025-02-07 01:00:00+00:00,Afri-SET F1,36.1
2025-02-07 02:00:00+00:00,Afri-SET F1,37.55
2025-02-07 03:00:00+00:00,Afri-SET F1,36.3
2025-02-07 04:00:00+00:00,Afri-SET F1,37.75
2025-02-07 05:00:00+00:00,Afri-SET F1,40.2
2025-02-07 06:00:00+00:00,Afri-SET F1,45.2
2025-02-07 07:00:00+00:00,Afri-SET F1,47.95
2025-02-07 08:00:00+00:00,Afri-SET F1,42.35
2025-02-07 09:00:00+00:00,Afri-SET F1,41.55
2025-02-07 10:00:00+00:00,Afri-SET F1,42.3
2025-02-07 11:00:00+00:00,Afri-SET F1,43.3
2025-02-07 12:00:00+00:00,Afri-SET F1,43.7
2025-02-07 13:00:00+00:00,Afri-SET F1,40.1
2025-02-07 14:00:00+00:00,Afri-SET F1,39.1
2025-02-07 15:00:00+00:00,Afri-SET F1,40.6
2025-02-07 16:00:00+00:00,Afri-SET F1,41.7
2025-02-07 17:00:00+00:00,Afri-SET F1,41.6
2025-02-07 18:00:00+00:00,Afri-SET F1,41.2
2025-02-07 19:00:00+00:00,Afri-SET F1,39.15
2025-02-07 20:00:00+00:00,Afri-SET F1,39.95
2025-02-07 21:00:00+00:00,Afri-SET F1,39.45
2025-02-07 22:00:00+00:00,Afri-SET F1,36.9
2025-02-07 23:00:00+00:00,Afri-SET F1,36.85
2025-02-08 00:00:00+00:00,Afri-SET F1,39.75
2025-02-08 01:00:00+00:00,Afri-SET F1,38.65
2025-02-08 02:00:00+00:00,Afri-SET F1,38.0
2025-02-08 03:00:00+00:00,Afri-SET F1,38.3
2025-02-08 04:00:00+00:00,Afri-SET F1,40.15
2025-02-08 05:00:00+00:00,Afri-SET F1,42.9
2025-02-08 06:00:00+00:00,Afri-SET F1,43.9
2025-02-08 07:00:00+00:00,Afri-SET F1,46.75
2025-02-08 08:00:00+00:00,Afri-SET F1,45.2
2025-02-08 09:00:00+00:00,Afri-SET F1,41.75
2025-02-08 10:00:00+00:00,Afri-SET F1,39.75
2025-02-08 11:00:00+00:00,Afri-SET F1,41.15
2025-02-08 12:00:00+00:00,Afri-SET F1,42.7
2025-02-08 13:00:00+00:00,Afri-SET F1,39.05
2025-02-08 14:00:00+00:00,Afri-SET F1,35.45
2025-02-08 15:00:00+00:00,Afri-SET F1,36.15
2025-02-08 16:00:00+00:00,Afri-SET F1,35.55
2025-02-08 17:00:00+00:00,Afri-SET F1,34.7
2025-02-08 18:00:00+00:00,Afri-SET F1,35.4
2025-02-08 19:00:00+00:00,Afri-SET F1,36.15
2025-02-08 20:00:00+00:00,Afri-SET F1,36.25
2025-02-08 21:00:00+00:00,Afri-SET F1,26.65
2025-02-08 23:00:00+00:00,Afri-SET F1,29.35
2025-02-09 00:00:00+00:00,Afri-SET F1,33.35
2025-02-09 01:00:00+00:00,Afri-SET F1,37.5
2025-02-09 02:00:00+00:00,Afri-SET F1,31.15
2025-02-09 03:00:00+00:00,Afri-SET F1,31.2
2025-02-09 04:00:00+00:00,Afri-SET F1,30.55
2025-02-09 05:00:00+00:00,Afri-SET F1,35.05
2025-02-09 06:00:00+00:00,Afri-SET F1,38.45
2025-02-09 09:00:00+00:00,Afri-SET F1,39.4
2025-02-09 10:00:00+00:00,Afri-SET F1,32.45
2025-02-09 11:00:00+00:00,Afri-SET F1,32.85
2025-02-09 12:00:00+00:00,Afri-SET F1,34.4
2025-02-09 13:00:00+00:00,Afri-SET F1,34.75
2025-02-09 14:00:00+00:00,Afri-SET F1,32.6
2025-02-09 15:00:00+00:00,Afri-SET F1,28.4
2025-02-09 16:00:00+00:00,Afri-SET F1,29.9
2025-02-09 17:00:00+00:00,Afri-SET F1,35.3
2025-02-09 18:00:00+00:00,Afri-SET F1,33.95
2025-02-09 19:00:00+00:00,Afri-SET F1,35.7
2025-02-09 20:00:00+00:00,Afri-SET F1,34.35
2025-02-09 21:00:00+00:00,Afri-SET F1,35.5
2025-02-09 22:00:00+00:00,Afri-SET F1,34.25
2025-02-09 23:00:00+00:00,Afri-SET F1,34.7
2025-02-10 00:00:00+00:00,Afri-SET F1,34.2
2025-02-10 01:00:00+00:00,Afri-SET F1,35.3
2025-02-10 02:00:00+00:00,Afri-SET F1,43.2
2025-02-10 04:00:00+00:00,Afri-SET F1,43.1
2025-02-10 05:00:00+00:00,Afri-SET F1,41.4
2025-02-10 06:00:00+00:00,Afri-SET F1,43.9
2025-02-10 07:00:00+00:00,Afri-SET F1,44.3
2025-02-10 08:00:00+00:00,Afri-SET F1,39.95
2025-02-10 09:00:00+00:00,Afri-SET F1,37.0
2025-02-10 10:00:00+00:00,Afri-SET F1,35.15
2025-02-10 11:00:00+00:00,Afri-SET F1,33.05
2025-02-10 12:00:00+00:00,Afri-SET F1,34.85
2025-02-10 13:00:00+00:00,Afri-SET F1,32.55
2025-02-10 14:00:00+00:00,Afri-SET F1,30.9
2025-02-10 15:00:00+00:00,Afri-SET F1,31.65
2025-02-10 16:00:00+00:00,Afri-SET F1,33.1
2025-02-10 17:00:00+00:00,Afri-SET F1,32.8
2025-02-10 18:00:00+00:00,Afri-SET F1,31.9
2025-02-10 19:00:00+00:00,Afri-SET F1,30.95
2025-02-10 20:00:00+00:00,Afri-SET F1,29.8
2025-02-10 21:00:00+00:00,Afri-SET F1,29.4
2025-02-10 22:00:00+00:00,Afri-SET F1,28.8
2025-02-10 23:00:00+00:00,Afri-SET F1,31.05
2025-02-11 00:00:00+00:00,Afri-SET F1,30.15
2025-02-11 01:00:00+00:00,Afri-SET F1,30.85
2025-02-11 02:00:00+00:00,Afri-SET F1,29.8
2025-02-11 03:00:00+00:00,Afri-SET F1,31.15
2025-02-11 04:00:00+00:00,Afri-SET F1,34.5
2025-02-11 05:00:00+00:00,Afri-SET F1,35.95
2025-02-11 06:00:00+00:00,Afri-SET F1,40.25
2025-02-11 08:00:00+00:00,Afri-SET F1,40.7
2025-02-11 09:00:00+00:00,Afri-SET F1,39.55
2025-02-11 10:00:00+00:00,Afri-SET F1,35.4
2025-02-11 11:00:00+00:00,Afri-SET F1,36.15
2025-02-11 12:00:00+00:00,Afri-SET F1,36.8
2025-02-11 13:00:00+00:00,Afri-SET F1,35.15
2025-02-11 14:00:00+00:00,Afri-SET F1,32.65
2025-02-11 15:00:00+00:00,Afri-SET F1,33.45
2025-02-11 16:00:00+00:00,Afri-SET F1,34.55
2025-02-11 17:00:00+00:00,Afri-SET F1,33.6
2025-02-11 18:00:00+00:00,Afri-SET F1,34.65
2025-02-11 19:00:00+00:00,Afri-SET F1,33.0
2025-02-11 20:00:00+00:00,Afri-SET F1,32.7
2025-02-11 21:00:00+00:00,Afri-SET F1,33.0
2025-02-11 22:00:00+00:00,Afri-SET F1,33.8
2025-02-11 23:00:00+00:00,Afri-SET F1,32.85
2025-02-12 01:00:00+00:00,Afri-SET F1,36.25
2025-02-12 02:00:00+00:00,Afri-SET F1,32.75
2025-02-12 03:00:00+00:00,Afri-SET F1,33.2
2025-02-12 04:00:00+00:00,Afri-SET F1,34.7
2025-02-12 05:00:00+00:00,Afri-SET F1,40.4
2025-02-12 06:00:00+00:00,Afri-SET F1,43.7
2025-02-12 07:00:00+00:00,Afri-SET F1,44.15
2025-02-12 08:00:00+00:00,Afri-SET F1,40.35
2025-02-12 09:00:00+00:00,Afri-SET F1,36.5
2025-02-12 10:00:00+00:00,Afri-SET F1,34.1
2025-02-12 11:00:00+00:00,Afri-SET F1,35.5
2025-02-12 12:00:00+00:00,Afri-SET F1,37.45
2025-02-12 13:00:00+00:00,Afri-SET F1,35.65
2025-02-12 14:00:00+00:00,Afri-SET F1,35.05
2025-02-12 15:00:00+00:00,Afri-SET F1,32.6
2025-02-12 16:00:00+00:00,Afri-SET F1,35.0
2025-02-12 17:00:00+00:00,Afri-SET F1,33.05
2025-02-12 18:00:00+00:00,Afri-SET F1,34.25
2025-02-12 19:00:00+00:00,Afri-SET F1,33.25
2025-02-12 20:00:00+00:00,Afri-SET F1,32.5
2025-02-12 21:00:00+00:00,Afri-SET F1,33.25
2025-02-12 22:00:00+00:00,Afri-SET F1,42.9
2025-02-12 23:00:00+00:00,Afri-SET F1,45.35
2025-02-13 00:00:00+00:00,Afri-SET F1,42.1
2025-02-13 01:00:00+00:00,Afri-SET F1,44.05
2025-02-13 02:00:00+00:00,Afri-SET F1,43.85
2025-02-13 03:00:00+00:00,Afri-SET F1,42.1
2025-02-13 04:00:00+00:00,Afri-SET F1,44.35
2025-02-13 05:00:00+00:00,Afri-SET F1,46.95
2025-02-13 06:00:00+00:00,Afri-SET F1,47.5
2025-02-13 07:00:00+00:00,Afri-SET F1,47.15
2025-02-13 08:00:00+00:00,Afri-SET F1,41.5
2025-02-13 09:00:00+00:00,Afri-SET F1,38.6
2025-02-13 10:00:00+00:00,Afri-SET F1,37.05
2025-02-13 11:00:00+00:00,Afri-SET F1,36.9
2025-02-13 12:00:00+00:00,Afri-SET F1,36.8
2025-02-13 13:00:00+00:00,Afri-SET F1,37.1
2025-02-13 14:00:00+00:00,Afri-SET F1,45.75
2025-02-13 15:00:00+00:00,Afri-SET F1,48.8
2025-02-13 16:00:00+00:00,Afri-SET F1,41.05
2025-02-13 17:00:00+00:00,Afri-SET F1,41.15
2025-02-13 18:00:00+00:00,Afri-SET F1,35.6
2025-02-13 19:00:00+00:00,Afri-SET F1,34.2
2025-02-13 20:00:00+00:00,Afri-SET F1,32.3
2025-02-13 21:00:00+00:00,Afri-SET F1,32.55
2025-02-13 22:00:00+00:00,Afri-SET F1,33.7
2025-02-13 23:00:00+00:00,Afri-SET F1,32.75
2025-02-14 00:00:00+00:00,Afri-SET F1,32.85
2025-02-14 01:00:00+00:00,Afri-SET F1,33.3
2025-02-14 02:00:00+00:00,Afri-SET F1,34.65
2025-02-14 03:00:00+00:00,Afri-SET F1,32.95
2025-02-14 04:00:00+00:00,Afri-SET F1,34.75
2025-02-14 05:00:00+00:00,Afri-SET F1,42.0
2025-02-14 06:00:00+00:00,Afri-SET F1,45.75
2025-02-14 07:00:00+00:00,Afri-SET F1,48.45
2025-02-14 08:00:00+00:00,Afri-SET F1,42.65
2025-02-14 09:00:00+00:00,Afri-SET F1,39.3
2025-02-14 10:00:00+00:00,Afri-SET F1,36.5
2025-02-14 11:00:00+00:00,Afri-SET F1,36.65
2025-02-14 12:00:00+00:00,Afri-SET F1,37.8
2025-02-14 13:00:00+00:00,Afri-SET F1,39.85
2025-02-14 14:00:00+00:00,Afri-SET F1,36.3
2025-02-14 15:00:00+00:00,Afri-SET F1,35.95
2025-02-14 16:00:00+00:00,Afri-SET F1,38.5
2025-02-14 17:00:00+00:00,Afri-SET F1,39.0
2025-02-14 18:00:00+00:00,Afri-SET F1,36.85
2025-02-14 19:00:00+00:00,Afri-SET F1,36.8
2025-02-14 20:00:00+00:00,Afri-SET F1,32.05
2025-02-14 21:00:00+00:00,Afri-SET F1,32.65
2025-02-14 22:00:00+00:00,Afri-SET F1,34.0
2025-02-14 23:00:00+00:00,Afri-SET F1,34.45
2025-02-15 00:00:00+00:00,Afri-SET F1,41.8
2025-02-15 01:00:00+00:00,Afri-SET F1,33.1
2025-02-15 02:00:00+00:00,Afri-SET F1,35.35
2025-02-15 03:00:00+00:00,Afri-SET F1,38.25
2025-02-15 04:00:00+00:00,Afri-SET F1,40.1
2025-02-15 05:00:00+00:00,Afri-SET F1,45.0
2025-02-15 07:00:00+00:00,Afri-SET F1,50.35
2025-02-15 08:00:00+00:00,Afri-SET F1,43.35
2025-02-15 09:00:00+00:00,Afri-SET F1,40.65
2025-02-15 10:00:00+00:00,Afri-SET F1,37.7
2025-02-15 11:00:00+00:00,Afri-SET F1,39.0
2025-02-15 12:00:00+00:00,Afri-SET F1,42.05
2025-02-15 13:00:00+00:00,Afri-SET F1,39.1
2025-02-15 14:00:00+00:00,Afri-SET F1,35.6
2025-02-15 15:00:00+00:00,Afri-SET F1,34.2
2025-02-15 16:00:00+00:00,Afri-SET F1,36.6
2025-02-15 17:00:00+00:00,Afri-SET F1,35.15
2025-02-15 18:00:00+00:00,Afri-SET F1,38.1
2025-02-15 19:00:00+00:00,Afri-SET F1,38.8
2025-02-15 20:00:00+00:00,Afri-SET F1,36.4
2025-02-15 21:00:00+00:00,Afri-SET F1,36.55
2025-02-15 22:00:00+00:00,Afri-SET F1,35.45
2025-02-15 23:00:00+00:00,Afri-SET F1,35.2
2025-02-16 01:00:00+00:00,Afri-SET F1,37.45
2025-02-16 02:00:00+00:00,Afri-SET F1,37.55
2025-02-16 03:00:00+00:00,Afri-SET F1,41.25
2025-02-16 04:00:00+00:00,Afri-SET F1,39.85
2025-02-16 05:00:00+00:00,Afri-SET F1,46.35
2025-02-16 06:00:00+00:00,Afri-SET F1,45.8
2025-02-16 07:00:00+00:00,Afri-SET F1,47.8
2025-02-16 08:00:00+00:00,Afri-SET F1,45.7
2025-02-16 09:00:00+00:00,Afri-SET F1,43.65
2025-02-16 10:00:00+00:00,Afri-SET F1,42.3
2025-02-16 11:00:00+00:00,Afri-SET F1,41.3
2025-02-16 12:00:00+00:00,Afri-SET F1,40.85
2025-02-16 13:00:00+00:00,Afri-SET F1,38.4
2025-02-16 14:00:00+00:00,Afri-SET F1,37.95
2025-02-16 15:00:00+00:00,Afri-SET F1,41.05
2025-02-16 16:00:00+00:00,Afri-SET F1,38.65
2025-02-16 17:00:00+00:00,Afri-SET F1,35.0
2025-02-16 18:00:00+00:00,Afri-SET F1,36.3
2025-02-16 19:00:00+00:00,Afri-SET F1,35.55
2025-02-16 20:00:00+00:00,Afri-SET F1,35.05
2025-02-16 21:00:00+00:00,Afri-SET F1,35.65
2025-02-16 22:00:00+00:00,Afri-SET F1,34.55
2025-02-16 23:00:00+00:00,Afri-SET F1,35.4
2025-02-17 00:00:00+00:00,Afri-SET F1,36.0
2025-02-17 01:00:00+00:00,Afri-SET F1,34.95
2025-02-17 02:00:00+00:00,Afri-SET F1,35.15
2025-02-17 03:00:00+00:00,Afri-SET F1,35.4
2025-02-17 04:00:00+00:00,Afri-SET F1,39.2
2025-02-17 09:00:00+00:00,Afri-SET F1,40.4
2025-02-17 10:00:00+00:00,Afri-SET F1,37.3
2025-02-17 11:00:00+00:00,Afri-SET F1,37.15
2025-02-17 12:00:00+00:00,Afri-SET F1,38.05
2025-02-17 13:00:00+00:00,Afri-SET F1,36.6
2025-02-17 14:00:00+00:00,Afri-SET F1,35.6
2025-02-17 15:00:00+00:00,Afri-SET F1,36.0
2025-02-17 16:00:00+00:00,Afri-SET F1,36.1
2025-02-17 17:00:00+00:00,Afri-SET F1,36.25
2025-02-17 18:00:00+00:00,Afri-SET F1,36.4
2025-02-17 19:00:00+00:00,Afri-SET F1,36.35
2025-02-17 20:00:00+00:00,Afri-SET F1,35.8
2025-02-17 21:00:00+00:00,Afri-SET F1,36.0
2025-02-17 22:00:00+00:00,Afri-SET F1,36.4
2025-02-17 23:00:00+00:00,Afri-SET F1,37.3
2025-02-18 00:00:00+00:00,Afri-SET F1,36.3
2025-02-18 01:00:00+00:00,Afri-SET F1,36.6
2025-02-18 02:00:00+00:00,Afri-SET F1,37.85
2025-02-18 03:00:00+00:00,Afri-SET F1,38.45
2025-02-18 04:00:00+00:00,Afri-SET F1,40.45
2025-02-18 05:00:00+00:00,Afri-SET F1,43.85
2025-02-18 06:00:00+00:00,Afri-SET F1,47.45
2025-02-18 07:00:00+00:00,Afri-SET F1,47.8
2025-02-18 08:00:00+00:00,Afri-SET F1,44.0
2025-02-18 09:00:00+00:00,Afri-SET F1,42.1
2025-02-18 10:00:00+00:00,Afri-SET F1,42.05
2025-02-18 11:00:00+00:00,Afri-SET F1,42.5
2025-02-18 12:00:00+00:00,Afri-SET F1,38.65
2025-02-18 13:00:00+00:00,Afri-SET F1,39.3
2025-02-18 14:00:00+00:00,Afri-SET F1,40.65
2025-02-18 15:00:00+00:00,Afri-SET F1,36.0
2025-02-18 16:00:00+00:00,Afri-SET F1,33.85
2025-02-18 17:00:00+00:00,Afri-SET F1,36.75
2025-02-18 18:00:00+00:00,Afri-SET F1,38.0
2025-02-18 19:00:00+00:00,Afri-SET F1,36.45
2025-02-18 20:00:00+00:00,Afri-SET F1,38.15
2025-02-18 21:00:00+00:00,Afri-SET F1,37.5
2025-02-18 22:00:00+00:00,Afri-SET F1,40.5
2025-02-18 23:00:00+00:00,Afri-SET F1,35.0
2025-02-19 00:00:00+00:00,Afri-SET F1,33.85
2025-02-19 01:00:00+00:00,Afri-SET F1,32.85
2025-02-19 02:00:00+00:00,Afri-SET F1,33.2
2025-02-19 03:00:00+00:00,Afri-SET F1,33.5
2025-02-19 04:00:00+00:00,Afri-SET F1,33.95
2025-02-19 05:00:00+00:00,Afri-SET F1,36.5
2025-02-19 06:00:00+00:00,Afri-SET F1,37.2
2025-02-19 07:00:00+00:00,Afri-SET F1,37.1
2025-02-19 08:00:00+00:00,Afri-SET F1,34.65
2025-02-19 09:00:00+00:00,Afri-SET F1,35.4
2025-02-19 10:00:00+00:00,Afri-SET F1,34.35
2025-02-19 11:00:00+00:00,Afri-SET F1,34.2
2025-02-19 12:00:00+00:00,Afri-SET F1,34.7
2025-02-19 13:00:00+00:00,Afri-SET F1,35.0
2025-02-19 14:00:00+00:00,Afri-SET F1,34.75
2025-02-19 15:00:00+00:00,Afri-SET F1,34.95
2025-02-19 16:00:00+00:00,Afri-SET F1,34.4
2025-02-19 17:00:00+00:00,Afri-SET F1,33.5
2025-02-19 18:00:00+00:00,Afri-SET F1,38.6
2025-02-19 19:00:00+00:00,Afri-SET F1,37.95
2025-02-19 20:00:00+00:00,Afri-SET F1,35.2
2025-02-19 21:00:00+00:00,Afri-SET F1,36.6
2025-02-19 22:00:00+00:00,Afri-SET F1,34.05
2025-02-19 23:00:00+00:00,Afri-SET F1,33.8
2025-02-20 00:00:00+00:00,Afri-SET F1,38.4
2025-02-20 01:00:00+00:00,Afri-SET F1,34.35
2025-02-20 02:00:00+00:00,Afri-SET F1,35.35
2025-02-20 03:00:00+00:00,Afri-SET F1,34.95
2025-02-20 04:00:00+00:00,Afri-SET F1,36.4
2025-02-20 05:00:00+00:00,Afri-SET F1,37.55
2025-02-20 06:00:00+00:00,Afri-SET F1,41.35
2025-02-20 09:00:00+00:00,Afri-SET F1,40.7
2025-02-20 10:00:00+00:00,Afri-SET F1,37.3
2025-02-20 11:00:00+00:00,Afri-SET F1,36.65
2025-02-20 12:00:00+00:00,Afri-SET F1,36.15
2025-02-20 13:00:00+00:00,Afri-SET F1,32.8
2025-02-20 14:00:00+00:00,Afri-SET F1,32.2
2025-02-20 15:00:00+00:00,Afri-SET F1,33.05
2025-02-20 16:00:00+00:00,Afri-SET F1,38.75
2025-02-20 17:00:00+00:00,Afri-SET F1,34.75
2025-02-20 18:00:00+00:00,Afri-SET F1,34.4
2025-02-20 19:00:00+00:00,Afri-SET F1,34.75
2025-02-20 20:00:00+00:00,Afri-SET F1,34.05
2025-02-20 21:00:00+00:00,Afri-SET F1,34.1
2025-02-20 22:00:00+00:00,Afri-SET F1,35.0
2025-02-20 23:00:00+00:00,Afri-SET F1,36.05
2025-02-21 00:00:00+00:00,Afri-SET F1,35.55
2025-02-21 01:00:00+00:00,Afri-SET F1,33.5
2025-02-21 02:00:00+00:00,Afri-SET F1,36.15
2025-02-21 03:00:00+00:00,Afri-SET F1,37.95
2025-02-21 04:00:00+00:00,Afri-SET F1,41.7
2025-02-21 05:00:00+00:00,Afri-SET F1,44.5
2025-02-21 06:00:00+00:00,Afri-SET F1,50.15
2025-02-21 08:00:00+00:00,Afri-SET F1,49.3
2025-02-21 09:00:00+00:00,Afri-SET F1,43.65
2025-02-21 10:00:00+00:00,Afri-SET F1,40.4
2025-02-21 11:00:00+00:00,Afri-SET F1,36.4
2025-02-21 12:00:00+00:00,Afri-SET F1,32.25
2025-02-21 13:00:00+00:00,Afri-SET F1,32.95
2025-02-21 14:00:00+00:00,Afri-SET F1,36.7
2025-02-21 15:00:00+00:00,Afri-SET F1,34.65
2025-02-21 16:00:00+00:00,Afri-SET F1,34.7
2025-02-21 17:00:00+00:00,Afri-SET F1,35.5
2025-02-21 18:00:00+00:00,Afri-SET F1,34.0
2025-02-21 19:00:00+00:00,Afri-SET F1,35.25
2025-02-21 20:00:00+00:00,Afri-SET F1,38.8
2025-02-21 21:00:00+00:00,Afri-SET F1,38.95
2025-02-21 22:00:00+00:00,Afri-SET F1,35.8
2025-02-21 23:00:00+00:00,Afri-SET F1,37.55
2025-02-22 00:00:00+00:00,Afri-SET F1,46.3
2025-02-22 01:00:00+00:00,Afri-SET F1,44.25
2025-02-22 02:00:00+00:00,Afri-SET F1,50.25
2025-02-22 03:00:00+00:00,Afri-SET F1,51.15
2025-02-22 04:00:00+00:00,Afri-SET F1,54.05
2025-02-22 05:00:00+00:00,Afri-SET F1,53.8
2025-02-22 06:00:00+00:00,Afri-SET F1,62.85
2025-02-22 07:00:00+00:00,Afri-SET F1,60.45
2025-02-22 08:00:00+00:00,Afri-SET F1,61.1
2025-02-22 09:00:00+00:00,Afri-SET F1,48.8
2025-02-22 10:00:00+00:00,Afri-SET F1,40.7
2025-02-22 11:00:00+00:00,Afri-SET F1,35.55
2025-02-22 12:00:00+00:00,Afri-SET F1,36.75
2025-02-22 13:00:00+00:00,Afri-SET F1,35.35
2025-02-22 14:00:00+00:00,Afri-SET F1,30.75
2025-02-22 15:00:00+00:00,Afri-SET F1,30.5
2025-02-22 16:00:00+00:00,Afri-SET F1,32.45
2025-02-22 17:00:00+00:00,Afri-SET F1,47.7
2025-02-22 18:00:00+00:00,Afri-SET F1,40.9
2025-02-22 19:00:00+00:00,Afri-SET F1,41.45
2025-02-22 20:00:00+00:00,Afri-SET F1,38.2
2025-02-22 21:00:00+00:00,Afri-SET F1,37.9
2025-02-22 22:00:00+00:00,Afri-SET F1,39.6
2025-02-22 23:00:00+00:00,Afri-SET F1,39.05
2025-02-23 00:00:00+00:00,Afri-SET F1,39.85
2025-02-23 01:00:00+00:00,Afri-SET F1,38.95
2025-02-23 02:00:00+00:00,Afri-SET F1,38.15
2025-02-23 03:00:00+00:00,Afri-SET F1,33.05
2025-02-23 04:00:00+00:00,Afri-SET F1,32.95
2025-02-23 05:00:00+00:00,Afri-SET F1,33.5
2025-02-23 06:00:00+00:00,Afri-SET F1,37.95
2025-02-23 07:00:00+00:00,Afri-SET F1,40.1
2025-02-23 08:00:00+00:00,Afri-SET F1,47.4
2025-02-23 09:00:00+00:00,Afri-SET F1,48.75
2025-02-23 10:00:00+00:00,Afri-SET F1,45.6
2025-02-23 11:00:00+00:00,Afri-SET F1,39.2
2025-02-23 12:00:00+00:00,Afri-SET F1,40.25
2025-02-23 13:00:00+00:00,Afri-SET F1,45.4
2025-02-23 14:00:00+00:00,Afri-SET F1,43.4
2025-02-23 15:00:00+00:00,Afri-SET F1,46.95
2025-02-23 16:00:00+00:00,Afri-SET F1,47.65
2025-02-23 17:00:00+00:00,Afri-SET F1,45.4
2025-02-23 18:00:00+00:00,Afri-SET F1,44.4
2025-02-23 19:00:00+00:00,Afri-SET F1,47.2
2025-02-23 20:00:00+00:00,Afri-SET F1,46.1
2025-02-23 21:00:00+00:00,Afri-SET F1,44.3
2025-02-23 22:00:00+00:00,Afri-SET F1,45.15
2025-02-23 23:00:00+00:00,Afri-SET F1,46.7
2025-02-24 00:00:00+00:00,Afri-SET F1,52.95
2025-02-24 01:00:00+00:00,Afri-SET F1,45.95
2025-02-24 02:00:00+00:00,Afri-SET F1,43.0
2025-02-24 03:00:00+00:00,Afri-SET F1,40.3
2025-02-24 04:00:00+00:00,Afri-SET F1,41.25
2025-02-24 05:00:00+00:00,Afri-SET F1,44.7
2025-02-24 06:00:00+00:00,Afri-SET F1,47.05
2025-02-24 07:00:00+00:00,Afri-SET F1,47.15
2025-02-24 08:00:00+00:00,Afri-SET F1,49.8
2025-02-24 09:00:00+00:00,Afri-SET F1,42.35
2025-02-24 10:00:00+00:00,Afri-SET F1,39.65
2025-02-24 11:00:00+00:00,Afri-SET F1,43.25
2025-02-24 12:00:00+00:00,Afri-SET F1,42.0
2025-02-24 13:00:00+00:00,Afri-SET F1,39.5
2025-02-24 14:00:00+00:00,Afri-SET F1,33.95
2025-02-24 15:00:00+00:00,Afri-SET F1,29.5
2025-02-24 16:00:00+00:00,Afri-SET F1,30.4
2025-02-24 17:00:00+00:00,Afri-SET F1,29.9
2025-02-24 18:00:00+00:00,Afri-SET F1,34.4
2025-02-24 19:00:00+00:00,Afri-SET F1,35.85
2025-02-24 20:00:00+00:00,Afri-SET F1,36.3
2025-02-24 21:00:00+00:00,Afri-SET F1,29.8
2025-02-24 22:00:00+00:00,Afri-SET F1,31.05
2025-02-24 23:00:00+00:00,Afri-SET F1,31.65
2025-02-25 00:00:00+00:00,Afri-SET F1,28.15
2025-02-25 01:00:00+00:00,Afri-SET F1,36.35
2025-02-25 02:00:00+00:00,Afri-SET F1,34.3
2025-02-25 03:00:00+00:00,Afri-SET F1,35.35
2025-02-25 04:00:00+00:00,Afri-SET F1,38.25
2025-02-25 05:00:00+00:00,Afri-SET F1,45.4
2025-02-25 06:00:00+00:00,Afri-SET F1,47.1
2025-02-25 07:00:00+00:00,Afri-SET F1,51.85
2025-02-25 08:00:00+00:00,Afri-SET F1,39.0
2025-02-25 09:00:00+00:00,Afri-SET F1,31.85
2025-02-25 10:00:00+00:00,Afri-SET F1,29.85
2025-02-25 11:00:00+00:00,Afri-SET F1,31.65
2025-02-25 12:00:00+00:00,Afri-SET F1,34.05
2025-02-25 13:00:00+00:00,Afri-SET F1,35.35
2025-02-25 14:00:00+00:00,Afri-SET F1,34.15
2025-02-25 15:00:00+00:00,Afri-SET F1,27.8
2025-02-25 16:00:00+00:00,Afri-SET F1,27.5
2025-02-25 17:00:00+00:00,Afri-SET F1,26.4
2025-02-25 18:00:00+00:00,Afri-SET F1,27.25
2025-02-25 19:00:00+00:00,Afri-SET F1,27.5
2025-02-25 20:00:00+00:00,Afri-SET F1,25.65
2025-02-25 21:00:00+00:00,Afri-SET F1,26.2
2025-02-25 22:00:00+00:00,Afri-SET F1,27.4
2025-02-25 23:00:00+00:00,Afri-SET F1,26.2
2025-02-26 00:00:00+00:00,Afri-SET F1,34.4
2025-02-26 01:00:00+00:00,Afri-SET F1,24.0
2025-02-26 02:00:00+00:00,Afri-SET F1,25.9
2025-02-26 03:00:00+00:00,Afri-SET F1,31.55
2025-02-26 04:00:00+00:00,Afri-SET F1,31.15
2025-02-26 05:00:00+00:00,Afri-SET F1,35.15
2025-02-26 06:00:00+00:00,Afri-SET F1,41.0
2025-02-26 07:00:00+00:00,Afri-SET F1,44.3
2025-02-26 08:00:00+00:00,Afri-SET F1,39.85
2025-02-26 09:00:00+00:00,Afri-SET F1,35.55
2025-02-26 10:00:00+00:00,Afri-SET F1,34.1
2025-02-26 11:00:00+00:00,Afri-SET F1,36.35
2025-02-26 12:00:00+00:00,Afri-SET F1,37.8
2025-02-26 13:00:00+00:00,Afri-SET F1,36.45
2025-02-26 14:00:00+00:00,Afri-SET F1,30.35
2025-02-26 15:00:00+00:00,Afri-SET F1,29.5
2025-02-26 16:00:00+00:00,Afri-SET F1,32.7
2025-02-26 17:00:00+00:00,Afri-SET F1,37.6
2025-02-26 18:00:00+00:00,Afri-SET F1,36.5
2025-02-26 19:00:00+00:00,Afri-SET F1,35.25
2025-02-26 20:00:00+00:00,Afri-SET F1,31.05
2025-02-26 21:00:00+00:00,Afri-SET F1,30.4
2025-02-27 08:00:00+00:00,Afri-SET F1,38.8
2025-02-27 09:00:00+00:00,Afri-SET F1,37.5
2025-02-27 10:00:00+00:00,Afri-SET F1,37.85
2025-02-27 11:00:00+00:00,Afri-SET F1,38.2
2025-02-27 12:00:00+00:00,Afri-SET F1,36.85
2025-02-27 13:00:00+00:00,Afri-SET F1,34.45
2025-02-27 14:00:00+00:00,Afri-SET F1,32.1
2025-02-27 15:00:00+00:00,Afri-SET F1,30.25
2025-02-27 16:00:00+00:00,Afri-SET F1,30.65
2025-02-27 17:00:00+00:00,Afri-SET F1,28.45
2025-02-27 18:00:00+00:00,Afri-SET F1,28.1
2025-02-27 19:00:00+00:00,Afri-SET F1,28.1
2025-02-27 20:00:00+00:00,Afri-SET F1,29.25
2025-02-27 21:00:00+00:00,Afri-SET F1,29.15
2025-02-27 22:00:00+00:00,Afri-SET F1,26.0
2025-02-27 23:00:00+00:00,Afri-SET F1,24.8
2025-02-28 00:00:00+00:00,Afri-SET F1,30.15
2025-02-28 01:00:00+00:00,Afri-SET F1,26.8
2025-02-28 02:00:00+00:00,Afri-SET F1,28.15
2025-02-28 03:00:00+00:00,Afri-SET F1,27.2
2025-02-28 04:00:00+00:00,Afri-SET F1,31.55
2025-02-28 05:00:00+00:00,Afri-SET F1,39.85
2025-02-28 06:00:00+00:00,Afri-SET F1,48.2
2025-02-28 08:00:00+00:00,Afri-SET F1,44.05
2025-02-28 09:00:00+00:00,Afri-SET F1,38.9
2025-02-28 10:00:00+00:00,Afri-SET F1,38.75
2025-02-28 11:00:00+00:00,Afri-SET F1,38.2
2025-02-28 12:00:00+00:00,Afri-SET F1,33.8
2025-02-28 13:00:00+00:00,Afri-SET F1,32.75
2025-02-28 14:00:00+00:00,Afri-SET F1,27.7
2025-02-28 15:00:00+00:00,Afri-SET F1,26.6
2025-02-28 16:00:00+00:00,Afri-SET F1,28.1
2025-02-28 17:00:00+00:00,Afri-SET F1,29.95
2025-02-28 18:00:00+00:00,Afri-SET F1,29.8
2025-02-28 19:00:00+00:00,Afri-SET F1,32.15
2025-02-28 20:00:00+00:00,Afri-SET F1,29.75
2025-02-28 21:00:00+00:00,Afri-SET F1,30.1
2025-02-28 22:00:00+00:00,Afri-SET F1,27.55
2025-02-28 23:00:00+00:00,Afri-SET F1,30.2
2025-02-01 00:00:00+00:00,Agbogbloshie,43.18
2025-02-01 01:00:00+00:00,Agbogbloshie,44.32
2025-02-01 02:00:00+00:00,Agbogbloshie,59.56
2025-02-01 03:00:00+00:00,Agbogbloshie,63.79
2025-02-01 04:00:00+00:00,Agbogbloshie,74.26
2025-02-01 05:00:00+00:00,Agbogbloshie,67.71
2025-02-01 06:00:00+00:00,Agbogbloshie,64.51
2025-02-01 07:00:00+00:00,Agbogbloshie,79.07
2025-02-01 08:00:00+00:00,Agbogbloshie,45.94
2025-02-01 09:00:00+00:00,Agbogbloshie,46.77
2025-02-01 10:00:00+00:00,Agbogbloshie,46.06
2025-02-01 11:00:00+00:00,Agbogbloshie,26.52
2025-02-01 13:00:00+00:00,Agbogbloshie,23.63
2025-02-01 14:00:00+00:00,Agbogbloshie,22.43
2025-02-01 17:00:00+00:00,Agbogbloshie,46.43
2025-02-01 18:00:00+00:00,Agbogbloshie,62.61
2025-02-01 20:00:00+00:00,Agbogbloshie,53.62
2025-02-01 21:00:00+00:00,Agbogbloshie,36.77
2025-02-01 22:00:00+00:00,Agbogbloshie,46.19
2025-02-02 01:00:00+00:00,Agbogbloshie,56.47
2025-02-02 02:00:00+00:00,Agbogbloshie,49.72
2025-02-02 03:00:00+00:00,Agbogbloshie,50.26
2025-02-02 04:00:00+00:00,Agbogbloshie,48.75
2025-02-02 05:00:00+00:00,Agbogbloshie,59.92
2025-02-02 06:00:00+00:00,Agbogbloshie,85.95
2025-02-02 07:00:00+00:00,Agbogbloshie,65.27
2025-02-02 09:00:00+00:00,Agbogbloshie,42.42
2025-02-02 10:00:00+00:00,Agbogbloshie,36.37
2025-02-02 12:00:00+00:00,Agbogbloshie,54.23
2025-02-02 15:00:00+00:00,Agbogbloshie,20.89
2025-02-02 19:00:00+00:00,Agbogbloshie,77.31
2025-02-03 00:00:00+00:00,Agbogbloshie,99.14
2025-02-03 01:00:00+00:00,Agbogbloshie,103.39
2025-02-03 08:00:00+00:00,Agbogbloshie,60.23
2025-02-03 20:00:00+00:00,Agbogbloshie,58.1
2025-02-03 21:00:00+00:00,Agbogbloshie,46.73
2025-02-04 03:00:00+00:00,Agbogbloshie,43.44
2025-02-04 04:00:00+00:00,Agbogbloshie,68.85
2025-02-04 05:00:00+00:00,Agbogbloshie,63.87
2025-02-04 07:00:00+00:00,Agbogbloshie,62.85
2025-02-04 08:00:00+00:00,Agbogbloshie,48.8
2025-02-04 09:00:00+00:00,Agbogbloshie,44.51
2025-02-04 10:00:00+00:00,Agbogbloshie,37.54
2025-02-04 11:00:00+00:00,Agbogbloshie,40.44
2025-02-04 12:00:00+00:00,Agbogbloshie,40.27
2025-02-04 13:00:00+00:00,Agbogbloshie,29.73
2025-02-04 14:00:00+00:00,Agbogbloshie,29.06
2025-02-04 15:00:00+00:00,Agbogbloshie,43.33
2025-02-04 19:00:00+00:00,Agbogbloshie,60.34
2025-02-04 21:00:00+00:00,Agbogbloshie,49.06
2025-02-04 22:00:00+00:00,Agbogbloshie,40.4
2025-02-04 23:00:00+00:00,Agbogbloshie,41.28
2025-02-05 00:00:00+00:00,Agbogbloshie,59.91
2025-02-05 01:00:00+00:00,Agbogbloshie,67.47
2025-02-05 02:00:00+00:00,Agbogbloshie,101.98
2025-02-05 05:00:00+00:00,Agbogbloshie,62.35
2025-02-05 06:00:00+00:00,Agbogbloshie,65.36
2025-02-05 08:00:00+00:00,Agbogbloshie,49.39
2025-02-05 09:00:00+00:00,Agbogbloshie,43.76
2025-02-05 13:00:00+00:00,Agbogbloshie,28.69
2025-02-05 14:00:00+00:00,Agbogbloshie,28.03
2025-02-05 15:00:00+00:00,Agbogbloshie,36.17
2025-02-05 17:00:00+00:00,Agbogbloshie,49.46
2025-02-05 18:00:00+00:00,Agbogbloshie,49.96
2025-02-05 19:00:00+00:00,Agbogbloshie,48.56
2025-02-05 20:00:00+00:00,Agbogbloshie,44.95
2025-02-05 21:00:00+00:00,Agbogbloshie,37.61
2025-02-05 22:00:00+00:00,Agbogbloshie,31.91
2025-02-05 23:00:00+00:00,Agbogbloshie,31.57
2025-02-06 01:00:00+00:00,Agbogbloshie,50.63
2025-02-06 02:00:00+00:00,Agbogbloshie,47.05
2025-02-06 04:00:00+00:00,Agbogbloshie,50.91
2025-02-06 05:00:00+00:00,Agbogbloshie,57.48
2025-02-06 06:00:00+00:00,Agbogbloshie,71.8
2025-02-06 15:00:00+00:00,Agbogbloshie,26.98
2025-02-06 16:00:00+00:00,Agbogbloshie,25.78
2025-02-06 19:00:00+00:00,Agbogbloshie,41.88
2025-02-06 22:00:00+00:00,Agbogbloshie,34.94
2025-02-06 23:00:00+00:00,Agbogbloshie,33.5
2025-02-07 05:00:00+00:00,Agbogbloshie,51.8
2025-02-07 07:00:00+00:00,Agbogbloshie,49.46
2025-02-07 09:00:00+00:00,Agbogbloshie,40.35
2025-02-07 10:00:00+00:00,Agbogbloshie,37.69
2025-02-07 11:00:00+00:00,Agbogbloshie,38.0
2025-02-07 12:00:00+00:00,Agbogbloshie,27.85
2025-02-07 13:00:00+00:00,Agbogbloshie,29.6
2025-02-07 15:00:00+00:00,Agbogbloshie,34.97
2025-02-07 16:00:00+00:00,Agbogbloshie,40.51
2025-02-07 17:00:00+00:00,Agbogbloshie,51.05
2025-02-07 18:00:00+00:00,Agbogbloshie,48.2
2025-02-07 20:00:00+00:00,Agbogbloshie,40.97
2025-02-07 21:00:00+00:00,Agbogbloshie,39.52
2025-02-07 22:00:00+00:00,Agbogbloshie,35.45
2025-02-08 00:00:00+00:00,Agbogbloshie,35.68
2025-02-08 01:00:00+00:00,Agbogbloshie,72.48
2025-02-08 02:00:00+00:00,Agbogbloshie,62.65
2025-02-08 04:00:00+00:00,Agbogbloshie,68.71
2025-02-08 05:00:00+00:00,Agbogbloshie,67.29
2025-02-08 07:00:00+00:00,Agbogbloshie,64.17
2025-02-08 08:00:00+00:00,Agbogbloshie,64.08
2025-02-08 09:00:00+00:00,Agbogbloshie,40.73
2025-02-08 10:00:00+00:00,Agbogbloshie,34.65
2025-02-08 11:00:00+00:00,Agbogbloshie,23.81
2025-02-08 12:00:00+00:00,Agbogbloshie,24.44
2025-02-08 15:00:00+00:00,Agbogbloshie,42.22
2025-02-08 16:00:00+00:00,Agbogbloshie,41.38
2025-02-08 17:00:00+00:00,Agbogbloshie,44.64
2025-02-08 18:00:00+00:00,Agbogbloshie,44.9
2025-02-08 19:00:00+00:00,Agbogbloshie,36.17
2025-02-08 20:00:00+00:00,Agbogbloshie,40.85
2025-02-08 21:00:00+00:00,Agbogbloshie,37.66
2025-02-08 22:00:00+00:00,Agbogbloshie,19.87
2025-02-09 01:00:00+00:00,Agbogbloshie,25.85
2025-02-09 02:00:00+00:00,Agbogbloshie,17.03
2025-02-09 03:00:00+00:00,Agbogbloshie,39.52
2025-02-09 04:00:00+00:00,Agbogbloshie,38.99
2025-02-09 05:00:00+00:00,Agbogbloshie,53.32
2025-02-09 06:00:00+00:00,Agbogbloshie,46.91
2025-02-09 09:00:00+00:00,Agbogbloshie,35.79
2025-02-09 10:00:00+00:00,Agbogbloshie,28.83
2025-02-09 11:00:00+00:00,Agbogbloshie,32.13
2025-02-09 13:00:00+00:00,Agbogbloshie,17.58
2025-02-09 14:00:00+00:00,Agbogbloshie,20.88
2025-02-09 17:00:00+00:00,Agbogbloshie,26.65
2025-02-09 18:00:00+00:00,Agbogbloshie,37.06
2025-02-09 19:00:00+00:00,Agbogbloshie,37.8
2025-02-09 20:00:00+00:00,Agbogbloshie,43.27
2025-02-09 22:00:00+00:00,Agbogbloshie,50.16
2025-02-10 01:00:00+00:00,Agbogbloshie,79.42
2025-02-10 02:00:00+00:00,Agbogbloshie,50.02
2025-02-10 03:00:00+00:00,Agbogbloshie,51.92
2025-02-10 04:00:00+00:00,Agbogbloshie,42.78
2025-02-10 05:00:00+00:00,Agbogbloshie,87.43
2025-02-10 06:00:00+00:00,Agbogbloshie,66.97
2025-02-10 07:00:00+00:00,Agbogbloshie,68.8
2025-02-10 09:00:00+00:00,Agbogbloshie,42.12
2025-02-10 10:00:00+00:00,Agbogbloshie,37.68
2025-02-10 11:00:00+00:00,Agbogbloshie,21.67
2025-02-10 12:00:00+00:00,Agbogbloshie,25.46
2025-02-10 15:00:00+00:00,Agbogbloshie,24.35
2025-02-10 16:00:00+00:00,Agbogbloshie,43.85
2025-02-10 17:00:00+00:00,Agbogbloshie,45.45
2025-02-10 18:00:00+00:00,Agbogbloshie,54.13
2025-02-10 19:00:00+00:00,Agbogbloshie,41.41
2025-02-10 20:00:00+00:00,Agbogbloshie,59.99
2025-02-10 21:00:00+00:00,Agbogbloshie,43.96
2025-02-10 22:00:00+00:00,Agbogbloshie,38.19
2025-02-10 23:00:00+00:00,Agbogbloshie,49.48
2025-02-11 00:00:00+00:00,Agbogbloshie,29.16
2025-02-11 01:00:00+00:00,Agbogbloshie,33.41
2025-02-11 02:00:00+00:00,Agbogbloshie,30.71
2025-02-11 05:00:00+00:00,Agbogbloshie,53.26
2025-02-11 06:00:00+00:00,Agbogbloshie,45.96
2025-02-11 07:00:00+00:00,Agbogbloshie,45.86
2025-02-11 08:00:00+00:00,Agbogbloshie,40.27
2025-02-11 09:00:00+00:00,Agbogbloshie,46.09
2025-02-11 10:00:00+00:00,Agbogbloshie,27.91
2025-02-11 11:00:00+00:00,Agbogbloshie,33.84
2025-02-11 14:00:00+00:00,Agbogbloshie,21.87
2025-02-11 15:00:00+00:00,Agbogbloshie,26.75
2025-02-11 17:00:00+00:00,Agbogbloshie,38.26
2025-02-11 18:00:00+00:00,Agbogbloshie,39.97
2025-02-11 19:00:00+00:00,Agbogbloshie,57.11
2025-02-11 20:00:00+00:00,Agbogbloshie,42.64
2025-02-11 21:00:00+00:00,Agbogbloshie,40.09
2025-02-11 22:00:00+00:00,Agbogbloshie,53.56
2025-02-11 23:00:00+00:00,Agbogbloshie,42.46
2025-02-12 00:00:00+00:00,Agbogbloshie,68.48
2025-02-12 01:00:00+00:00,Agbogbloshie,120.66
2025-02-12 03:00:00+00:00,Agbogbloshie,67.76
2025-02-12 04:00:00+00:00,Agbogbloshie,62.74
2025-02-12 05:00:00+00:00,Agbogbloshie,55.82
2025-02-12 06:00:00+00:00,Agbogbloshie,49.42
2025-02-12 07:00:00+00:00,Agbogbloshie,53.45
2025-02-12 08:00:00+00:00,Agbogbloshie,34.86
2025-02-12 09:00:00+00:00,Agbogbloshie,28.24
2025-02-12 10:00:00+00:00,Agbogbloshie,30.61
2025-02-12 11:00:00+00:00,Agbogbloshie,20.82
2025-02-12 12:00:00+00:00,Agbogbloshie,19.7
2025-02-12 13:00:00+00:00,Agbogbloshie,21.07
2025-02-12 14:00:00+00:00,Agbogbloshie,21.79
2025-02-12 16:00:00+00:00,Agbogbloshie,29.12
2025-02-12 18:00:00+00:00,Agbogbloshie,57.08
2025-02-12 19:00:00+00:00,Agbogbloshie,48.88
2025-02-12 21:00:00+00:00,Agbogbloshie,43.62
2025-02-12 22:00:00+00:00,Agbogbloshie,41.53
2025-02-12 23:00:00+00:00,Agbogbloshie,30.77
2025-02-13 00:00:00+00:00,Agbogbloshie,50.25
2025-02-13 01:00:00+00:00,Agbogbloshie,46.22
2025-02-13 02:00:00+00:00,Agbogbloshie,73.32
2025-02-13 03:00:00+00:00,Agbogbloshie,101.47
2025-02-13 04:00:00+00:00,Agbogbloshie,83.75
2025-02-13 05:00:00+00:00,Agbogbloshie,54.91
2025-02-13 06:00:00+00:00,Agbogbloshie,62.66
2025-02-13 07:00:00+00:00,Agbogbloshie,83.59
2025-02-13 08:00:00+00:00,Agbogbloshie,42.36
2025-02-13 09:00:00+00:00,Agbogbloshie,33.41
2025-02-13 10:00:00+00:00,Agbogbloshie,46.49
2025-02-13 11:00:00+00:00,Agbogbloshie,25.88
2025-02-13 13:00:00+00:00,Agbogbloshie,21.62
2025-02-13 14:00:00+00:00,Agbogbloshie,20.4
2025-02-13 15:00:00+00:00,Agbogbloshie,31.01
2025-02-13 16:00:00+00:00,Agbogbloshie,43.41
2025-02-13 17:00:00+00:00,Agbogbloshie,38.02
2025-02-13 18:00:00+00:00,Agbogbloshie,42.96
2025-02-13 19:00:00+00:00,Agbogbloshie,48.97
2025-02-13 20:00:00+00:00,Agbogbloshie,43.7
2025-02-13 21:00:00+00:00,Agbogbloshie,47.65
2025-02-13 22:00:00+00:00,Agbogbloshie,28.85
2025-02-13 23:00:00+00:00,Agbogbloshie,29.56
2025-02-14 00:00:00+00:00,Agbogbloshie,39.9
2025-02-14 01:00:00+00:00,Agbogbloshie,46.79
2025-02-14 02:00:00+00:00,Agbogbloshie,36.12
2025-02-14 03:00:00+00:00,Agbogbloshie,51.54
2025-02-14 04:00:00+00:00,Agbogbloshie,87.06
2025-02-14 05:00:00+00:00,Agbogbloshie,72.99
2025-02-14 06:00:00+00:00,Agbogbloshie,68.53
2025-02-14 07:00:00+00:00,Agbogbloshie,66.13
2025-02-14 08:00:00+00:00,Agbogbloshie,34.6
2025-02-14 09:00:00+00:00,Agbogbloshie,33.33
2025-02-14 10:00:00+00:00,Agbogbloshie,28.12
2025-02-14 11:00:00+00:00,Agbogbloshie,25.8
2025-02-14 12:00:00+00:00,Agbogbloshie,20.88
2025-02-14 13:00:00+00:00,Agbogbloshie,20.29
2025-02-14 14:00:00+00:00,Agbogbloshie,30.29
2025-02-14 16:00:00+00:00,Agbogbloshie,33.23
2025-02-14 17:00:00+00:00,Agbogbloshie,31.29
2025-02-14 18:00:00+00:00,Agbogbloshie,38.58
2025-02-14 19:00:00+00:00,Agbogbloshie,44.78
2025-02-14 20:00:00+00:00,Agbogbloshie,40.11
2025-02-14 21:00:00+00:00,Agbogbloshie,40.38
2025-02-14 22:00:00+00:00,Agbogbloshie,34.19
2025-02-14 23:00:00+00:00,Agbogbloshie,28.97
2025-02-15 00:00:00+00:00,Agbogbloshie,30.84
2025-02-15 01:00:00+00:00,Agbogbloshie,27.79
2025-02-15 02:00:00+00:00,Agbogbloshie,57.21
2025-02-15 03:00:00+00:00,Agbogbloshie,70.63
2025-02-15 04:00:00+00:00,Agbogbloshie,66.77
2025-02-15 05:00:00+00:00,Agbogbloshie,64.52
2025-02-15 06:00:00+00:00,Agbogbloshie,62.67
2025-02-15 07:00:00+00:00,Agbogbloshie,47.83
2025-02-15 08:00:00+00:00,Agbogbloshie,53.4
2025-02-15 09:00:00+00:00,Agbogbloshie,35.41
2025-02-15 10:00:00+00:00,Agbogbloshie,31.24
2025-02-15 11:00:00+00:00,Agbogbloshie,40.47
2025-02-15 12:00:00+00:00,Agbogbloshie,28.02
2025-02-15 13:00:00+00:00,Agbogbloshie,23.62
2025-02-15 14:00:00+00:00,Agbogbloshie,21.07
2025-02-15 15:00:00+00:00,Agbogbloshie,28.37
2025-02-15 16:00:00+00:00,Agbogbloshie,48.1
2025-02-15 17:00:00+00:00,Agbogbloshie,37.87
2025-02-15 18:00:00+00:00,Agbogbloshie,35.33
2025-02-15 19:00:00+00:00,Agbogbloshie,41.81
2025-02-15 20:00:00+00:00,Agbogbloshie,50.65
2025-02-15 21:00:00+00:00,Agbogbloshie,47.84
2025-02-15 22:00:00+00:00,Agbogbloshie,41.3
2025-02-15 23:00:00+00:00,Agbogbloshie,52.13
2025-02-16 00:00:00+00:00,Agbogbloshie,51.78
2025-02-16 01:00:00+00:00,Agbogbloshie,137.6
2025-02-16 02:00:00+00:00,Agbogbloshie,39.65
2025-02-16 03:00:00+00:00,Agbogbloshie,79.28
2025-02-16 04:00:00+00:00,Agbogbloshie,61.06
2025-02-16 05:00:00+00:00,Agbogbloshie,59.49
2025-02-16 06:00:00+00:00,Agbogbloshie,50.19
2025-02-16 07:00:00+00:00,Agbogbloshie,47.12
2025-02-16 09:00:00+00:00,Agbogbloshie,38.33
2025-02-16 10:00:00+00:00,Agbogbloshie,36.23
2025-02-16 11:00:00+00:00,Agbogbloshie,27.39
2025-02-16 12:00:00+00:00,Agbogbloshie,22.97
2025-02-16 13:00:00+00:00,Agbogbloshie,24.08
2025-02-16 14:00:00+00:00,Agbogbloshie,20.46
2025-02-16 15:00:00+00:00,Agbogbloshie,20.82
2025-02-16 16:00:00+00:00,Agbogbloshie,27.62
2025-02-16 17:00:00+00:00,Agbogbloshie,28.08
2025-02-16 18:00:00+00:00,Agbogbloshie,45.5
2025-02-16 19:00:00+00:00,Agbogbloshie,56.39
2025-02-16 20:00:00+00:00,Agbogbloshie,58.4
2025-02-16 21:00:00+00:00,Agbogbloshie,48.56
2025-02-16 22:00:00+00:00,Agbogbloshie,43.2
2025-02-16 23:00:00+00:00,Agbogbloshie,48.01
2025-02-17 01:00:00+00:00,Agbogbloshie,49.16
2025-02-17 02:00:00+00:00,Agbogbloshie,45.31
2025-02-17 03:00:00+00:00,Agbogbloshie,36.33
2025-02-17 04:00:00+00:00,Agbogbloshie,54.08
2025-02-17 05:00:00+00:00,Agbogbloshie,45.75
2025-02-17 07:00:00+00:00,Agbogbloshie,45.36
2025-02-17 08:00:00+00:00,Agbogbloshie,41.06
2025-02-17 09:00:00+00:00,Agbogbloshie,44.02
2025-02-17 10:00:00+00:00,Agbogbloshie,28.75
2025-02-17 11:00:00+00:00,Agbogbloshie,23.57
2025-02-17 12:00:00+00:00,Agbogbloshie,32.97
2025-02-17 13:00:00+00:00,Agbogbloshie,33.13
2025-02-17 14:00:00+00:00,Agbogbloshie,33.9
2025-02-17 15:00:00+00:00,Agbogbloshie,37.14
2025-02-17 16:00:00+00:00,Agbogbloshie,54.21
2025-02-17 17:00:00+00:00,Agbogbloshie,40.94
2025-02-17 18:00:00+00:00,Agbogbloshie,44.04
2025-02-17 19:00:00+00:00,Agbogbloshie,50.56
2025-02-17 20:00:00+00:00,Agbogbloshie,59.31
2025-02-17 21:00:00+00:00,Agbogbloshie,41.88
2025-02-17 22:00:00+00:00,Agbogbloshie,49.5
2025-02-17 23:00:00+00:00,Agbogbloshie,38.46
2025-02-18 00:00:00+00:00,Agbogbloshie,42.92
2025-02-18 01:00:00+00:00,Agbogbloshie,52.51
2025-02-18 02:00:00+00:00,Agbogbloshie,55.03
2025-02-18 03:00:00+00:00,Agbogbloshie,50.67
2025-02-18 04:00:00+00:00,Agbogbloshie,96.09
2025-02-18 05:00:00+00:00,Agbogbloshie,132.43
2025-02-18 07:00:00+00:00,Agbogbloshie,56.74
2025-02-18 08:00:00+00:00,Agbogbloshie,45.26
2025-02-18 09:00:00+00:00,Agbogbloshie,39.13
2025-02-18 11:00:00+00:00,Agbogbloshie,27.1
2025-02-18 13:00:00+00:00,Agbogbloshie,25.65
2025-02-18 14:00:00+00:00,Agbogbloshie,24.28
2025-02-18 15:00:00+00:00,Agbogbloshie,28.09
2025-02-18 16:00:00+00:00,Agbogbloshie,37.1
2025-02-18 18:00:00+00:00,Agbogbloshie,43.29
2025-02-18 19:00:00+00:00,Agbogbloshie,54.19
2025-02-18 20:00:00+00:00,Agbogbloshie,40.96
2025-02-18 21:00:00+00:00,Agbogbloshie,55.95
2025-02-18 22:00:00+00:00,Agbogbloshie,45.44
2025-02-18 23:00:00+00:00,Agbogbloshie,34.21
2025-02-19 02:00:00+00:00,Agbogbloshie,30.79
2025-02-19 03:00:00+00:00,Agbogbloshie,45.79
2025-02-19 05:00:00+00:00,Agbogbloshie,74.65
2025-02-19 06:00:00+00:00,Agbogbloshie,79.82
2025-02-19 08:00:00+00:00,Agbogbloshie,31.92
2025-02-19 10:00:00+00:00,Agbogbloshie,18.58
2025-02-19 11:00:00+00:00,Agbogbloshie,18.27
2025-02-19 12:00:00+00:00,Agbogbloshie,21.29
2025-02-19 13:00:00+00:00,Agbogbloshie,21.17
2025-02-19 14:00:00+00:00,Agbogbloshie,17.17
2025-02-19 17:00:00+00:00,Agbogbloshie,36.05
2025-02-19 18:00:00+00:00,Agbogbloshie,48.45
2025-02-19 19:00:00+00:00,Agbogbloshie,40.16
2025-02-19 22:00:00+00:00,Agbogbloshie,42.93
2025-02-20 01:00:00+00:00,Agbogbloshie,70.62
2025-02-20 02:00:00+00:00,Agbogbloshie,57.49
2025-02-20 03:00:00+00:00,Agbogbloshie,57.41
2025-02-20 04:00:00+00:00,Agbogbloshie,84.04
2025-02-20 06:00:00+00:00,Agbogbloshie,48.25
2025-02-20 07:00:00+00:00,Agbogbloshie,42.41
2025-02-20 09:00:00+00:00,Agbogbloshie,29.18
2025-02-20 10:00:00+00:00,Agbogbloshie,37.17
2025-02-20 11:00:00+00:00,Agbogbloshie,31.63
2025-02-20 14:00:00+00:00,Agbogbloshie,21.89
2025-02-20 15:00:00+00:00,Agbogbloshie,26.79
2025-02-20 18:00:00+00:00,Agbogbloshie,46.11
2025-02-20 20:00:00+00:00,Agbogbloshie,45.31
2025-02-20 22:00:00+00:00,Agbogbloshie,38.91
2025-02-21 00:00:00+00:00,Agbogbloshie,106.39
2025-02-21 03:00:00+00:00,Agbogbloshie,83.85
2025-02-21 04:00:00+00:00,Agbogbloshie,62.15
2025-02-21 05:00:00+00:00,Agbogbloshie,93.56
2025-02-21 08:00:00+00:00,Agbogbloshie,53.68
2025-02-21 09:00:00+00:00,Agbogbloshie,46.05
2025-02-21 10:00:00+00:00,Agbogbloshie,63.82
2025-02-21 12:00:00+00:00,Agbogbloshie,30.01
2025-02-21 13:00:00+00:00,Agbogbloshie,24.51
2025-02-21 14:00:00+00:00,Agbogbloshie,31.09
2025-02-21 15:00:00+00:00,Agbogbloshie,34.74
2025-02-21 16:00:00+00:00,Agbogbloshie,50.61
2025-02-21 19:00:00+00:00,Agbogbloshie,44.45
2025-02-21 20:00:00+00:00,Agbogbloshie,68.79
2025-02-21 21:00:00+00:00,Agbogbloshie,78.05
2025-02-21 23:00:00+00:00,Agbogbloshie,28.99
2025-02-22 02:00:00+00:00,Agbogbloshie,93.44
2025-02-22 04:00:00+00:00,Agbogbloshie,70.38
2025-02-22 05:00:00+00:00,Agbogbloshie,64.32
2025-02-22 06:00:00+00:00,Agbogbloshie,69.01
2025-02-22 07:00:00+00:00,Agbogbloshie,55.59
2025-02-22 08:00:00+00:00,Agbogbloshie,51.11
2025-02-22 09:00:00+00:00,Agbogbloshie,40.09
2025-02-22 12:00:00+00:00,Agbogbloshie,29.72
2025-02-22 13:00:00+00:00,Agbogbloshie,24.66
2025-02-22 14:00:00+00:00,Agbogbloshie,25.98
2025-02-22 15:00:00+00:00,Agbogbloshie,24.64
2025-02-22 16:00:00+00:00,Agbogbloshie,43.41
2025-02-22 17:00:00+00:00,Agbogbloshie,47.23
2025-02-22 18:00:00+00:00,Agbogbloshie,47.23
2025-02-22 20:00:00+00:00,Agbogbloshie,36.51
2025-02-22 22:00:00+00:00,Agbogbloshie,30.54
2025-02-23 00:00:00+00:00,Agbogbloshie,45.33
2025-02-23 01:00:00+00:00,Agbogbloshie,56.04
2025-02-23 02:00:00+00:00,Agbogbloshie,33.23
2025-02-23 03:00:00+00:00,Agbogbloshie,33.91
2025-02-23 04:00:00+00:00,Agbogbloshie,28.15
2025-02-23 05:00:00+00:00,Agbogbloshie,29.07
2025-02-23 07:00:00+00:00,Agbogbloshie,37.16
2025-02-23 08:00:00+00:00,Agbogbloshie,37.19
2025-02-23 11:00:00+00:00,Agbogbloshie,40.41
2025-02-23 12:00:00+00:00,Agbogbloshie,29.34
2025-02-23 13:00:00+00:00,Agbogbloshie,36.53
2025-02-23 14:00:00+00:00,Agbogbloshie,32.66
2025-02-23 15:00:00+00:00,Agbogbloshie,34.47
2025-02-23 16:00:00+00:00,Agbogbloshie,39.64
2025-02-23 17:00:00+00:00,Agbogbloshie,49.98
2025-02-23 18:00:00+00:00,Agbogbloshie,40.57
2025-02-23 19:00:00+00:00,Agbogbloshie,50.19
2025-02-23 23:00:00+00:00,Agbogbloshie,75.1
2025-02-24 00:00:00+00:00,Agbogbloshie,57.07
2025-02-24 01:00:00+00:00,Agbogbloshie,84.14
2025-02-24 02:00:00+00:00,Agbogbloshie,80.62
2025-02-24 03:00:00+00:00,Agbogbloshie,76.82
2025-02-24 04:00:00+00:00,Agbogbloshie,110.14
2025-02-24 08:00:00+00:00,Agbogbloshie,79.91
2025-02-24 09:00:00+00:00,Agbogbloshie,46.65
2025-02-24 11:00:00+00:00,Agbogbloshie,29.36
2025-02-24 12:00:00+00:00,Agbogbloshie,20.84
2025-02-24 13:00:00+00:00,Agbogbloshie,24.2
2025-02-24 16:00:00+00:00,Agbogbloshie,53.74
2025-02-24 18:00:00+00:00,Agbogbloshie,41.74
2025-02-24 19:00:00+00:00,Agbogbloshie,42.09
2025-02-24 20:00:00+00:00,Agbogbloshie,49.2
2025-02-24 23:00:00+00:00,Agbogbloshie,37.44
2025-02-25 01:00:00+00:00,Agbogbloshie,36.07
2025-02-25 02:00:00+00:00,Agbogbloshie,42.97
2025-02-25 03:00:00+00:00,Agbogbloshie,40.62
2025-02-25 04:00:00+00:00,Agbogbloshie,40.36
2025-02-25 05:00:00+00:00,Agbogbloshie,44.36
2025-02-25 06:00:00+00:00,Agbogbloshie,69.86
2025-02-25 07:00:00+00:00,Agbogbloshie,49.26
2025-02-25 08:00:00+00:00,Agbogbloshie,31.68
2025-02-25 09:00:00+00:00,Agbogbloshie,24.33
2025-02-25 10:00:00+00:00,Agbogbloshie,28.69
2025-02-25 11:00:00+00:00,Agbogbloshie,24.13
2025-02-25 12:00:00+00:00,Agbogbloshie,20.87
2025-02-25 13:00:00+00:00,Agbogbloshie,13.66
2025-02-25 14:00:00+00:00,Agbogbloshie,14.53
2025-02-25 15:00:00+00:00,Agbogbloshie,16.35
2025-02-25 16:00:00+00:00,Agbogbloshie,27.39
2025-02-25 17:00:00+00:00,Agbogbloshie,54.32
2025-02-25 18:00:00+00:00,Agbogbloshie,41.98
2025-02-25 19:00:00+00:00,Agbogbloshie,46.48
2025-02-25 20:00:00+00:00,Agbogbloshie,42.83
2025-02-25 21:00:00+00:00,Agbogbloshie,50.76
2025-02-25 23:00:00+00:00,Agbogbloshie,53.4
2025-02-26 02:00:00+00:00,Agbogbloshie,90.15
2025-02-26 03:00:00+00:00,Agbogbloshie,60.66
2025-02-26 04:00:00+00:00,Agbogbloshie,51.81
2025-02-26 06:00:00+00:00,Agbogbloshie,52.82
2025-02-26 08:00:00+00:00,Agbogbloshie,50.87
2025-02-26 09:00:00+00:00,Agbogbloshie,32.79
2025-02-26 10:00:00+00:00,Agbogbloshie,40.13
2025-02-26 11:00:00+00:00,Agbogbloshie,32.37
2025-02-26 13:00:00+00:00,Agbogbloshie,18.99
2025-02-26 15:00:00+00:00,Agbogbloshie,17.6
2025-02-26 16:00:00+00:00,Agbogbloshie,39.68
2025-02-26 18:00:00+00:00,Agbogbloshie,40.5
2025-02-27 03:00:00+00:00,Agbogbloshie,28.51
2025-02-27 04:00:00+00:00,Agbogbloshie,49.82
2025-02-27 05:00:00+00:00,Agbogbloshie,45.05
2025-02-27 07:00:00+00:00,Agbogbloshie,42.06
2025-02-27 10:00:00+00:00,Agbogbloshie,24.51
2025-02-27 12:00:00+00:00,Agbogbloshie,21.21
2025-02-27 13:00:00+00:00,Agbogbloshie,27.91
2025-02-27 14:00:00+00:00,Agbogbloshie,18.74
2025-02-27 16:00:00+00:00,Agbogbloshie,46.27
2025-02-27 17:00:00+00:00,Agbogbloshie,66.32
2025-02-27 21:00:00+00:00,Agbogbloshie,66.42
2025-02-27 22:00:00+00:00,Agbogbloshie,40.14
2025-02-27 23:00:00+00:00,Agbogbloshie,26.71
2025-02-28 01:00:00+00:00,Agbogbloshie,73.56
2025-02-28 03:00:00+00:00,Agbogbloshie,88.1
2025-02-28 04:00:00+00:00,Agbogbloshie,102.84
2025-02-28 05:00:00+00:00,Agbogbloshie,102.67
2025-02-28 06:00:00+00:00,Agbogbloshie,81.78
2025-02-28 07:00:00+00:00,Agbogbloshie,44.26
2025-02-28 08:00:00+00:00,Agbogbloshie,33.38
2025-02-28 10:00:00+00:00,Agbogbloshie,22.47
2025-02-28 11:00:00+00:00,Agbogbloshie,22.97
2025-02-28 12:00:00+00:00,Agbogbloshie,19.66
2025-02-28 13:00:00+00:00,Agbogbloshie,17.4
2025-02-28 14:00:00+00:00,Agbogbloshie,23.31
2025-02-28 15:00:00+00:00,Agbogbloshie,24.09
2025-02-28 16:00:00+00:00,Agbogbloshie,36.33
2025-02-28 17:00:00+00:00,Agbogbloshie,41.35
2025-02-28 18:00:00+00:00,Agbogbloshie,40.97
2025-02-28 19:00:00+00:00,Agbogbloshie,35.75
2025-02-28 20:00:00+00:00,Agbogbloshie,29.95
2025-02-28 21:00:00+00:00,Agbogbloshie,57.97
2025-02-28 22:00:00+00:00,Agbogbloshie,47.11
2025-02-01 00:00:00+00:00,Ashaley Botwe,25.91
2025-02-01 01:00:00+00:00,Ashaley Botwe,19.62
2025-02-01 02:00:00+00:00,Ashaley Botwe,23.16
2025-02-01 03:00:00+00:00,Ashaley Botwe,30.88
2025-02-01 04:00:00+00:00,Ashaley Botwe,33.42
2025-02-01 05:00:00+00:00,Ashaley Botwe,30.6
2025-02-01 06:00:00+00:00,Ashaley Botwe,37.97
2025-02-01 07:00:00+00:00,Ashaley Botwe,44.23
2025-02-01 08:00:00+00:00,Ashaley Botwe,29.09
2025-02-01 09:00:00+00:00,Ashaley Botwe,26.67
2025-02-01 10:00:00+00:00,Ashaley Botwe,22.96
2025-02-01 13:00:00+00:00,Ashaley Botwe,17.48
2025-02-01 14:00:00+00:00,Ashaley Botwe,17.36
2025-02-01 15:00:00+00:00,Ashaley Botwe,17.16
2025-02-01 17:00:00+00:00,Ashaley Botwe,18.6
2025-02-01 20:00:00+00:00,Ashaley Botwe,30.03
2025-02-01 21:00:00+00:00,Ashaley Botwe,25.16
2025-02-01 22:00:00+00:00,Ashaley Botwe,18.55
2025-02-01 23:00:00+00:00,Ashaley Botwe,25.51
2025-02-02 01:00:00+00:00,Ashaley Botwe,33.71
2025-02-02 02:00:00+00:00,Ashaley Botwe,30.49
2025-02-02 03:00:00+00:00,Ashaley Botwe,34.42
2025-02-02 04:00:00+00:00,Ashaley Botwe,32.3
2025-02-02 05:00:00+00:00,Ashaley Botwe,32.37
2025-02-02 06:00:00+00:00,Ashaley Botwe,42.92
2025-02-02 07:00:00+00:00,Ashaley Botwe,62.87
2025-02-02 09:00:00+00:00,Ashaley Botwe,24.41
2025-02-02 10:00:00+00:00,Ashaley Botwe,27.21
2025-02-02 12:00:00+00:00,Ashaley Botwe,25.19
2025-02-02 13:00:00+00:00,Ashaley Botwe,16.93
2025-02-02 15:00:00+00:00,Ashaley Botwe,24.51
2025-02-02 16:00:00+00:00,Ashaley Botwe,20.64
2025-02-02 19:00:00+00:00,Ashaley Botwe,29.79
2025-02-02 20:00:00+00:00,Ashaley Botwe,31.0
2025-02-03 00:00:00+00:00,Ashaley Botwe,48.85
2025-02-03 01:00:00+00:00,Ashaley Botwe,54.96
2025-02-03 08:00:00+00:00,Ashaley Botwe,34.45
2025-02-03 09:00:00+00:00,Ashaley Botwe,34.63
2025-02-03 20:00:00+00:00,Ashaley Botwe,31.08
2025-02-03 21:00:00+00:00,Ashaley Botwe,38.49
2025-02-04 03:00:00+00:00,Ashaley Botwe,31.79
2025-02-04 04:00:00+00:00,Ashaley Botwe,39.51
2025-02-04 05:00:00+00:00,Ashaley Botwe,42.37
2025-02-04 07:00:00+00:00,Ashaley Botwe,61.79
2025-02-04 08:00:00+00:00,Ashaley Botwe,37.57
2025-02-04 09:00:00+00:00,Ashaley Botwe,32.56
2025-02-04 10:00:00+00:00,Ashaley Botwe,31.94
2025-02-04 11:00:00+00:00,Ashaley Botwe,30.88
2025-02-04 12:00:00+00:00,Ashaley Botwe,29.72
2025-02-04 13:00:00+00:00,Ashaley Botwe,32.31
2025-02-04 14:00:00+00:00,Ashaley Botwe,32.65
2025-02-04 15:00:00+00:00,Ashaley Botwe,28.99
2025-02-04 16:00:00+00:00,Ashaley Botwe,30.47
2025-02-04 19:00:00+00:00,Ashaley Botwe,29.27
2025-02-04 20:00:00+00:00,Ashaley Botwe,30.87
2025-02-04 21:00:00+00:00,Ashaley Botwe,26.91
2025-02-04 22:00:00+00:00,Ashaley Botwe,24.45
2025-02-04 23:00:00+00:00,Ashaley Botwe,32.44
2025-02-05 00:00:00+00:00,Ashaley Botwe,35.8
2025-02-05 01:00:00+00:00,Ashaley Botwe,25.55
2025-02-05 02:00:00+00:00,Ashaley Botwe,28.57
2025-02-05 03:00:00+00:00,Ashaley Botwe,31.02
2025-02-05 05:00:00+00:00,Ashaley Botwe,36.92
2025-02-05 06:00:00+00:00,Ashaley Botwe,41.65
2025-02-05 08:00:00+00:00,Ashaley Botwe,36.3
2025-02-05 09:00:00+00:00,Ashaley Botwe,48.45
2025-02-05 10:00:00+00:00,Ashaley Botwe,40.48
2025-02-05 13:00:00+00:00,Ashaley Botwe,33.35
2025-02-05 14:00:00+00:00,Ashaley Botwe,29.83
2025-02-05 15:00:00+00:00,Ashaley Botwe,24.16
2025-02-05 17:00:00+00:00,Ashaley Botwe,24.77
2025-02-05 18:00:00+00:00,Ashaley Botwe,26.04
2025-02-05 19:00:00+00:00,Ashaley Botwe,25.97
2025-02-05 20:00:00+00:00,Ashaley Botwe,24.14
2025-02-05 21:00:00+00:00,Ashaley Botwe,23.6
2025-02-05 22:00:00+00:00,Ashaley Botwe,22.29
2025-02-05 23:00:00+00:00,Ashaley Botwe,20.6
2025-02-06 01:00:00+00:00,Ashaley Botwe,20.91
2025-02-06 02:00:00+00:00,Ashaley Botwe,20.21
2025-02-06 03:00:00+00:00,Ashaley Botwe,20.63
2025-02-06 04:00:00+00:00,Ashaley Botwe,24.44
2025-02-06 05:00:00+00:00,Ashaley Botwe,33.51
2025-02-06 06:00:00+00:00,Ashaley Botwe,36.98
2025-02-06 15:00:00+00:00,Ashaley Botwe,23.47
2025-02-06 16:00:00+00:00,Ashaley Botwe,23.2
2025-02-06 19:00:00+00:00,Ashaley Botwe,23.1
2025-02-06 20:00:00+00:00,Ashaley Botwe,25.91
2025-02-06 22:00:00+00:00,Ashaley Botwe,19.71
2025-02-06 23:00:00+00:00,Ashaley Botwe,21.07
2025-02-07 00:00:00+00:00,Ashaley Botwe,21.47
2025-02-07 03:00:00+00:00,Ashaley Botwe,20.49
2025-02-07 04:00:00+00:00,Ashaley Botwe,21.14
2025-02-07 05:00:00+00:00,Ashaley Botwe,25.84
2025-02-07 06:00:00+00:00,Ashaley Botwe,26.35
2025-02-07 07:00:00+00:00,Ashaley Botwe,35.64
2025-02-07 08:00:00+00:00,Ashaley Botwe,31.3
2025-02-07 09:00:00+00:00,Ashaley Botwe,24.44
2025-02-07 10:00:00+00:00,Ashaley Botwe,25.94
2025-02-07 11:00:00+00:00,Ashaley Botwe,24.99
2025-02-07 12:00:00+00:00,Ashaley Botwe,32.32
2025-02-07 13:00:00+00:00,Ashaley Botwe,31.7
2025-02-07 14:00:00+00:00,Ashaley Botwe,40.61
2025-02-07 15:00:00+00:00,Ashaley Botwe,28.15
2025-02-07 16:00:00+00:00,Ashaley Botwe,25.24
2025-02-07 17:00:00+00:00,Ashaley Botwe,25.43
2025-02-07 18:00:00+00:00,Ashaley Botwe,28.97
2025-02-07 20:00:00+00:00,Ashaley Botwe,23.03
2025-02-07 21:00:00+00:00,Ashaley Botwe,22.24
2025-02-07 22:00:00+00:00,Ashaley Botwe,20.79
2025-02-07 23:00:00+00:00,Ashaley Botwe,20.87
2025-02-08 00:00:00+00:00,Ashaley Botwe,22.5
2025-02-08 01:00:00+00:00,Ashaley Botwe,21.06
2025-02-08 02:00:00+00:00,Ashaley Botwe,21.7
2025-02-08 03:00:00+00:00,Ashaley Botwe,25.84
2025-02-08 04:00:00+00:00,Ashaley Botwe,21.76
2025-02-08 05:00:00+00:00,Ashaley Botwe,23.14
2025-02-08 06:00:00+00:00,Ashaley Botwe,22.4
2025-02-08 07:00:00+00:00,Ashaley Botwe,33.71
2025-02-08 08:00:00+00:00,Ashaley Botwe,27.9
2025-02-08 09:00:00+00:00,Ashaley Botwe,27.91
2025-02-08 10:00:00+00:00,Ashaley Botwe,25.41
2025-02-08 11:00:00+00:00,Ashaley Botwe,24.86
2025-02-08 12:00:00+00:00,Ashaley Botwe,27.14
2025-02-08 13:00:00+00:00,Ashaley Botwe,27.51
2025-02-08 15:00:00+00:00,Ashaley Botwe,23.01
2025-02-08 16:00:00+00:00,Ashaley Botwe,20.39
2025-02-08 17:00:00+00:00,Ashaley Botwe,21.59
2025-02-08 18:00:00+00:00,Ashaley Botwe,28.25
2025-02-08 19:00:00+00:00,Ashaley Botwe,20.58
2025-02-08 20:00:00+00:00,Ashaley Botwe,17.94
2025-02-08 21:00:00+00:00,Ashaley Botwe,19.24
2025-02-08 22:00:00+00:00,Ashaley Botwe,12.61
2025-02-08 23:00:00+00:00,Ashaley Botwe,9.59
2025-02-09 01:00:00+00:00,Ashaley Botwe,11.72
2025-02-09 02:00:00+00:00,Ashaley Botwe,11.76
2025-02-09 03:00:00+00:00,Ashaley Botwe,12.97
2025-02-09 04:00:00+00:00,Ashaley Botwe,11.76
2025-02-09 05:00:00+00:00,Ashaley Botwe,21.12
2025-02-09 06:00:00+00:00,Ashaley Botwe,37.8
2025-02-09 07:00:00+00:00,Ashaley Botwe,22.3
2025-02-09 09:00:00+00:00,Ashaley Botwe,28.95
2025-02-09 10:00:00+00:00,Ashaley Botwe,28.22
2025-02-09 11:00:00+00:00,Ashaley Botwe,18.23
2025-02-09 12:00:00+00:00,Ashaley Botwe,15.22
2025-02-09 13:00:00+00:00,Ashaley Botwe,17.98
2025-02-09 14:00:00+00:00,Ashaley Botwe,13.87
2025-02-09 15:00:00+00:00,Ashaley Botwe,13.18
2025-02-09 17:00:00+00:00,Ashaley Botwe,14.1
2025-02-09 18:00:00+00:00,Ashaley Botwe,16.87
2025-02-09 19:00:00+00:00,Ashaley Botwe,17.49
2025-02-09 20:00:00+00:00,Ashaley Botwe,19.45
2025-02-09 21:00:00+00:00,Ashaley Botwe,23.16
2025-02-09 22:00:00+00:00,Ashaley Botwe,25.67
2025-02-10 01:00:00+00:00,Ashaley Botwe,17.03
2025-02-10 02:00:00+00:00,Ashaley Botwe,22.18
2025-02-10 03:00:00+00:00,Ashaley Botwe,27.15
2025-02-10 04:00:00+00:00,Ashaley Botwe,25.93
2025-02-10 05:00:00+00:00,Ashaley Botwe,24.45
2025-02-10 06:00:00+00:00,Ashaley Botwe,40.08
2025-02-10 07:00:00+00:00,Ashaley Botwe,30.84
2025-02-10 08:00:00+00:00,Ashaley Botwe,21.26
2025-02-10 09:00:00+00:00,Ashaley Botwe,19.98
2025-02-10 10:00:00+00:00,Ashaley Botwe,18.53
2025-02-10 11:00:00+00:00,Ashaley Botwe,16.91
2025-02-10 12:00:00+00:00,Ashaley Botwe,21.17
2025-02-10 13:00:00+00:00,Ashaley Botwe,20.42
2025-02-10 15:00:00+00:00,Ashaley Botwe,19.2
2025-02-10 16:00:00+00:00,Ashaley Botwe,20.25
2025-02-10 17:00:00+00:00,Ashaley Botwe,19.86
2025-02-10 18:00:00+00:00,Ashaley Botwe,19.82
2025-02-10 19:00:00+00:00,Ashaley Botwe,18.21
2025-02-10 20:00:00+00:00,Ashaley Botwe,15.37
2025-02-10 21:00:00+00:00,Ashaley Botwe,17.03
2025-02-10 22:00:00+00:00,Ashaley Botwe,12.43
2025-02-10 23:00:00+00:00,Ashaley Botwe,12.23
2025-02-11 00:00:00+00:00,Ashaley Botwe,21.5
2025-02-11 01:00:00+00:00,Ashaley Botwe,14.17
2025-02-11 02:00:00+00:00,Ashaley Botwe,13.29
2025-02-11 03:00:00+00:00,Ashaley Botwe,11.94
2025-02-11 05:00:00+00:00,Ashaley Botwe,21.69
2025-02-11 06:00:00+00:00,Ashaley Botwe,22.1
2025-02-11 07:00:00+00:00,Ashaley Botwe,35.68
2025-02-11 08:00:00+00:00,Ashaley Botwe,24.42
2025-02-11 09:00:00+00:00,Ashaley Botwe,20.48
2025-02-11 10:00:00+00:00,Ashaley Botwe,21.16
2025-02-11 11:00:00+00:00,Ashaley Botwe,19.88
2025-02-11 12:00:00+00:00,Ashaley Botwe,22.88
2025-02-11 14:00:00+00:00,Ashaley Botwe,23.22
2025-02-11 15:00:00+00:00,Ashaley Botwe,25.24
2025-02-11 16:00:00+00:00,Ashaley Botwe,20.93
2025-02-11 17:00:00+00:00,Ashaley Botwe,19.53
2025-02-11 18:00:00+00:00,Ashaley Botwe,20.8
2025-02-11 19:00:00+00:00,Ashaley Botwe,19.27
2025-02-11 20:00:00+00:00,Ashaley Botwe,20.73
2025-02-11 21:00:00+00:00,Ashaley Botwe,18.18
2025-02-11 22:00:00+00:00,Ashaley Botwe,18.29
2025-02-11 23:00:00+00:00,Ashaley Botwe,19.6
2025-02-12 00:00:00+00:00,Ashaley Botwe,19.18
2025-02-12 01:00:00+00:00,Ashaley Botwe,21.46
2025-02-12 02:00:00+00:00,Ashaley Botwe,24.42
2025-02-12 03:00:00+00:00,Ashaley Botwe,16.95
2025-02-12 04:00:00+00:00,Ashaley Botwe,16.39
2025-02-12 05:00:00+00:00,Ashaley Botwe,24.06
2025-02-12 06:00:00+00:00,Ashaley Botwe,27.86
2025-02-12 07:00:00+00:00,Ashaley Botwe,29.2
2025-02-12 08:00:00+00:00,Ashaley Botwe,22.57
2025-02-12 09:00:00+00:00,Ashaley Botwe,20.5
2025-02-12 10:00:00+00:00,Ashaley Botwe,21.06
2025-02-12 11:00:00+00:00,Ashaley Botwe,19.49
2025-02-12 12:00:00+00:00,Ashaley Botwe,23.99
2025-02-12 13:00:00+00:00,Ashaley Botwe,30.49
2025-02-12 14:00:00+00:00,Ashaley Botwe,21.05
2025-02-12 15:00:00+00:00,Ashaley Botwe,23.22
2025-02-12 16:00:00+00:00,Ashaley Botwe,22.78
2025-02-12 17:00:00+00:00,Ashaley Botwe,22.39
2025-02-12 18:00:00+00:00,Ashaley Botwe,22.57
2025-02-12 19:00:00+00:00,Ashaley Botwe,18.01
2025-02-12 20:00:00+00:00,Ashaley Botwe,16.98
2025-02-12 21:00:00+00:00,Ashaley Botwe,14.93
2025-02-12 22:00:00+00:00,Ashaley Botwe,15.34
2025-02-13 00:00:00+00:00,Ashaley Botwe,23.65
2025-02-13 01:00:00+00:00,Ashaley Botwe,22.59
2025-02-13 02:00:00+00:00,Ashaley Botwe,23.74
2025-02-13 03:00:00+00:00,Ashaley Botwe,22.69
2025-02-13 04:00:00+00:00,Ashaley Botwe,24.65
2025-02-13 05:00:00+00:00,Ashaley Botwe,24.95
2025-02-13 06:00:00+00:00,Ashaley Botwe,26.58
2025-02-13 07:00:00+00:00,Ashaley Botwe,38.07
2025-02-13 08:00:00+00:00,Ashaley Botwe,26.1
2025-02-13 09:00:00+00:00,Ashaley Botwe,20.64
2025-02-13 10:00:00+00:00,Ashaley Botwe,22.55
2025-02-13 11:00:00+00:00,Ashaley Botwe,21.44
2025-02-13 12:00:00+00:00,Ashaley Botwe,24.06
2025-02-13 13:00:00+00:00,Ashaley Botwe,24.81
2025-02-13 14:00:00+00:00,Ashaley Botwe,23.15
2025-02-13 15:00:00+00:00,Ashaley Botwe,19.99
2025-02-13 16:00:00+00:00,Ashaley Botwe,18.06
2025-02-13 17:00:00+00:00,Ashaley Botwe,17.55
2025-02-13 18:00:00+00:00,Ashaley Botwe,19.11
2025-02-13 19:00:00+00:00,Ashaley Botwe,20.46
2025-02-13 20:00:00+00:00,Ashaley Botwe,18.98
2025-02-13 21:00:00+00:00,Ashaley Botwe,20.35
2025-02-13 22:00:00+00:00,Ashaley Botwe,17.49
2025-02-13 23:00:00+00:00,Ashaley Botwe,16.83
2025-02-14 00:00:00+00:00,Ashaley Botwe,17.74
2025-02-14 01:00:00+00:00,Ashaley Botwe,17.58
2025-02-14 02:00:00+00:00,Ashaley Botwe,18.75
2025-02-14 03:00:00+00:00,Ashaley Botwe,16.54
2025-02-14 04:00:00+00:00,Ashaley Botwe,19.19
2025-02-14 05:00:00+00:00,Ashaley Botwe,27.98
2025-02-14 06:00:00+00:00,Ashaley Botwe,30.97
2025-02-14 07:00:00+00:00,Ashaley Botwe,35.55
2025-02-14 08:00:00+00:00,Ashaley Botwe,24.82
2025-02-14 09:00:00+00:00,Ashaley Botwe,21.85
2025-02-14 10:00:00+00:00,Ashaley Botwe,22.18
2025-02-14 11:00:00+00:00,Ashaley Botwe,21.07
2025-02-14 12:00:00+00:00,Ashaley Botwe,26.5
2025-02-14 13:00:00+00:00,Ashaley Botwe,33.5
2025-02-14 14:00:00+00:00,Ashaley Botwe,28.62
2025-02-14 15:00:00+00:00,Ashaley Botwe,21.77
2025-02-14 16:00:00+00:00,Ashaley Botwe,16.97
2025-02-14 17:00:00+00:00,Ashaley Botwe,17.92
2025-02-14 18:00:00+00:00,Ashaley Botwe,17.13
2025-02-14 19:00:00+00:00,Ashaley Botwe,20.05
2025-02-14 20:00:00+00:00,Ashaley Botwe,20.93
2025-02-14 21:00:00+00:00,Ashaley Botwe,21.38
2025-02-14 22:00:00+00:00,Ashaley Botwe,20.16
2025-02-14 23:00:00+00:00,Ashaley Botwe,18.34
2025-02-15 00:00:00+00:00,Ashaley Botwe,17.79
2025-02-15 02:00:00+00:00,Ashaley Botwe,18.29
2025-02-15 03:00:00+00:00,Ashaley Botwe,21.34
2025-02-15 04:00:00+00:00,Ashaley Botwe,23.84
2025-02-15 05:00:00+00:00,Ashaley Botwe,30.15
2025-02-15 06:00:00+00:00,Ashaley Botwe,43.15
2025-02-15 07:00:00+00:00,Ashaley Botwe,31.64
2025-02-15 08:00:00+00:00,Ashaley Botwe,26.98
2025-02-15 09:00:00+00:00,Ashaley Botwe,23.39
2025-02-15 10:00:00+00:00,Ashaley Botwe,23.15
2025-02-15 11:00:00+00:00,Ashaley Botwe,24.41
2025-02-15 12:00:00+00:00,Ashaley Botwe,25.6
2025-02-15 13:00:00+00:00,Ashaley Botwe,20.98
2025-02-15 14:00:00+00:00,Ashaley Botwe,18.12
2025-02-15 15:00:00+00:00,Ashaley Botwe,19.16
2025-02-15 16:00:00+00:00,Ashaley Botwe,17.76
2025-02-15 17:00:00+00:00,Ashaley Botwe,19.86
2025-02-15 18:00:00+00:00,Ashaley Botwe,18.08
2025-02-15 19:00:00+00:00,Ashaley Botwe,22.79
2025-02-15 20:00:00+00:00,Ashaley Botwe,21.98
2025-02-15 21:00:00+00:00,Ashaley Botwe,27.91
2025-02-15 22:00:00+00:00,Ashaley Botwe,29.05
2025-02-15 23:00:00+00:00,Ashaley Botwe,24.76
2025-02-16 00:00:00+00:00,Ashaley Botwe,23.48
2025-02-16 01:00:00+00:00,Ashaley Botwe,33.12
2025-02-16 02:00:00+00:00,Ashaley Botwe,23.42
2025-02-16 03:00:00+00:00,Ashaley Botwe,27.33
2025-02-16 04:00:00+00:00,Ashaley Botwe,22.42
2025-02-16 05:00:00+00:00,Ashaley Botwe,26.18
2025-02-16 06:00:00+00:00,Ashaley Botwe,32.25
2025-02-16 07:00:00+00:00,Ashaley Botwe,35.01
2025-02-16 08:00:00+00:00,Ashaley Botwe,36.29
2025-02-16 09:00:00+00:00,Ashaley Botwe,26.82
2025-02-16 10:00:00+00:00,Ashaley Botwe,24.81
2025-02-16 11:00:00+00:00,Ashaley Botwe,25.19
2025-02-16 12:00:00+00:00,Ashaley Botwe,26.01
2025-02-16 13:00:00+00:00,Ashaley Botwe,22.07
2025-02-16 14:00:00+00:00,Ashaley Botwe,19.41
2025-02-16 15:00:00+00:00,Ashaley Botwe,19.34
2025-02-16 16:00:00+00:00,Ashaley Botwe,17.8
2025-02-16 17:00:00+00:00,Ashaley Botwe,17.94
2025-02-16 18:00:00+00:00,Ashaley Botwe,20.55
2025-02-16 19:00:00+00:00,Ashaley Botwe,21.25
2025-02-16 20:00:00+00:00,Ashaley Botwe,19.0
2025-02-16 21:00:00+00:00,Ashaley Botwe,17.77
2025-02-16 22:00:00+00:00,Ashaley Botwe,18.23
2025-02-16 23:00:00+00:00,Ashaley Botwe,18.26
2025-02-17 00:00:00+00:00,Ashaley Botwe,15.92
2025-02-17 01:00:00+00:00,Ashaley Botwe,16.41
2025-02-17 02:00:00+00:00,Ashaley Botwe,16.38
2025-02-17 03:00:00+00:00,Ashaley Botwe,15.39
2025-02-17 04:00:00+00:00,Ashaley Botwe,22.39
2025-02-17 05:00:00+00:00,Ashaley Botwe,23.91
2025-02-17 06:00:00+00:00,Ashaley Botwe,29.28
2025-02-17 07:00:00+00:00,Ashaley Botwe,33.55
2025-02-17 08:00:00+00:00,Ashaley Botwe,26.16
2025-02-17 09:00:00+00:00,Ashaley Botwe,22.43
2025-02-17 10:00:00+00:00,Ashaley Botwe,20.76
2025-02-17 11:00:00+00:00,Ashaley Botwe,22.14
2025-02-17 12:00:00+00:00,Ashaley Botwe,25.24
2025-02-17 13:00:00+00:00,Ashaley Botwe,23.51
2025-02-17 14:00:00+00:00,Ashaley Botwe,23.92
2025-02-17 15:00:00+00:00,Ashaley Botwe,25.08
2025-02-17 16:00:00+00:00,Ashaley Botwe,26.67
2025-02-17 17:00:00+00:00,Ashaley Botwe,21.67
2025-02-17 18:00:00+00:00,Ashaley Botwe,20.84
2025-02-17 19:00:00+00:00,Ashaley Botwe,22.67
2025-02-17 20:00:00+00:00,Ashaley Botwe,22.47
2025-02-17 21:00:00+00:00,Ashaley Botwe,20.47
2025-02-17 22:00:00+00:00,Ashaley Botwe,18.91
2025-02-17 23:00:00+00:00,Ashaley Botwe,21.3
2025-02-18 00:00:00+00:00,Ashaley Botwe,21.29
2025-02-18 01:00:00+00:00,Ashaley Botwe,19.51
2025-02-18 02:00:00+00:00,Ashaley Botwe,24.8
2025-02-18 03:00:00+00:00,Ashaley Botwe,24.36
2025-02-18 04:00:00+00:00,Ashaley Botwe,23.0
2025-02-18 05:00:00+00:00,Ashaley Botwe,27.99
2025-02-18 06:00:00+00:00,Ashaley Botwe,29.83
2025-02-18 07:00:00+00:00,Ashaley Botwe,37.76
2025-02-18 08:00:00+00:00,Ashaley Botwe,30.07
2025-02-18 09:00:00+00:00,Ashaley Botwe,26.53
2025-02-18 10:00:00+00:00,Ashaley Botwe,28.09
2025-02-18 11:00:00+00:00,Ashaley Botwe,26.32
2025-02-18 12:00:00+00:00,Ashaley Botwe,25.72
2025-02-18 13:00:00+00:00,Ashaley Botwe,21.78
2025-02-18 14:00:00+00:00,Ashaley Botwe,21.99
2025-02-18 15:00:00+00:00,Ashaley Botwe,29.93
2025-02-18 16:00:00+00:00,Ashaley Botwe,18.9
2025-02-18 17:00:00+00:00,Ashaley Botwe,17.8
2025-02-18 18:00:00+00:00,Ashaley Botwe,19.58
2025-02-18 19:00:00+00:00,Ashaley Botwe,20.97
2025-02-18 20:00:00+00:00,Ashaley Botwe,19.93
2025-02-18 21:00:00+00:00,Ashaley Botwe,19.07
2025-02-19 02:00:00+00:00,Ashaley Botwe,17.61
2025-02-19 03:00:00+00:00,Ashaley Botwe,17.63
2025-02-19 05:00:00+00:00,Ashaley Botwe,23.27
2025-02-19 06:00:00+00:00,Ashaley Botwe,26.83
2025-02-19 07:00:00+00:00,Ashaley Botwe,29.33
2025-02-19 08:00:00+00:00,Ashaley Botwe,23.78
2025-02-19 09:00:00+00:00,Ashaley Botwe,20.43
2025-02-19 10:00:00+00:00,Ashaley Botwe,18.69
2025-02-19 11:00:00+00:00,Ashaley Botwe,17.56
2025-02-19 12:00:00+00:00,Ashaley Botwe,20.31
2025-02-19 13:00:00+00:00,Ashaley Botwe,19.14
2025-02-19 14:00:00+00:00,Ashaley Botwe,17.44
2025-02-19 16:00:00+00:00,Ashaley Botwe,19.01
2025-02-19 17:00:00+00:00,Ashaley Botwe,15.95
2025-02-19 18:00:00+00:00,Ashaley Botwe,17.02
2025-02-19 19:00:00+00:00,Ashaley Botwe,16.22
2025-02-19 22:00:00+00:00,Ashaley Botwe,18.59
2025-02-19 23:00:00+00:00,Ashaley Botwe,17.63
2025-02-20 01:00:00+00:00,Ashaley Botwe,19.57
2025-02-20 02:00:00+00:00,Ashaley Botwe,17.89
2025-02-20 03:00:00+00:00,Ashaley Botwe,16.54
2025-02-20 04:00:00+00:00,Ashaley Botwe,16.17
2025-02-20 06:00:00+00:00,Ashaley Botwe,27.1
2025-02-20 07:00:00+00:00,Ashaley Botwe,32.73
2025-02-20 08:00:00+00:00,Ashaley Botwe,27.31
2025-02-20 09:00:00+00:00,Ashaley Botwe,21.64
2025-02-20 10:00:00+00:00,Ashaley Botwe,22.53
2025-02-20 11:00:00+00:00,Ashaley Botwe,20.61
2025-02-20 14:00:00+00:00,Ashaley Botwe,18.87
2025-02-20 15:00:00+00:00,Ashaley Botwe,19.07
2025-02-20 16:00:00+00:00,Ashaley Botwe,18.98
2025-02-20 18:00:00+00:00,Ashaley Botwe,21.93
2025-02-20 19:00:00+00:00,Ashaley Botwe,21.65
2025-02-20 20:00:00+00:00,Ashaley Botwe,18.98
2025-02-20 21:00:00+00:00,Ashaley Botwe,22.8
2025-02-20 22:00:00+00:00,Ashaley Botwe,17.05
2025-02-20 23:00:00+00:00,Ashaley Botwe,18.05
2025-02-21 00:00:00+00:00,Ashaley Botwe,18.33
2025-02-21 01:00:00+00:00,Ashaley Botwe,19.5
2025-02-21 02:00:00+00:00,Ashaley Botwe,17.27
2025-02-21 03:00:00+00:00,Ashaley Botwe,21.0
2025-02-21 04:00:00+00:00,Ashaley Botwe,23.87
2025-02-21 05:00:00+00:00,Ashaley Botwe,27.91
2025-02-21 06:00:00+00:00,Ashaley Botwe,36.12
2025-02-21 08:00:00+00:00,Ashaley Botwe,34.02
2025-02-21 09:00:00+00:00,Ashaley Botwe,28.46
2025-02-21 10:00:00+00:00,Ashaley Botwe,27.96
2025-02-21 11:00:00+00:00,Ashaley Botwe,24.44
2025-02-21 12:00:00+00:00,Ashaley Botwe,23.87
2025-02-21 13:00:00+00:00,Ashaley Botwe,24.77
2025-02-21 14:00:00+00:00,Ashaley Botwe,23.03
2025-02-21 15:00:00+00:00,Ashaley Botwe,19.94
2025-02-21 16:00:00+00:00,Ashaley Botwe,16.99
2025-02-21 19:00:00+00:00,Ashaley Botwe,17.52
2025-02-21 20:00:00+00:00,Ashaley Botwe,24.64
2025-02-21 21:00:00+00:00,Ashaley Botwe,26.27
2025-02-21 23:00:00+00:00,Ashaley Botwe,22.72
2025-02-22 00:00:00+00:00,Ashaley Botwe,23.96
2025-02-22 02:00:00+00:00,Ashaley Botwe,26.53
2025-02-22 03:00:00+00:00,Ashaley Botwe,31.36
2025-02-22 04:00:00+00:00,Ashaley Botwe,39.28
2025-02-22 05:00:00+00:00,Ashaley Botwe,44.59
2025-02-22 06:00:00+00:00,Ashaley Botwe,43.88
2025-02-22 07:00:00+00:00,Ashaley Botwe,38.39
2025-02-22 08:00:00+00:00,Ashaley Botwe,33.26
2025-02-22 09:00:00+00:00,Ashaley Botwe,27.03
2025-02-22 10:00:00+00:00,Ashaley Botwe,29.84
2025-02-22 12:00:00+00:00,Ashaley Botwe,23.06
2025-02-22 13:00:00+00:00,Ashaley Botwe,19.87
2025-02-22 14:00:00+00:00,Ashaley Botwe,16.76
2025-02-22 15:00:00+00:00,Ashaley Botwe,20.35
2025-02-22 16:00:00+00:00,Ashaley Botwe,24.9
2025-02-22 17:00:00+00:00,Ashaley Botwe,33.91
2025-02-22 18:00:00+00:00,Ashaley Botwe,26.27
2025-02-22 19:00:00+00:00,Ashaley Botwe,30.56
2025-02-22 20:00:00+00:00,Ashaley Botwe,33.67
2025-02-22 22:00:00+00:00,Ashaley Botwe,23.39
2025-02-22 23:00:00+00:00,Ashaley Botwe,24.02
2025-02-23 00:00:00+00:00,Ashaley Botwe,19.58
2025-02-23 01:00:00+00:00,Ashaley Botwe,20.51
2025-02-23 02:00:00+00:00,Ashaley Botwe,21.57
2025-02-23 03:00:00+00:00,Ashaley Botwe,18.11
2025-02-23 04:00:00+00:00,Ashaley Botwe,14.16
2025-02-23 05:00:00+00:00,Ashaley Botwe,15.53
2025-02-23 06:00:00+00:00,Ashaley Botwe,19.37
2025-02-23 07:00:00+00:00,Ashaley Botwe,30.24
2025-02-23 08:00:00+00:00,Ashaley Botwe,40.39
2025-02-23 09:00:00+00:00,Ashaley Botwe,30.34
2025-02-23 11:00:00+00:00,Ashaley Botwe,21.09
2025-02-23 12:00:00+00:00,Ashaley Botwe,20.4
2025-02-23 13:00:00+00:00,Ashaley Botwe,25.86
2025-02-23 14:00:00+00:00,Ashaley Botwe,26.94
2025-02-23 15:00:00+00:00,Ashaley Botwe,28.59
2025-02-23 16:00:00+00:00,Ashaley Botwe,35.06
2025-02-23 17:00:00+00:00,Ashaley Botwe,44.62
2025-02-23 18:00:00+00:00,Ashaley Botwe,41.67
2025-02-23 19:00:00+00:00,Ashaley Botwe,33.14
2025-02-23 20:00:00+00:00,Ashaley Botwe,32.88
2025-02-23 23:00:00+00:00,Ashaley Botwe,22.57
2025-02-24 00:00:00+00:00,Ashaley Botwe,21.17
2025-02-24 01:00:00+00:00,Ashaley Botwe,23.38
2025-02-24 02:00:00+00:00,Ashaley Botwe,23.41
2025-02-24 03:00:00+00:00,Ashaley Botwe,19.87
2025-02-24 04:00:00+00:00,Ashaley Botwe,20.27
2025-02-24 05:00:00+00:00,Ashaley Botwe,22.34
2025-02-24 08:00:00+00:00,Ashaley Botwe,31.08
2025-02-24 09:00:00+00:00,Ashaley Botwe,28.83
2025-02-24 10:00:00+00:00,Ashaley Botwe,25.62
2025-02-24 11:00:00+00:00,Ashaley Botwe,24.98
2025-02-24 12:00:00+00:00,Ashaley Botwe,25.42
2025-02-24 13:00:00+00:00,Ashaley Botwe,25.82
2025-02-24 16:00:00+00:00,Ashaley Botwe,14.47
2025-02-24 17:00:00+00:00,Ashaley Botwe,17.32
2025-02-24 18:00:00+00:00,Ashaley Botwe,18.13
2025-02-24 19:00:00+00:00,Ashaley Botwe,19.03
2025-02-24 20:00:00+00:00,Ashaley Botwe,17.01
2025-02-24 21:00:00+00:00,Ashaley Botwe,18.89
2025-02-24 23:00:00+00:00,Ashaley Botwe,13.74
2025-02-25 00:00:00+00:00,Ashaley Botwe,12.55
2025-02-25 01:00:00+00:00,Ashaley Botwe,22.92
2025-02-25 02:00:00+00:00,Ashaley Botwe,15.44
2025-02-25 03:00:00+00:00,Ashaley Botwe,13.56
2025-02-25 04:00:00+00:00,Ashaley Botwe,21.26
2025-02-25 05:00:00+00:00,Ashaley Botwe,27.25
2025-02-25 06:00:00+00:00,Ashaley Botwe,44.3
2025-02-25 07:00:00+00:00,Ashaley Botwe,29.79
2025-02-25 08:00:00+00:00,Ashaley Botwe,22.95
2025-02-25 09:00:00+00:00,Ashaley Botwe,17.31
2025-02-25 10:00:00+00:00,Ashaley Botwe,14.32
2025-02-25 11:00:00+00:00,Ashaley Botwe,15.94
2025-02-25 12:00:00+00:00,Ashaley Botwe,18.62
2025-02-25 13:00:00+00:00,Ashaley Botwe,19.95
2025-02-25 14:00:00+00:00,Ashaley Botwe,20.68
2025-02-25 15:00:00+00:00,Ashaley Botwe,18.39
2025-02-25 16:00:00+00:00,Ashaley Botwe,13.65
2025-02-25 17:00:00+00:00,Ashaley Botwe,14.94
2025-02-25 18:00:00+00:00,Ashaley Botwe,12.82
2025-02-25 19:00:00+00:00,Ashaley Botwe,12.17
2025-02-25 20:00:00+00:00,Ashaley Botwe,15.54
2025-02-25 21:00:00+00:00,Ashaley Botwe,19.86
2025-02-25 23:00:00+00:00,Ashaley Botwe,16.52
2025-02-26 00:00:00+00:00,Ashaley Botwe,12.57
2025-02-26 02:00:00+00:00,Ashaley Botwe,12.12
2025-02-26 03:00:00+00:00,Ashaley Botwe,15.4
2025-02-26 04:00:00+00:00,Ashaley Botwe,16.06
2025-02-26 05:00:00+00:00,Ashaley Botwe,20.11
2025-02-26 06:00:00+00:00,Ashaley Botwe,32.94
2025-02-26 07:00:00+00:00,Ashaley Botwe,32.82
2025-02-26 08:00:00+00:00,Ashaley Botwe,22.94
2025-02-26 09:00:00+00:00,Ashaley Botwe,19.49
2025-02-26 10:00:00+00:00,Ashaley Botwe,20.56
2025-02-26 11:00:00+00:00,Ashaley Botwe,18.61
2025-02-26 13:00:00+00:00,Ashaley Botwe,23.33
2025-02-26 14:00:00+00:00,Ashaley Botwe,18.15
2025-02-26 15:00:00+00:00,Ashaley Botwe,24.35
2025-02-26 16:00:00+00:00,Ashaley Botwe,19.61
2025-02-26 17:00:00+00:00,Ashaley Botwe,15.09
2025-02-26 18:00:00+00:00,Ashaley Botwe,15.44
2025-02-26 19:00:00+00:00,Ashaley Botwe,15.3
2025-02-27 03:00:00+00:00,Ashaley Botwe,13.31
2025-02-27 04:00:00+00:00,Ashaley Botwe,15.52
2025-02-27 05:00:00+00:00,Ashaley Botwe,21.59
2025-02-27 06:00:00+00:00,Ashaley Botwe,24.47
2025-02-27 07:00:00+00:00,Ashaley Botwe,32.26
2025-02-27 08:00:00+00:00,Ashaley Botwe,28.74
2025-02-27 10:00:00+00:00,Ashaley Botwe,26.78
2025-02-27 11:00:00+00:00,Ashaley Botwe,28.98
2025-02-27 12:00:00+00:00,Ashaley Botwe,23.39
2025-02-27 13:00:00+00:00,Ashaley Botwe,28.73
2025-02-27 14:00:00+00:00,Ashaley Botwe,23.14
2025-02-27 15:00:00+00:00,Ashaley Botwe,19.85
2025-02-27 16:00:00+00:00,Ashaley Botwe,16.27
2025-02-27 17:00:00+00:00,Ashaley Botwe,14.31
2025-02-27 18:00:00+00:00,Ashaley Botwe,15.67
2025-02-27 21:00:00+00:00,Ashaley Botwe,18.65
2025-02-27 22:00:00+00:00,Ashaley Botwe,16.78
2025-02-27 23:00:00+00:00,Ashaley Botwe,15.25
2025-02-28 00:00:00+00:00,Ashaley Botwe,12.76
2025-02-28 01:00:00+00:00,Ashaley Botwe,15.05
2025-02-28 02:00:00+00:00,Ashaley Botwe,18.24
2025-02-28 03:00:00+00:00,Ashaley Botwe,14.86
2025-02-28 04:00:00+00:00,Ashaley Botwe,16.89
2025-02-28 05:00:00+00:00,Ashaley Botwe,25.9
2025-02-28 06:00:00+00:00,Ashaley Botwe,44.23
2025-02-28 07:00:00+00:00,Ashaley Botwe,41.3
2025-02-28 08:00:00+00:00,Ashaley Botwe,27.66
2025-02-28 10:00:00+00:00,Ashaley Botwe,28.43
2025-02-28 11:00:00+00:00,Ashaley Botwe,25.26
2025-02-28 12:00:00+00:00,Ashaley Botwe,21.73
2025-02-28 13:00:00+00:00,Ashaley Botwe,21.33
2025-02-28 14:00:00+00:00,Ashaley Botwe,50.5
2025-02-28 15:00:00+00:00,Ashaley Botwe,33.21
2025-02-28 16:00:00+00:00,Ashaley Botwe,25.04
2025-02-28 17:00:00+00:00,Ashaley Botwe,17.24
2025-02-28 18:00:00+00:00,Ashaley Botwe,15.16
2025-02-28 19:00:00+00:00,Ashaley Botwe,13.83
2025-02-28 20:00:00+00:00,Ashaley Botwe,14.24
2025-02-28 21:00:00+00:00,Ashaley Botwe,15.69
2025-02-28 22:00:00+00:00,Ashaley Botwe,21.44
2025-02-28 23:00:00+00:00,Ashaley Botwe,18.26
2025-02-01 00:00:00+00:00,Dansoman Roundabout,25.94
2025-02-01 01:00:00+00:00,Dansoman Roundabout,23.14
2025-02-01 02:00:00+00:00,Dansoman Roundabout,22.77
2025-02-01 03:00:00+00:00,Dansoman Roundabout,27.7
2025-02-01 04:00:00+00:00,Dansoman Roundabout,49.56
2025-02-01 05:00:00+00:00,Dansoman Roundabout,49.64
2025-02-01 06:00:00+00:00,Dansoman Roundabout,54.51
2025-02-01 08:00:00+00:00,Dansoman Roundabout,39.76
2025-02-01 09:00:00+00:00,Dansoman Roundabout,31.76
2025-02-01 10:00:00+00:00,Dansoman Roundabout,31.59
2025-02-01 11:00:00+00:00,Dansoman Roundabout,20.33
2025-02-01 13:00:00+00:00,Dansoman Roundabout,22.1
2025-02-01 14:00:00+00:00,Dansoman Roundabout,22.57
2025-02-01 17:00:00+00:00,Dansoman Roundabout,35.3
2025-02-01 18:00:00+00:00,Dansoman Roundabout,31.39
2025-02-01 20:00:00+00:00,Dansoman Roundabout,32.51
2025-02-01 21:00:00+00:00,Dansoman Roundabout,28.15
2025-02-01 22:00:00+00:00,Dansoman Roundabout,34.06
2025-02-02 01:00:00+00:00,Dansoman Roundabout,33.86
2025-02-02 02:00:00+00:00,Dansoman Roundabout,41.56
2025-02-02 04:00:00+00:00,Dansoman Roundabout,43.03
2025-02-02 05:00:00+00:00,Dansoman Roundabout,49.36
2025-02-02 06:00:00+00:00,Dansoman Roundabout,59.88
2025-02-02 07:00:00+00:00,Dansoman Roundabout,56.33
2025-02-02 09:00:00+00:00,Dansoman Roundabout,39.46
2025-02-02 12:00:00+00:00,Dansoman Roundabout,21.1
2025-02-02 13:00:00+00:00,Dansoman Roundabout,10.55
2025-02-02 15:00:00+00:00,Dansoman Roundabout,25.66
2025-02-02 19:00:00+00:00,Dansoman Roundabout,35.27
2025-02-02 20:00:00+00:00,Dansoman Roundabout,41.61
2025-02-03 00:00:00+00:00,Dansoman Roundabout,42.67
2025-02-03 01:00:00+00:00,Dansoman Roundabout,78.24
2025-02-03 08:00:00+00:00,Dansoman Roundabout,46.95
2025-02-03 09:00:00+00:00,Dansoman Roundabout,39.61
2025-02-03 20:00:00+00:00,Dansoman Roundabout,33.82
2025-02-03 21:00:00+00:00,Dansoman Roundabout,32.25
2025-02-04 03:00:00+00:00,Dansoman Roundabout,45.62
2025-02-04 04:00:00+00:00,Dansoman Roundabout,45.14
2025-02-04 05:00:00+00:00,Dansoman Roundabout,50.75
2025-02-04 07:00:00+00:00,Dansoman Roundabout,50.11
2025-02-04 08:00:00+00:00,Dansoman Roundabout,42.34
2025-02-04 09:00:00+00:00,Dansoman Roundabout,37.72
2025-02-04 10:00:00+00:00,Dansoman Roundabout,30.01
2025-02-04 11:00:00+00:00,Dansoman Roundabout,30.95
2025-02-04 13:00:00+00:00,Dansoman Roundabout,28.02
2025-02-04 14:00:00+00:00,Dansoman Roundabout,25.92
2025-02-04 15:00:00+00:00,Dansoman Roundabout,25.5
2025-02-04 16:00:00+00:00,Dansoman Roundabout,25.15
2025-02-04 19:00:00+00:00,Dansoman Roundabout,33.56
2025-02-04 20:00:00+00:00,Dansoman Roundabout,29.99
2025-02-04 21:00:00+00:00,Dansoman Roundabout,30.76
2025-02-04 22:00:00+00:00,Dansoman Roundabout,27.46
2025-02-04 23:00:00+00:00,Dansoman Roundabout,31.52
2025-02-05 00:00:00+00:00,Dansoman Roundabout,30.77
2025-02-05 01:00:00+00:00,Dansoman Roundabout,33.09
2025-02-05 02:00:00+00:00,Dansoman Roundabout,33.81
2025-02-05 05:00:00+00:00,Dansoman Roundabout,45.65
2025-02-05 06:00:00+00:00,Dansoman Roundabout,46.7
2025-02-05 08:00:00+00:00,Dansoman Roundabout,43.55
2025-02-05 09:00:00+00:00,Dansoman Roundabout,35.99
2025-02-05 10:00:00+00:00,Dansoman Roundabout,30.65
2025-02-05 13:00:00+00:00,Dansoman Roundabout,29.22
2025-02-05 14:00:00+00:00,Dansoman Roundabout,28.36
2025-02-05 17:00:00+00:00,Dansoman Roundabout,32.71
2025-02-05 18:00:00+00:00,Dansoman Roundabout,28.64
2025-02-05 19:00:00+00:00,Dansoman Roundabout,28.38
2025-02-05 20:00:00+00:00,Dansoman Roundabout,25.11
2025-02-05 21:00:00+00:00,Dansoman Roundabout,29.51
2025-02-05 22:00:00+00:00,Dansoman Roundabout,28.04
2025-02-05 23:00:00+00:00,Dansoman Roundabout,26.14
2025-02-06 01:00:00+00:00,Dansoman Roundabout,26.32
2025-02-06 02:00:00+00:00,Dansoman Roundabout,28.97
2025-02-06 04:00:00+00:00,Dansoman Roundabout,30.61
2025-02-06 05:00:00+00:00,Dansoman Roundabout,34.67
2025-02-06 06:00:00+00:00,Dansoman Roundabout,40.45
2025-02-06 15:00:00+00:00,Dansoman Roundabout,25.24
2025-02-06 16:00:00+00:00,Dansoman Roundabout,20.61
2025-02-06 19:00:00+00:00,Dansoman Roundabout,26.53
2025-02-06 20:00:00+00:00,Dansoman Roundabout,29.25
2025-02-06 22:00:00+00:00,Dansoman Roundabout,23.04
2025-02-06 23:00:00+00:00,Dansoman Roundabout,26.45
2025-02-07 00:00:00+00:00,Dansoman Roundabout,21.95
2025-02-07 03:00:00+00:00,Dansoman Roundabout,30.73
2025-02-07 05:00:00+00:00,Dansoman Roundabout,37.64
2025-02-07 07:00:00+00:00,Dansoman Roundabout,38.69
2025-02-07 09:00:00+00:00,Dansoman Roundabout,29.69
2025-02-07 10:00:00+00:00,Dansoman Roundabout,29.85
2025-02-07 11:00:00+00:00,Dansoman Roundabout,27.06
2025-02-07 12:00:00+00:00,Dansoman Roundabout,24.89
2025-02-07 13:00:00+00:00,Dansoman Roundabout,25.13
2025-02-07 15:00:00+00:00,Dansoman Roundabout,26.64
2025-02-07 16:00:00+00:00,Dansoman Roundabout,27.22
2025-02-07 17:00:00+00:00,Dansoman Roundabout,31.56
2025-02-07 20:00:00+00:00,Dansoman Roundabout,26.49
2025-02-07 21:00:00+00:00,Dansoman Roundabout,26.04
2025-02-07 22:00:00+00:00,Dansoman Roundabout,25.72
2025-02-08 00:00:00+00:00,Dansoman Roundabout,27.48
2025-02-08 01:00:00+00:00,Dansoman Roundabout,27.07
2025-02-08 02:00:00+00:00,Dansoman Roundabout,28.23
2025-02-08 04:00:00+00:00,Dansoman Roundabout,28.2
2025-02-08 05:00:00+00:00,Dansoman Roundabout,32.54
2025-02-08 07:00:00+00:00,Dansoman Roundabout,37.46
2025-02-08 08:00:00+00:00,Dansoman Roundabout,36.92
2025-02-08 09:00:00+00:00,Dansoman Roundabout,31.05
2025-02-08 10:00:00+00:00,Dansoman Roundabout,28.41
2025-02-08 11:00:00+00:00,Dansoman Roundabout,21.95
2025-02-08 12:00:00+00:00,Dansoman Roundabout,23.25
2025-02-08 13:00:00+00:00,Dansoman Roundabout,24.48
2025-02-08 15:00:00+00:00,Dansoman Roundabout,24.16
2025-02-08 16:00:00+00:00,Dansoman Roundabout,22.23
2025-02-08 17:00:00+00:00,Dansoman Roundabout,27.19
2025-02-08 18:00:00+00:00,Dansoman Roundabout,28.43
2025-02-08 19:00:00+00:00,Dansoman Roundabout,36.52
2025-02-08 20:00:00+00:00,Dansoman Roundabout,33.58
2025-02-08 21:00:00+00:00,Dansoman Roundabout,27.66
2025-02-08 22:00:00+00:00,Dansoman Roundabout,14.47
2025-02-08 23:00:00+00:00,Dansoman Roundabout,26.5
2025-02-09 01:00:00+00:00,Dansoman Roundabout,19.1
2025-02-09 03:00:00+00:00,Dansoman Roundabout,17.09
2025-02-09 04:00:00+00:00,Dansoman Roundabout,13.15
2025-02-09 05:00:00+00:00,Dansoman Roundabout,17.39
2025-02-09 06:00:00+00:00,Dansoman Roundabout,23.92
2025-02-09 09:00:00+00:00,Dansoman Roundabout,29.3
2025-02-09 10:00:00+00:00,Dansoman Roundabout,25.17
2025-02-09 11:00:00+00:00,Dansoman Roundabout,20.13
2025-02-09 12:00:00+00:00,Dansoman Roundabout,15.02
2025-02-09 13:00:00+00:00,Dansoman Roundabout,16.84
2025-02-09 14:00:00+00:00,Dansoman Roundabout,15.52
2025-02-09 17:00:00+00:00,Dansoman Roundabout,21.27
2025-02-09 18:00:00+00:00,Dansoman Roundabout,20.48
2025-02-09 19:00:00+00:00,Dansoman Roundabout,25.45
2025-02-09 20:00:00+00:00,Dansoman Roundabout,24.52
2025-02-09 22:00:00+00:00,Dansoman Roundabout,25.95
2025-02-10 01:00:00+00:00,Dansoman Roundabout,23.99
2025-02-10 02:00:00+00:00,Dansoman Roundabout,24.29
2025-02-10 04:00:00+00:00,Dansoman Roundabout,37.94
2025-02-10 05:00:00+00:00,Dansoman Roundabout,33.98
2025-02-10 06:00:00+00:00,Dansoman Roundabout,44.51
2025-02-10 07:00:00+00:00,Dansoman Roundabout,42.36
2025-02-10 08:00:00+00:00,Dansoman Roundabout,52.28
2025-02-10 09:00:00+00:00,Dansoman Roundabout,34.96
2025-02-10 10:00:00+00:00,Dansoman Roundabout,21.53
2025-02-10 11:00:00+00:00,Dansoman Roundabout,37.98
2025-02-10 12:00:00+00:00,Dansoman Roundabout,17.04
2025-02-10 15:00:00+00:00,Dansoman Roundabout,16.33
2025-02-10 16:00:00+00:00,Dansoman Roundabout,17.59
2025-02-10 17:00:00+00:00,Dansoman Roundabout,22.72
2025-02-10 18:00:00+00:00,Dansoman Roundabout,25.81
2025-02-10 19:00:00+00:00,Dansoman Roundabout,25.75
2025-02-10 20:00:00+00:00,Dansoman Roundabout,16.65
2025-02-10 21:00:00+00:00,Dansoman Roundabout,19.92
2025-02-10 22:00:00+00:00,Dansoman Roundabout,16.6
2025-02-10 23:00:00+00:00,Dansoman Roundabout,13.68
2025-02-11 00:00:00+00:00,Dansoman Roundabout,16.55
2025-02-11 01:00:00+00:00,Dansoman Roundabout,17.5
2025-02-11 02:00:00+00:00,Dansoman Roundabout,16.02
2025-02-11 03:00:00+00:00,Dansoman Roundabout,15.38
2025-02-11 05:00:00+00:00,Dansoman Roundabout,24.43
2025-02-11 07:00:00+00:00,Dansoman Roundabout,39.73
2025-02-11 08:00:00+00:00,Dansoman Roundabout,35.94
2025-02-11 09:00:00+00:00,Dansoman Roundabout,30.2
2025-02-11 10:00:00+00:00,Dansoman Roundabout,25.4
2025-02-11 11:00:00+00:00,Dansoman Roundabout,20.74
2025-02-11 14:00:00+00:00,Dansoman Roundabout,16.94
2025-02-11 15:00:00+00:00,Dansoman Roundabout,18.34
2025-02-11 17:00:00+00:00,Dansoman Roundabout,28.93
2025-02-11 18:00:00+00:00,Dansoman Roundabout,23.06
2025-02-11 19:00:00+00:00,Dansoman Roundabout,25.95
2025-02-11 21:00:00+00:00,Dansoman Roundabout,24.3
2025-02-11 22:00:00+00:00,Dansoman Roundabout,25.81
2025-02-11 23:00:00+00:00,Dansoman Roundabout,21.89
2025-02-12 00:00:00+00:00,Dansoman Roundabout,22.67
2025-02-12 01:00:00+00:00,Dansoman Roundabout,20.07
2025-02-12 02:00:00+00:00,Dansoman Roundabout,19.39
2025-02-12 03:00:00+00:00,Dansoman Roundabout,17.7
2025-02-12 04:00:00+00:00,Dansoman Roundabout,21.39
2025-02-12 05:00:00+00:00,Dansoman Roundabout,25.46
2025-02-12 06:00:00+00:00,Dansoman Roundabout,32.38
2025-02-12 07:00:00+00:00,Dansoman Roundabout,26.32
2025-02-12 08:00:00+00:00,Dansoman Roundabout,23.8
2025-02-12 09:00:00+00:00,Dansoman Roundabout,28.07
2025-02-12 10:00:00+00:00,Dansoman Roundabout,23.54
2025-02-12 11:00:00+00:00,Dansoman Roundabout,19.85
2025-02-12 12:00:00+00:00,Dansoman Roundabout,17.33
2025-02-12 13:00:00+00:00,Dansoman Roundabout,17.05
2025-02-12 14:00:00+00:00,Dansoman Roundabout,16.86
2025-02-12 16:00:00+00:00,Dansoman Roundabout,24.56
2025-02-12 17:00:00+00:00,Dansoman Roundabout,24.44
2025-02-12 18:00:00+00:00,Dansoman Roundabout,29.33
2025-02-12 19:00:00+00:00,Dansoman Roundabout,21.19
2025-02-12 20:00:00+00:00,Dansoman Roundabout,21.16
2025-02-12 21:00:00+00:00,Dansoman Roundabout,20.9
2025-02-12 22:00:00+00:00,Dansoman Roundabout,19.99
2025-02-13 00:00:00+00:00,Dansoman Roundabout,21.54
2025-02-13 01:00:00+00:00,Dansoman Roundabout,27.04
2025-02-13 02:00:00+00:00,Dansoman Roundabout,20.13
2025-02-13 03:00:00+00:00,Dansoman Roundabout,26.07
2025-02-13 04:00:00+00:00,Dansoman Roundabout,32.51
2025-02-13 05:00:00+00:00,Dansoman Roundabout,36.34
2025-02-13 07:00:00+00:00,Dansoman Roundabout,37.98
2025-02-13 08:00:00+00:00,Dansoman Roundabout,31.93
2025-02-13 09:00:00+00:00,Dansoman Roundabout,25.96
2025-02-13 10:00:00+00:00,Dansoman Roundabout,24.38
2025-02-13 11:00:00+00:00,Dansoman Roundabout,24.03
2025-02-13 13:00:00+00:00,Dansoman Roundabout,19.08
2025-02-13 14:00:00+00:00,Dansoman Roundabout,18.39
2025-02-13 15:00:00+00:00,Dansoman Roundabout,21.51
2025-02-13 16:00:00+00:00,Dansoman Roundabout,25.81
2025-02-13 17:00:00+00:00,Dansoman Roundabout,31.74
2025-02-13 18:00:00+00:00,Dansoman Roundabout,24.2
2025-02-13 19:00:00+00:00,Dansoman Roundabout,24.65
2025-02-13 20:00:00+00:00,Dansoman Roundabout,22.16
2025-02-13 21:00:00+00:00,Dansoman Roundabout,23.44
2025-02-13 22:00:00+00:00,Dansoman Roundabout,20.05
2025-02-13 23:00:00+00:00,Dansoman Roundabout,19.28
2025-02-14 00:00:00+00:00,Dansoman Roundabout,18.12
2025-02-14 01:00:00+00:00,Dansoman Roundabout,18.06
2025-02-14 02:00:00+00:00,Dansoman Roundabout,23.08
2025-02-14 03:00:00+00:00,Dansoman Roundabout,21.99
2025-02-14 04:00:00+00:00,Dansoman Roundabout,26.21
2025-02-14 05:00:00+00:00,Dansoman Roundabout,35.11
2025-02-14 06:00:00+00:00,Dansoman Roundabout,37.53
2025-02-14 07:00:00+00:00,Dansoman Roundabout,36.5
2025-02-14 08:00:00+00:00,Dansoman Roundabout,31.07
2025-02-14 09:00:00+00:00,Dansoman Roundabout,25.71
2025-02-14 10:00:00+00:00,Dansoman Roundabout,22.42
2025-02-14 11:00:00+00:00,Dansoman Roundabout,23.48
2025-02-14 12:00:00+00:00,Dansoman Roundabout,21.86
2025-02-14 13:00:00+00:00,Dansoman Roundabout,19.32
2025-02-14 14:00:00+00:00,Dansoman Roundabout,24.33
2025-02-14 16:00:00+00:00,Dansoman Roundabout,21.49
2025-02-14 17:00:00+00:00,Dansoman Roundabout,24.29
2025-02-14 18:00:00+00:00,Dansoman Roundabout,26.1
2025-02-14 19:00:00+00:00,Dansoman Roundabout,25.01
2025-02-14 20:00:00+00:00,Dansoman Roundabout,21.03
2025-02-14 22:00:00+00:00,Dansoman Roundabout,26.32
2025-02-14 23:00:00+00:00,Dansoman Roundabout,20.04
2025-02-15 00:00:00+00:00,Dansoman Roundabout,20.36
2025-02-15 02:00:00+00:00,Dansoman Roundabout,35.88
2025-02-15 03:00:00+00:00,Dansoman Roundabout,68.8
2025-02-15 04:00:00+00:00,Dansoman Roundabout,57.77
2025-02-15 05:00:00+00:00,Dansoman Roundabout,38.98
2025-02-15 06:00:00+00:00,Dansoman Roundabout,47.83
2025-02-15 07:00:00+00:00,Dansoman Roundabout,38.77
2025-02-15 09:00:00+00:00,Dansoman Roundabout,23.71
2025-02-15 10:00:00+00:00,Dansoman Roundabout,24.97
2025-02-15 11:00:00+00:00,Dansoman Roundabout,25.24
2025-02-15 12:00:00+00:00,Dansoman Roundabout,24.72
2025-02-15 13:00:00+00:00,Dansoman Roundabout,25.87
2025-02-15 14:00:00+00:00,Dansoman Roundabout,21.87
2025-02-15 15:00:00+00:00,Dansoman Roundabout,24.84
2025-02-15 16:00:00+00:00,Dansoman Roundabout,20.9
2025-02-15 17:00:00+00:00,Dansoman Roundabout,20.23
2025-02-15 18:00:00+00:00,Dansoman Roundabout,33.67
2025-02-15 19:00:00+00:00,Dansoman Roundabout,37.07
2025-02-15 20:00:00+00:00,Dansoman Roundabout,31.88
2025-02-15 21:00:00+00:00,Dansoman Roundabout,22.73
2025-02-15 22:00:00+00:00,Dansoman Roundabout,21.49
2025-02-15 23:00:00+00:00,Dansoman Roundabout,21.79
2025-02-16 00:00:00+00:00,Dansoman Roundabout,20.47
2025-02-16 01:00:00+00:00,Dansoman Roundabout,33.23
2025-02-16 02:00:00+00:00,Dansoman Roundabout,24.54
2025-02-16 03:00:00+00:00,Dansoman Roundabout,27.43
2025-02-16 04:00:00+00:00,Dansoman Roundabout,27.93
2025-02-16 05:00:00+00:00,Dansoman Roundabout,28.68
2025-02-16 06:00:00+00:00,Dansoman Roundabout,32.85
2025-02-16 07:00:00+00:00,Dansoman Roundabout,41.09
2025-02-16 09:00:00+00:00,Dansoman Roundabout,33.84
2025-02-16 10:00:00+00:00,Dansoman Roundabout,30.46
2025-02-16 11:00:00+00:00,Dansoman Roundabout,25.83
2025-02-16 12:00:00+00:00,Dansoman Roundabout,25.71
2025-02-16 13:00:00+00:00,Dansoman Roundabout,23.41
2025-02-16 14:00:00+00:00,Dansoman Roundabout,19.86
2025-02-16 15:00:00+00:00,Dansoman Roundabout,21.64
2025-02-16 16:00:00+00:00,Dansoman Roundabout,21.6
2025-02-16 17:00:00+00:00,Dansoman Roundabout,23.44
2025-02-16 18:00:00+00:00,Dansoman Roundabout,25.22
2025-02-16 19:00:00+00:00,Dansoman Roundabout,26.53
2025-02-16 20:00:00+00:00,Dansoman Roundabout,25.4
2025-02-16 21:00:00+00:00,Dansoman Roundabout,24.09
2025-02-16 22:00:00+00:00,Dansoman Roundabout,24.94
2025-02-16 23:00:00+00:00,Dansoman Roundabout,27.55
2025-02-17 01:00:00+00:00,Dansoman Roundabout,21.79
2025-02-17 02:00:00+00:00,Dansoman Roundabout,23.29
2025-02-17 04:00:00+00:00,Dansoman Roundabout,28.98
2025-02-17 05:00:00+00:00,Dansoman Roundabout,28.49
2025-02-17 06:00:00+00:00,Dansoman Roundabout,29.6
2025-02-17 07:00:00+00:00,Dansoman Roundabout,34.84
2025-02-17 08:00:00+00:00,Dansoman Roundabout,32.99
2025-02-17 09:00:00+00:00,Dansoman Roundabout,27.3
2025-02-17 10:00:00+00:00,Dansoman Roundabout,25.11
2025-02-17 11:00:00+00:00,Dansoman Roundabout,22.24
2025-02-17 12:00:00+00:00,Dansoman Roundabout,22.77
2025-02-17 13:00:00+00:00,Dansoman Roundabout,18.77
2025-02-17 14:00:00+00:00,Dansoman Roundabout,19.32
2025-02-17 15:00:00+00:00,Dansoman Roundabout,24.25
2025-02-17 16:00:00+00:00,Dansoman Roundabout,21.76
2025-02-17 17:00:00+00:00,Dansoman Roundabout,22.74
2025-02-17 18:00:00+00:00,Dansoman Roundabout,29.15
2025-02-17 19:00:00+00:00,Dansoman Roundabout,27.42
2025-02-17 20:00:00+00:00,Dansoman Roundabout,26.83
2025-02-17 21:00:00+00:00,Dansoman Roundabout,27.39
2025-02-17 22:00:00+00:00,Dansoman Roundabout,28.51
2025-02-17 23:00:00+00:00,Dansoman Roundabout,24.25
2025-02-18 00:00:00+00:00,Dansoman Roundabout,22.92
2025-02-18 01:00:00+00:00,Dansoman Roundabout,21.43
2025-02-18 02:00:00+00:00,Dansoman Roundabout,23.29
2025-02-18 03:00:00+00:00,Dansoman Roundabout,22.34
2025-02-18 04:00:00+00:00,Dansoman Roundabout,29.14
2025-02-18 05:00:00+00:00,Dansoman Roundabout,29.94
2025-02-18 07:00:00+00:00,Dansoman Roundabout,41.17
2025-02-18 08:00:00+00:00,Dansoman Roundabout,35.28
2025-02-18 09:00:00+00:00,Dansoman Roundabout,30.8
2025-02-18 11:00:00+00:00,Dansoman Roundabout,22.73
2025-02-18 13:00:00+00:00,Dansoman Roundabout,25.22
2025-02-18 14:00:00+00:00,Dansoman Roundabout,22.24
2025-02-18 15:00:00+00:00,Dansoman Roundabout,20.51
2025-02-18 16:00:00+00:00,Dansoman Roundabout,23.67
2025-02-18 17:00:00+00:00,Dansoman Roundabout,24.7
2025-02-18 18:00:00+00:00,Dansoman Roundabout,30.71
2025-02-18 19:00:00+00:00,Dansoman Roundabout,28.35
2025-02-18 20:00:00+00:00,Dansoman Roundabout,28.22
2025-02-18 21:00:00+00:00,Dansoman Roundabout,32.67
2025-02-18 22:00:00+00:00,Dansoman Roundabout,30.27
2025-02-18 23:00:00+00:00,Dansoman Roundabout,28.53
2025-02-19 02:00:00+00:00,Dansoman Roundabout,23.28
2025-02-19 03:00:00+00:00,Dansoman Roundabout,25.14
2025-02-19 05:00:00+00:00,Dansoman Roundabout,29.2
2025-02-19 06:00:00+00:00,Dansoman Roundabout,30.79
2025-02-19 07:00:00+00:00,Dansoman Roundabout,26.31
2025-02-19 08:00:00+00:00,Dansoman Roundabout,30.12
2025-02-19 09:00:00+00:00,Dansoman Roundabout,20.52
2025-02-19 10:00:00+00:00,Dansoman Roundabout,17.71
2025-02-19 11:00:00+00:00,Dansoman Roundabout,16.26
2025-02-19 12:00:00+00:00,Dansoman Roundabout,16.58
2025-02-19 13:00:00+00:00,Dansoman Roundabout,18.67
2025-02-19 16:00:00+00:00,Dansoman Roundabout,21.93
2025-02-19 17:00:00+00:00,Dansoman Roundabout,20.68
2025-02-19 18:00:00+00:00,Dansoman Roundabout,27.25
2025-02-19 22:00:00+00:00,Dansoman Roundabout,21.61
2025-02-20 01:00:00+00:00,Dansoman Roundabout,21.89
2025-02-20 02:00:00+00:00,Dansoman Roundabout,22.01
2025-02-20 03:00:00+00:00,Dansoman Roundabout,24.49
2025-02-20 04:00:00+00:00,Dansoman Roundabout,29.61
2025-02-20 06:00:00+00:00,Dansoman Roundabout,30.57
2025-02-20 07:00:00+00:00,Dansoman Roundabout,29.43
2025-02-20 08:00:00+00:00,Dansoman Roundabout,26.93
2025-02-20 09:00:00+00:00,Dansoman Roundabout,22.99
2025-02-20 10:00:00+00:00,Dansoman Roundabout,26.49
2025-02-20 14:00:00+00:00,Dansoman Roundabout,17.25
2025-02-20 15:00:00+00:00,Dansoman Roundabout,18.63
2025-02-20 18:00:00+00:00,Dansoman Roundabout,21.84
2025-02-20 19:00:00+00:00,Dansoman Roundabout,22.73
2025-02-20 20:00:00+00:00,Dansoman Roundabout,24.59
2025-02-20 21:00:00+00:00,Dansoman Roundabout,23.56
2025-02-20 22:00:00+00:00,Dansoman Roundabout,25.27
2025-02-20 23:00:00+00:00,Dansoman Roundabout,26.07
2025-02-21 00:00:00+00:00,Dansoman Roundabout,22.95
2025-02-21 01:00:00+00:00,Dansoman Roundabout,23.88
2025-02-21 03:00:00+00:00,Dansoman Roundabout,37.76
2025-02-21 04:00:00+00:00,Dansoman Roundabout,31.45
2025-02-21 05:00:00+00:00,Dansoman Roundabout,36.81
2025-02-21 08:00:00+00:00,Dansoman Roundabout,41.51
2025-02-21 09:00:00+00:00,Dansoman Roundabout,39.01
2025-02-21 10:00:00+00:00,Dansoman Roundabout,24.76
2025-02-21 11:00:00+00:00,Dansoman Roundabout,20.96
2025-02-21 12:00:00+00:00,Dansoman Roundabout,30.35
2025-02-21 13:00:00+00:00,Dansoman Roundabout,23.04
2025-02-21 14:00:00+00:00,Dansoman Roundabout,20.63
2025-02-21 15:00:00+00:00,Dansoman Roundabout,21.69
2025-02-21 19:00:00+00:00,Dansoman Roundabout,26.05
2025-02-21 20:00:00+00:00,Dansoman Roundabout,31.35
2025-02-21 23:00:00+00:00,Dansoman Roundabout,28.43
2025-02-22 00:00:00+00:00,Dansoman Roundabout,29.55
2025-02-22 02:00:00+00:00,Dansoman Roundabout,29.58
2025-02-22 04:00:00+00:00,Dansoman Roundabout,47.53
2025-02-22 05:00:00+00:00,Dansoman Roundabout,45.84
2025-02-22 06:00:00+00:00,Dansoman Roundabout,53.22
2025-02-22 07:00:00+00:00,Dansoman Roundabout,65.05
2025-02-22 08:00:00+00:00,Dansoman Roundabout,46.79
2025-02-22 09:00:00+00:00,Dansoman Roundabout,38.14
2025-02-22 10:00:00+00:00,Dansoman Roundabout,29.47
2025-02-22 12:00:00+00:00,Dansoman Roundabout,18.63
2025-02-22 13:00:00+00:00,Dansoman Roundabout,16.38
2025-02-22 14:00:00+00:00,Dansoman Roundabout,18.33
2025-02-22 16:00:00+00:00,Dansoman Roundabout,23.3
2025-02-22 17:00:00+00:00,Dansoman Roundabout,27.03
2025-02-22 18:00:00+00:00,Dansoman Roundabout,27.46
2025-02-22 20:00:00+00:00,Dansoman Roundabout,21.32
2025-02-22 22:00:00+00:00,Dansoman Roundabout,22.74
2025-02-23 00:00:00+00:00,Dansoman Roundabout,25.82
2025-02-23 01:00:00+00:00,Dansoman Roundabout,18.26
2025-02-23 02:00:00+00:00,Dansoman Roundabout,15.73
2025-02-23 03:00:00+00:00,Dansoman Roundabout,18.23
2025-02-23 04:00:00+00:00,Dansoman Roundabout,17.16
2025-02-23 05:00:00+00:00,Dansoman Roundabout,26.5
2025-02-23 07:00:00+00:00,Dansoman Roundabout,36.98
2025-02-23 08:00:00+00:00,Dansoman Roundabout,30.65
2025-02-23 09:00:00+00:00,Dansoman Roundabout,29.85
2025-02-23 11:00:00+00:00,Dansoman Roundabout,28.09
2025-02-23 12:00:00+00:00,Dansoman Roundabout,36.83
2025-02-23 13:00:00+00:00,Dansoman Roundabout,37.17
2025-02-23 14:00:00+00:00,Dansoman Roundabout,34.5
2025-02-23 15:00:00+00:00,Dansoman Roundabout,18.73
2025-02-23 16:00:00+00:00,Dansoman Roundabout,25.71
2025-02-23 17:00:00+00:00,Dansoman Roundabout,21.39
2025-02-23 18:00:00+00:00,Dansoman Roundabout,22.41
2025-02-23 19:00:00+00:00,Dansoman Roundabout,24.24
2025-02-23 23:00:00+00:00,Dansoman Roundabout,30.34
2025-02-24 01:00:00+00:00,Dansoman Roundabout,32.57
2025-02-24 02:00:00+00:00,Dansoman Roundabout,28.51
2025-02-24 03:00:00+00:00,Dansoman Roundabout,25.38
2025-02-24 04:00:00+00:00,Dansoman Roundabout,28.72
2025-02-24 08:00:00+00:00,Dansoman Roundabout,37.93
2025-02-24 09:00:00+00:00,Dansoman Roundabout,43.86
2025-02-24 10:00:00+00:00,Dansoman Roundabout,45.86
2025-02-24 11:00:00+00:00,Dansoman Roundabout,22.37
2025-02-24 12:00:00+00:00,Dansoman Roundabout,20.01
2025-02-24 16:00:00+00:00,Dansoman Roundabout,25.17
2025-02-24 18:00:00+00:00,Dansoman Roundabout,22.52
2025-02-24 19:00:00+00:00,Dansoman Roundabout,20.5
2025-02-24 20:00:00+00:00,Dansoman Roundabout,23.06
2025-02-24 23:00:00+00:00,Dansoman Roundabout,16.18
2025-02-25 00:00:00+00:00,Dansoman Roundabout,25.01
2025-02-25 01:00:00+00:00,Dansoman Roundabout,15.47
2025-02-25 02:00:00+00:00,Dansoman Roundabout,19.87
2025-02-25 04:00:00+00:00,Dansoman Roundabout,40.38
2025-02-25 06:00:00+00:00,Dansoman Roundabout,44.94
2025-02-25 07:00:00+00:00,Dansoman Roundabout,37.16
2025-02-25 08:00:00+00:00,Dansoman Roundabout,24.44
2025-02-25 09:00:00+00:00,Dansoman Roundabout,19.97
2025-02-25 10:00:00+00:00,Dansoman Roundabout,17.64
2025-02-25 11:00:00+00:00,Dansoman Roundabout,15.48
2025-02-25 12:00:00+00:00,Dansoman Roundabout,14.07
2025-02-25 13:00:00+00:00,Dansoman Roundabout,12.32
2025-02-25 14:00:00+00:00,Dansoman Roundabout,13.06
2025-02-25 15:00:00+00:00,Dansoman Roundabout,12.46
2025-02-25 16:00:00+00:00,Dansoman Roundabout,15.6
2025-02-25 17:00:00+00:00,Dansoman Roundabout,16.93
2025-02-25 18:00:00+00:00,Dansoman Roundabout,19.22
2025-02-25 19:00:00+00:00,Dansoman Roundabout,26.05
2025-02-25 20:00:00+00:00,Dansoman Roundabout,20.02
2025-02-25 21:00:00+00:00,Dansoman Roundabout,35.6
2025-02-25 23:00:00+00:00,Dansoman Roundabout,20.97
2025-02-26 02:00:00+00:00,Dansoman Roundabout,13.22
2025-02-26 03:00:00+00:00,Dansoman Roundabout,23.42
2025-02-26 04:00:00+00:00,Dansoman Roundabout,30.8
2025-02-26 05:00:00+00:00,Dansoman Roundabout,19.11
2025-02-26 06:00:00+00:00,Dansoman Roundabout,34.9
2025-02-26 07:00:00+00:00,Dansoman Roundabout,35.83
2025-02-26 08:00:00+00:00,Dansoman Roundabout,29.82
2025-02-26 09:00:00+00:00,Dansoman Roundabout,22.98
2025-02-26 10:00:00+00:00,Dansoman Roundabout,23.33
2025-02-26 11:00:00+00:00,Dansoman Roundabout,24.58
2025-02-26 13:00:00+00:00,Dansoman Roundabout,15.16
2025-02-26 15:00:00+00:00,Dansoman Roundabout,15.49
2025-02-26 16:00:00+00:00,Dansoman Roundabout,21.13
2025-02-26 18:00:00+00:00,Dansoman Roundabout,21.47
2025-02-27 03:00:00+00:00,Dansoman Roundabout,15.1
2025-02-27 04:00:00+00:00,Dansoman Roundabout,13.91
2025-02-27 05:00:00+00:00,Dansoman Roundabout,22.38
2025-02-27 06:00:00+00:00,Dansoman Roundabout,36.14
2025-02-27 07:00:00+00:00,Dansoman Roundabout,29.63
2025-02-27 08:00:00+00:00,Dansoman Roundabout,25.33
2025-02-27 10:00:00+00:00,Dansoman Roundabout,21.69
2025-02-27 12:00:00+00:00,Dansoman Roundabout,20.33
2025-02-27 13:00:00+00:00,Dansoman Roundabout,22.19
2025-02-27 14:00:00+00:00,Dansoman Roundabout,18.03
2025-02-27 16:00:00+00:00,Dansoman Roundabout,19.82
2025-02-27 17:00:00+00:00,Dansoman Roundabout,19.93
2025-02-27 21:00:00+00:00,Dansoman Roundabout,16.33
2025-02-27 22:00:00+00:00,Dansoman Roundabout,15.12
2025-02-27 23:00:00+00:00,Dansoman Roundabout,17.15
2025-02-28 01:00:00+00:00,Dansoman Roundabout,14.89
2025-02-28 03:00:00+00:00,Dansoman Roundabout,15.86
2025-02-28 04:00:00+00:00,Dansoman Roundabout,17.26
2025-02-28 05:00:00+00:00,Dansoman Roundabout,19.62
2025-02-28 06:00:00+00:00,Dansoman Roundabout,29.63
2025-02-28 10:00:00+00:00,Dansoman Roundabout,22.87
2025-02-28 11:00:00+00:00,Dansoman Roundabout,21.88
2025-02-28 12:00:00+00:00,Dansoman Roundabout,21.98
2025-02-28 13:00:00+00:00,Dansoman Roundabout,20.25
2025-02-28 14:00:00+00:00,Dansoman Roundabout,19.67
2025-02-28 15:00:00+00:00,Dansoman Roundabout,18.98
2025-02-28 16:00:00+00:00,Dansoman Roundabout,21.02
2025-02-28 17:00:00+00:00,Dansoman Roundabout,25.81
2025-02-28 18:00:00+00:00,Dansoman Roundabout,31.66
2025-02-28 19:00:00+00:00,Dansoman Roundabout,27.74
2025-02-28 20:00:00+00:00,Dansoman Roundabout,24.41
2025-02-28 21:00:00+00:00,Dansoman Roundabout,17.84
2025-02-28 22:00:00+00:00,Dansoman Roundabout,17.57
2025-02-01 00:00:00+00:00,Graphic Road,32.72
2025-02-01 01:00:00+00:00,Graphic Road,36.16
2025-02-01 02:00:00+00:00,Graphic Road,28.12
2025-02-01 03:00:00+00:00,Graphic Road,42.5
2025-02-01 04:00:00+00:00,Graphic Road,54.28
2025-02-01 05:00:00+00:00,Graphic Road,57.87
2025-02-01 06:00:00+00:00,Graphic Road,65.52
2025-02-01 07:00:00+00:00,Graphic Road,72.25
2025-02-01 08:00:00+00:00,Graphic Road,45.77
2025-02-01 09:00:00+00:00,Graphic Road,32.82
2025-02-01 10:00:00+00:00,Graphic Road,29.18
2025-02-01 11:00:00+00:00,Graphic Road,46.31
2025-02-01 13:00:00+00:00,Graphic Road,21.69
2025-02-01 14:00:00+00:00,Graphic Road,32.46
2025-02-01 15:00:00+00:00,Graphic Road,14.52
2025-02-01 17:00:00+00:00,Graphic Road,14.74
2025-02-01 20:00:00+00:00,Graphic Road,20.61
2025-02-01 21:00:00+00:00,Graphic Road,20.9
2025-02-01 22:00:00+00:00,Graphic Road,25.91
2025-02-01 23:00:00+00:00,Graphic Road,39.92
2025-02-02 01:00:00+00:00,Graphic Road,36.42
2025-02-02 02:00:00+00:00,Graphic Road,42.92
2025-02-02 03:00:00+00:00,Graphic Road,38.4
2025-02-02 04:00:00+00:00,Graphic Road,35.43
2025-02-02 05:00:00+00:00,Graphic Road,50.96
2025-02-02 06:00:00+00:00,Graphic Road,63.95
2025-02-02 07:00:00+00:00,Graphic Road,62.12
2025-02-02 09:00:00+00:00,Graphic Road,38.46
2025-02-02 12:00:00+00:00,Graphic Road,20.12
2025-02-02 13:00:00+00:00,Graphic Road,62.03
2025-02-02 15:00:00+00:00,Graphic Road,23.7
2025-02-02 19:00:00+00:00,Graphic Road,42.37
2025-02-03 00:00:00+00:00,Graphic Road,65.25
2025-02-03 08:00:00+00:00,Graphic Road,58.61
2025-02-03 09:00:00+00:00,Graphic Road,50.92
2025-02-03 20:00:00+00:00,Graphic Road,27.22
2025-02-04 03:00:00+00:00,Graphic Road,44.8
2025-02-04 04:00:00+00:00,Graphic Road,48.83
2025-02-04 05:00:00+00:00,Graphic Road,46.61
2025-02-04 07:00:00+00:00,Graphic Road,58.54
2025-02-04 08:00:00+00:00,Graphic Road,48.14
2025-02-04 09:00:00+00:00,Graphic Road,46.86
2025-02-04 10:00:00+00:00,Graphic Road,39.66
2025-02-04 11:00:00+00:00,Graphic Road,33.98
2025-02-04 13:00:00+00:00,Graphic Road,14.31
2025-02-04 15:00:00+00:00,Graphic Road,15.89
2025-02-04 19:00:00+00:00,Graphic Road,22.79
2025-02-04 21:00:00+00:00,Graphic Road,23.47
2025-02-04 22:00:00+00:00,Graphic Road,27.28
2025-02-04 23:00:00+00:00,Graphic Road,29.54
2025-02-05 00:00:00+00:00,Graphic Road,51.04
2025-02-05 01:00:00+00:00,Graphic Road,28.72
2025-02-05 02:00:00+00:00,Graphic Road,41.69
2025-02-05 03:00:00+00:00,Graphic Road,32.52
2025-02-05 05:00:00+00:00,Graphic Road,62.17
2025-02-05 08:00:00+00:00,Graphic Road,47.7
2025-02-05 09:00:00+00:00,Graphic Road,38.69
2025-02-05 13:00:00+00:00,Graphic Road,14.97
2025-02-05 14:00:00+00:00,Graphic Road,17.8
2025-02-05 17:00:00+00:00,Graphic Road,17.19
2025-02-05 18:00:00+00:00,Graphic Road,16.41
2025-02-05 19:00:00+00:00,Graphic Road,17.08
2025-02-05 20:00:00+00:00,Graphic Road,15.3
2025-02-05 21:00:00+00:00,Graphic Road,19.07
2025-02-05 22:00:00+00:00,Graphic Road,11.3
2025-02-05 23:00:00+00:00,Graphic Road,12.57
2025-02-06 01:00:00+00:00,Graphic Road,24.03
2025-02-06 02:00:00+00:00,Graphic Road,29.24
2025-02-06 03:00:00+00:00,Graphic Road,25.94
2025-02-06 04:00:00+00:00,Graphic Road,35.98
2025-02-06 05:00:00+00:00,Graphic Road,55.04
2025-02-06 06:00:00+00:00,Graphic Road,75.98
2025-02-06 07:00:00+00:00,Graphic Road,75.25
2025-02-06 15:00:00+00:00,Graphic Road,12.41
2025-02-06 19:00:00+00:00,Graphic Road,12.59
2025-02-06 22:00:00+00:00,Graphic Road,64.23
2025-02-06 23:00:00+00:00,Graphic Road,62.17
2025-02-07 03:00:00+00:00,Graphic Road,30.74
2025-02-07 05:00:00+00:00,Graphic Road,62.09
2025-02-07 07:00:00+00:00,Graphic Road,52.08
2025-02-07 09:00:00+00:00,Graphic Road,30.4
2025-02-07 10:00:00+00:00,Graphic Road,28.63
2025-02-07 11:00:00+00:00,Graphic Road,20.84
2025-02-07 12:00:00+00:00,Graphic Road,12.57
2025-02-07 13:00:00+00:00,Graphic Road,13.76
2025-02-07 15:00:00+00:00,Graphic Road,17.04
2025-02-07 17:00:00+00:00,Graphic Road,14.71
2025-02-07 20:00:00+00:00,Graphic Road,19.32
2025-02-07 21:00:00+00:00,Graphic Road,24.54
2025-02-07 22:00:00+00:00,Graphic Road,22.22
2025-02-08 00:00:00+00:00,Graphic Road,29.27
2025-02-08 01:00:00+00:00,Graphic Road,27.91
2025-02-08 02:00:00+00:00,Graphic Road,29.51
2025-02-08 03:00:00+00:00,Graphic Road,28.55
2025-02-08 04:00:00+00:00,Graphic Road,36.59
2025-02-08 05:00:00+00:00,Graphic Road,46.49
2025-02-08 07:00:00+00:00,Graphic Road,48.77
2025-02-08 08:00:00+00:00,Graphic Road,34.87
2025-02-08 09:00:00+00:00,Graphic Road,32.43
2025-02-08 10:00:00+00:00,Graphic Road,29.84
2025-02-08 11:00:00+00:00,Graphic Road,15.48
2025-02-08 12:00:00+00:00,Graphic Road,10.79
2025-02-08 13:00:00+00:00,Graphic Road,12.72
2025-02-08 15:00:00+00:00,Graphic Road,11.16
2025-02-08 16:00:00+00:00,Graphic Road,10.77
2025-02-08 17:00:00+00:00,Graphic Road,11.21
2025-02-08 18:00:00+00:00,Graphic Road,11.79
2025-02-08 19:00:00+00:00,Graphic Road,18.75
2025-02-08 22:00:00+00:00,Graphic Road,18.2
2025-02-08 23:00:00+00:00,Graphic Road,19.74
2025-02-09 01:00:00+00:00,Graphic Road,15.63
2025-02-09 03:00:00+00:00,Graphic Road,14.41
2025-02-09 04:00:00+00:00,Graphic Road,19.28
2025-02-09 05:00:00+00:00,Graphic Road,23.29
2025-02-09 06:00:00+00:00,Graphic Road,27.93
2025-02-09 07:00:00+00:00,Graphic Road,40.72
2025-02-09 09:00:00+00:00,Graphic Road,31.99
2025-02-09 10:00:00+00:00,Graphic Road,26.67
2025-02-09 11:00:00+00:00,Graphic Road,17.32
2025-02-09 13:00:00+00:00,Graphic Road,25.74
2025-02-09 14:00:00+00:00,Graphic Road,16.31
2025-02-09 15:00:00+00:00,Graphic Road,22.29
2025-02-09 17:00:00+00:00,Graphic Road,27.06
2025-02-09 18:00:00+00:00,Graphic Road,25.21
2025-02-09 19:00:00+00:00,Graphic Road,23.84
2025-02-09 20:00:00+00:00,Graphic Road,16.91
2025-02-09 21:00:00+00:00,Graphic Road,14.89
2025-02-09 22:00:00+00:00,Graphic Road,20.58
2025-02-09 23:00:00+00:00,Graphic Road,24.2
2025-02-10 01:00:00+00:00,Graphic Road,18.13
2025-02-10 02:00:00+00:00,Graphic Road,20.03
2025-02-10 03:00:00+00:00,Graphic Road,27.33
2025-02-10 04:00:00+00:00,Graphic Road,35.52
2025-02-10 05:00:00+00:00,Graphic Road,58.65
2025-02-10 06:00:00+00:00,Graphic Road,54.36
2025-02-10 07:00:00+00:00,Graphic Road,53.24
2025-02-10 09:00:00+00:00,Graphic Road,34.43
2025-02-10 11:00:00+00:00,Graphic Road,26.45
2025-02-10 12:00:00+00:00,Graphic Road,12.1
2025-02-10 13:00:00+00:00,Graphic Road,15.9
2025-02-10 15:00:00+00:00,Graphic Road,17.6
2025-02-10 16:00:00+00:00,Graphic Road,15.97
2025-02-10 17:00:00+00:00,Graphic Road,13.94
2025-02-10 18:00:00+00:00,Graphic Road,10.84
2025-02-10 19:00:00+00:00,Graphic Road,16.23
2025-02-10 20:00:00+00:00,Graphic Road,16.39
2025-02-10 21:00:00+00:00,Graphic Road,14.8
2025-02-10 22:00:00+00:00,Graphic Road,17.18
2025-02-11 00:00:00+00:00,Graphic Road,24.26
2025-02-11 01:00:00+00:00,Graphic Road,25.55
2025-02-11 02:00:00+00:00,Graphic Road,14.17
2025-02-11 03:00:00+00:00,Graphic Road,27.13
2025-02-11 05:00:00+00:00,Graphic Road,36.7
2025-02-11 07:00:00+00:00,Graphic Road,42.83
2025-02-11 08:00:00+00:00,Graphic Road,36.43
2025-02-11 09:00:00+00:00,Graphic Road,32.53
2025-02-11 10:00:00+00:00,Graphic Road,22.75
2025-02-11 11:00:00+00:00,Graphic Road,14.55
2025-02-11 14:00:00+00:00,Graphic Road,11.15
2025-02-11 15:00:00+00:00,Graphic Road,13.88
2025-02-11 17:00:00+00:00,Graphic Road,10.05
2025-02-11 18:00:00+00:00,Graphic Road,12.81
2025-02-11 19:00:00+00:00,Graphic Road,23.21
2025-02-11 21:00:00+00:00,Graphic Road,19.96
2025-02-11 22:00:00+00:00,Graphic Road,22.35
2025-02-11 23:00:00+00:00,Graphic Road,21.01
2025-02-12 00:00:00+00:00,Graphic Road,20.0
2025-02-12 01:00:00+00:00,Graphic Road,22.0
2025-02-12 03:00:00+00:00,Graphic Road,26.35
2025-02-12 04:00:00+00:00,Graphic Road,29.33
2025-02-12 05:00:00+00:00,Graphic Road,45.3
2025-02-12 06:00:00+00:00,Graphic Road,53.04
2025-02-12 07:00:00+00:00,Graphic Road,38.9
2025-02-12 08:00:00+00:00,Graphic Road,28.75
2025-02-12 09:00:00+00:00,Graphic Road,37.97
2025-02-12 10:00:00+00:00,Graphic Road,21.8
2025-02-12 11:00:00+00:00,Graphic Road,11.75
2025-02-12 12:00:00+00:00,Graphic Road,10.44
2025-02-12 13:00:00+00:00,Graphic Road,12.37
2025-02-12 14:00:00+00:00,Graphic Road,14.28
2025-02-12 15:00:00+00:00,Graphic Road,9.93
2025-02-12 16:00:00+00:00,Graphic Road,9.29
2025-02-12 17:00:00+00:00,Graphic Road,11.13
2025-02-12 18:00:00+00:00,Graphic Road,11.07
2025-02-12 19:00:00+00:00,Graphic Road,12.12
2025-02-12 21:00:00+00:00,Graphic Road,22.65
2025-02-12 22:00:00+00:00,Graphic Road,19.37
2025-02-12 23:00:00+00:00,Graphic Road,18.13
2025-02-13 00:00:00+00:00,Graphic Road,21.6
2025-02-13 01:00:00+00:00,Graphic Road,19.77
2025-02-13 02:00:00+00:00,Graphic Road,30.66
2025-02-13 03:00:00+00:00,Graphic Road,29.49
2025-02-13 04:00:00+00:00,Graphic Road,40.91
2025-02-13 05:00:00+00:00,Graphic Road,42.57
2025-02-13 07:00:00+00:00,Graphic Road,52.96
2025-02-13 08:00:00+00:00,Graphic Road,36.05
2025-02-13 09:00:00+00:00,Graphic Road,33.15
2025-02-13 10:00:00+00:00,Graphic Road,27.92
2025-02-13 11:00:00+00:00,Graphic Road,20.57
2025-02-13 13:00:00+00:00,Graphic Road,10.62
2025-02-13 14:00:00+00:00,Graphic Road,13.07
2025-02-13 15:00:00+00:00,Graphic Road,17.6
2025-02-13 16:00:00+00:00,Graphic Road,14.24
2025-02-13 17:00:00+00:00,Graphic Road,11.19
2025-02-13 18:00:00+00:00,Graphic Road,13.89
2025-02-13 19:00:00+00:00,Graphic Road,14.68
2025-02-13 20:00:00+00:00,Graphic Road,17.78
2025-02-13 21:00:00+00:00,Graphic Road,20.13
2025-02-13 22:00:00+00:00,Graphic Road,18.66
2025-02-13 23:00:00+00:00,Graphic Road,24.04
2025-02-14 00:00:00+00:00,Graphic Road,21.1
2025-02-14 01:00:00+00:00,Graphic Road,21.8
2025-02-14 02:00:00+00:00,Graphic Road,27.09
2025-02-14 03:00:00+00:00,Graphic Road,31.82
2025-02-14 04:00:00+00:00,Graphic Road,39.54
2025-02-14 05:00:00+00:00,Graphic Road,41.49
2025-02-14 06:00:00+00:00,Graphic Road,46.71
2025-02-14 07:00:00+00:00,Graphic Road,44.58
2025-02-14 08:00:00+00:00,Graphic Road,36.51
2025-02-14 09:00:00+00:00,Graphic Road,34.23
2025-02-14 10:00:00+00:00,Graphic Road,31.56
2025-02-14 11:00:00+00:00,Graphic Road,24.31
2025-02-14 12:00:00+00:00,Graphic Road,14.84
2025-02-14 13:00:00+00:00,Graphic Road,12.39
2025-02-14 14:00:00+00:00,Graphic Road,24.01
2025-02-14 15:00:00+00:00,Graphic Road,10.57
2025-02-14 16:00:00+00:00,Graphic Road,10.85
2025-02-14 17:00:00+00:00,Graphic Road,17.3
2025-02-14 18:00:00+00:00,Graphic Road,14.24
2025-02-14 19:00:00+00:00,Graphic Road,13.52
2025-02-14 20:00:00+00:00,Graphic Road,27.13
2025-02-14 21:00:00+00:00,Graphic Road,33.39
2025-02-14 22:00:00+00:00,Graphic Road,21.26
2025-02-14 23:00:00+00:00,Graphic Road,23.75
2025-02-15 00:00:00+00:00,Graphic Road,22.79
2025-02-15 01:00:00+00:00,Graphic Road,45.01
2025-02-15 02:00:00+00:00,Graphic Road,35.09
2025-02-15 03:00:00+00:00,Graphic Road,28.54
2025-02-15 04:00:00+00:00,Graphic Road,48.07
2025-02-15 05:00:00+00:00,Graphic Road,47.45
2025-02-15 06:00:00+00:00,Graphic Road,57.96
2025-02-15 07:00:00+00:00,Graphic Road,54.56
2025-02-15 09:00:00+00:00,Graphic Road,33.16
2025-02-15 10:00:00+00:00,Graphic Road,34.96
2025-02-15 11:00:00+00:00,Graphic Road,22.52
2025-02-15 12:00:00+00:00,Graphic Road,18.42
2025-02-15 13:00:00+00:00,Graphic Road,13.53
2025-02-15 14:00:00+00:00,Graphic Road,11.92
2025-02-15 15:00:00+00:00,Graphic Road,14.76
2025-02-15 16:00:00+00:00,Graphic Road,10.9
2025-02-15 17:00:00+00:00,Graphic Road,12.84
2025-02-15 18:00:00+00:00,Graphic Road,13.7
2025-02-15 19:00:00+00:00,Graphic Road,16.51
2025-02-15 20:00:00+00:00,Graphic Road,20.11
2025-02-15 21:00:00+00:00,Graphic Road,17.78
2025-02-15 22:00:00+00:00,Graphic Road,18.65
2025-02-15 23:00:00+00:00,Graphic Road,30.92
2025-02-16 01:00:00+00:00,Graphic Road,34.75
2025-02-16 02:00:00+00:00,Graphic Road,22.24
2025-02-16 03:00:00+00:00,Graphic Road,28.25
2025-02-16 04:00:00+00:00,Graphic Road,36.27
2025-02-16 05:00:00+00:00,Graphic Road,46.35
2025-02-16 06:00:00+00:00,Graphic Road,46.04
2025-02-16 07:00:00+00:00,Graphic Road,50.05
2025-02-16 09:00:00+00:00,Graphic Road,33.74
2025-02-16 10:00:00+00:00,Graphic Road,31.08
2025-02-16 11:00:00+00:00,Graphic Road,22.66
2025-02-16 12:00:00+00:00,Graphic Road,14.9
2025-02-16 13:00:00+00:00,Graphic Road,14.13
2025-02-16 14:00:00+00:00,Graphic Road,11.59
2025-02-16 15:00:00+00:00,Graphic Road,12.56
2025-02-16 16:00:00+00:00,Graphic Road,14.63
2025-02-16 17:00:00+00:00,Graphic Road,11.96
2025-02-16 18:00:00+00:00,Graphic Road,15.48
2025-02-16 19:00:00+00:00,Graphic Road,21.33
2025-02-16 20:00:00+00:00,Graphic Road,26.38
2025-02-16 21:00:00+00:00,Graphic Road,17.99
2025-02-16 22:00:00+00:00,Graphic Road,23.0
2025-02-16 23:00:00+00:00,Graphic Road,21.67
2025-02-17 01:00:00+00:00,Graphic Road,24.19
2025-02-17 02:00:00+00:00,Graphic Road,23.64
2025-02-17 03:00:00+00:00,Graphic Road,22.53
2025-02-17 04:00:00+00:00,Graphic Road,27.29
2025-02-17 05:00:00+00:00,Graphic Road,44.44
2025-02-17 07:00:00+00:00,Graphic Road,42.77
2025-02-17 08:00:00+00:00,Graphic Road,42.19
2025-02-17 09:00:00+00:00,Graphic Road,33.46
2025-02-17 11:00:00+00:00,Graphic Road,26.67
2025-02-17 12:00:00+00:00,Graphic Road,13.25
2025-02-17 13:00:00+00:00,Graphic Road,12.91
2025-02-17 14:00:00+00:00,Graphic Road,12.57
2025-02-17 15:00:00+00:00,Graphic Road,11.27
2025-02-17 16:00:00+00:00,Graphic Road,12.52
2025-02-17 17:00:00+00:00,Graphic Road,13.28
2025-02-17 18:00:00+00:00,Graphic Road,12.34
2025-02-17 19:00:00+00:00,Graphic Road,14.36
2025-02-17 20:00:00+00:00,Graphic Road,16.84
2025-02-17 21:00:00+00:00,Graphic Road,20.19
2025-02-17 22:00:00+00:00,Graphic Road,21.08
2025-02-17 23:00:00+00:00,Graphic Road,27.52
2025-02-18 00:00:00+00:00,Graphic Road,23.48
2025-02-18 01:00:00+00:00,Graphic Road,22.3
2025-02-18 02:00:00+00:00,Graphic Road,29.91
2025-02-18 03:00:00+00:00,Graphic Road,48.85
2025-02-18 04:00:00+00:00,Graphic Road,44.3
2025-02-18 05:00:00+00:00,Graphic Road,40.33
2025-02-18 07:00:00+00:00,Graphic Road,45.97
2025-02-18 08:00:00+00:00,Graphic Road,43.37
2025-02-18 09:00:00+00:00,Graphic Road,29.33
2025-02-18 11:00:00+00:00,Graphic Road,13.76
2025-02-18 13:00:00+00:00,Graphic Road,20.14
2025-02-18 14:00:00+00:00,Graphic Road,29.59
2025-02-18 15:00:00+00:00,Graphic Road,13.05
2025-02-18 16:00:00+00:00,Graphic Road,14.04
2025-02-18 17:00:00+00:00,Graphic Road,19.86
2025-02-18 18:00:00+00:00,Graphic Road,17.07
2025-02-18 19:00:00+00:00,Graphic Road,31.25
2025-02-18 20:00:00+00:00,Graphic Road,36.88
2025-02-18 21:00:00+00:00,Graphic Road,36.63
2025-02-18 22:00:00+00:00,Graphic Road,20.09
2025-02-18 23:00:00+00:00,Graphic Road,35.02
2025-02-19 02:00:00+00:00,Graphic Road,17.86
2025-02-19 03:00:00+00:00,Graphic Road,21.23
2025-02-19 05:00:00+00:00,Graphic Road,33.4
2025-02-19 08:00:00+00:00,Graphic Road,13.97
2025-02-19 09:00:00+00:00,Graphic Road,10.08
2025-02-19 10:00:00+00:00,Graphic Road,9.36
2025-02-19 11:00:00+00:00,Graphic Road,9.92
2025-02-19 12:00:00+00:00,Graphic Road,9.56
2025-02-19 13:00:00+00:00,Graphic Road,14.87
2025-02-19 16:00:00+00:00,Graphic Road,32.95
2025-02-19 17:00:00+00:00,Graphic Road,43.14
2025-02-19 18:00:00+00:00,Graphic Road,13.62
2025-02-19 19:00:00+00:00,Graphic Road,22.54
2025-02-19 22:00:00+00:00,Graphic Road,31.95
2025-02-19 23:00:00+00:00,Graphic Road,27.26
2025-02-20 01:00:00+00:00,Graphic Road,20.73
2025-02-20 02:00:00+00:00,Graphic Road,20.07
2025-02-20 03:00:00+00:00,Graphic Road,29.42
2025-02-20 06:00:00+00:00,Graphic Road,40.74
2025-02-20 07:00:00+00:00,Graphic Road,39.89
2025-02-20 09:00:00+00:00,Graphic Road,32.56
2025-02-20 10:00:00+00:00,Graphic Road,26.79
2025-02-20 11:00:00+00:00,Graphic Road,32.72
2025-02-20 14:00:00+00:00,Graphic Road,10.79
2025-02-20 15:00:00+00:00,Graphic Road,9.9
2025-02-20 18:00:00+00:00,Graphic Road,13.21
2025-02-20 19:00:00+00:00,Graphic Road,20.73
2025-02-20 21:00:00+00:00,Graphic Road,24.41
2025-02-20 22:00:00+00:00,Graphic Road,23.24
2025-02-20 23:00:00+00:00,Graphic Road,22.84
2025-02-21 00:00:00+00:00,Graphic Road,23.41
2025-02-21 01:00:00+00:00,Graphic Road,21.58
2025-02-21 03:00:00+00:00,Graphic Road,31.73
2025-02-21 04:00:00+00:00,Graphic Road,36.9
2025-02-21 09:00:00+00:00,Graphic Road,18.95
2025-02-21 10:00:00+00:00,Graphic Road,13.97
2025-02-21 11:00:00+00:00,Graphic Road,9.52
2025-02-21 12:00:00+00:00,Graphic Road,10.84
2025-02-21 13:00:00+00:00,Graphic Road,11.56
2025-02-21 14:00:00+00:00,Graphic Road,16.28
2025-02-21 15:00:00+00:00,Graphic Road,12.16
2025-02-21 19:00:00+00:00,Graphic Road,23.45
2025-02-21 20:00:00+00:00,Graphic Road,26.08
2025-02-21 21:00:00+00:00,Graphic Road,38.96
2025-02-21 23:00:00+00:00,Graphic Road,33.78
2025-02-22 02:00:00+00:00,Graphic Road,46.4
2025-02-22 03:00:00+00:00,Graphic Road,34.98
2025-02-22 04:00:00+00:00,Graphic Road,65.02
2025-02-22 05:00:00+00:00,Graphic Road,62.89
2025-02-22 06:00:00+00:00,Graphic Road,59.93
2025-02-22 07:00:00+00:00,Graphic Road,65.24
2025-02-22 08:00:00+00:00,Graphic Road,48.34
2025-02-22 09:00:00+00:00,Graphic Road,42.85
2025-02-22 12:00:00+00:00,Graphic Road,9.32
2025-02-22 13:00:00+00:00,Graphic Road,11.46
2025-02-22 14:00:00+00:00,Graphic Road,10.12
2025-02-22 15:00:00+00:00,Graphic Road,10.72
2025-02-22 16:00:00+00:00,Graphic Road,12.35
2025-02-22 17:00:00+00:00,Graphic Road,38.3
2025-02-22 18:00:00+00:00,Graphic Road,28.43
2025-02-22 19:00:00+00:00,Graphic Road,48.89
2025-02-22 20:00:00+00:00,Graphic Road,30.38
2025-02-22 21:00:00+00:00,Graphic Road,22.16
2025-02-22 22:00:00+00:00,Graphic Road,25.31
2025-02-22 23:00:00+00:00,Graphic Road,23.64
2025-02-23 00:00:00+00:00,Graphic Road,24.21
2025-02-23 01:00:00+00:00,Graphic Road,22.01
2025-02-23 02:00:00+00:00,Graphic Road,14.46
2025-02-23 03:00:00+00:00,Graphic Road,19.46
2025-02-23 04:00:00+00:00,Graphic Road,22.07
2025-02-23 05:00:00+00:00,Graphic Road,26.63
2025-02-23 07:00:00+00:00,Graphic Road,32.11
2025-02-23 08:00:00+00:00,Graphic Road,42.86
2025-02-23 09:00:00+00:00,Graphic Road,38.89
2025-02-23 11:00:00+00:00,Graphic Road,33.86
2025-02-23 12:00:00+00:00,Graphic Road,26.26
2025-02-23 13:00:00+00:00,Graphic Road,30.48
2025-02-23 14:00:00+00:00,Graphic Road,35.15
2025-02-23 15:00:00+00:00,Graphic Road,22.79
2025-02-23 16:00:00+00:00,Graphic Road,15.06
2025-02-23 17:00:00+00:00,Graphic Road,28.67
2025-02-23 18:00:00+00:00,Graphic Road,21.68
2025-02-23 19:00:00+00:00,Graphic Road,43.11
2025-02-23 23:00:00+00:00,Graphic Road,35.03
2025-02-24 01:00:00+00:00,Graphic Road,45.61
2025-02-24 02:00:00+00:00,Graphic Road,45.89
2025-02-24 03:00:00+00:00,Graphic Road,39.14
2025-02-24 04:00:00+00:00,Graphic Road,46.48
2025-02-24 05:00:00+00:00,Graphic Road,42.22
2025-02-24 08:00:00+00:00,Graphic Road,47.23
2025-02-24 09:00:00+00:00,Graphic Road,46.94
2025-02-24 11:00:00+00:00,Graphic Road,17.46
2025-02-24 12:00:00+00:00,Graphic Road,16.36
2025-02-24 13:00:00+00:00,Graphic Road,9.65
2025-02-24 16:00:00+00:00,Graphic Road,12.83
2025-02-24 17:00:00+00:00,Graphic Road,13.31
2025-02-24 18:00:00+00:00,Graphic Road,26.13
2025-02-24 19:00:00+00:00,Graphic Road,26.65
2025-02-24 20:00:00+00:00,Graphic Road,24.42
2025-02-24 23:00:00+00:00,Graphic Road,17.98
2025-02-25 01:00:00+00:00,Graphic Road,14.73
2025-02-25 02:00:00+00:00,Graphic Road,28.36
2025-02-25 03:00:00+00:00,Graphic Road,21.54
2025-02-25 04:00:00+00:00,Graphic Road,42.16
2025-02-25 05:00:00+00:00,Graphic Road,49.46
2025-02-25 06:00:00+00:00,Graphic Road,55.68
2025-02-25 07:00:00+00:00,Graphic Road,48.53
2025-02-25 08:00:00+00:00,Graphic Road,27.5
2025-02-25 09:00:00+00:00,Graphic Road,24.24
2025-02-25 10:00:00+00:00,Graphic Road,20.93
2025-02-25 11:00:00+00:00,Graphic Road,16.06
2025-02-25 12:00:00+00:00,Graphic Road,8.95
2025-02-25 13:00:00+00:00,Graphic Road,8.57
2025-02-25 14:00:00+00:00,Graphic Road,9.96
2025-02-25 15:00:00+00:00,Graphic Road,10.39
2025-02-25 16:00:00+00:00,Graphic Road,9.95
2025-02-25 17:00:00+00:00,Graphic Road,7.86
2025-02-25 18:00:00+00:00,Graphic Road,10.31
2025-02-25 19:00:00+00:00,Graphic Road,16.18
2025-02-25 20:00:00+00:00,Graphic Road,21.02
2025-02-25 21:00:00+00:00,Graphic Road,28.75
2025-02-25 23:00:00+00:00,Graphic Road,18.27
2025-02-26 02:00:00+00:00,Graphic Road,23.3
2025-02-26 03:00:00+00:00,Graphic Road,19.34
2025-02-26 04:00:00+00:00,Graphic Road,26.75
2025-02-26 05:00:00+00:00,Graphic Road,42.95
2025-02-26 06:00:00+00:00,Graphic Road,39.55
2025-02-26 07:00:00+00:00,Graphic Road,37.03
2025-02-26 08:00:00+00:00,Graphic Road,28.33
2025-02-26 09:00:00+00:00,Graphic Road,23.28
2025-02-26 10:00:00+00:00,Graphic Road,33.92
2025-02-26 11:00:00+00:00,Graphic Road,23.95
2025-02-26 13:00:00+00:00,Graphic Road,9.16
2025-02-26 15:00:00+00:00,Graphic Road,9.87
2025-02-26 16:00:00+00:00,Graphic Road,11.11
2025-02-26 17:00:00+00:00,Graphic Road,15.52
2025-02-26 18:00:00+00:00,Graphic Road,28.94
2025-02-27 03:00:00+00:00,Graphic Road,20.18
2025-02-27 04:00:00+00:00,Graphic Road,27.49
2025-02-27 05:00:00+00:00,Graphic Road,28.36
2025-02-27 07:00:00+00:00,Graphic Road,37.14
2025-02-27 10:00:00+00:00,Graphic Road,13.06
2025-02-27 11:00:00+00:00,Graphic Road,12.91
2025-02-27 12:00:00+00:00,Graphic Road,16.04
2025-02-27 13:00:00+00:00,Graphic Road,18.1
2025-02-27 14:00:00+00:00,Graphic Road,28.03
2025-02-27 15:00:00+00:00,Graphic Road,18.02
2025-02-27 16:00:00+00:00,Graphic Road,25.06
2025-02-27 17:00:00+00:00,Graphic Road,21.45
2025-02-27 21:00:00+00:00,Graphic Road,33.28
2025-02-27 22:00:00+00:00,Graphic Road,23.25
2025-02-27 23:00:00+00:00,Graphic Road,31.38
2025-02-28 01:00:00+00:00,Graphic Road,31.5
2025-02-28 03:00:00+00:00,Graphic Road,28.91
2025-02-28 04:00:00+00:00,Graphic Road,31.31
2025-02-28 05:00:00+00:00,Graphic Road,47.36
2025-02-28 06:00:00+00:00,Graphic Road,30.92
2025-02-28 07:00:00+00:00,Graphic Road,31.36
2025-02-28 10:00:00+00:00,Graphic Road,16.98
2025-02-28 11:00:00+00:00,Graphic Road,14.7
2025-02-28 12:00:00+00:00,Graphic Road,16.16
2025-02-28 13:00:00+00:00,Graphic Road,15.73
2025-02-28 14:00:00+00:00,Graphic Road,17.57
2025-02-28 15:00:00+00:00,Graphic Road,24.74
2025-02-28 16:00:00+00:00,Graphic Road,41.52
2025-02-28 17:00:00+00:00,Graphic Road,36.53
2025-02-28 18:00:00+00:00,Graphic Road,16.27
2025-02-28 19:00:00+00:00,Graphic Road,20.22
2025-02-28 20:00:00+00:00,Graphic Road,17.23
2025-02-28 21:00:00+00:00,Graphic Road,30.5
2025-02-28 22:00:00+00:00,Graphic Road,24.51
2025-02-28 23:00:00+00:00,Graphic Road,26.03
2025-02-01 00:00:00+00:00,Kaneshie Market,27.18
2025-02-01 01:00:00+00:00,Kaneshie Market,37.36
2025-02-01 02:00:00+00:00,Kaneshie Market,22.87
2025-02-01 03:00:00+00:00,Kaneshie Market,49.82
2025-02-01 04:00:00+00:00,Kaneshie Market,49.95
2025-02-01 05:00:00+00:00,Kaneshie Market,51.34
2025-02-01 06:00:00+00:00,Kaneshie Market,68.77
2025-02-01 08:00:00+00:00,Kaneshie Market,53.84
2025-02-01 09:00:00+00:00,Kaneshie Market,34.75
2025-02-01 10:00:00+00:00,Kaneshie Market,32.99
2025-02-01 13:00:00+00:00,Kaneshie Market,22.43
2025-02-01 14:00:00+00:00,Kaneshie Market,25.1
2025-02-01 15:00:00+00:00,Kaneshie Market,21.95
2025-02-01 17:00:00+00:00,Kaneshie Market,34.07
2025-02-01 20:00:00+00:00,Kaneshie Market,31.44
2025-02-01 21:00:00+00:00,Kaneshie Market,30.5
2025-02-01 22:00:00+00:00,Kaneshie Market,33.81
2025-02-02 01:00:00+00:00,Kaneshie Market,40.55
2025-02-02 02:00:00+00:00,Kaneshie Market,46.02
2025-02-02 03:00:00+00:00,Kaneshie Market,41.77
2025-02-02 04:00:00+00:00,Kaneshie Market,40.63
2025-02-02 05:00:00+00:00,Kaneshie Market,53.12
2025-02-02 06:00:00+00:00,Kaneshie Market,62.0
2025-02-02 09:00:00+00:00,Kaneshie Market,41.35
2025-02-02 12:00:00+00:00,Kaneshie Market,20.14
2025-02-02 13:00:00+00:00,Kaneshie Market,12.09
2025-02-02 15:00:00+00:00,Kaneshie Market,36.32
2025-02-02 16:00:00+00:00,Kaneshie Market,31.66
2025-02-02 19:00:00+00:00,Kaneshie Market,54.09
2025-02-03 00:00:00+00:00,Kaneshie Market,68.98
2025-02-03 08:00:00+00:00,Kaneshie Market,56.37
2025-02-03 20:00:00+00:00,Kaneshie Market,45.2
2025-02-04 03:00:00+00:00,Kaneshie Market,43.65
2025-02-04 04:00:00+00:00,Kaneshie Market,47.3
2025-02-04 07:00:00+00:00,Kaneshie Market,54.07
2025-02-04 08:00:00+00:00,Kaneshie Market,51.19
2025-02-04 09:00:00+00:00,Kaneshie Market,43.06
2025-02-04 10:00:00+00:00,Kaneshie Market,39.64
2025-02-04 11:00:00+00:00,Kaneshie Market,41.25
2025-02-04 12:00:00+00:00,Kaneshie Market,33.7
2025-02-04 13:00:00+00:00,Kaneshie Market,32.56
2025-02-04 14:00:00+00:00,Kaneshie Market,37.57
2025-02-04 15:00:00+00:00,Kaneshie Market,38.92
2025-02-04 19:00:00+00:00,Kaneshie Market,41.73
2025-02-04 20:00:00+00:00,Kaneshie Market,35.04
2025-02-04 21:00:00+00:00,Kaneshie Market,32.21
2025-02-04 22:00:00+00:00,Kaneshie Market,31.89
2025-02-04 23:00:00+00:00,Kaneshie Market,32.09
2025-02-05 00:00:00+00:00,Kaneshie Market,37.91
2025-02-05 01:00:00+00:00,Kaneshie Market,33.92
2025-02-05 02:00:00+00:00,Kaneshie Market,35.2
2025-02-05 05:00:00+00:00,Kaneshie Market,61.18
2025-02-05 06:00:00+00:00,Kaneshie Market,68.01
2025-02-05 08:00:00+00:00,Kaneshie Market,55.13
2025-02-05 09:00:00+00:00,Kaneshie Market,49.14
2025-02-05 13:00:00+00:00,Kaneshie Market,30.36
2025-02-05 14:00:00+00:00,Kaneshie Market,34.38
2025-02-05 17:00:00+00:00,Kaneshie Market,35.3
2025-02-05 18:00:00+00:00,Kaneshie Market,36.98
2025-02-05 19:00:00+00:00,Kaneshie Market,48.82
2025-02-05 20:00:00+00:00,Kaneshie Market,40.8
2025-02-05 21:00:00+00:00,Kaneshie Market,35.22
2025-02-05 22:00:00+00:00,Kaneshie Market,30.81
2025-02-05 23:00:00+00:00,Kaneshie Market,53.82
2025-02-06 01:00:00+00:00,Kaneshie Market,25.68
2025-02-06 02:00:00+00:00,Kaneshie Market,27.54
2025-02-06 04:00:00+00:00,Kaneshie Market,71.25
2025-02-06 05:00:00+00:00,Kaneshie Market,70.15
2025-02-06 06:00:00+00:00,Kaneshie Market,65.72
2025-02-06 15:00:00+00:00,Kaneshie Market,26.46
2025-02-06 16:00:00+00:00,Kaneshie Market,26.13
2025-02-06 19:00:00+00:00,Kaneshie Market,32.39
2025-02-06 22:00:00+00:00,Kaneshie Market,26.51
2025-02-06 23:00:00+00:00,Kaneshie Market,25.25
2025-02-07 03:00:00+00:00,Kaneshie Market,32.65
2025-02-07 05:00:00+00:00,Kaneshie Market,53.01
2025-02-07 07:00:00+00:00,Kaneshie Market,58.93
2025-02-07 08:00:00+00:00,Kaneshie Market,51.61
2025-02-07 09:00:00+00:00,Kaneshie Market,35.77
2025-02-07 10:00:00+00:00,Kaneshie Market,36.48
2025-02-07 11:00:00+00:00,Kaneshie Market,31.55
2025-02-07 12:00:00+00:00,Kaneshie Market,27.97
2025-02-07 13:00:00+00:00,Kaneshie Market,29.43
2025-02-07 15:00:00+00:00,Kaneshie Market,30.31
2025-02-07 16:00:00+00:00,Kaneshie Market,30.86
2025-02-07 17:00:00+00:00,Kaneshie Market,35.11
2025-02-07 18:00:00+00:00,Kaneshie Market,43.83
2025-02-07 20:00:00+00:00,Kaneshie Market,35.25
2025-02-07 21:00:00+00:00,Kaneshie Market,30.24
2025-02-07 22:00:00+00:00,Kaneshie Market,27.88
2025-02-08 00:00:00+00:00,Kaneshie Market,24.45
2025-02-08 01:00:00+00:00,Kaneshie Market,24.13
2025-02-08 02:00:00+00:00,Kaneshie Market,30.71
2025-02-08 04:00:00+00:00,Kaneshie Market,34.16
2025-02-08 05:00:00+00:00,Kaneshie Market,51.37
2025-02-08 07:00:00+00:00,Kaneshie Market,55.46
2025-02-08 08:00:00+00:00,Kaneshie Market,42.5
2025-02-08 09:00:00+00:00,Kaneshie Market,40.01
2025-02-08 10:00:00+00:00,Kaneshie Market,31.9
2025-02-08 11:00:00+00:00,Kaneshie Market,28.92
2025-02-08 12:00:00+00:00,Kaneshie Market,27.06
2025-02-08 15:00:00+00:00,Kaneshie Market,27.78
2025-02-08 16:00:00+00:00,Kaneshie Market,28.44
2025-02-08 17:00:00+00:00,Kaneshie Market,31.36
2025-02-08 18:00:00+00:00,Kaneshie Market,33.59
2025-02-08 19:00:00+00:00,Kaneshie Market,35.09
2025-02-08 20:00:00+00:00,Kaneshie Market,32.14
2025-02-08 21:00:00+00:00,Kaneshie Market,34.49
2025-02-08 22:00:00+00:00,Kaneshie Market,18.63
2025-02-09 01:00:00+00:00,Kaneshie Market,18.06
2025-02-09 02:00:00+00:00,Kaneshie Market,19.28
2025-02-09 03:00:00+00:00,Kaneshie Market,17.18
2025-02-09 04:00:00+00:00,Kaneshie Market,23.17
2025-02-09 05:00:00+00:00,Kaneshie Market,30.89
2025-02-09 06:00:00+00:00,Kaneshie Market,35.12
2025-02-09 09:00:00+00:00,Kaneshie Market,28.04
2025-02-09 10:00:00+00:00,Kaneshie Market,24.11
2025-02-09 11:00:00+00:00,Kaneshie Market,26.06
2025-02-09 12:00:00+00:00,Kaneshie Market,17.92
2025-02-09 13:00:00+00:00,Kaneshie Market,17.46
2025-02-09 14:00:00+00:00,Kaneshie Market,16.9
2025-02-09 17:00:00+00:00,Kaneshie Market,21.48
2025-02-09 18:00:00+00:00,Kaneshie Market,25.35
2025-02-09 19:00:00+00:00,Kaneshie Market,27.77
2025-02-09 20:00:00+00:00,Kaneshie Market,43.04
2025-02-09 22:00:00+00:00,Kaneshie Market,26.17
2025-02-10 01:00:00+00:00,Kaneshie Market,20.34
2025-02-10 02:00:00+00:00,Kaneshie Market,25.41
2025-02-10 03:00:00+00:00,Kaneshie Market,42.28
2025-02-10 04:00:00+00:00,Kaneshie Market,33.95
2025-02-10 05:00:00+00:00,Kaneshie Market,44.52
2025-02-10 06:00:00+00:00,Kaneshie Market,50.5
2025-02-10 07:00:00+00:00,Kaneshie Market,49.22
2025-02-10 09:00:00+00:00,Kaneshie Market,34.6
2025-02-10 10:00:00+00:00,Kaneshie Market,37.47
2025-02-10 11:00:00+00:00,Kaneshie Market,27.92
2025-02-10 12:00:00+00:00,Kaneshie Market,24.22
2025-02-10 13:00:00+00:00,Kaneshie Market,22.82
2025-02-10 15:00:00+00:00,Kaneshie Market,22.28
2025-02-10 16:00:00+00:00,Kaneshie Market,23.94
2025-02-10 17:00:00+00:00,Kaneshie Market,26.31
2025-02-10 18:00:00+00:00,Kaneshie Market,35.45
2025-02-10 20:00:00+00:00,Kaneshie Market,20.79
2025-02-10 22:00:00+00:00,Kaneshie Market,18.89
2025-02-10 23:00:00+00:00,Kaneshie Market,17.97
2025-02-11 00:00:00+00:00,Kaneshie Market,13.81
2025-02-11 01:00:00+00:00,Kaneshie Market,14.76
2025-02-11 02:00:00+00:00,Kaneshie Market,13.82
2025-02-11 03:00:00+00:00,Kaneshie Market,18.07
2025-02-11 05:00:00+00:00,Kaneshie Market,38.46
2025-02-11 06:00:00+00:00,Kaneshie Market,47.31
2025-02-11 07:00:00+00:00,Kaneshie Market,43.32
2025-02-11 08:00:00+00:00,Kaneshie Market,36.73
2025-02-11 10:00:00+00:00,Kaneshie Market,28.81
2025-02-11 11:00:00+00:00,Kaneshie Market,26.51
2025-02-11 14:00:00+00:00,Kaneshie Market,22.07
2025-02-11 15:00:00+00:00,Kaneshie Market,20.98
2025-02-11 16:00:00+00:00,Kaneshie Market,23.25
2025-02-11 17:00:00+00:00,Kaneshie Market,30.4
2025-02-11 18:00:00+00:00,Kaneshie Market,36.12
2025-02-11 19:00:00+00:00,Kaneshie Market,33.3
2025-02-11 21:00:00+00:00,Kaneshie Market,25.97
2025-02-11 22:00:00+00:00,Kaneshie Market,30.42
2025-02-11 23:00:00+00:00,Kaneshie Market,25.97
2025-02-12 00:00:00+00:00,Kaneshie Market,23.19
2025-02-12 01:00:00+00:00,Kaneshie Market,20.46
2025-02-12 02:00:00+00:00,Kaneshie Market,19.38
2025-02-12 03:00:00+00:00,Kaneshie Market,23.15
2025-02-12 04:00:00+00:00,Kaneshie Market,31.3
2025-02-12 05:00:00+00:00,Kaneshie Market,44.93
2025-02-12 06:00:00+00:00,Kaneshie Market,49.6
2025-02-12 07:00:00+00:00,Kaneshie Market,49.47
2025-02-12 08:00:00+00:00,Kaneshie Market,38.52
2025-02-12 09:00:00+00:00,Kaneshie Market,26.64
2025-02-12 10:00:00+00:00,Kaneshie Market,30.84
2025-02-12 11:00:00+00:00,Kaneshie Market,28.28
2025-02-12 12:00:00+00:00,Kaneshie Market,21.89
2025-02-12 13:00:00+00:00,Kaneshie Market,21.13
2025-02-12 14:00:00+00:00,Kaneshie Market,23.11
2025-02-12 16:00:00+00:00,Kaneshie Market,25.32
2025-02-12 17:00:00+00:00,Kaneshie Market,32.88
2025-02-12 18:00:00+00:00,Kaneshie Market,35.87
2025-02-12 19:00:00+00:00,Kaneshie Market,31.5
2025-02-12 21:00:00+00:00,Kaneshie Market,23.26
2025-02-12 22:00:00+00:00,Kaneshie Market,26.86
2025-02-13 00:00:00+00:00,Kaneshie Market,21.43
2025-02-13 01:00:00+00:00,Kaneshie Market,24.72
2025-02-13 02:00:00+00:00,Kaneshie Market,19.56
2025-02-13 03:00:00+00:00,Kaneshie Market,28.54
2025-02-13 04:00:00+00:00,Kaneshie Market,40.55
2025-02-13 05:00:00+00:00,Kaneshie Market,44.82
2025-02-13 06:00:00+00:00,Kaneshie Market,50.08
2025-02-13 07:00:00+00:00,Kaneshie Market,62.55
2025-02-13 08:00:00+00:00,Kaneshie Market,39.15
2025-02-13 09:00:00+00:00,Kaneshie Market,35.13
2025-02-13 10:00:00+00:00,Kaneshie Market,29.19
2025-02-13 11:00:00+00:00,Kaneshie Market,29.28
2025-02-13 13:00:00+00:00,Kaneshie Market,28.09
2025-02-13 14:00:00+00:00,Kaneshie Market,25.51
2025-02-13 15:00:00+00:00,Kaneshie Market,22.59
2025-02-13 16:00:00+00:00,Kaneshie Market,22.48
2025-02-13 17:00:00+00:00,Kaneshie Market,33.7
2025-02-13 18:00:00+00:00,Kaneshie Market,27.71
2025-02-13 19:00:00+00:00,Kaneshie Market,34.99
2025-02-13 20:00:00+00:00,Kaneshie Market,31.25
2025-02-13 21:00:00+00:00,Kaneshie Market,24.2
2025-02-13 22:00:00+00:00,Kaneshie Market,21.8
2025-02-13 23:00:00+00:00,Kaneshie Market,20.26
2025-02-14 00:00:00+00:00,Kaneshie Market,19.86
2025-02-14 01:00:00+00:00,Kaneshie Market,17.95
2025-02-14 02:00:00+00:00,Kaneshie Market,18.95
2025-02-14 03:00:00+00:00,Kaneshie Market,29.12
2025-02-14 04:00:00+00:00,Kaneshie Market,46.37
2025-02-14 05:00:00+00:00,Kaneshie Market,39.31
2025-02-14 06:00:00+00:00,Kaneshie Market,54.19
2025-02-14 07:00:00+00:00,Kaneshie Market,48.67
2025-02-14 08:00:00+00:00,Kaneshie Market,36.32
2025-02-14 09:00:00+00:00,Kaneshie Market,30.18
2025-02-14 10:00:00+00:00,Kaneshie Market,29.79
2025-02-14 11:00:00+00:00,Kaneshie Market,32.16
2025-02-14 12:00:00+00:00,Kaneshie Market,24.18
2025-02-14 13:00:00+00:00,Kaneshie Market,23.04
2025-02-14 14:00:00+00:00,Kaneshie Market,21.56
2025-02-14 15:00:00+00:00,Kaneshie Market,21.87
2025-02-14 16:00:00+00:00,Kaneshie Market,25.95
2025-02-14 17:00:00+00:00,Kaneshie Market,25.16
2025-02-14 18:00:00+00:00,Kaneshie Market,32.54
2025-02-14 19:00:00+00:00,Kaneshie Market,29.04
2025-02-14 20:00:00+00:00,Kaneshie Market,28.66
2025-02-14 21:00:00+00:00,Kaneshie Market,22.87
2025-02-14 22:00:00+00:00,Kaneshie Market,23.66
2025-02-14 23:00:00+00:00,Kaneshie Market,27.19
2025-02-15 00:00:00+00:00,Kaneshie Market,19.83
2025-02-15 02:00:00+00:00,Kaneshie Market,20.49
2025-02-15 03:00:00+00:00,Kaneshie Market,28.94
2025-02-15 04:00:00+00:00,Kaneshie Market,40.78
2025-02-15 05:00:00+00:00,Kaneshie Market,51.08
2025-02-15 06:00:00+00:00,Kaneshie Market,56.12
2025-02-15 07:00:00+00:00,Kaneshie Market,44.06
2025-02-15 09:00:00+00:00,Kaneshie Market,32.94
2025-02-15 10:00:00+00:00,Kaneshie Market,35.57
2025-02-15 11:00:00+00:00,Kaneshie Market,29.18
2025-02-15 12:00:00+00:00,Kaneshie Market,24.93
2025-02-15 13:00:00+00:00,Kaneshie Market,25.24
2025-02-15 14:00:00+00:00,Kaneshie Market,24.62
2025-02-15 15:00:00+00:00,Kaneshie Market,23.15
2025-02-15 16:00:00+00:00,Kaneshie Market,23.81
2025-02-15 17:00:00+00:00,Kaneshie Market,25.37
2025-02-15 18:00:00+00:00,Kaneshie Market,42.26
2025-02-15 19:00:00+00:00,Kaneshie Market,49.56
2025-02-15 20:00:00+00:00,Kaneshie Market,37.53
2025-02-15 21:00:00+00:00,Kaneshie Market,34.42
2025-02-15 22:00:00+00:00,Kaneshie Market,33.75
2025-02-15 23:00:00+00:00,Kaneshie Market,27.36
2025-02-16 00:00:00+00:00,Kaneshie Market,24.63
2025-02-16 01:00:00+00:00,Kaneshie Market,27.43
2025-02-16 02:00:00+00:00,Kaneshie Market,33.06
2025-02-16 03:00:00+00:00,Kaneshie Market,28.72
2025-02-16 04:00:00+00:00,Kaneshie Market,36.43
2025-02-16 05:00:00+00:00,Kaneshie Market,36.29
2025-02-16 06:00:00+00:00,Kaneshie Market,51.32
2025-02-16 07:00:00+00:00,Kaneshie Market,62.37
2025-02-16 09:00:00+00:00,Kaneshie Market,44.33
2025-02-16 10:00:00+00:00,Kaneshie Market,35.86
2025-02-16 11:00:00+00:00,Kaneshie Market,29.96
2025-02-16 12:00:00+00:00,Kaneshie Market,23.71
2025-02-16 13:00:00+00:00,Kaneshie Market,21.85
2025-02-16 14:00:00+00:00,Kaneshie Market,19.98
2025-02-16 15:00:00+00:00,Kaneshie Market,21.17
2025-02-16 16:00:00+00:00,Kaneshie Market,23.08
2025-02-16 17:00:00+00:00,Kaneshie Market,26.18
2025-02-16 18:00:00+00:00,Kaneshie Market,28.52
2025-02-16 19:00:00+00:00,Kaneshie Market,29.04
2025-02-16 20:00:00+00:00,Kaneshie Market,27.78
2025-02-16 21:00:00+00:00,Kaneshie Market,24.37
2025-02-16 22:00:00+00:00,Kaneshie Market,27.89
2025-02-16 23:00:00+00:00,Kaneshie Market,30.17
2025-02-17 01:00:00+00:00,Kaneshie Market,24.51
2025-02-17 02:00:00+00:00,Kaneshie Market,22.22
2025-02-17 04:00:00+00:00,Kaneshie Market,30.88
2025-02-17 05:00:00+00:00,Kaneshie Market,45.91
2025-02-17 07:00:00+00:00,Kaneshie Market,45.42
2025-02-17 08:00:00+00:00,Kaneshie Market,43.9
2025-02-17 09:00:00+00:00,Kaneshie Market,34.81
2025-02-17 11:00:00+00:00,Kaneshie Market,27.71
2025-02-17 12:00:00+00:00,Kaneshie Market,26.55
2025-02-17 13:00:00+00:00,Kaneshie Market,25.76
2025-02-17 14:00:00+00:00,Kaneshie Market,27.3
2025-02-17 15:00:00+00:00,Kaneshie Market,24.71
2025-02-17 16:00:00+00:00,Kaneshie Market,26.58
2025-02-17 17:00:00+00:00,Kaneshie Market,33.44
2025-02-17 18:00:00+00:00,Kaneshie Market,31.81
2025-02-17 19:00:00+00:00,Kaneshie Market,36.29
2025-02-17 20:00:00+00:00,Kaneshie Market,29.88
2025-02-17 21:00:00+00:00,Kaneshie Market,31.08
2025-02-17 22:00:00+00:00,Kaneshie Market,27.42
2025-02-17 23:00:00+00:00,Kaneshie Market,26.65
2025-02-18 00:00:00+00:00,Kaneshie Market,28.25
2025-02-18 01:00:00+00:00,Kaneshie Market,24.64
2025-02-18 02:00:00+00:00,Kaneshie Market,22.5
2025-02-18 03:00:00+00:00,Kaneshie Market,25.91
2025-02-18 04:00:00+00:00,Kaneshie Market,36.15
2025-02-18 05:00:00+00:00,Kaneshie Market,41.29
2025-02-18 07:00:00+00:00,Kaneshie Market,51.18
2025-02-18 08:00:00+00:00,Kaneshie Market,44.18
2025-02-18 09:00:00+00:00,Kaneshie Market,48.95
2025-02-18 10:00:00+00:00,Kaneshie Market,43.19
2025-02-18 11:00:00+00:00,Kaneshie Market,26.91
2025-02-18 13:00:00+00:00,Kaneshie Market,24.17
2025-02-18 14:00:00+00:00,Kaneshie Market,24.42
2025-02-18 15:00:00+00:00,Kaneshie Market,23.78
2025-02-18 16:00:00+00:00,Kaneshie Market,29.15
2025-02-18 18:00:00+00:00,Kaneshie Market,33.42
2025-02-18 19:00:00+00:00,Kaneshie Market,38.11
2025-02-18 20:00:00+00:00,Kaneshie Market,31.11
2025-02-18 21:00:00+00:00,Kaneshie Market,30.75
2025-02-18 22:00:00+00:00,Kaneshie Market,28.9
2025-02-18 23:00:00+00:00,Kaneshie Market,26.83
2025-02-19 02:00:00+00:00,Kaneshie Market,24.56
2025-02-19 03:00:00+00:00,Kaneshie Market,27.95
2025-02-19 04:00:00+00:00,Kaneshie Market,37.48
2025-02-19 05:00:00+00:00,Kaneshie Market,42.96
2025-02-19 06:00:00+00:00,Kaneshie Market,33.58
2025-02-19 08:00:00+00:00,Kaneshie Market,26.24
2025-02-19 09:00:00+00:00,Kaneshie Market,30.3
2025-02-19 10:00:00+00:00,Kaneshie Market,22.37
2025-02-19 11:00:00+00:00,Kaneshie Market,21.06
2025-02-19 12:00:00+00:00,Kaneshie Market,21.39
2025-02-19 13:00:00+00:00,Kaneshie Market,21.79
2025-02-19 16:00:00+00:00,Kaneshie Market,23.04
2025-02-19 17:00:00+00:00,Kaneshie Market,25.28
2025-02-19 18:00:00+00:00,Kaneshie Market,28.46
2025-02-19 22:00:00+00:00,Kaneshie Market,28.65
2025-02-19 23:00:00+00:00,Kaneshie Market,28.12
2025-02-20 01:00:00+00:00,Kaneshie Market,22.34
2025-02-20 02:00:00+00:00,Kaneshie Market,23.81
2025-02-20 03:00:00+00:00,Kaneshie Market,34.97
2025-02-20 04:00:00+00:00,Kaneshie Market,33.88
2025-02-20 06:00:00+00:00,Kaneshie Market,54.3
2025-02-20 07:00:00+00:00,Kaneshie Market,50.5
2025-02-20 09:00:00+00:00,Kaneshie Market,39.39
2025-02-20 10:00:00+00:00,Kaneshie Market,34.63
2025-02-20 14:00:00+00:00,Kaneshie Market,24.12
2025-02-20 15:00:00+00:00,Kaneshie Market,23.95
2025-02-20 16:00:00+00:00,Kaneshie Market,27.43
2025-02-20 18:00:00+00:00,Kaneshie Market,30.56
2025-02-20 19:00:00+00:00,Kaneshie Market,25.94
2025-02-20 20:00:00+00:00,Kaneshie Market,28.46
2025-02-20 21:00:00+00:00,Kaneshie Market,33.29
2025-02-20 22:00:00+00:00,Kaneshie Market,26.54
2025-02-21 00:00:00+00:00,Kaneshie Market,26.33
2025-02-21 01:00:00+00:00,Kaneshie Market,24.5
2025-02-21 02:00:00+00:00,Kaneshie Market,24.77
2025-02-21 03:00:00+00:00,Kaneshie Market,30.13
2025-02-21 04:00:00+00:00,Kaneshie Market,34.5
2025-02-21 05:00:00+00:00,Kaneshie Market,49.97
2025-02-21 08:00:00+00:00,Kaneshie Market,62.21
2025-02-21 09:00:00+00:00,Kaneshie Market,60.38
2025-02-21 10:00:00+00:00,Kaneshie Market,30.47
2025-02-21 12:00:00+00:00,Kaneshie Market,23.91
2025-02-21 13:00:00+00:00,Kaneshie Market,23.99
2025-02-21 14:00:00+00:00,Kaneshie Market,26.84
2025-02-21 15:00:00+00:00,Kaneshie Market,26.22
2025-02-21 19:00:00+00:00,Kaneshie Market,30.46
2025-02-21 20:00:00+00:00,Kaneshie Market,31.79
2025-02-21 23:00:00+00:00,Kaneshie Market,29.14
2025-02-22 00:00:00+00:00,Kaneshie Market,26.73
2025-02-22 02:00:00+00:00,Kaneshie Market,45.12
2025-02-22 03:00:00+00:00,Kaneshie Market,40.9
2025-02-22 04:00:00+00:00,Kaneshie Market,51.29
2025-02-22 05:00:00+00:00,Kaneshie Market,69.01
2025-02-22 06:00:00+00:00,Kaneshie Market,66.19
2025-02-22 07:00:00+00:00,Kaneshie Market,53.43
2025-02-22 08:00:00+00:00,Kaneshie Market,54.04
2025-02-22 09:00:00+00:00,Kaneshie Market,36.81
2025-02-22 10:00:00+00:00,Kaneshie Market,32.06
2025-02-22 12:00:00+00:00,Kaneshie Market,23.93
2025-02-22 13:00:00+00:00,Kaneshie Market,20.61
2025-02-22 14:00:00+00:00,Kaneshie Market,24.24
2025-02-22 15:00:00+00:00,Kaneshie Market,23.14
2025-02-22 16:00:00+00:00,Kaneshie Market,24.97
2025-02-22 17:00:00+00:00,Kaneshie Market,37.66
2025-02-22 18:00:00+00:00,Kaneshie Market,34.86
2025-02-22 20:00:00+00:00,Kaneshie Market,33.9
2025-02-22 22:00:00+00:00,Kaneshie Market,29.94
2025-02-23 00:00:00+00:00,Kaneshie Market,27.04
2025-02-23 01:00:00+00:00,Kaneshie Market,20.5
2025-02-23 02:00:00+00:00,Kaneshie Market,19.31
2025-02-23 03:00:00+00:00,Kaneshie Market,19.52
2025-02-23 04:00:00+00:00,Kaneshie Market,23.54
2025-02-23 05:00:00+00:00,Kaneshie Market,41.92
2025-02-23 06:00:00+00:00,Kaneshie Market,60.51
2025-02-23 07:00:00+00:00,Kaneshie Market,53.77
2025-02-23 08:00:00+00:00,Kaneshie Market,47.46
2025-02-23 11:00:00+00:00,Kaneshie Market,39.93
2025-02-23 12:00:00+00:00,Kaneshie Market,40.4
2025-02-23 13:00:00+00:00,Kaneshie Market,36.48
2025-02-23 14:00:00+00:00,Kaneshie Market,30.87
2025-02-23 15:00:00+00:00,Kaneshie Market,38.01
2025-02-23 16:00:00+00:00,Kaneshie Market,25.48
2025-02-23 17:00:00+00:00,Kaneshie Market,32.67
2025-02-23 18:00:00+00:00,Kaneshie Market,33.48
2025-02-23 19:00:00+00:00,Kaneshie Market,47.23
2025-02-23 23:00:00+00:00,Kaneshie Market,36.51
2025-02-24 01:00:00+00:00,Kaneshie Market,41.81
2025-02-24 02:00:00+00:00,Kaneshie Market,39.2
2025-02-24 03:00:00+00:00,Kaneshie Market,33.33
2025-02-24 04:00:00+00:00,Kaneshie Market,39.16
2025-02-24 08:00:00+00:00,Kaneshie Market,48.28
2025-02-24 09:00:00+00:00,Kaneshie Market,40.85
2025-02-24 11:00:00+00:00,Kaneshie Market,29.97
2025-02-24 12:00:00+00:00,Kaneshie Market,25.16
2025-02-24 16:00:00+00:00,Kaneshie Market,22.63
2025-02-24 18:00:00+00:00,Kaneshie Market,28.25
2025-02-24 19:00:00+00:00,Kaneshie Market,26.72
2025-02-24 20:00:00+00:00,Kaneshie Market,25.49
2025-02-24 21:00:00+00:00,Kaneshie Market,21.61
2025-02-24 23:00:00+00:00,Kaneshie Market,18.62
2025-02-25 00:00:00+00:00,Kaneshie Market,15.91
2025-02-25 01:00:00+00:00,Kaneshie Market,16.71
2025-02-25 02:00:00+00:00,Kaneshie Market,20.49
2025-02-25 04:00:00+00:00,Kaneshie Market,45.34
2025-02-25 05:00:00+00:00,Kaneshie Market,48.16
2025-02-25 06:00:00+00:00,Kaneshie Market,58.95
2025-02-25 07:00:00+00:00,Kaneshie Market,60.17
2025-02-25 08:00:00+00:00,Kaneshie Market,37.12
2025-02-25 09:00:00+00:00,Kaneshie Market,26.11
2025-02-25 10:00:00+00:00,Kaneshie Market,24.42
2025-02-25 11:00:00+00:00,Kaneshie Market,23.29
2025-02-25 12:00:00+00:00,Kaneshie Market,20.78
2025-02-25 13:00:00+00:00,Kaneshie Market,19.28
2025-02-25 14:00:00+00:00,Kaneshie Market,18.5
2025-02-25 15:00:00+00:00,Kaneshie Market,18.9
2025-02-25 16:00:00+00:00,Kaneshie Market,18.06
2025-02-25 17:00:00+00:00,Kaneshie Market,25.53
2025-02-25 18:00:00+00:00,Kaneshie Market,27.92
2025-02-25 19:00:00+00:00,Kaneshie Market,23.25
2025-02-25 20:00:00+00:00,Kaneshie Market,26.69
2025-02-25 23:00:00+00:00,Kaneshie Market,19.53
2025-02-26 00:00:00+00:00,Kaneshie Market,22.54
2025-02-26 02:00:00+00:00,Kaneshie Market,15.63
2025-02-26 03:00:00+00:00,Kaneshie Market,16.86
2025-02-26 04:00:00+00:00,Kaneshie Market,23.69
2025-02-26 05:00:00+00:00,Kaneshie Market,29.88
2025-02-26 06:00:00+00:00,Kaneshie Market,54.53
2025-02-26 08:00:00+00:00,Kaneshie Market,41.21
2025-02-26 09:00:00+00:00,Kaneshie Market,28.54
2025-02-26 10:00:00+00:00,Kaneshie Market,30.06
2025-02-26 13:00:00+00:00,Kaneshie Market,17.88
2025-02-26 15:00:00+00:00,Kaneshie Market,21.72
2025-02-26 16:00:00+00:00,Kaneshie Market,23.43
2025-02-26 17:00:00+00:00,Kaneshie Market,28.84
2025-02-26 18:00:00+00:00,Kaneshie Market,27.36
2025-02-27 03:00:00+00:00,Kaneshie Market,15.86
2025-02-27 04:00:00+00:00,Kaneshie Market,21.46
2025-02-27 05:00:00+00:00,Kaneshie Market,29.33
2025-02-27 06:00:00+00:00,Kaneshie Market,41.33
2025-02-27 07:00:00+00:00,Kaneshie Market,40.84
2025-02-27 08:00:00+00:00,Kaneshie Market,37.0
2025-02-27 10:00:00+00:00,Kaneshie Market,26.47
2025-02-27 12:00:00+00:00,Kaneshie Market,21.16
2025-02-27 13:00:00+00:00,Kaneshie Market,20.97
2025-02-27 14:00:00+00:00,Kaneshie Market,22.93
2025-02-27 15:00:00+00:00,Kaneshie Market,20.59
2025-02-27 16:00:00+00:00,Kaneshie Market,20.53
2025-02-27 17:00:00+00:00,Kaneshie Market,24.46
2025-02-27 18:00:00+00:00,Kaneshie Market,22.15
2025-02-27 21:00:00+00:00,Kaneshie Market,21.24
2025-02-27 22:00:00+00:00,Kaneshie Market,18.11
2025-02-27 23:00:00+00:00,Kaneshie Market,17.71
2025-02-28 01:00:00+00:00,Kaneshie Market,19.5
2025-02-28 03:00:00+00:00,Kaneshie Market,23.94
2025-02-28 04:00:00+00:00,Kaneshie Market,31.62
2025-02-28 05:00:00+00:00,Kaneshie Market,37.8
2025-02-28 06:00:00+00:00,Kaneshie Market,53.5
2025-02-28 10:00:00+00:00,Kaneshie Market,23.5
2025-02-28 11:00:00+00:00,Kaneshie Market,23.85
2025-02-28 12:00:00+00:00,Kaneshie Market,21.47
2025-02-28 13:00:00+00:00,Kaneshie Market,21.09
2025-02-28 14:00:00+00:00,Kaneshie Market,20.38
2025-02-28 15:00:00+00:00,Kaneshie Market,21.27
2025-02-28 16:00:00+00:00,Kaneshie Market,23.27
2025-02-28 17:00:00+00:00,Kaneshie Market,25.04
2025-02-28 18:00:00+00:00,Kaneshie Market,25.85
2025-02-28 19:00:00+00:00,Kaneshie Market,25.53
2025-02-28 20:00:00+00:00,Kaneshie Market,22.74
2025-02-28 21:00:00+00:00,Kaneshie Market,29.21
2025-02-28 22:00:00+00:00,Kaneshie Market,23.43
2025-02-28 23:00:00+00:00,Kaneshie Market,19.55
2025-02-01 00:00:00+00:00,Kwame Nkrumah Circle,24.31
2025-02-01 01:00:00+00:00,Kwame Nkrumah Circle,32.78
2025-02-01 02:00:00+00:00,Kwame Nkrumah Circle,26.0
2025-02-01 03:00:00+00:00,Kwame Nkrumah Circle,36.8
2025-02-01 04:00:00+00:00,Kwame Nkrumah Circle,55.74
2025-02-01 05:00:00+00:00,Kwame Nkrumah Circle,54.74
2025-02-01 06:00:00+00:00,Kwame Nkrumah Circle,79.66
2025-02-01 08:00:00+00:00,Kwame Nkrumah Circle,52.45
2025-02-01 09:00:00+00:00,Kwame Nkrumah Circle,40.98
2025-02-01 10:00:00+00:00,Kwame Nkrumah Circle,42.95
2025-02-01 11:00:00+00:00,Kwame Nkrumah Circle,32.25
2025-02-01 13:00:00+00:00,Kwame Nkrumah Circle,18.73
2025-02-01 14:00:00+00:00,Kwame Nkrumah Circle,21.97
2025-02-01 17:00:00+00:00,Kwame Nkrumah Circle,31.67
2025-02-01 18:00:00+00:00,Kwame Nkrumah Circle,44.99
2025-02-01 20:00:00+00:00,Kwame Nkrumah Circle,37.15
2025-02-01 21:00:00+00:00,Kwame Nkrumah Circle,56.62
2025-02-01 22:00:00+00:00,Kwame Nkrumah Circle,53.37
2025-02-01 23:00:00+00:00,Kwame Nkrumah Circle,39.16
2025-02-02 01:00:00+00:00,Kwame Nkrumah Circle,42.24
2025-02-02 02:00:00+00:00,Kwame Nkrumah Circle,44.99
2025-02-02 03:00:00+00:00,Kwame Nkrumah Circle,39.48
2025-02-02 04:00:00+00:00,Kwame Nkrumah Circle,48.8
2025-02-02 05:00:00+00:00,Kwame Nkrumah Circle,48.4
2025-02-02 06:00:00+00:00,Kwame Nkrumah Circle,65.24
2025-02-02 09:00:00+00:00,Kwame Nkrumah Circle,41.61
2025-02-02 10:00:00+00:00,Kwame Nkrumah Circle,40.55
2025-02-02 12:00:00+00:00,Kwame Nkrumah Circle,26.69
2025-02-02 13:00:00+00:00,Kwame Nkrumah Circle,20.13
2025-02-02 15:00:00+00:00,Kwame Nkrumah Circle,14.45
2025-02-02 19:00:00+00:00,Kwame Nkrumah Circle,30.25
2025-02-02 20:00:00+00:00,Kwame Nkrumah Circle,34.4
2025-02-03 00:00:00+00:00,Kwame Nkrumah Circle,84.59
2025-02-03 08:00:00+00:00,Kwame Nkrumah Circle,60.49
2025-02-03 20:00:00+00:00,Kwame Nkrumah Circle,53.08
2025-02-04 03:00:00+00:00,Kwame Nkrumah Circle,43.02
2025-02-04 04:00:00+00:00,Kwame Nkrumah Circle,58.79
2025-02-04 05:00:00+00:00,Kwame Nkrumah Circle,70.75
2025-02-04 07:00:00+00:00,Kwame Nkrumah Circle,80.36
2025-02-04 08:00:00+00:00,Kwame Nkrumah Circle,53.58
2025-02-04 09:00:00+00:00,Kwame Nkrumah Circle,46.44
2025-02-04 10:00:00+00:00,Kwame Nkrumah Circle,38.31
2025-02-04 11:00:00+00:00,Kwame Nkrumah Circle,37.01
2025-02-04 12:00:00+00:00,Kwame Nkrumah Circle,37.93
2025-02-04 13:00:00+00:00,Kwame Nkrumah Circle,48.85
2025-02-04 14:00:00+00:00,Kwame Nkrumah Circle,59.45
2025-02-04 15:00:00+00:00,Kwame Nkrumah Circle,44.66
2025-02-04 16:00:00+00:00,Kwame Nkrumah Circle,39.25
2025-02-04 19:00:00+00:00,Kwame Nkrumah Circle,32.18
2025-02-04 21:00:00+00:00,Kwame Nkrumah Circle,29.81
2025-02-04 22:00:00+00:00,Kwame Nkrumah Circle,28.19
2025-02-04 23:00:00+00:00,Kwame Nkrumah Circle,27.78
2025-02-05 00:00:00+00:00,Kwame Nkrumah Circle,29.99
2025-02-05 01:00:00+00:00,Kwame Nkrumah Circle,31.18
2025-02-05 02:00:00+00:00,Kwame Nkrumah Circle,34.0
2025-02-05 08:00:00+00:00,Kwame Nkrumah Circle,50.91
2025-02-05 09:00:00+00:00,Kwame Nkrumah Circle,49.07
2025-02-05 13:00:00+00:00,Kwame Nkrumah Circle,41.17
2025-02-05 14:00:00+00:00,Kwame Nkrumah Circle,34.49
2025-02-05 17:00:00+00:00,Kwame Nkrumah Circle,44.67
2025-02-05 18:00:00+00:00,Kwame Nkrumah Circle,44.45
2025-02-05 19:00:00+00:00,Kwame Nkrumah Circle,36.98
2025-02-05 20:00:00+00:00,Kwame Nkrumah Circle,32.55
2025-02-05 21:00:00+00:00,Kwame Nkrumah Circle,60.29
2025-02-05 22:00:00+00:00,Kwame Nkrumah Circle,37.45
2025-02-05 23:00:00+00:00,Kwame Nkrumah Circle,37.48
2025-02-06 01:00:00+00:00,Kwame Nkrumah Circle,31.93
2025-02-06 02:00:00+00:00,Kwame Nkrumah Circle,33.24
2025-02-06 04:00:00+00:00,Kwame Nkrumah Circle,48.69
2025-02-06 05:00:00+00:00,Kwame Nkrumah Circle,56.61
2025-02-06 06:00:00+00:00,Kwame Nkrumah Circle,85.41
2025-02-06 15:00:00+00:00,Kwame Nkrumah Circle,24.81
2025-02-06 19:00:00+00:00,Kwame Nkrumah Circle,31.67
2025-02-06 20:00:00+00:00,Kwame Nkrumah Circle,41.95
2025-02-06 22:00:00+00:00,Kwame Nkrumah Circle,30.66
2025-02-06 23:00:00+00:00,Kwame Nkrumah Circle,28.46
2025-02-07 03:00:00+00:00,Kwame Nkrumah Circle,43.07
2025-02-07 05:00:00+00:00,Kwame Nkrumah Circle,55.77
2025-02-07 06:00:00+00:00,Kwame Nkrumah Circle,53.7
2025-02-07 07:00:00+00:00,Kwame Nkrumah Circle,53.35
2025-02-07 08:00:00+00:00,Kwame Nkrumah Circle,54.11
2025-02-07 09:00:00+00:00,Kwame Nkrumah Circle,37.47
2025-02-07 10:00:00+00:00,Kwame Nkrumah Circle,42.18
2025-02-07 11:00:00+00:00,Kwame Nkrumah Circle,29.76
2025-02-07 12:00:00+00:00,Kwame Nkrumah Circle,34.03
2025-02-07 13:00:00+00:00,Kwame Nkrumah Circle,31.69
2025-02-07 15:00:00+00:00,Kwame Nkrumah Circle,38.25
2025-02-07 17:00:00+00:00,Kwame Nkrumah Circle,40.51
2025-02-07 18:00:00+00:00,Kwame Nkrumah Circle,40.94
2025-02-07 20:00:00+00:00,Kwame Nkrumah Circle,34.16
2025-02-07 21:00:00+00:00,Kwame Nkrumah Circle,30.05
2025-02-07 22:00:00+00:00,Kwame Nkrumah Circle,30.31
2025-02-08 00:00:00+00:00,Kwame Nkrumah Circle,25.09
2025-02-08 01:00:00+00:00,Kwame Nkrumah Circle,27.21
2025-02-08 02:00:00+00:00,Kwame Nkrumah Circle,36.49
2025-02-08 03:00:00+00:00,Kwame Nkrumah Circle,30.44
2025-02-08 04:00:00+00:00,Kwame Nkrumah Circle,37.27
2025-02-08 05:00:00+00:00,Kwame Nkrumah Circle,42.19
2025-02-08 07:00:00+00:00,Kwame Nkrumah Circle,49.81
2025-02-08 08:00:00+00:00,Kwame Nkrumah Circle,34.19
2025-02-08 09:00:00+00:00,Kwame Nkrumah Circle,38.62
2025-02-08 10:00:00+00:00,Kwame Nkrumah Circle,34.97
2025-02-08 11:00:00+00:00,Kwame Nkrumah Circle,33.96
2025-02-08 12:00:00+00:00,Kwame Nkrumah Circle,28.11
2025-02-08 13:00:00+00:00,Kwame Nkrumah Circle,38.39
2025-02-08 15:00:00+00:00,Kwame Nkrumah Circle,25.09
2025-02-08 16:00:00+00:00,Kwame Nkrumah Circle,41.22
2025-02-08 17:00:00+00:00,Kwame Nkrumah Circle,54.4
2025-02-08 18:00:00+00:00,Kwame Nkrumah Circle,52.92
2025-02-08 20:00:00+00:00,Kwame Nkrumah Circle,30.49
2025-02-08 22:00:00+00:00,Kwame Nkrumah Circle,17.85
2025-02-08 23:00:00+00:00,Kwame Nkrumah Circle,28.84
2025-02-09 01:00:00+00:00,Kwame Nkrumah Circle,16.12
2025-02-09 03:00:00+00:00,Kwame Nkrumah Circle,16.25
2025-02-09 04:00:00+00:00,Kwame Nkrumah Circle,21.12
2025-02-09 05:00:00+00:00,Kwame Nkrumah Circle,36.19
2025-02-09 06:00:00+00:00,Kwame Nkrumah Circle,30.47
2025-02-09 09:00:00+00:00,Kwame Nkrumah Circle,32.13
2025-02-09 10:00:00+00:00,Kwame Nkrumah Circle,28.13
2025-02-09 11:00:00+00:00,Kwame Nkrumah Circle,29.56
2025-02-09 13:00:00+00:00,Kwame Nkrumah Circle,23.65
2025-02-09 14:00:00+00:00,Kwame Nkrumah Circle,13.64
2025-02-09 15:00:00+00:00,Kwame Nkrumah Circle,12.72
2025-02-09 17:00:00+00:00,Kwame Nkrumah Circle,73.83
2025-02-09 18:00:00+00:00,Kwame Nkrumah Circle,74.24
2025-02-09 19:00:00+00:00,Kwame Nkrumah Circle,88.87
2025-02-09 20:00:00+00:00,Kwame Nkrumah Circle,54.98
2025-02-09 22:00:00+00:00,Kwame Nkrumah Circle,35.18
2025-02-10 01:00:00+00:00,Kwame Nkrumah Circle,30.41
2025-02-10 02:00:00+00:00,Kwame Nkrumah Circle,27.79
2025-02-10 03:00:00+00:00,Kwame Nkrumah Circle,45.23
2025-02-10 04:00:00+00:00,Kwame Nkrumah Circle,44.29
2025-02-10 05:00:00+00:00,Kwame Nkrumah Circle,59.11
2025-02-10 06:00:00+00:00,Kwame Nkrumah Circle,69.43
2025-02-10 07:00:00+00:00,Kwame Nkrumah Circle,82.75
2025-02-10 08:00:00+00:00,Kwame Nkrumah Circle,69.3
2025-02-10 09:00:00+00:00,Kwame Nkrumah Circle,35.26
2025-02-10 10:00:00+00:00,Kwame Nkrumah Circle,29.43
2025-02-10 11:00:00+00:00,Kwame Nkrumah Circle,33.19
2025-02-10 12:00:00+00:00,Kwame Nkrumah Circle,32.63
2025-02-10 13:00:00+00:00,Kwame Nkrumah Circle,38.17
2025-02-10 15:00:00+00:00,Kwame Nkrumah Circle,41.99
2025-02-10 16:00:00+00:00,Kwame Nkrumah Circle,36.14
2025-02-10 17:00:00+00:00,Kwame Nkrumah Circle,40.16
2025-02-10 18:00:00+00:00,Kwame Nkrumah Circle,42.38
2025-02-10 20:00:00+00:00,Kwame Nkrumah Circle,38.42
2025-02-10 22:00:00+00:00,Kwame Nkrumah Circle,17.76
2025-02-11 00:00:00+00:00,Kwame Nkrumah Circle,13.51
2025-02-11 01:00:00+00:00,Kwame Nkrumah Circle,14.4
2025-02-11 02:00:00+00:00,Kwame Nkrumah Circle,14.95
2025-02-11 03:00:00+00:00,Kwame Nkrumah Circle,18.25
2025-02-11 05:00:00+00:00,Kwame Nkrumah Circle,41.3
2025-02-11 07:00:00+00:00,Kwame Nkrumah Circle,45.52
2025-02-11 08:00:00+00:00,Kwame Nkrumah Circle,37.3
2025-02-11 10:00:00+00:00,Kwame Nkrumah Circle,30.88
2025-02-11 11:00:00+00:00,Kwame Nkrumah Circle,30.34
2025-02-11 12:00:00+00:00,Kwame Nkrumah Circle,31.39
2025-02-11 14:00:00+00:00,Kwame Nkrumah Circle,32.71
2025-02-11 15:00:00+00:00,Kwame Nkrumah Circle,33.92
2025-02-11 17:00:00+00:00,Kwame Nkrumah Circle,52.29
2025-02-11 18:00:00+00:00,Kwame Nkrumah Circle,49.56
2025-02-11 19:00:00+00:00,Kwame Nkrumah Circle,43.26
2025-02-11 21:00:00+00:00,Kwame Nkrumah Circle,27.62
2025-02-11 22:00:00+00:00,Kwame Nkrumah Circle,22.55
2025-02-11 23:00:00+00:00,Kwame Nkrumah Circle,20.38
2025-02-12 00:00:00+00:00,Kwame Nkrumah Circle,27.98
2025-02-12 01:00:00+00:00,Kwame Nkrumah Circle,20.48
2025-02-12 03:00:00+00:00,Kwame Nkrumah Circle,20.49
2025-02-12 04:00:00+00:00,Kwame Nkrumah Circle,27.85
2025-02-12 05:00:00+00:00,Kwame Nkrumah Circle,50.2
2025-02-12 06:00:00+00:00,Kwame Nkrumah Circle,68.79
2025-02-12 07:00:00+00:00,Kwame Nkrumah Circle,64.7
2025-02-12 08:00:00+00:00,Kwame Nkrumah Circle,44.69
2025-02-12 09:00:00+00:00,Kwame Nkrumah Circle,40.47
2025-02-12 10:00:00+00:00,Kwame Nkrumah Circle,34.69
2025-02-12 11:00:00+00:00,Kwame Nkrumah Circle,28.71
2025-02-12 12:00:00+00:00,Kwame Nkrumah Circle,35.94
2025-02-12 13:00:00+00:00,Kwame Nkrumah Circle,37.8
2025-02-12 14:00:00+00:00,Kwame Nkrumah Circle,29.56
2025-02-12 15:00:00+00:00,Kwame Nkrumah Circle,36.07
2025-02-12 16:00:00+00:00,Kwame Nkrumah Circle,32.61
2025-02-12 17:00:00+00:00,Kwame Nkrumah Circle,26.76
2025-02-12 18:00:00+00:00,Kwame Nkrumah Circle,23.28
2025-02-12 19:00:00+00:00,Kwame Nkrumah Circle,41.65
2025-02-12 20:00:00+00:00,Kwame Nkrumah Circle,39.03
2025-02-12 21:00:00+00:00,Kwame Nkrumah Circle,22.63
2025-02-12 22:00:00+00:00,Kwame Nkrumah Circle,18.97
2025-02-13 00:00:00+00:00,Kwame Nkrumah Circle,17.62
2025-02-13 01:00:00+00:00,Kwame Nkrumah Circle,19.38
2025-02-13 02:00:00+00:00,Kwame Nkrumah Circle,19.76
2025-02-13 03:00:00+00:00,Kwame Nkrumah Circle,28.95
2025-02-13 04:00:00+00:00,Kwame Nkrumah Circle,40.47
2025-02-13 05:00:00+00:00,Kwame Nkrumah Circle,54.83
2025-02-13 07:00:00+00:00,Kwame Nkrumah Circle,64.38
2025-02-13 08:00:00+00:00,Kwame Nkrumah Circle,45.78
2025-02-13 09:00:00+00:00,Kwame Nkrumah Circle,44.18
2025-02-13 10:00:00+00:00,Kwame Nkrumah Circle,30.59
2025-02-13 11:00:00+00:00,Kwame Nkrumah Circle,36.92
2025-02-13 12:00:00+00:00,Kwame Nkrumah Circle,54.5
2025-02-13 13:00:00+00:00,Kwame Nkrumah Circle,66.25
2025-02-13 14:00:00+00:00,Kwame Nkrumah Circle,37.65
2025-02-13 15:00:00+00:00,Kwame Nkrumah Circle,25.44
2025-02-13 16:00:00+00:00,Kwame Nkrumah Circle,25.57
2025-02-13 17:00:00+00:00,Kwame Nkrumah Circle,34.61
2025-02-13 18:00:00+00:00,Kwame Nkrumah Circle,55.77
2025-02-13 19:00:00+00:00,Kwame Nkrumah Circle,38.18
2025-02-13 20:00:00+00:00,Kwame Nkrumah Circle,35.21
2025-02-13 21:00:00+00:00,Kwame Nkrumah Circle,30.54
2025-02-13 22:00:00+00:00,Kwame Nkrumah Circle,19.09
2025-02-13 23:00:00+00:00,Kwame Nkrumah Circle,18.76
2025-02-14 00:00:00+00:00,Kwame Nkrumah Circle,22.88
2025-02-14 01:00:00+00:00,Kwame Nkrumah Circle,20.05
2025-02-14 02:00:00+00:00,Kwame Nkrumah Circle,16.11
2025-02-14 03:00:00+00:00,Kwame Nkrumah Circle,31.04
2025-02-14 04:00:00+00:00,Kwame Nkrumah Circle,37.7
2025-02-14 05:00:00+00:00,Kwame Nkrumah Circle,43.44
2025-02-14 06:00:00+00:00,Kwame Nkrumah Circle,56.05
2025-02-14 07:00:00+00:00,Kwame Nkrumah Circle,55.33
2025-02-14 08:00:00+00:00,Kwame Nkrumah Circle,46.53
2025-02-14 09:00:00+00:00,Kwame Nkrumah Circle,37.41
2025-02-14 10:00:00+00:00,Kwame Nkrumah Circle,35.36
2025-02-14 11:00:00+00:00,Kwame Nkrumah Circle,34.94
2025-02-14 12:00:00+00:00,Kwame Nkrumah Circle,27.06
2025-02-14 13:00:00+00:00,Kwame Nkrumah Circle,25.77
2025-02-14 14:00:00+00:00,Kwame Nkrumah Circle,20.64
2025-02-14 16:00:00+00:00,Kwame Nkrumah Circle,28.21
2025-02-14 17:00:00+00:00,Kwame Nkrumah Circle,33.72
2025-02-14 18:00:00+00:00,Kwame Nkrumah Circle,39.08
2025-02-14 19:00:00+00:00,Kwame Nkrumah Circle,34.45
2025-02-14 20:00:00+00:00,Kwame Nkrumah Circle,22.55
2025-02-14 22:00:00+00:00,Kwame Nkrumah Circle,22.26
2025-02-14 23:00:00+00:00,Kwame Nkrumah Circle,25.38
2025-02-15 00:00:00+00:00,Kwame Nkrumah Circle,27.87
2025-02-15 02:00:00+00:00,Kwame Nkrumah Circle,20.64
2025-02-15 03:00:00+00:00,Kwame Nkrumah Circle,27.69
2025-02-15 04:00:00+00:00,Kwame Nkrumah Circle,42.11
2025-02-15 05:00:00+00:00,Kwame Nkrumah Circle,45.42
2025-02-15 06:00:00+00:00,Kwame Nkrumah Circle,78.76
2025-02-15 07:00:00+00:00,Kwame Nkrumah Circle,58.84
2025-02-15 09:00:00+00:00,Kwame Nkrumah Circle,36.99
2025-02-15 10:00:00+00:00,Kwame Nkrumah Circle,32.35
2025-02-15 11:00:00+00:00,Kwame Nkrumah Circle,31.75
2025-02-15 12:00:00+00:00,Kwame Nkrumah Circle,22.82
2025-02-15 13:00:00+00:00,Kwame Nkrumah Circle,21.61
2025-02-15 14:00:00+00:00,Kwame Nkrumah Circle,26.63
2025-02-15 15:00:00+00:00,Kwame Nkrumah Circle,24.9
2025-02-15 16:00:00+00:00,Kwame Nkrumah Circle,28.4
2025-02-15 17:00:00+00:00,Kwame Nkrumah Circle,35.18
2025-02-15 18:00:00+00:00,Kwame Nkrumah Circle,39.24
2025-02-15 19:00:00+00:00,Kwame Nkrumah Circle,43.19
2025-02-15 20:00:00+00:00,Kwame Nkrumah Circle,43.5
2025-02-15 21:00:00+00:00,Kwame Nkrumah Circle,37.64
2025-02-15 22:00:00+00:00,Kwame Nkrumah Circle,32.95
2025-02-15 23:00:00+00:00,Kwame Nkrumah Circle,30.52
2025-02-16 00:00:00+00:00,Kwame Nkrumah Circle,35.43
2025-02-16 01:00:00+00:00,Kwame Nkrumah Circle,21.81
2025-02-16 02:00:00+00:00,Kwame Nkrumah Circle,53.59
2025-02-16 03:00:00+00:00,Kwame Nkrumah Circle,35.46
2025-02-16 04:00:00+00:00,Kwame Nkrumah Circle,39.3
2025-02-16 05:00:00+00:00,Kwame Nkrumah Circle,43.08
2025-02-16 06:00:00+00:00,Kwame Nkrumah Circle,48.84
2025-02-16 07:00:00+00:00,Kwame Nkrumah Circle,56.89
2025-02-16 09:00:00+00:00,Kwame Nkrumah Circle,36.82
2025-02-16 10:00:00+00:00,Kwame Nkrumah Circle,30.74
2025-02-16 11:00:00+00:00,Kwame Nkrumah Circle,32.8
2025-02-16 12:00:00+00:00,Kwame Nkrumah Circle,24.3
2025-02-16 13:00:00+00:00,Kwame Nkrumah Circle,19.46
2025-02-16 14:00:00+00:00,Kwame Nkrumah Circle,23.8
2025-02-16 15:00:00+00:00,Kwame Nkrumah Circle,25.26
2025-02-16 16:00:00+00:00,Kwame Nkrumah Circle,28.33
2025-02-16 17:00:00+00:00,Kwame Nkrumah Circle,51.32
2025-02-16 18:00:00+00:00,Kwame Nkrumah Circle,42.39
2025-02-16 19:00:00+00:00,Kwame Nkrumah Circle,34.5
2025-02-16 20:00:00+00:00,Kwame Nkrumah Circle,34.07
2025-02-16 21:00:00+00:00,Kwame Nkrumah Circle,28.61
2025-02-16 22:00:00+00:00,Kwame Nkrumah Circle,33.62
2025-02-16 23:00:00+00:00,Kwame Nkrumah Circle,28.72
2025-02-17 01:00:00+00:00,Kwame Nkrumah Circle,22.97
2025-02-17 02:00:00+00:00,Kwame Nkrumah Circle,23.25
2025-02-17 04:00:00+00:00,Kwame Nkrumah Circle,33.08
2025-02-17 05:00:00+00:00,Kwame Nkrumah Circle,46.88
2025-02-17 06:00:00+00:00,Kwame Nkrumah Circle,61.55
2025-02-17 07:00:00+00:00,Kwame Nkrumah Circle,55.27
2025-02-17 08:00:00+00:00,Kwame Nkrumah Circle,50.76
2025-02-17 09:00:00+00:00,Kwame Nkrumah Circle,46.32
2025-02-17 11:00:00+00:00,Kwame Nkrumah Circle,32.85
2025-02-17 12:00:00+00:00,Kwame Nkrumah Circle,25.08
2025-02-17 13:00:00+00:00,Kwame Nkrumah Circle,27.46
2025-02-17 14:00:00+00:00,Kwame Nkrumah Circle,22.44
2025-02-17 15:00:00+00:00,Kwame Nkrumah Circle,31.92
2025-02-17 16:00:00+00:00,Kwame Nkrumah Circle,35.81
2025-02-17 17:00:00+00:00,Kwame Nkrumah Circle,44.22
2025-02-17 18:00:00+00:00,Kwame Nkrumah Circle,44.84
2025-02-17 19:00:00+00:00,Kwame Nkrumah Circle,36.53
2025-02-17 20:00:00+00:00,Kwame Nkrumah Circle,32.64
2025-02-17 21:00:00+00:00,Kwame Nkrumah Circle,34.5
2025-02-17 22:00:00+00:00,Kwame Nkrumah Circle,25.42
2025-02-17 23:00:00+00:00,Kwame Nkrumah Circle,24.36
2025-02-18 00:00:00+00:00,Kwame Nkrumah Circle,22.01
2025-02-18 01:00:00+00:00,Kwame Nkrumah Circle,21.06
2025-02-18 02:00:00+00:00,Kwame Nkrumah Circle,25.5
2025-02-18 03:00:00+00:00,Kwame Nkrumah Circle,27.51
2025-02-18 04:00:00+00:00,Kwame Nkrumah Circle,31.33
2025-02-18 05:00:00+00:00,Kwame Nkrumah Circle,40.58
2025-02-18 06:00:00+00:00,Kwame Nkrumah Circle,37.37
2025-02-18 07:00:00+00:00,Kwame Nkrumah Circle,53.73
2025-02-18 08:00:00+00:00,Kwame Nkrumah Circle,41.63
2025-02-18 09:00:00+00:00,Kwame Nkrumah Circle,37.46
2025-02-18 11:00:00+00:00,Kwame Nkrumah Circle,35.6
2025-02-18 13:00:00+00:00,Kwame Nkrumah Circle,21.71
2025-02-18 14:00:00+00:00,Kwame Nkrumah Circle,23.34
2025-02-18 15:00:00+00:00,Kwame Nkrumah Circle,32.13
2025-02-18 16:00:00+00:00,Kwame Nkrumah Circle,34.37
2025-02-18 18:00:00+00:00,Kwame Nkrumah Circle,58.28
2025-02-18 19:00:00+00:00,Kwame Nkrumah Circle,46.25
2025-02-18 20:00:00+00:00,Kwame Nkrumah Circle,51.08
2025-02-18 21:00:00+00:00,Kwame Nkrumah Circle,52.68
2025-02-18 22:00:00+00:00,Kwame Nkrumah Circle,56.76
2025-02-18 23:00:00+00:00,Kwame Nkrumah Circle,81.96
2025-02-19 02:00:00+00:00,Kwame Nkrumah Circle,62.74
2025-02-19 03:00:00+00:00,Kwame Nkrumah Circle,35.12
2025-02-19 05:00:00+00:00,Kwame Nkrumah Circle,42.37
2025-02-19 06:00:00+00:00,Kwame Nkrumah Circle,58.26
2025-02-19 08:00:00+00:00,Kwame Nkrumah Circle,27.31
2025-02-19 10:00:00+00:00,Kwame Nkrumah Circle,27.54
2025-02-19 11:00:00+00:00,Kwame Nkrumah Circle,19.96
2025-02-19 12:00:00+00:00,Kwame Nkrumah Circle,20.58
2025-02-19 13:00:00+00:00,Kwame Nkrumah Circle,20.89
2025-02-19 16:00:00+00:00,Kwame Nkrumah Circle,20.6
2025-02-19 17:00:00+00:00,Kwame Nkrumah Circle,29.35
2025-02-19 18:00:00+00:00,Kwame Nkrumah Circle,38.04
2025-02-19 22:00:00+00:00,Kwame Nkrumah Circle,28.82
2025-02-20 01:00:00+00:00,Kwame Nkrumah Circle,27.36
2025-02-20 02:00:00+00:00,Kwame Nkrumah Circle,25.42
2025-02-20 03:00:00+00:00,Kwame Nkrumah Circle,25.52
2025-02-20 06:00:00+00:00,Kwame Nkrumah Circle,58.08
2025-02-20 07:00:00+00:00,Kwame Nkrumah Circle,56.58
2025-02-20 09:00:00+00:00,Kwame Nkrumah Circle,29.03
2025-02-20 10:00:00+00:00,Kwame Nkrumah Circle,36.01
2025-02-20 14:00:00+00:00,Kwame Nkrumah Circle,21.81
2025-02-20 15:00:00+00:00,Kwame Nkrumah Circle,28.25
2025-02-20 18:00:00+00:00,Kwame Nkrumah Circle,41.08
2025-02-20 19:00:00+00:00,Kwame Nkrumah Circle,62.4
2025-02-20 20:00:00+00:00,Kwame Nkrumah Circle,49.2
2025-02-20 22:00:00+00:00,Kwame Nkrumah Circle,24.23
2025-02-21 00:00:00+00:00,Kwame Nkrumah Circle,42.52
2025-02-21 01:00:00+00:00,Kwame Nkrumah Circle,27.53
2025-02-21 02:00:00+00:00,Kwame Nkrumah Circle,29.2
2025-02-21 03:00:00+00:00,Kwame Nkrumah Circle,25.41
2025-02-21 04:00:00+00:00,Kwame Nkrumah Circle,38.38
2025-02-21 05:00:00+00:00,Kwame Nkrumah Circle,44.97
2025-02-21 08:00:00+00:00,Kwame Nkrumah Circle,42.99
2025-02-21 09:00:00+00:00,Kwame Nkrumah Circle,42.84
2025-02-21 10:00:00+00:00,Kwame Nkrumah Circle,25.42
2025-02-21 12:00:00+00:00,Kwame Nkrumah Circle,32.31
2025-02-21 13:00:00+00:00,Kwame Nkrumah Circle,27.25
2025-02-21 14:00:00+00:00,Kwame Nkrumah Circle,32.19
2025-02-21 15:00:00+00:00,Kwame Nkrumah Circle,39.54
2025-02-21 19:00:00+00:00,Kwame Nkrumah Circle,34.79
2025-02-21 20:00:00+00:00,Kwame Nkrumah Circle,30.43
2025-02-21 23:00:00+00:00,Kwame Nkrumah Circle,38.61
2025-02-22 00:00:00+00:00,Kwame Nkrumah Circle,29.66
2025-02-22 02:00:00+00:00,Kwame Nkrumah Circle,42.5
2025-02-22 04:00:00+00:00,Kwame Nkrumah Circle,53.8
2025-02-22 05:00:00+00:00,Kwame Nkrumah Circle,70.9
2025-02-22 06:00:00+00:00,Kwame Nkrumah Circle,79.91
2025-02-22 07:00:00+00:00,Kwame Nkrumah Circle,66.97
2025-02-22 08:00:00+00:00,Kwame Nkrumah Circle,57.43
2025-02-22 09:00:00+00:00,Kwame Nkrumah Circle,39.48
2025-02-22 12:00:00+00:00,Kwame Nkrumah Circle,44.93
2025-02-22 13:00:00+00:00,Kwame Nkrumah Circle,33.47
2025-02-22 14:00:00+00:00,Kwame Nkrumah Circle,47.1
2025-02-22 16:00:00+00:00,Kwame Nkrumah Circle,47.45
2025-02-22 17:00:00+00:00,Kwame Nkrumah Circle,36.15
2025-02-22 18:00:00+00:00,Kwame Nkrumah Circle,32.53
2025-02-22 19:00:00+00:00,Kwame Nkrumah Circle,54.65
2025-02-22 20:00:00+00:00,Kwame Nkrumah Circle,45.58
2025-02-22 22:00:00+00:00,Kwame Nkrumah Circle,36.73
2025-02-23 00:00:00+00:00,Kwame Nkrumah Circle,29.75
2025-02-23 01:00:00+00:00,Kwame Nkrumah Circle,24.46
2025-02-23 02:00:00+00:00,Kwame Nkrumah Circle,25.1
2025-02-23 03:00:00+00:00,Kwame Nkrumah Circle,19.84
2025-02-23 04:00:00+00:00,Kwame Nkrumah Circle,19.53
2025-02-23 05:00:00+00:00,Kwame Nkrumah Circle,27.13
2025-02-23 07:00:00+00:00,Kwame Nkrumah Circle,47.81
2025-02-23 08:00:00+00:00,Kwame Nkrumah Circle,42.01
2025-02-23 09:00:00+00:00,Kwame Nkrumah Circle,42.39
2025-02-23 11:00:00+00:00,Kwame Nkrumah Circle,47.12
2025-02-23 12:00:00+00:00,Kwame Nkrumah Circle,35.41
2025-02-23 13:00:00+00:00,Kwame Nkrumah Circle,31.01
2025-02-23 14:00:00+00:00,Kwame Nkrumah Circle,37.02
2025-02-23 15:00:00+00:00,Kwame Nkrumah Circle,27.37
2025-02-23 16:00:00+00:00,Kwame Nkrumah Circle,36.96
2025-02-23 17:00:00+00:00,Kwame Nkrumah Circle,34.76
2025-02-23 18:00:00+00:00,Kwame Nkrumah Circle,38.78
2025-02-23 19:00:00+00:00,Kwame Nkrumah Circle,38.42
2025-02-23 23:00:00+00:00,Kwame Nkrumah Circle,41.1
2025-02-24 00:00:00+00:00,Kwame Nkrumah Circle,37.9
2025-02-24 01:00:00+00:00,Kwame Nkrumah Circle,40.01
2025-02-24 02:00:00+00:00,Kwame Nkrumah Circle,42.13
2025-02-24 03:00:00+00:00,Kwame Nkrumah Circle,42.19
2025-02-24 04:00:00+00:00,Kwame Nkrumah Circle,42.42
2025-02-24 08:00:00+00:00,Kwame Nkrumah Circle,46.98
2025-02-24 09:00:00+00:00,Kwame Nkrumah Circle,42.58
2025-02-24 11:00:00+00:00,Kwame Nkrumah Circle,29.03
2025-02-24 12:00:00+00:00,Kwame Nkrumah Circle,30.02
2025-02-24 16:00:00+00:00,Kwame Nkrumah Circle,35.57
2025-02-24 17:00:00+00:00,Kwame Nkrumah Circle,33.63
2025-02-24 18:00:00+00:00,Kwame Nkrumah Circle,29.22
2025-02-24 19:00:00+00:00,Kwame Nkrumah Circle,23.02
2025-02-24 20:00:00+00:00,Kwame Nkrumah Circle,39.68
2025-02-24 23:00:00+00:00,Kwame Nkrumah Circle,18.26
2025-02-25 00:00:00+00:00,Kwame Nkrumah Circle,17.29
2025-02-25 01:00:00+00:00,Kwame Nkrumah Circle,15.76
2025-02-25 02:00:00+00:00,Kwame Nkrumah Circle,23.54
2025-02-25 03:00:00+00:00,Kwame Nkrumah Circle,26.07
2025-02-25 04:00:00+00:00,Kwame Nkrumah Circle,39.13
2025-02-25 06:00:00+00:00,Kwame Nkrumah Circle,71.16
2025-02-25 07:00:00+00:00,Kwame Nkrumah Circle,53.43
2025-02-25 08:00:00+00:00,Kwame Nkrumah Circle,48.73
2025-02-25 09:00:00+00:00,Kwame Nkrumah Circle,33.08
2025-02-25 10:00:00+00:00,Kwame Nkrumah Circle,25.36
2025-02-25 11:00:00+00:00,Kwame Nkrumah Circle,25.57
2025-02-25 12:00:00+00:00,Kwame Nkrumah Circle,30.34
2025-02-25 13:00:00+00:00,Kwame Nkrumah Circle,29.38
2025-02-25 14:00:00+00:00,Kwame Nkrumah Circle,36.93
2025-02-25 15:00:00+00:00,Kwame Nkrumah Circle,21.36
2025-02-25 16:00:00+00:00,Kwame Nkrumah Circle,19.56
2025-02-25 17:00:00+00:00,Kwame Nkrumah Circle,51.68
2025-02-25 18:00:00+00:00,Kwame Nkrumah Circle,96.92
2025-02-25 19:00:00+00:00,Kwame Nkrumah Circle,81.56
2025-02-25 20:00:00+00:00,Kwame Nkrumah Circle,77.15
2025-02-25 23:00:00+00:00,Kwame Nkrumah Circle,38.7
2025-02-26 00:00:00+00:00,Kwame Nkrumah Circle,29.15
2025-02-26 02:00:00+00:00,Kwame Nkrumah Circle,16.39
2025-02-26 03:00:00+00:00,Kwame Nkrumah Circle,23.18
2025-02-26 04:00:00+00:00,Kwame Nkrumah Circle,33.7
2025-02-26 05:00:00+00:00,Kwame Nkrumah Circle,33.93
2025-02-26 06:00:00+00:00,Kwame Nkrumah Circle,59.85
2025-02-26 07:00:00+00:00,Kwame Nkrumah Circle,69.71
2025-02-26 08:00:00+00:00,Kwame Nkrumah Circle,40.76
2025-02-26 09:00:00+00:00,Kwame Nkrumah Circle,43.48
2025-02-26 10:00:00+00:00,Kwame Nkrumah Circle,33.49
2025-02-26 13:00:00+00:00,Kwame Nkrumah Circle,22.0
2025-02-26 14:00:00+00:00,Kwame Nkrumah Circle,18.26
2025-02-26 15:00:00+00:00,Kwame Nkrumah Circle,25.18
2025-02-26 16:00:00+00:00,Kwame Nkrumah Circle,20.32
2025-02-26 17:00:00+00:00,Kwame Nkrumah Circle,27.09
2025-02-26 18:00:00+00:00,Kwame Nkrumah Circle,34.29
2025-02-26 19:00:00+00:00,Kwame Nkrumah Circle,51.51
2025-02-27 03:00:00+00:00,Kwame Nkrumah Circle,17.86
2025-02-27 04:00:00+00:00,Kwame Nkrumah Circle,18.41
2025-02-27 05:00:00+00:00,Kwame Nkrumah Circle,27.87
2025-02-27 10:00:00+00:00,Kwame Nkrumah Circle,24.48
2025-02-27 12:00:00+00:00,Kwame Nkrumah Circle,20.68
2025-02-27 13:00:00+00:00,Kwame Nkrumah Circle,22.12
2025-02-27 14:00:00+00:00,Kwame Nkrumah Circle,17.83
2025-02-27 16:00:00+00:00,Kwame Nkrumah Circle,22.94
2025-02-27 17:00:00+00:00,Kwame Nkrumah Circle,16.27
2025-02-27 21:00:00+00:00,Kwame Nkrumah Circle,20.88
2025-02-27 22:00:00+00:00,Kwame Nkrumah Circle,15.05
2025-02-27 23:00:00+00:00,Kwame Nkrumah Circle,18.27
2025-02-28 01:00:00+00:00,Kwame Nkrumah Circle,21.02
2025-02-28 02:00:00+00:00,Kwame Nkrumah Circle,15.19
2025-02-28 03:00:00+00:00,Kwame Nkrumah Circle,16.95
2025-02-28 04:00:00+00:00,Kwame Nkrumah Circle,25.08
2025-02-28 05:00:00+00:00,Kwame Nkrumah Circle,29.77
2025-02-28 06:00:00+00:00,Kwame Nkrumah Circle,50.4
2025-02-28 07:00:00+00:00,Kwame Nkrumah Circle,47.57
2025-02-28 10:00:00+00:00,Kwame Nkrumah Circle,27.24
2025-02-28 11:00:00+00:00,Kwame Nkrumah Circle,22.77
2025-02-28 12:00:00+00:00,Kwame Nkrumah Circle,18.33
2025-02-28 13:00:00+00:00,Kwame Nkrumah Circle,18.81
2025-02-28 14:00:00+00:00,Kwame Nkrumah Circle,17.59
2025-02-28 15:00:00+00:00,Kwame Nkrumah Circle,15.71
2025-02-28 16:00:00+00:00,Kwame Nkrumah Circle,17.92
2025-02-28 17:00:00+00:00,Kwame Nkrumah Circle,22.64
2025-02-28 18:00:00+00:00,Kwame Nkrumah Circle,21.29
2025-02-28 19:00:00+00:00,Kwame Nkrumah Circle,41.57
2025-02-28 20:00:00+00:00,Kwame Nkrumah Circle,50.14
2025-02-28 21:00:00+00:00,Kwame Nkrumah Circle,27.02
2025-02-28 22:00:00+00:00,Kwame Nkrumah Circle,34.28
2025-02-28 23:00:00+00:00,Kwame Nkrumah Circle,25.21
2025-02-01 00:00:00+00:00,Kwashieman,18.18
2025-02-01 01:00:00+00:00,Kwashieman,21.78
2025-02-01 02:00:00+00:00,Kwashieman,35.35
2025-02-01 03:00:00+00:00,Kwashieman,39.93
2025-02-01 04:00:00+00:00,Kwashieman,42.77
2025-02-01 05:00:00+00:00,Kwashieman,47.75
2025-02-01 06:00:00+00:00,Kwashieman,61.3
2025-02-01 07:00:00+00:00,Kwashieman,76.6
2025-02-01 08:00:00+00:00,Kwashieman,44.67
2025-02-01 09:00:00+00:00,Kwashieman,28.44
2025-02-01 10:00:00+00:00,Kwashieman,24.99
2025-02-01 11:00:00+00:00,Kwashieman,23.04
2025-02-01 13:00:00+00:00,Kwashieman,18.48
2025-02-01 14:00:00+00:00,Kwashieman,18.55
2025-02-01 15:00:00+00:00,Kwashieman,14.29
2025-02-01 17:00:00+00:00,Kwashieman,19.93
2025-02-01 18:00:00+00:00,Kwashieman,18.93
2025-02-01 20:00:00+00:00,Kwashieman,32.85
2025-02-01 21:00:00+00:00,Kwashieman,25.82
2025-02-01 22:00:00+00:00,Kwashieman,22.45
2025-02-01 23:00:00+00:00,Kwashieman,21.66
2025-02-02 01:00:00+00:00,Kwashieman,38.09
2025-02-02 02:00:00+00:00,Kwashieman,33.52
2025-02-02 03:00:00+00:00,Kwashieman,38.79
2025-02-02 04:00:00+00:00,Kwashieman,32.81
2025-02-02 05:00:00+00:00,Kwashieman,41.31
2025-02-02 06:00:00+00:00,Kwashieman,48.97
2025-02-02 07:00:00+00:00,Kwashieman,57.71
2025-02-02 09:00:00+00:00,Kwashieman,38.01
2025-02-02 10:00:00+00:00,Kwashieman,29.97
2025-02-02 12:00:00+00:00,Kwashieman,27.4
2025-02-02 13:00:00+00:00,Kwashieman,12.73
2025-02-02 15:00:00+00:00,Kwashieman,22.46
2025-02-02 16:00:00+00:00,Kwashieman,25.08
2025-02-02 19:00:00+00:00,Kwashieman,42.87
2025-02-02 20:00:00+00:00,Kwashieman,36.94
2025-02-03 00:00:00+00:00,Kwashieman,51.14
2025-02-03 01:00:00+00:00,Kwashieman,59.97
2025-02-03 08:00:00+00:00,Kwashieman,49.3
2025-02-03 09:00:00+00:00,Kwashieman,43.11
2025-02-03 20:00:00+00:00,Kwashieman,33.55
2025-02-04 03:00:00+00:00,Kwashieman,32.25
2025-02-04 04:00:00+00:00,Kwashieman,42.41
2025-02-04 05:00:00+00:00,Kwashieman,61.15
2025-02-04 07:00:00+00:00,Kwashieman,54.4
2025-02-04 08:00:00+00:00,Kwashieman,46.36
2025-02-04 09:00:00+00:00,Kwashieman,37.14
2025-02-04 10:00:00+00:00,Kwashieman,28.06
2025-02-04 11:00:00+00:00,Kwashieman,28.29
2025-02-04 12:00:00+00:00,Kwashieman,31.72
2025-02-04 13:00:00+00:00,Kwashieman,34.33
2025-02-04 14:00:00+00:00,Kwashieman,39.34
2025-02-04 15:00:00+00:00,Kwashieman,29.25
2025-02-04 16:00:00+00:00,Kwashieman,29.14
2025-02-04 19:00:00+00:00,Kwashieman,32.07
2025-02-04 20:00:00+00:00,Kwashieman,31.76
2025-02-04 21:00:00+00:00,Kwashieman,26.14
2025-02-04 22:00:00+00:00,Kwashieman,25.56
2025-02-04 23:00:00+00:00,Kwashieman,25.83
2025-02-05 00:00:00+00:00,Kwashieman,29.15
2025-02-05 01:00:00+00:00,Kwashieman,26.34
2025-02-05 02:00:00+00:00,Kwashieman,29.83
2025-02-05 03:00:00+00:00,Kwashieman,27.57
2025-02-05 05:00:00+00:00,Kwashieman,48.35
2025-02-05 06:00:00+00:00,Kwashieman,43.64
2025-02-05 08:00:00+00:00,Kwashieman,39.26
2025-02-05 09:00:00+00:00,Kwashieman,35.02
2025-02-05 10:00:00+00:00,Kwashieman,30.33
2025-02-05 13:00:00+00:00,Kwashieman,25.08
2025-02-05 14:00:00+00:00,Kwashieman,24.07
2025-02-05 15:00:00+00:00,Kwashieman,22.12
2025-02-05 17:00:00+00:00,Kwashieman,23.24
2025-02-05 18:00:00+00:00,Kwashieman,27.79
2025-02-05 19:00:00+00:00,Kwashieman,27.57
2025-02-05 20:00:00+00:00,Kwashieman,23.64
2025-02-05 21:00:00+00:00,Kwashieman,21.33
2025-02-05 22:00:00+00:00,Kwashieman,20.58
2025-02-05 23:00:00+00:00,Kwashieman,19.86
2025-02-06 01:00:00+00:00,Kwashieman,19.55
2025-02-06 02:00:00+00:00,Kwashieman,20.17
2025-02-06 03:00:00+00:00,Kwashieman,20.38
2025-02-06 04:00:00+00:00,Kwashieman,28.4
2025-02-06 05:00:00+00:00,Kwashieman,40.97
2025-02-06 06:00:00+00:00,Kwashieman,48.62
2025-02-06 07:00:00+00:00,Kwashieman,45.41
2025-02-06 15:00:00+00:00,Kwashieman,18.24
2025-02-06 16:00:00+00:00,Kwashieman,20.09
2025-02-06 19:00:00+00:00,Kwashieman,22.45
2025-02-06 20:00:00+00:00,Kwashieman,22.32
2025-02-06 22:00:00+00:00,Kwashieman,19.0
2025-02-06 23:00:00+00:00,Kwashieman,18.47
2025-02-07 00:00:00+00:00,Kwashieman,18.68
2025-02-07 03:00:00+00:00,Kwashieman,22.52
2025-02-07 04:00:00+00:00,Kwashieman,25.27
2025-02-07 05:00:00+00:00,Kwashieman,34.91
2025-02-07 06:00:00+00:00,Kwashieman,29.54
2025-02-07 07:00:00+00:00,Kwashieman,38.7
2025-02-07 08:00:00+00:00,Kwashieman,30.43
2025-02-07 09:00:00+00:00,Kwashieman,22.66
2025-02-07 10:00:00+00:00,Kwashieman,24.5
2025-02-07 11:00:00+00:00,Kwashieman,26.47
2025-02-07 12:00:00+00:00,Kwashieman,23.98
2025-02-07 13:00:00+00:00,Kwashieman,21.4
2025-02-07 14:00:00+00:00,Kwashieman,22.12
2025-02-07 15:00:00+00:00,Kwashieman,24.16
2025-02-07 16:00:00+00:00,Kwashieman,24.58
2025-02-07 17:00:00+00:00,Kwashieman,25.82
2025-02-07 18:00:00+00:00,Kwashieman,26.9
2025-02-07 20:00:00+00:00,Kwashieman,29.47
2025-02-07 21:00:00+00:00,Kwashieman,33.33
2025-02-07 22:00:00+00:00,Kwashieman,26.02
2025-02-07 23:00:00+00:00,Kwashieman,35.46
2025-02-08 00:00:00+00:00,Kwashieman,19.83
2025-02-08 01:00:00+00:00,Kwashieman,20.43
2025-02-08 02:00:00+00:00,Kwashieman,19.4
2025-02-08 03:00:00+00:00,Kwashieman,17.85
2025-02-08 04:00:00+00:00,Kwashieman,25.48
2025-02-08 05:00:00+00:00,Kwashieman,40.2
2025-02-08 06:00:00+00:00,Kwashieman,41.99
2025-02-08 07:00:00+00:00,Kwashieman,37.18
2025-02-08 08:00:00+00:00,Kwashieman,32.54
2025-02-08 09:00:00+00:00,Kwashieman,26.15
2025-02-08 10:00:00+00:00,Kwashieman,24.82
2025-02-08 11:00:00+00:00,Kwashieman,23.17
2025-02-08 12:00:00+00:00,Kwashieman,22.4
2025-02-08 13:00:00+00:00,Kwashieman,17.08
2025-02-08 15:00:00+00:00,Kwashieman,19.79
2025-02-08 16:00:00+00:00,Kwashieman,19.86
2025-02-08 17:00:00+00:00,Kwashieman,27.71
2025-02-08 18:00:00+00:00,Kwashieman,22.5
2025-02-08 19:00:00+00:00,Kwashieman,20.98
2025-02-08 20:00:00+00:00,Kwashieman,22.7
2025-02-08 21:00:00+00:00,Kwashieman,24.0
2025-02-08 22:00:00+00:00,Kwashieman,12.09
2025-02-08 23:00:00+00:00,Kwashieman,16.31
2025-02-09 01:00:00+00:00,Kwashieman,11.98
2025-02-09 02:00:00+00:00,Kwashieman,13.91
2025-02-09 03:00:00+00:00,Kwashieman,11.15
2025-02-09 04:00:00+00:00,Kwashieman,14.47
2025-02-09 05:00:00+00:00,Kwashieman,20.39
2025-02-09 06:00:00+00:00,Kwashieman,27.97
2025-02-09 07:00:00+00:00,Kwashieman,41.57
2025-02-09 09:00:00+00:00,Kwashieman,27.18
2025-02-09 10:00:00+00:00,Kwashieman,22.38
2025-02-09 11:00:00+00:00,Kwashieman,17.27
2025-02-09 12:00:00+00:00,Kwashieman,17.83
2025-02-09 13:00:00+00:00,Kwashieman,21.82
2025-02-09 14:00:00+00:00,Kwashieman,15.86
2025-02-09 15:00:00+00:00,Kwashieman,16.0
2025-02-09 17:00:00+00:00,Kwashieman,19.92
2025-02-09 18:00:00+00:00,Kwashieman,20.15
2025-02-09 19:00:00+00:00,Kwashieman,19.07
2025-02-09 20:00:00+00:00,Kwashieman,22.77
2025-02-09 21:00:00+00:00,Kwashieman,22.86
2025-02-09 22:00:00+00:00,Kwashieman,18.95
2025-02-09 23:00:00+00:00,Kwashieman,24.43
2025-02-10 01:00:00+00:00,Kwashieman,19.21
2025-02-10 02:00:00+00:00,Kwashieman,20.32
2025-02-10 03:00:00+00:00,Kwashieman,30.49
2025-02-10 04:00:00+00:00,Kwashieman,35.09
2025-02-10 05:00:00+00:00,Kwashieman,39.37
2025-02-10 06:00:00+00:00,Kwashieman,45.91
2025-02-10 07:00:00+00:00,Kwashieman,50.72
2025-02-10 08:00:00+00:00,Kwashieman,41.31
2025-02-10 09:00:00+00:00,Kwashieman,23.57
2025-02-10 10:00:00+00:00,Kwashieman,17.92
2025-02-10 11:00:00+00:00,Kwashieman,24.55
2025-02-10 12:00:00+00:00,Kwashieman,17.06
2025-02-10 13:00:00+00:00,Kwashieman,13.8
2025-02-10 15:00:00+00:00,Kwashieman,16.41
2025-02-10 16:00:00+00:00,Kwashieman,21.27
2025-02-10 17:00:00+00:00,Kwashieman,18.96
2025-02-10 18:00:00+00:00,Kwashieman,24.87
2025-02-10 19:00:00+00:00,Kwashieman,25.09
2025-02-10 20:00:00+00:00,Kwashieman,18.57
2025-02-10 21:00:00+00:00,Kwashieman,18.14
2025-02-10 22:00:00+00:00,Kwashieman,15.15
2025-02-10 23:00:00+00:00,Kwashieman,14.16
2025-02-11 00:00:00+00:00,Kwashieman,10.97
2025-02-11 01:00:00+00:00,Kwashieman,11.28
2025-02-11 02:00:00+00:00,Kwashieman,13.12
2025-02-11 03:00:00+00:00,Kwashieman,16.56
2025-02-11 05:00:00+00:00,Kwashieman,29.84
2025-02-11 06:00:00+00:00,Kwashieman,25.65
2025-02-11 07:00:00+00:00,Kwashieman,32.39
2025-02-11 08:00:00+00:00,Kwashieman,21.18
2025-02-11 09:00:00+00:00,Kwashieman,19.41
2025-02-11 10:00:00+00:00,Kwashieman,19.95
2025-02-11 11:00:00+00:00,Kwashieman,19.83
2025-02-11 12:00:00+00:00,Kwashieman,22.75
2025-02-11 14:00:00+00:00,Kwashieman,16.65
2025-02-11 15:00:00+00:00,Kwashieman,16.94
2025-02-11 16:00:00+00:00,Kwashieman,22.15
2025-02-11 17:00:00+00:00,Kwashieman,18.53
2025-02-11 18:00:00+00:00,Kwashieman,20.48
2025-02-11 19:00:00+00:00,Kwashieman,25.1
2025-02-11 20:00:00+00:00,Kwashieman,30.9
2025-02-11 21:00:00+00:00,Kwashieman,20.15
2025-02-11 22:00:00+00:00,Kwashieman,17.48
2025-02-11 23:00:00+00:00,Kwashieman,16.86
2025-02-12 00:00:00+00:00,Kwashieman,15.17
2025-02-12 01:00:00+00:00,Kwashieman,14.14
2025-02-12 02:00:00+00:00,Kwashieman,15.53
2025-02-12 03:00:00+00:00,Kwashieman,16.12
2025-02-12 04:00:00+00:00,Kwashieman,22.58
2025-02-12 05:00:00+00:00,Kwashieman,29.3
2025-02-12 06:00:00+00:00,Kwashieman,31.52
2025-02-12 07:00:00+00:00,Kwashieman,37.19
2025-02-12 08:00:00+00:00,Kwashieman,27.43
2025-02-12 09:00:00+00:00,Kwashieman,19.84
2025-02-12 10:00:00+00:00,Kwashieman,19.11
2025-02-12 11:00:00+00:00,Kwashieman,20.44
2025-02-12 12:00:00+00:00,Kwashieman,17.09
2025-02-12 13:00:00+00:00,Kwashieman,16.71
2025-02-12 14:00:00+00:00,Kwashieman,15.34
2025-02-12 15:00:00+00:00,Kwashieman,18.4
2025-02-12 16:00:00+00:00,Kwashieman,17.08
2025-02-12 17:00:00+00:00,Kwashieman,20.83
2025-02-12 18:00:00+00:00,Kwashieman,33.05
2025-02-12 19:00:00+00:00,Kwashieman,21.24
2025-02-12 20:00:00+00:00,Kwashieman,18.82
2025-02-12 21:00:00+00:00,Kwashieman,16.27
2025-02-12 22:00:00+00:00,Kwashieman,14.87
2025-02-12 23:00:00+00:00,Kwashieman,15.19
2025-02-13 00:00:00+00:00,Kwashieman,27.58
2025-02-13 01:00:00+00:00,Kwashieman,20.0
2025-02-13 02:00:00+00:00,Kwashieman,18.38
2025-02-13 03:00:00+00:00,Kwashieman,21.06
2025-02-13 04:00:00+00:00,Kwashieman,33.67
2025-02-13 05:00:00+00:00,Kwashieman,39.24
2025-02-13 06:00:00+00:00,Kwashieman,38.74
2025-02-13 07:00:00+00:00,Kwashieman,50.56
2025-02-13 08:00:00+00:00,Kwashieman,32.51
2025-02-13 09:00:00+00:00,Kwashieman,19.45
2025-02-13 10:00:00+00:00,Kwashieman,20.84
2025-02-13 11:00:00+00:00,Kwashieman,21.22
2025-02-13 12:00:00+00:00,Kwashieman,23.99
2025-02-13 13:00:00+00:00,Kwashieman,17.66
2025-02-13 14:00:00+00:00,Kwashieman,14.02
2025-02-13 15:00:00+00:00,Kwashieman,14.31
2025-02-13 16:00:00+00:00,Kwashieman,15.78
2025-02-13 17:00:00+00:00,Kwashieman,18.05
2025-02-13 18:00:00+00:00,Kwashieman,24.43
2025-02-13 19:00:00+00:00,Kwashieman,23.02
2025-02-13 20:00:00+00:00,Kwashieman,27.34
2025-02-13 21:00:00+00:00,Kwashieman,23.96
2025-02-13 22:00:00+00:00,Kwashieman,18.11
2025-02-13 23:00:00+00:00,Kwashieman,16.74
2025-02-14 00:00:00+00:00,Kwashieman,16.12
2025-02-14 01:00:00+00:00,Kwashieman,13.43
2025-02-14 02:00:00+00:00,Kwashieman,14.42
2025-02-14 03:00:00+00:00,Kwashieman,14.47
2025-02-14 04:00:00+00:00,Kwashieman,22.0
2025-02-14 05:00:00+00:00,Kwashieman,30.61
2025-02-14 06:00:00+00:00,Kwashieman,42.93
2025-02-14 07:00:00+00:00,Kwashieman,37.53
2025-02-14 08:00:00+00:00,Kwashieman,24.8
2025-02-14 09:00:00+00:00,Kwashieman,21.3
2025-02-14 10:00:00+00:00,Kwashieman,20.11
2025-02-14 11:00:00+00:00,Kwashieman,19.33
2025-02-14 12:00:00+00:00,Kwashieman,20.56
2025-02-14 13:00:00+00:00,Kwashieman,17.47
2025-02-14 14:00:00+00:00,Kwashieman,16.78
2025-02-14 15:00:00+00:00,Kwashieman,17.99
2025-02-14 16:00:00+00:00,Kwashieman,15.6
2025-02-14 17:00:00+00:00,Kwashieman,19.63
2025-02-14 18:00:00+00:00,Kwashieman,21.43
2025-02-14 19:00:00+00:00,Kwashieman,21.28
2025-02-14 20:00:00+00:00,Kwashieman,16.7
2025-02-14 21:00:00+00:00,Kwashieman,16.94
2025-02-14 22:00:00+00:00,Kwashieman,17.57
2025-02-14 23:00:00+00:00,Kwashieman,16.68
2025-02-15 00:00:00+00:00,Kwashieman,17.63
2025-02-15 01:00:00+00:00,Kwashieman,14.49
2025-02-15 02:00:00+00:00,Kwashieman,17.12
2025-02-15 03:00:00+00:00,Kwashieman,18.14
2025-02-15 04:00:00+00:00,Kwashieman,27.91
2025-02-15 05:00:00+00:00,Kwashieman,40.93
2025-02-15 06:00:00+00:00,Kwashieman,45.74
2025-02-15 07:00:00+00:00,Kwashieman,39.29
2025-02-15 08:00:00+00:00,Kwashieman,36.42
2025-02-15 09:00:00+00:00,Kwashieman,21.44
2025-02-15 10:00:00+00:00,Kwashieman,20.9
2025-02-15 11:00:00+00:00,Kwashieman,24.52
2025-02-15 12:00:00+00:00,Kwashieman,18.69
2025-02-15 13:00:00+00:00,Kwashieman,16.88
2025-02-15 14:00:00+00:00,Kwashieman,16.36
2025-02-15 15:00:00+00:00,Kwashieman,16.42
2025-02-15 16:00:00+00:00,Kwashieman,15.71
2025-02-15 17:00:00+00:00,Kwashieman,18.28
2025-02-15 18:00:00+00:00,Kwashieman,21.72
2025-02-15 19:00:00+00:00,Kwashieman,29.75
2025-02-15 20:00:00+00:00,Kwashieman,37.87
2025-02-15 21:00:00+00:00,Kwashieman,29.07
2025-02-15 22:00:00+00:00,Kwashieman,20.88
2025-02-15 23:00:00+00:00,Kwashieman,23.68
2025-02-16 00:00:00+00:00,Kwashieman,19.16
2025-02-16 01:00:00+00:00,Kwashieman,15.98
2025-02-16 02:00:00+00:00,Kwashieman,22.91
2025-02-16 03:00:00+00:00,Kwashieman,24.13
2025-02-16 04:00:00+00:00,Kwashieman,22.06
2025-02-16 05:00:00+00:00,Kwashieman,28.73
2025-02-16 06:00:00+00:00,Kwashieman,42.11
2025-02-16 07:00:00+00:00,Kwashieman,47.03
2025-02-16 09:00:00+00:00,Kwashieman,25.87
2025-02-16 10:00:00+00:00,Kwashieman,22.62
2025-02-16 11:00:00+00:00,Kwashieman,22.26
2025-02-16 12:00:00+00:00,Kwashieman,21.45
2025-02-16 13:00:00+00:00,Kwashieman,19.25
2025-02-16 14:00:00+00:00,Kwashieman,19.88
2025-02-16 15:00:00+00:00,Kwashieman,23.06
2025-02-16 16:00:00+00:00,Kwashieman,22.62
2025-02-16 17:00:00+00:00,Kwashieman,20.27
2025-02-16 18:00:00+00:00,Kwashieman,22.55
2025-02-16 19:00:00+00:00,Kwashieman,23.06
2025-02-16 20:00:00+00:00,Kwashieman,18.93
2025-02-16 21:00:00+00:00,Kwashieman,27.75
2025-02-16 22:00:00+00:00,Kwashieman,20.45
2025-02-16 23:00:00+00:00,Kwashieman,19.55
2025-02-17 00:00:00+00:00,Kwashieman,14.76
2025-02-17 01:00:00+00:00,Kwashieman,15.8
2025-02-17 02:00:00+00:00,Kwashieman,15.05
2025-02-17 03:00:00+00:00,Kwashieman,14.21
2025-02-17 04:00:00+00:00,Kwashieman,22.27
2025-02-17 05:00:00+00:00,Kwashieman,32.5
2025-02-17 06:00:00+00:00,Kwashieman,27.11
2025-02-17 07:00:00+00:00,Kwashieman,41.04
2025-02-17 08:00:00+00:00,Kwashieman,30.81
2025-02-17 09:00:00+00:00,Kwashieman,20.85
2025-02-17 10:00:00+00:00,Kwashieman,19.0
2025-02-17 11:00:00+00:00,Kwashieman,20.98
2025-02-17 12:00:00+00:00,Kwashieman,22.31
2025-02-17 13:00:00+00:00,Kwashieman,18.44
2025-02-17 14:00:00+00:00,Kwashieman,18.87
2025-02-17 15:00:00+00:00,Kwashieman,18.09
2025-02-17 16:00:00+00:00,Kwashieman,18.54
2025-02-17 17:00:00+00:00,Kwashieman,20.45
2025-02-17 18:00:00+00:00,Kwashieman,30.75
2025-02-17 19:00:00+00:00,Kwashieman,27.94
2025-02-17 20:00:00+00:00,Kwashieman,23.26
2025-02-17 21:00:00+00:00,Kwashieman,22.31
2025-02-17 22:00:00+00:00,Kwashieman,17.84
2025-02-17 23:00:00+00:00,Kwashieman,18.46
2025-02-18 03:00:00+00:00,Kwashieman,19.9
2025-02-18 04:00:00+00:00,Kwashieman,27.08
2025-02-18 05:00:00+00:00,Kwashieman,35.61
2025-02-18 06:00:00+00:00,Kwashieman,34.77
2025-02-18 07:00:00+00:00,Kwashieman,34.67
2025-02-18 08:00:00+00:00,Kwashieman,30.97
2025-02-18 09:00:00+00:00,Kwashieman,24.91
2025-02-18 10:00:00+00:00,Kwashieman,25.67
2025-02-18 11:00:00+00:00,Kwashieman,23.16
2025-02-18 12:00:00+00:00,Kwashieman,21.79
2025-02-18 13:00:00+00:00,Kwashieman,16.78
2025-02-18 14:00:00+00:00,Kwashieman,16.16
2025-02-18 15:00:00+00:00,Kwashieman,16.67
2025-02-18 16:00:00+00:00,Kwashieman,20.34
2025-02-18 17:00:00+00:00,Kwashieman,20.43
2025-02-18 18:00:00+00:00,Kwashieman,25.01
2025-02-18 19:00:00+00:00,Kwashieman,24.65
2025-02-18 20:00:00+00:00,Kwashieman,22.9
2025-02-18 21:00:00+00:00,Kwashieman,22.69
2025-02-18 22:00:00+00:00,Kwashieman,20.34
2025-02-18 23:00:00+00:00,Kwashieman,23.35
2025-02-19 00:00:00+00:00,Kwashieman,26.24
2025-02-19 02:00:00+00:00,Kwashieman,19.11
2025-02-19 03:00:00+00:00,Kwashieman,18.94
2025-02-19 04:00:00+00:00,Kwashieman,18.45
2025-02-19 05:00:00+00:00,Kwashieman,27.29
2025-02-19 06:00:00+00:00,Kwashieman,31.83
2025-02-19 07:00:00+00:00,Kwashieman,31.41
2025-02-19 08:00:00+00:00,Kwashieman,23.54
2025-02-19 09:00:00+00:00,Kwashieman,25.14
2025-02-19 10:00:00+00:00,Kwashieman,16.64
2025-02-19 11:00:00+00:00,Kwashieman,17.35
2025-02-19 12:00:00+00:00,Kwashieman,17.54
2025-02-19 13:00:00+00:00,Kwashieman,15.38
2025-02-19 14:00:00+00:00,Kwashieman,15.44
2025-02-19 16:00:00+00:00,Kwashieman,14.84
2025-02-19 17:00:00+00:00,Kwashieman,16.88
2025-02-19 18:00:00+00:00,Kwashieman,21.06
2025-02-19 19:00:00+00:00,Kwashieman,23.02
2025-02-19 22:00:00+00:00,Kwashieman,19.68
2025-02-19 23:00:00+00:00,Kwashieman,17.64
2025-02-20 01:00:00+00:00,Kwashieman,18.51
2025-02-20 02:00:00+00:00,Kwashieman,15.55
2025-02-20 03:00:00+00:00,Kwashieman,15.63
2025-02-20 04:00:00+00:00,Kwashieman,16.56
2025-02-20 06:00:00+00:00,Kwashieman,33.2
2025-02-20 07:00:00+00:00,Kwashieman,34.05
2025-02-20 08:00:00+00:00,Kwashieman,32.46
2025-02-20 09:00:00+00:00,Kwashieman,23.28
2025-02-20 10:00:00+00:00,Kwashieman,22.0
2025-02-20 11:00:00+00:00,Kwashieman,19.66
2025-02-20 14:00:00+00:00,Kwashieman,14.76
2025-02-20 15:00:00+00:00,Kwashieman,15.32
2025-02-20 16:00:00+00:00,Kwashieman,15.06
2025-02-20 18:00:00+00:00,Kwashieman,25.02
2025-02-20 19:00:00+00:00,Kwashieman,24.66
2025-02-20 20:00:00+00:00,Kwashieman,23.16
2025-02-20 21:00:00+00:00,Kwashieman,19.9
2025-02-20 22:00:00+00:00,Kwashieman,17.24
2025-02-20 23:00:00+00:00,Kwashieman,19.78
2025-02-21 00:00:00+00:00,Kwashieman,16.17
2025-02-21 01:00:00+00:00,Kwashieman,14.92
2025-02-21 02:00:00+00:00,Kwashieman,15.22
2025-02-21 03:00:00+00:00,Kwashieman,17.85
2025-02-21 04:00:00+00:00,Kwashieman,25.31
2025-02-21 05:00:00+00:00,Kwashieman,37.38
2025-02-21 06:00:00+00:00,Kwashieman,44.12
2025-02-21 08:00:00+00:00,Kwashieman,31.51
2025-02-21 09:00:00+00:00,Kwashieman,30.08
2025-02-21 10:00:00+00:00,Kwashieman,24.87
2025-02-21 11:00:00+00:00,Kwashieman,22.58
2025-02-21 12:00:00+00:00,Kwashieman,16.75
2025-02-21 13:00:00+00:00,Kwashieman,17.5
2025-02-21 14:00:00+00:00,Kwashieman,19.18
2025-02-21 15:00:00+00:00,Kwashieman,22.8
2025-02-21 16:00:00+00:00,Kwashieman,18.63
2025-02-21 19:00:00+00:00,Kwashieman,26.05
2025-02-21 20:00:00+00:00,Kwashieman,28.95
2025-02-21 21:00:00+00:00,Kwashieman,28.75
2025-02-21 23:00:00+00:00,Kwashieman,31.81
2025-02-22 00:00:00+00:00,Kwashieman,33.19
2025-02-22 02:00:00+00:00,Kwashieman,31.97
2025-02-22 03:00:00+00:00,Kwashieman,37.23
2025-02-22 04:00:00+00:00,Kwashieman,39.39
2025-02-22 05:00:00+00:00,Kwashieman,59.93
2025-02-22 06:00:00+00:00,Kwashieman,57.66
2025-02-22 07:00:00+00:00,Kwashieman,56.69
2025-02-22 08:00:00+00:00,Kwashieman,45.3
2025-02-22 09:00:00+00:00,Kwashieman,28.66
2025-02-22 10:00:00+00:00,Kwashieman,23.78
2025-02-22 12:00:00+00:00,Kwashieman,17.49
2025-02-22 13:00:00+00:00,Kwashieman,13.9
2025-02-22 14:00:00+00:00,Kwashieman,16.09
2025-02-22 15:00:00+00:00,Kwashieman,18.5
2025-02-22 16:00:00+00:00,Kwashieman,23.74
2025-02-22 17:00:00+00:00,Kwashieman,19.62
2025-02-22 18:00:00+00:00,Kwashieman,27.14
2025-02-22 19:00:00+00:00,Kwashieman,23.55
2025-02-22 20:00:00+00:00,Kwashieman,21.75
2025-02-22 21:00:00+00:00,Kwashieman,18.93
2025-02-22 22:00:00+00:00,Kwashieman,21.7
2025-02-22 23:00:00+00:00,Kwashieman,21.29
2025-02-23 00:00:00+00:00,Kwashieman,18.6
2025-02-23 01:00:00+00:00,Kwashieman,16.54
2025-02-23 02:00:00+00:00,Kwashieman,13.46
2025-02-23 03:00:00+00:00,Kwashieman,13.11
2025-02-23 04:00:00+00:00,Kwashieman,13.03
2025-02-23 05:00:00+00:00,Kwashieman,28.67
2025-02-23 06:00:00+00:00,Kwashieman,35.43
2025-02-23 07:00:00+00:00,Kwashieman,29.05
2025-02-23 08:00:00+00:00,Kwashieman,33.86
2025-02-23 09:00:00+00:00,Kwashieman,41.2
2025-02-23 11:00:00+00:00,Kwashieman,29.92
2025-02-23 12:00:00+00:00,Kwashieman,42.15
2025-02-23 13:00:00+00:00,Kwashieman,40.46
2025-02-23 14:00:00+00:00,Kwashieman,49.94
2025-02-23 15:00:00+00:00,Kwashieman,37.3
2025-02-23 16:00:00+00:00,Kwashieman,22.99
2025-02-23 17:00:00+00:00,Kwashieman,37.07
2025-02-23 18:00:00+00:00,Kwashieman,40.92
2025-02-23 19:00:00+00:00,Kwashieman,42.44
2025-02-23 20:00:00+00:00,Kwashieman,38.31
2025-02-23 23:00:00+00:00,Kwashieman,32.07
2025-02-24 00:00:00+00:00,Kwashieman,28.31
2025-02-24 01:00:00+00:00,Kwashieman,26.3
2025-02-24 02:00:00+00:00,Kwashieman,27.92
2025-02-24 03:00:00+00:00,Kwashieman,23.5
2025-02-24 04:00:00+00:00,Kwashieman,33.88
2025-02-24 05:00:00+00:00,Kwashieman,36.35
2025-02-24 08:00:00+00:00,Kwashieman,33.78
2025-02-24 09:00:00+00:00,Kwashieman,22.46
2025-02-24 10:00:00+00:00,Kwashieman,19.0
2025-02-24 11:00:00+00:00,Kwashieman,22.33
2025-02-24 12:00:00+00:00,Kwashieman,21.46
2025-02-24 13:00:00+00:00,Kwashieman,16.38
2025-02-24 16:00:00+00:00,Kwashieman,13.38
2025-02-24 17:00:00+00:00,Kwashieman,14.4
2025-02-24 18:00:00+00:00,Kwashieman,27.81
2025-02-24 19:00:00+00:00,Kwashieman,42.81
2025-02-24 20:00:00+00:00,Kwashieman,23.06
2025-02-24 21:00:00+00:00,Kwashieman,18.07
2025-02-24 23:00:00+00:00,Kwashieman,10.62
2025-02-25 00:00:00+00:00,Kwashieman,10.85
2025-02-25 01:00:00+00:00,Kwashieman,15.79
2025-02-25 02:00:00+00:00,Kwashieman,19.09
2025-02-25 03:00:00+00:00,Kwashieman,28.0
2025-02-25 04:00:00+00:00,Kwashieman,31.87
2025-02-25 05:00:00+00:00,Kwashieman,37.95
2025-02-25 06:00:00+00:00,Kwashieman,43.8
2025-02-25 07:00:00+00:00,Kwashieman,45.51
2025-02-25 08:00:00+00:00,Kwashieman,28.79
2025-02-25 09:00:00+00:00,Kwashieman,16.58
2025-02-25 10:00:00+00:00,Kwashieman,14.54
2025-02-25 11:00:00+00:00,Kwashieman,15.96
2025-02-25 12:00:00+00:00,Kwashieman,17.82
2025-02-25 13:00:00+00:00,Kwashieman,18.62
2025-02-25 14:00:00+00:00,Kwashieman,12.2
2025-02-25 15:00:00+00:00,Kwashieman,10.59
2025-02-25 16:00:00+00:00,Kwashieman,10.88
2025-02-25 17:00:00+00:00,Kwashieman,13.36
2025-02-25 18:00:00+00:00,Kwashieman,15.45
2025-02-25 19:00:00+00:00,Kwashieman,15.73
2025-02-25 20:00:00+00:00,Kwashieman,19.04
2025-02-25 21:00:00+00:00,Kwashieman,16.72
2025-02-25 23:00:00+00:00,Kwashieman,36.44
2025-02-26 02:00:00+00:00,Kwashieman,10.62
2025-02-26 03:00:00+00:00,Kwashieman,12.81
2025-02-26 04:00:00+00:00,Kwashieman,20.38
2025-02-26 05:00:00+00:00,Kwashieman,27.94
2025-02-26 06:00:00+00:00,Kwashieman,38.19
2025-02-26 07:00:00+00:00,Kwashieman,31.63
2025-02-26 08:00:00+00:00,Kwashieman,23.45
2025-02-26 09:00:00+00:00,Kwashieman,17.78
2025-02-26 10:00:00+00:00,Kwashieman,18.31
2025-02-26 11:00:00+00:00,Kwashieman,18.64
2025-02-26 13:00:00+00:00,Kwashieman,12.59
2025-02-26 14:00:00+00:00,Kwashieman,15.44
2025-02-26 15:00:00+00:00,Kwashieman,13.63
2025-02-26 16:00:00+00:00,Kwashieman,14.27
2025-02-26 17:00:00+00:00,Kwashieman,15.7
2025-02-26 18:00:00+00:00,Kwashieman,16.67
2025-02-26 19:00:00+00:00,Kwashieman,16.42
2025-02-27 03:00:00+00:00,Kwashieman,44.14
2025-02-27 04:00:00+00:00,Kwashieman,41.09
2025-02-27 05:00:00+00:00,Kwashieman,109.88
2025-02-27 06:00:00+00:00,Kwashieman,104.59
2025-02-27 07:00:00+00:00,Kwashieman,81.27
2025-02-27 08:00:00+00:00,Kwashieman,135.7
2025-02-27 10:00:00+00:00,Kwashieman,30.68
2025-02-27 11:00:00+00:00,Kwashieman,26.73
2025-02-27 12:00:00+00:00,Kwashieman,21.91
2025-02-27 13:00:00+00:00,Kwashieman,19.06
2025-02-27 14:00:00+00:00,Kwashieman,18.04
2025-02-27 15:00:00+00:00,Kwashieman,15.22
2025-02-27 16:00:00+00:00,Kwashieman,16.17
2025-02-27 17:00:00+00:00,Kwashieman,17.74
2025-02-27 18:00:00+00:00,Kwashieman,24.2
2025-02-27 21:00:00+00:00,Kwashieman,23.41
2025-02-27 22:00:00+00:00,Kwashieman,17.05
2025-02-27 23:00:00+00:00,Kwashieman,15.29
2025-02-28 00:00:00+00:00,Kwashieman,11.85
2025-02-28 01:00:00+00:00,Kwashieman,11.76
2025-02-28 02:00:00+00:00,Kwashieman,14.89
2025-02-28 03:00:00+00:00,Kwashieman,17.21
2025-02-28 04:00:00+00:00,Kwashieman,22.96
2025-02-28 05:00:00+00:00,Kwashieman,34.94
2025-02-28 06:00:00+00:00,Kwashieman,45.08
2025-02-28 07:00:00+00:00,Kwashieman,56.92
2025-02-28 08:00:00+00:00,Kwashieman,47.65
2025-02-28 10:00:00+00:00,Kwashieman,23.7
2025-02-28 11:00:00+00:00,Kwashieman,18.9
2025-02-28 12:00:00+00:00,Kwashieman,20.42
2025-02-28 13:00:00+00:00,Kwashieman,16.3
2025-02-28 14:00:00+00:00,Kwashieman,14.65
2025-02-28 15:00:00+00:00,Kwashieman,16.21
2025-02-28 16:00:00+00:00,Kwashieman,20.85
2025-02-28 17:00:00+00:00,Kwashieman,23.43
2025-02-28 18:00:00+00:00,Kwashieman,16.34
2025-02-28 19:00:00+00:00,Kwashieman,24.06
2025-02-28 20:00:00+00:00,Kwashieman,22.45
2025-02-28 21:00:00+00:00,Kwashieman,26.83
2025-02-28 22:00:00+00:00,Kwashieman,22.73
2025-02-28 23:00:00+00:00,Kwashieman,13.12
2025-02-01 00:00:00+00:00,Lapaz Intersection,35.65
2025-02-01 01:00:00+00:00,Lapaz Intersection,30.85
2025-02-01 02:00:00+00:00,Lapaz Intersection,38.4
2025-02-01 03:00:00+00:00,Lapaz Intersection,39.61
2025-02-01 04:00:00+00:00,Lapaz Intersection,40.16
2025-02-01 05:00:00+00:00,Lapaz Intersection,49.62
2025-02-01 06:00:00+00:00,Lapaz Intersection,61.15
2025-02-01 07:00:00+00:00,Lapaz Intersection,60.06
2025-02-01 08:00:00+00:00,Lapaz Intersection,45.55
2025-02-01 09:00:00+00:00,Lapaz Intersection,33.45
2025-02-01 10:00:00+00:00,Lapaz Intersection,30.67
2025-02-01 11:00:00+00:00,Lapaz Intersection,31.94
2025-02-01 13:00:00+00:00,Lapaz Intersection,26.09
2025-02-01 14:00:00+00:00,Lapaz Intersection,23.45
2025-02-01 15:00:00+00:00,Lapaz Intersection,22.91
2025-02-01 17:00:00+00:00,Lapaz Intersection,28.8
2025-02-01 18:00:00+00:00,Lapaz Intersection,28.1
2025-02-01 20:00:00+00:00,Lapaz Intersection,40.17
2025-02-01 21:00:00+00:00,Lapaz Intersection,31.88
2025-02-01 22:00:00+00:00,Lapaz Intersection,37.02
2025-02-01 23:00:00+00:00,Lapaz Intersection,31.06
2025-02-02 01:00:00+00:00,Lapaz Intersection,51.2
2025-02-02 02:00:00+00:00,Lapaz Intersection,50.09
2025-02-02 03:00:00+00:00,Lapaz Intersection,45.41
2025-02-02 04:00:00+00:00,Lapaz Intersection,40.88
2025-02-02 05:00:00+00:00,Lapaz Intersection,41.82
2025-02-02 06:00:00+00:00,Lapaz Intersection,59.08
2025-02-02 07:00:00+00:00,Lapaz Intersection,79.09
2025-02-02 09:00:00+00:00,Lapaz Intersection,43.13
2025-02-02 10:00:00+00:00,Lapaz Intersection,38.15
2025-02-02 12:00:00+00:00,Lapaz Intersection,37.21
2025-02-02 13:00:00+00:00,Lapaz Intersection,22.55
2025-02-02 15:00:00+00:00,Lapaz Intersection,29.87
2025-02-02 16:00:00+00:00,Lapaz Intersection,29.35
2025-02-02 19:00:00+00:00,Lapaz Intersection,44.76
2025-02-02 20:00:00+00:00,Lapaz Intersection,54.87
2025-02-03 00:00:00+00:00,Lapaz Intersection,51.18
2025-02-03 08:00:00+00:00,Lapaz Intersection,50.57
2025-02-03 09:00:00+00:00,Lapaz Intersection,37.54
2025-02-03 20:00:00+00:00,Lapaz Intersection,47.44
2025-02-03 21:00:00+00:00,Lapaz Intersection,43.22
2025-02-04 03:00:00+00:00,Lapaz Intersection,37.96
2025-02-04 04:00:00+00:00,Lapaz Intersection,41.54
2025-02-04 05:00:00+00:00,Lapaz Intersection,42.15
2025-02-04 07:00:00+00:00,Lapaz Intersection,55.67
2025-02-04 08:00:00+00:00,Lapaz Intersection,52.7
2025-02-04 09:00:00+00:00,Lapaz Intersection,46.25
2025-02-04 10:00:00+00:00,Lapaz Intersection,34.5
2025-02-04 11:00:00+00:00,Lapaz Intersection,34.09
2025-02-04 12:00:00+00:00,Lapaz Intersection,34.54
2025-02-04 13:00:00+00:00,Lapaz Intersection,35.73
2025-02-04 14:00:00+00:00,Lapaz Intersection,28.76
2025-02-04 15:00:00+00:00,Lapaz Intersection,31.44
2025-02-04 16:00:00+00:00,Lapaz Intersection,29.05
2025-02-04 19:00:00+00:00,Lapaz Intersection,46.98
2025-02-04 20:00:00+00:00,Lapaz Intersection,35.52
2025-02-04 21:00:00+00:00,Lapaz Intersection,42.46
2025-02-04 22:00:00+00:00,Lapaz Intersection,39.0
2025-02-04 23:00:00+00:00,Lapaz Intersection,35.65
2025-02-05 00:00:00+00:00,Lapaz Intersection,34.64
2025-02-05 01:00:00+00:00,Lapaz Intersection,31.47
2025-02-05 02:00:00+00:00,Lapaz Intersection,35.51
2025-02-05 03:00:00+00:00,Lapaz Intersection,32.66
2025-02-05 05:00:00+00:00,Lapaz Intersection,42.93
2025-02-05 06:00:00+00:00,Lapaz Intersection,44.41
2025-02-05 08:00:00+00:00,Lapaz Intersection,45.16
2025-02-05 09:00:00+00:00,Lapaz Intersection,38.39
2025-02-05 10:00:00+00:00,Lapaz Intersection,31.77
2025-02-05 13:00:00+00:00,Lapaz Intersection,32.73
2025-02-05 14:00:00+00:00,Lapaz Intersection,31.36
2025-02-05 15:00:00+00:00,Lapaz Intersection,32.38
2025-02-05 17:00:00+00:00,Lapaz Intersection,31.24
2025-02-05 18:00:00+00:00,Lapaz Intersection,39.29
2025-02-05 19:00:00+00:00,Lapaz Intersection,47.44
2025-02-05 20:00:00+00:00,Lapaz Intersection,38.0
2025-02-05 21:00:00+00:00,Lapaz Intersection,32.4
2025-02-05 22:00:00+00:00,Lapaz Intersection,29.88
2025-02-05 23:00:00+00:00,Lapaz Intersection,30.08
2025-02-06 01:00:00+00:00,Lapaz Intersection,24.11
2025-02-06 02:00:00+00:00,Lapaz Intersection,24.0
2025-02-06 03:00:00+00:00,Lapaz Intersection,26.09
2025-02-06 04:00:00+00:00,Lapaz Intersection,29.36
2025-02-06 05:00:00+00:00,Lapaz Intersection,39.27
2025-02-06 06:00:00+00:00,Lapaz Intersection,47.16
2025-02-06 07:00:00+00:00,Lapaz Intersection,55.76
2025-02-06 15:00:00+00:00,Lapaz Intersection,25.05
2025-02-06 16:00:00+00:00,Lapaz Intersection,22.92
2025-02-06 19:00:00+00:00,Lapaz Intersection,34.39
2025-02-06 20:00:00+00:00,Lapaz Intersection,35.48
2025-02-06 22:00:00+00:00,Lapaz Intersection,31.1
2025-02-06 23:00:00+00:00,Lapaz Intersection,33.71
2025-02-07 00:00:00+00:00,Lapaz Intersection,26.59
2025-02-07 03:00:00+00:00,Lapaz Intersection,23.14
2025-02-07 04:00:00+00:00,Lapaz Intersection,23.49
2025-02-07 05:00:00+00:00,Lapaz Intersection,35.92
2025-02-07 06:00:00+00:00,Lapaz Intersection,41.03
2025-02-07 07:00:00+00:00,Lapaz Intersection,46.74
2025-02-07 08:00:00+00:00,Lapaz Intersection,35.66
2025-02-07 09:00:00+00:00,Lapaz Intersection,26.92
2025-02-07 10:00:00+00:00,Lapaz Intersection,27.98
2025-02-07 11:00:00+00:00,Lapaz Intersection,30.98
2025-02-07 12:00:00+00:00,Lapaz Intersection,33.58
2025-02-07 13:00:00+00:00,Lapaz Intersection,28.52
2025-02-07 14:00:00+00:00,Lapaz Intersection,28.06
2025-02-07 15:00:00+00:00,Lapaz Intersection,29.26
2025-02-07 16:00:00+00:00,Lapaz Intersection,29.1
2025-02-07 17:00:00+00:00,Lapaz Intersection,33.93
2025-02-07 18:00:00+00:00,Lapaz Intersection,29.19
2025-02-07 20:00:00+00:00,Lapaz Intersection,44.24
2025-02-07 21:00:00+00:00,Lapaz Intersection,39.29
2025-02-07 22:00:00+00:00,Lapaz Intersection,40.68
2025-02-07 23:00:00+00:00,Lapaz Intersection,31.11
2025-02-08 00:00:00+00:00,Lapaz Intersection,25.53
2025-02-08 01:00:00+00:00,Lapaz Intersection,23.95
2025-02-08 02:00:00+00:00,Lapaz Intersection,22.81
2025-02-08 03:00:00+00:00,Lapaz Intersection,24.07
2025-02-08 04:00:00+00:00,Lapaz Intersection,32.81
2025-02-08 05:00:00+00:00,Lapaz Intersection,35.96
2025-02-08 06:00:00+00:00,Lapaz Intersection,38.79
2025-02-08 07:00:00+00:00,Lapaz Intersection,44.03
2025-02-08 08:00:00+00:00,Lapaz Intersection,37.17
2025-02-08 09:00:00+00:00,Lapaz Intersection,28.71
2025-02-08 10:00:00+00:00,Lapaz Intersection,27.26
2025-02-08 11:00:00+00:00,Lapaz Intersection,33.38
2025-02-08 12:00:00+00:00,Lapaz Intersection,28.86
2025-02-08 13:00:00+00:00,Lapaz Intersection,25.57
2025-02-08 15:00:00+00:00,Lapaz Intersection,26.69
2025-02-08 16:00:00+00:00,Lapaz Intersection,30.59
2025-02-08 17:00:00+00:00,Lapaz Intersection,33.54
2025-02-08 18:00:00+00:00,Lapaz Intersection,33.53
2025-02-08 19:00:00+00:00,Lapaz Intersection,30.8
2025-02-08 20:00:00+00:00,Lapaz Intersection,32.8
2025-02-08 21:00:00+00:00,Lapaz Intersection,34.74
2025-02-08 22:00:00+00:00,Lapaz Intersection,20.64
2025-02-08 23:00:00+00:00,Lapaz Intersection,15.44
2025-02-09 01:00:00+00:00,Lapaz Intersection,13.87
2025-02-09 02:00:00+00:00,Lapaz Intersection,18.8
2025-02-09 03:00:00+00:00,Lapaz Intersection,13.26
2025-02-09 04:00:00+00:00,Lapaz Intersection,14.04
2025-02-09 05:00:00+00:00,Lapaz Intersection,16.19
2025-02-09 06:00:00+00:00,Lapaz Intersection,22.69
2025-02-09 07:00:00+00:00,Lapaz Intersection,27.64
2025-02-09 09:00:00+00:00,Lapaz Intersection,24.21
2025-02-09 10:00:00+00:00,Lapaz Intersection,21.92
2025-02-09 11:00:00+00:00,Lapaz Intersection,20.74
2025-02-09 12:00:00+00:00,Lapaz Intersection,25.18
2025-02-09 13:00:00+00:00,Lapaz Intersection,24.34
2025-02-09 14:00:00+00:00,Lapaz Intersection,18.12
2025-02-09 15:00:00+00:00,Lapaz Intersection,22.51
2025-02-09 17:00:00+00:00,Lapaz Intersection,27.03
2025-02-09 18:00:00+00:00,Lapaz Intersection,24.89
2025-02-09 19:00:00+00:00,Lapaz Intersection,30.55
2025-02-09 20:00:00+00:00,Lapaz Intersection,31.17
2025-02-09 21:00:00+00:00,Lapaz Intersection,33.86
2025-02-09 22:00:00+00:00,Lapaz Intersection,25.87
2025-02-09 23:00:00+00:00,Lapaz Intersection,23.82
2025-02-10 01:00:00+00:00,Lapaz Intersection,23.5
2025-02-10 02:00:00+00:00,Lapaz Intersection,25.7
2025-02-10 03:00:00+00:00,Lapaz Intersection,36.73
2025-02-10 04:00:00+00:00,Lapaz Intersection,41.79
2025-02-10 05:00:00+00:00,Lapaz Intersection,45.51
2025-02-10 06:00:00+00:00,Lapaz Intersection,55.0
2025-02-10 07:00:00+00:00,Lapaz Intersection,44.68
2025-02-10 08:00:00+00:00,Lapaz Intersection,47.67
2025-02-10 09:00:00+00:00,Lapaz Intersection,35.18
2025-02-10 10:00:00+00:00,Lapaz Intersection,38.8
2025-02-10 11:00:00+00:00,Lapaz Intersection,24.88
2025-02-10 12:00:00+00:00,Lapaz Intersection,25.8
2025-02-10 13:00:00+00:00,Lapaz Intersection,15.6
2025-02-10 15:00:00+00:00,Lapaz Intersection,43.19
2025-02-10 16:00:00+00:00,Lapaz Intersection,36.4
2025-02-10 17:00:00+00:00,Lapaz Intersection,32.27
2025-02-10 18:00:00+00:00,Lapaz Intersection,32.97
2025-02-10 19:00:00+00:00,Lapaz Intersection,24.68
2025-02-10 20:00:00+00:00,Lapaz Intersection,34.39
2025-02-10 21:00:00+00:00,Lapaz Intersection,33.7
2025-02-10 22:00:00+00:00,Lapaz Intersection,26.79
2025-02-10 23:00:00+00:00,Lapaz Intersection,19.45
2025-02-11 00:00:00+00:00,Lapaz Intersection,17.64
2025-02-11 01:00:00+00:00,Lapaz Intersection,13.12
2025-02-11 02:00:00+00:00,Lapaz Intersection,14.88
2025-02-11 03:00:00+00:00,Lapaz Intersection,25.54
2025-02-11 05:00:00+00:00,Lapaz Intersection,28.86
2025-02-11 06:00:00+00:00,Lapaz Intersection,27.18
2025-02-11 07:00:00+00:00,Lapaz Intersection,41.09
2025-02-11 08:00:00+00:00,Lapaz Intersection,30.89
2025-02-11 09:00:00+00:00,Lapaz Intersection,23.52
2025-02-11 10:00:00+00:00,Lapaz Intersection,23.33
2025-02-11 11:00:00+00:00,Lapaz Intersection,23.84
2025-02-11 12:00:00+00:00,Lapaz Intersection,25.3
2025-02-11 14:00:00+00:00,Lapaz Intersection,27.17
2025-02-11 15:00:00+00:00,Lapaz Intersection,36.55
2025-02-11 16:00:00+00:00,Lapaz Intersection,29.67
2025-02-11 17:00:00+00:00,Lapaz Intersection,35.04
2025-02-11 18:00:00+00:00,Lapaz Intersection,36.7
2025-02-11 19:00:00+00:00,Lapaz Intersection,32.02
2025-02-11 20:00:00+00:00,Lapaz Intersection,33.74
2025-02-11 21:00:00+00:00,Lapaz Intersection,36.9
2025-02-11 22:00:00+00:00,Lapaz Intersection,28.21
2025-02-11 23:00:00+00:00,Lapaz Intersection,30.57
2025-02-12 00:00:00+00:00,Lapaz Intersection,25.42
2025-02-12 01:00:00+00:00,Lapaz Intersection,19.35
2025-02-12 02:00:00+00:00,Lapaz Intersection,18.55
2025-02-12 03:00:00+00:00,Lapaz Intersection,19.18
2025-02-12 04:00:00+00:00,Lapaz Intersection,19.59
2025-02-12 05:00:00+00:00,Lapaz Intersection,24.65
2025-02-12 06:00:00+00:00,Lapaz Intersection,42.41
2025-02-12 07:00:00+00:00,Lapaz Intersection,42.2
2025-02-12 08:00:00+00:00,Lapaz Intersection,30.89
2025-02-12 09:00:00+00:00,Lapaz Intersection,21.54
2025-02-12 10:00:00+00:00,Lapaz Intersection,23.04
2025-02-12 11:00:00+00:00,Lapaz Intersection,29.94
2025-02-12 12:00:00+00:00,Lapaz Intersection,27.66
2025-02-12 13:00:00+00:00,Lapaz Intersection,23.37
2025-02-12 14:00:00+00:00,Lapaz Intersection,23.16
2025-02-12 15:00:00+00:00,Lapaz Intersection,25.77
2025-02-12 16:00:00+00:00,Lapaz Intersection,29.76
2025-02-12 17:00:00+00:00,Lapaz Intersection,29.64
2025-02-12 18:00:00+00:00,Lapaz Intersection,39.83
2025-02-12 19:00:00+00:00,Lapaz Intersection,41.08
2025-02-12 20:00:00+00:00,Lapaz Intersection,33.73
2025-02-12 21:00:00+00:00,Lapaz Intersection,34.89
2025-02-12 22:00:00+00:00,Lapaz Intersection,28.84
2025-02-12 23:00:00+00:00,Lapaz Intersection,19.15
2025-02-13 00:00:00+00:00,Lapaz Intersection,31.24
2025-02-13 01:00:00+00:00,Lapaz Intersection,28.34
2025-02-13 02:00:00+00:00,Lapaz Intersection,26.47
2025-02-13 03:00:00+00:00,Lapaz Intersection,34.51
2025-02-13 04:00:00+00:00,Lapaz Intersection,48.99
2025-02-13 05:00:00+00:00,Lapaz Intersection,35.06
2025-02-13 06:00:00+00:00,Lapaz Intersection,36.01
2025-02-13 07:00:00+00:00,Lapaz Intersection,46.84
2025-02-13 08:00:00+00:00,Lapaz Intersection,32.27
2025-02-13 09:00:00+00:00,Lapaz Intersection,24.48
2025-02-13 10:00:00+00:00,Lapaz Intersection,24.39
2025-02-13 11:00:00+00:00,Lapaz Intersection,23.69
2025-02-13 12:00:00+00:00,Lapaz Intersection,22.34
2025-02-13 13:00:00+00:00,Lapaz Intersection,26.3
2025-02-13 14:00:00+00:00,Lapaz Intersection,23.62
2025-02-13 15:00:00+00:00,Lapaz Intersection,20.44
2025-02-13 16:00:00+00:00,Lapaz Intersection,23.3
2025-02-13 17:00:00+00:00,Lapaz Intersection,26.21
2025-02-13 18:00:00+00:00,Lapaz Intersection,30.52
2025-02-13 19:00:00+00:00,Lapaz Intersection,36.91
2025-02-13 20:00:00+00:00,Lapaz Intersection,36.05
2025-02-13 21:00:00+00:00,Lapaz Intersection,36.37
2025-02-13 22:00:00+00:00,Lapaz Intersection,32.63
2025-02-13 23:00:00+00:00,Lapaz Intersection,32.87
2025-02-14 00:00:00+00:00,Lapaz Intersection,24.28
2025-02-14 01:00:00+00:00,Lapaz Intersection,17.95
2025-02-14 02:00:00+00:00,Lapaz Intersection,18.24
2025-02-14 03:00:00+00:00,Lapaz Intersection,19.87
2025-02-14 04:00:00+00:00,Lapaz Intersection,18.93
2025-02-14 05:00:00+00:00,Lapaz Intersection,29.48
2025-02-14 06:00:00+00:00,Lapaz Intersection,41.37
2025-02-14 07:00:00+00:00,Lapaz Intersection,39.78
2025-02-14 08:00:00+00:00,Lapaz Intersection,33.08
2025-02-14 09:00:00+00:00,Lapaz Intersection,27.1
2025-02-14 10:00:00+00:00,Lapaz Intersection,24.95
2025-02-14 11:00:00+00:00,Lapaz Intersection,23.81
2025-02-14 12:00:00+00:00,Lapaz Intersection,30.36
2025-02-14 13:00:00+00:00,Lapaz Intersection,30.11
2025-02-14 14:00:00+00:00,Lapaz Intersection,23.16
2025-02-14 15:00:00+00:00,Lapaz Intersection,25.54
2025-02-14 16:00:00+00:00,Lapaz Intersection,26.65
2025-02-14 17:00:00+00:00,Lapaz Intersection,26.21
2025-02-14 18:00:00+00:00,Lapaz Intersection,31.86
2025-02-14 19:00:00+00:00,Lapaz Intersection,36.03
2025-02-14 20:00:00+00:00,Lapaz Intersection,38.33
2025-02-14 21:00:00+00:00,Lapaz Intersection,41.22
2025-02-14 22:00:00+00:00,Lapaz Intersection,37.55
2025-02-14 23:00:00+00:00,Lapaz Intersection,34.6
2025-02-15 00:00:00+00:00,Lapaz Intersection,29.08
2025-02-15 01:00:00+00:00,Lapaz Intersection,23.9
2025-02-15 02:00:00+00:00,Lapaz Intersection,20.84
2025-02-15 03:00:00+00:00,Lapaz Intersection,22.68
2025-02-15 04:00:00+00:00,Lapaz Intersection,29.69
2025-02-15 05:00:00+00:00,Lapaz Intersection,37.61
2025-02-15 06:00:00+00:00,Lapaz Intersection,42.27
2025-02-15 07:00:00+00:00,Lapaz Intersection,40.92
2025-02-15 08:00:00+00:00,Lapaz Intersection,32.06
2025-02-15 09:00:00+00:00,Lapaz Intersection,23.18
2025-02-15 10:00:00+00:00,Lapaz Intersection,27.7
2025-02-15 11:00:00+00:00,Lapaz Intersection,31.13
2025-02-15 12:00:00+00:00,Lapaz Intersection,26.77
2025-02-15 13:00:00+00:00,Lapaz Intersection,24.22
2025-02-15 14:00:00+00:00,Lapaz Intersection,26.85
2025-02-15 15:00:00+00:00,Lapaz Intersection,26.22
2025-02-15 16:00:00+00:00,Lapaz Intersection,27.08
2025-02-15 17:00:00+00:00,Lapaz Intersection,30.92
2025-02-15 18:00:00+00:00,Lapaz Intersection,35.9
2025-02-15 19:00:00+00:00,Lapaz Intersection,36.53
2025-02-15 20:00:00+00:00,Lapaz Intersection,35.69
2025-02-15 21:00:00+00:00,Lapaz Intersection,29.35
2025-02-15 22:00:00+00:00,Lapaz Intersection,31.81
2025-02-15 23:00:00+00:00,Lapaz Intersection,35.51
2025-02-16 00:00:00+00:00,Lapaz Intersection,30.85
2025-02-16 01:00:00+00:00,Lapaz Intersection,21.48
2025-02-16 02:00:00+00:00,Lapaz Intersection,23.94
2025-02-16 03:00:00+00:00,Lapaz Intersection,26.9
2025-02-16 04:00:00+00:00,Lapaz Intersection,25.4
2025-02-16 05:00:00+00:00,Lapaz Intersection,32.08
2025-02-16 06:00:00+00:00,Lapaz Intersection,38.12
2025-02-16 07:00:00+00:00,Lapaz Intersection,41.06
2025-02-16 08:00:00+00:00,Lapaz Intersection,38.52
2025-02-16 09:00:00+00:00,Lapaz Intersection,29.99
2025-02-16 10:00:00+00:00,Lapaz Intersection,28.76
2025-02-16 11:00:00+00:00,Lapaz Intersection,29.35
2025-02-16 12:00:00+00:00,Lapaz Intersection,29.3
2025-02-16 13:00:00+00:00,Lapaz Intersection,27.76
2025-02-16 14:00:00+00:00,Lapaz Intersection,24.04
2025-02-16 15:00:00+00:00,Lapaz Intersection,23.49
2025-02-16 16:00:00+00:00,Lapaz Intersection,23.77
2025-02-16 17:00:00+00:00,Lapaz Intersection,27.24
2025-02-16 18:00:00+00:00,Lapaz Intersection,30.22
2025-02-16 19:00:00+00:00,Lapaz Intersection,34.88
2025-02-16 20:00:00+00:00,Lapaz Intersection,36.03
2025-02-16 21:00:00+00:00,Lapaz Intersection,30.2
2025-02-16 22:00:00+00:00,Lapaz Intersection,29.55
2025-02-16 23:00:00+00:00,Lapaz Intersection,27.59
2025-02-17 00:00:00+00:00,Lapaz Intersection,28.29
2025-02-17 01:00:00+00:00,Lapaz Intersection,21.3
2025-02-17 02:00:00+00:00,Lapaz Intersection,20.67
2025-02-17 03:00:00+00:00,Lapaz Intersection,18.93
2025-02-17 04:00:00+00:00,Lapaz Intersection,26.08
2025-02-17 05:00:00+00:00,Lapaz Intersection,36.15
2025-02-17 06:00:00+00:00,Lapaz Intersection,46.27
2025-02-17 07:00:00+00:00,Lapaz Intersection,41.2
2025-02-17 08:00:00+00:00,Lapaz Intersection,34.12
2025-02-17 09:00:00+00:00,Lapaz Intersection,26.24
2025-02-17 10:00:00+00:00,Lapaz Intersection,24.29
2025-02-17 11:00:00+00:00,Lapaz Intersection,23.89
2025-02-17 12:00:00+00:00,Lapaz Intersection,26.2
2025-02-17 13:00:00+00:00,Lapaz Intersection,25.87
2025-02-17 14:00:00+00:00,Lapaz Intersection,27.63
2025-02-17 15:00:00+00:00,Lapaz Intersection,31.55
2025-02-17 16:00:00+00:00,Lapaz Intersection,26.21
2025-02-17 17:00:00+00:00,Lapaz Intersection,28.69
2025-02-17 18:00:00+00:00,Lapaz Intersection,31.51
2025-02-17 19:00:00+00:00,Lapaz Intersection,36.44
2025-02-17 20:00:00+00:00,Lapaz Intersection,31.89
2025-02-17 21:00:00+00:00,Lapaz Intersection,32.79
2025-02-17 22:00:00+00:00,Lapaz Intersection,31.34
2025-02-17 23:00:00+00:00,Lapaz Intersection,27.46
2025-02-18 00:00:00+00:00,Lapaz Intersection,22.95
2025-02-18 01:00:00+00:00,Lapaz Intersection,22.67
2025-02-18 02:00:00+00:00,Lapaz Intersection,22.47
2025-02-18 03:00:00+00:00,Lapaz Intersection,23.68
2025-02-18 04:00:00+00:00,Lapaz Intersection,28.31
2025-02-18 05:00:00+00:00,Lapaz Intersection,37.04
2025-02-18 06:00:00+00:00,Lapaz Intersection,35.12
2025-02-18 07:00:00+00:00,Lapaz Intersection,42.89
2025-02-18 08:00:00+00:00,Lapaz Intersection,34.6
2025-02-18 09:00:00+00:00,Lapaz Intersection,31.46
2025-02-18 10:00:00+00:00,Lapaz Intersection,26.04
2025-02-18 11:00:00+00:00,Lapaz Intersection,33.2
2025-02-18 12:00:00+00:00,Lapaz Intersection,22.69
2025-02-18 13:00:00+00:00,Lapaz Intersection,22.85
2025-02-18 14:00:00+00:00,Lapaz Intersection,25.44
2025-02-18 15:00:00+00:00,Lapaz Intersection,21.91
2025-02-18 16:00:00+00:00,Lapaz Intersection,27.38
2025-02-18 17:00:00+00:00,Lapaz Intersection,32.2
2025-02-18 18:00:00+00:00,Lapaz Intersection,33.05
2025-02-18 19:00:00+00:00,Lapaz Intersection,37.42
2025-02-18 20:00:00+00:00,Lapaz Intersection,37.42
2025-02-18 21:00:00+00:00,Lapaz Intersection,30.37
2025-02-18 22:00:00+00:00,Lapaz Intersection,29.42
2025-02-18 23:00:00+00:00,Lapaz Intersection,24.68
2025-02-19 00:00:00+00:00,Lapaz Intersection,26.61
2025-02-19 02:00:00+00:00,Lapaz Intersection,19.25
2025-02-19 03:00:00+00:00,Lapaz Intersection,24.08
2025-02-19 04:00:00+00:00,Lapaz Intersection,43.23
2025-02-19 05:00:00+00:00,Lapaz Intersection,35.9
2025-02-19 06:00:00+00:00,Lapaz Intersection,40.99
2025-02-19 07:00:00+00:00,Lapaz Intersection,55.18
2025-02-19 08:00:00+00:00,Lapaz Intersection,26.79
2025-02-19 09:00:00+00:00,Lapaz Intersection,37.83
2025-02-19 10:00:00+00:00,Lapaz Intersection,26.98
2025-02-19 11:00:00+00:00,Lapaz Intersection,21.17
2025-02-19 12:00:00+00:00,Lapaz Intersection,27.41
2025-02-19 13:00:00+00:00,Lapaz Intersection,22.84
2025-02-19 14:00:00+00:00,Lapaz Intersection,20.66
2025-02-19 16:00:00+00:00,Lapaz Intersection,26.12
2025-02-19 17:00:00+00:00,Lapaz Intersection,25.83
2025-02-19 18:00:00+00:00,Lapaz Intersection,32.88
2025-02-19 19:00:00+00:00,Lapaz Intersection,40.36
2025-02-19 22:00:00+00:00,Lapaz Intersection,27.46
2025-02-19 23:00:00+00:00,Lapaz Intersection,30.42
2025-02-20 01:00:00+00:00,Lapaz Intersection,20.84
2025-02-20 02:00:00+00:00,Lapaz Intersection,19.09
2025-02-20 03:00:00+00:00,Lapaz Intersection,18.79
2025-02-20 04:00:00+00:00,Lapaz Intersection,19.02
2025-02-20 06:00:00+00:00,Lapaz Intersection,33.52
2025-02-20 07:00:00+00:00,Lapaz Intersection,40.45
2025-02-20 08:00:00+00:00,Lapaz Intersection,40.68
2025-02-20 09:00:00+00:00,Lapaz Intersection,26.34
2025-02-20 10:00:00+00:00,Lapaz Intersection,24.02
2025-02-20 11:00:00+00:00,Lapaz Intersection,20.29
2025-02-20 14:00:00+00:00,Lapaz Intersection,23.41
2025-02-20 15:00:00+00:00,Lapaz Intersection,26.25
2025-02-20 16:00:00+00:00,Lapaz Intersection,31.62
2025-02-20 18:00:00+00:00,Lapaz Intersection,34.15
2025-02-20 19:00:00+00:00,Lapaz Intersection,33.38
2025-02-20 20:00:00+00:00,Lapaz Intersection,37.46
2025-02-20 21:00:00+00:00,Lapaz Intersection,45.13
2025-02-20 22:00:00+00:00,Lapaz Intersection,33.67
2025-02-21 00:00:00+00:00,Lapaz Intersection,18.25
2025-02-21 01:00:00+00:00,Lapaz Intersection,17.53
2025-02-21 02:00:00+00:00,Lapaz Intersection,18.34
2025-02-21 03:00:00+00:00,Lapaz Intersection,21.37
2025-02-21 04:00:00+00:00,Lapaz Intersection,31.44
2025-02-21 05:00:00+00:00,Lapaz Intersection,37.98
2025-02-21 06:00:00+00:00,Lapaz Intersection,40.12
2025-02-21 08:00:00+00:00,Lapaz Intersection,39.76
2025-02-21 09:00:00+00:00,Lapaz Intersection,38.01
2025-02-21 10:00:00+00:00,Lapaz Intersection,31.05
2025-02-21 11:00:00+00:00,Lapaz Intersection,33.69
2025-02-21 12:00:00+00:00,Lapaz Intersection,26.46
2025-02-21 13:00:00+00:00,Lapaz Intersection,24.77
2025-02-21 14:00:00+00:00,Lapaz Intersection,22.94
2025-02-21 15:00:00+00:00,Lapaz Intersection,26.91
2025-02-21 16:00:00+00:00,Lapaz Intersection,25.38
2025-02-21 19:00:00+00:00,Lapaz Intersection,46.63
2025-02-21 20:00:00+00:00,Lapaz Intersection,31.12
2025-02-21 21:00:00+00:00,Lapaz Intersection,25.09
2025-02-21 23:00:00+00:00,Lapaz Intersection,41.3
2025-02-22 00:00:00+00:00,Lapaz Intersection,42.73
2025-02-22 02:00:00+00:00,Lapaz Intersection,35.96
2025-02-22 03:00:00+00:00,Lapaz Intersection,44.65
2025-02-22 04:00:00+00:00,Lapaz Intersection,37.83
2025-02-22 05:00:00+00:00,Lapaz Intersection,47.24
2025-02-22 06:00:00+00:00,Lapaz Intersection,48.36
2025-02-22 07:00:00+00:00,Lapaz Intersection,59.13
2025-02-22 08:00:00+00:00,Lapaz Intersection,47.92
2025-02-22 09:00:00+00:00,Lapaz Intersection,32.43
2025-02-22 10:00:00+00:00,Lapaz Intersection,24.53
2025-02-22 12:00:00+00:00,Lapaz Intersection,23.38
2025-02-22 13:00:00+00:00,Lapaz Intersection,24.67
2025-02-22 14:00:00+00:00,Lapaz Intersection,24.58
2025-02-22 15:00:00+00:00,Lapaz Intersection,22.98
2025-02-22 16:00:00+00:00,Lapaz Intersection,33.38
2025-02-22 17:00:00+00:00,Lapaz Intersection,27.96
2025-02-22 18:00:00+00:00,Lapaz Intersection,29.8
2025-02-22 19:00:00+00:00,Lapaz Intersection,27.15
2025-02-22 20:00:00+00:00,Lapaz Intersection,16.64
2025-02-22 21:00:00+00:00,Lapaz Intersection,20.0
2025-02-22 22:00:00+00:00,Lapaz Intersection,22.43
2025-02-22 23:00:00+00:00,Lapaz Intersection,22.67
2025-02-23 00:00:00+00:00,Lapaz Intersection,21.32
2025-02-23 01:00:00+00:00,Lapaz Intersection,21.3
2025-02-23 02:00:00+00:00,Lapaz Intersection,18.06
2025-02-23 03:00:00+00:00,Lapaz Intersection,16.45
2025-02-23 04:00:00+00:00,Lapaz Intersection,16.58
2025-02-23 05:00:00+00:00,Lapaz Intersection,32.43
2025-02-23 06:00:00+00:00,Lapaz Intersection,41.73
2025-02-23 07:00:00+00:00,Lapaz Intersection,37.8
2025-02-23 08:00:00+00:00,Lapaz Intersection,39.56
2025-02-23 09:00:00+00:00,Lapaz Intersection,38.79
2025-02-23 11:00:00+00:00,Lapaz Intersection,28.85
2025-02-23 12:00:00+00:00,Lapaz Intersection,29.57
2025-02-23 13:00:00+00:00,Lapaz Intersection,30.57
2025-02-23 14:00:00+00:00,Lapaz Intersection,35.59
2025-02-23 15:00:00+00:00,Lapaz Intersection,36.14
2025-02-23 16:00:00+00:00,Lapaz Intersection,34.86
2025-02-23 17:00:00+00:00,Lapaz Intersection,38.47
2025-02-23 18:00:00+00:00,Lapaz Intersection,33.42
2025-02-23 19:00:00+00:00,Lapaz Intersection,41.29
2025-02-23 20:00:00+00:00,Lapaz Intersection,48.3
2025-02-23 23:00:00+00:00,Lapaz Intersection,39.38
2025-02-24 00:00:00+00:00,Lapaz Intersection,39.87
2025-02-24 01:00:00+00:00,Lapaz Intersection,35.76
2025-02-24 02:00:00+00:00,Lapaz Intersection,30.23
2025-02-24 03:00:00+00:00,Lapaz Intersection,25.16
2025-02-24 04:00:00+00:00,Lapaz Intersection,25.39
2025-02-24 05:00:00+00:00,Lapaz Intersection,32.8
2025-02-24 08:00:00+00:00,Lapaz Intersection,40.91
2025-02-24 09:00:00+00:00,Lapaz Intersection,29.18
2025-02-24 10:00:00+00:00,Lapaz Intersection,22.56
2025-02-24 11:00:00+00:00,Lapaz Intersection,34.86
2025-02-24 12:00:00+00:00,Lapaz Intersection,26.0
2025-02-24 13:00:00+00:00,Lapaz Intersection,17.94
2025-02-24 16:00:00+00:00,Lapaz Intersection,23.09
2025-02-24 17:00:00+00:00,Lapaz Intersection,27.62
2025-02-24 18:00:00+00:00,Lapaz Intersection,40.33
2025-02-24 19:00:00+00:00,Lapaz Intersection,49.9
2025-02-24 20:00:00+00:00,Lapaz Intersection,43.18
2025-02-24 21:00:00+00:00,Lapaz Intersection,28.77
2025-02-24 23:00:00+00:00,Lapaz Intersection,21.96
2025-02-25 00:00:00+00:00,Lapaz Intersection,17.6
2025-02-25 01:00:00+00:00,Lapaz Intersection,20.44
2025-02-25 02:00:00+00:00,Lapaz Intersection,19.6
2025-02-25 03:00:00+00:00,Lapaz Intersection,24.34
2025-02-25 04:00:00+00:00,Lapaz Intersection,44.88
2025-02-25 05:00:00+00:00,Lapaz Intersection,50.25
2025-02-25 06:00:00+00:00,Lapaz Intersection,46.23
2025-02-25 07:00:00+00:00,Lapaz Intersection,41.91
2025-02-25 08:00:00+00:00,Lapaz Intersection,25.01
2025-02-25 09:00:00+00:00,Lapaz Intersection,18.6
2025-02-25 10:00:00+00:00,Lapaz Intersection,16.03
2025-02-25 11:00:00+00:00,Lapaz Intersection,17.84
2025-02-25 12:00:00+00:00,Lapaz Intersection,20.76
2025-02-25 13:00:00+00:00,Lapaz Intersection,22.51
2025-02-25 14:00:00+00:00,Lapaz Intersection,17.71
2025-02-25 15:00:00+00:00,Lapaz Intersection,19.46
2025-02-25 16:00:00+00:00,Lapaz Intersection,21.23
2025-02-25 17:00:00+00:00,Lapaz Intersection,21.68
2025-02-25 18:00:00+00:00,Lapaz Intersection,25.28
2025-02-25 19:00:00+00:00,Lapaz Intersection,33.6
2025-02-25 20:00:00+00:00,Lapaz Intersection,28.45
2025-02-25 21:00:00+00:00,Lapaz Intersection,21.01
2025-02-25 23:00:00+00:00,Lapaz Intersection,20.48
2025-02-26 00:00:00+00:00,Lapaz Intersection,20.23
2025-02-26 02:00:00+00:00,Lapaz Intersection,13.28
2025-02-26 03:00:00+00:00,Lapaz Intersection,16.88
2025-02-26 04:00:00+00:00,Lapaz Intersection,23.34
2025-02-26 05:00:00+00:00,Lapaz Intersection,24.76
2025-02-26 06:00:00+00:00,Lapaz Intersection,38.68
2025-02-26 07:00:00+00:00,Lapaz Intersection,43.2
2025-02-26 08:00:00+00:00,Lapaz Intersection,24.24
2025-02-26 09:00:00+00:00,Lapaz Intersection,21.27
2025-02-26 10:00:00+00:00,Lapaz Intersection,20.86
2025-02-26 11:00:00+00:00,Lapaz Intersection,18.97
2025-02-26 13:00:00+00:00,Lapaz Intersection,23.29
2025-02-26 14:00:00+00:00,Lapaz Intersection,16.5
2025-02-26 15:00:00+00:00,Lapaz Intersection,26.66
2025-02-26 16:00:00+00:00,Lapaz Intersection,22.35
2025-02-26 17:00:00+00:00,Lapaz Intersection,24.73
2025-02-26 18:00:00+00:00,Lapaz Intersection,27.52
2025-02-26 19:00:00+00:00,Lapaz Intersection,23.16
2025-02-27 03:00:00+00:00,Lapaz Intersection,17.45
2025-02-27 04:00:00+00:00,Lapaz Intersection,29.29
2025-02-27 05:00:00+00:00,Lapaz Intersection,26.29
2025-02-27 06:00:00+00:00,Lapaz Intersection,26.68
2025-02-27 07:00:00+00:00,Lapaz Intersection,34.99
2025-02-27 08:00:00+00:00,Lapaz Intersection,36.98
2025-02-27 10:00:00+00:00,Lapaz Intersection,32.39
2025-02-27 11:00:00+00:00,Lapaz Intersection,29.09
2025-02-27 12:00:00+00:00,Lapaz Intersection,26.9
2025-02-27 13:00:00+00:00,Lapaz Intersection,24.99
2025-02-27 14:00:00+00:00,Lapaz Intersection,21.97
2025-02-27 15:00:00+00:00,Lapaz Intersection,22.05
2025-02-27 16:00:00+00:00,Lapaz Intersection,20.33
2025-02-27 17:00:00+00:00,Lapaz Intersection,21.76
2025-02-27 18:00:00+00:00,Lapaz Intersection,19.64
2025-02-27 21:00:00+00:00,Lapaz Intersection,29.61
2025-02-27 22:00:00+00:00,Lapaz Intersection,34.52
2025-02-27 23:00:00+00:00,Lapaz Intersection,26.14
2025-02-28 00:00:00+00:00,Lapaz Intersection,24.35
2025-02-28 01:00:00+00:00,Lapaz Intersection,15.36
2025-02-28 02:00:00+00:00,Lapaz Intersection,20.76
2025-02-28 03:00:00+00:00,Lapaz Intersection,18.1
2025-02-28 04:00:00+00:00,Lapaz Intersection,24.59
2025-02-28 05:00:00+00:00,Lapaz Intersection,40.46
2025-02-28 06:00:00+00:00,Lapaz Intersection,57.2
2025-02-28 07:00:00+00:00,Lapaz Intersection,51.92
2025-02-28 08:00:00+00:00,Lapaz Intersection,49.93
2025-02-28 10:00:00+00:00,Lapaz Intersection,28.82
2025-02-28 11:00:00+00:00,Lapaz Intersection,26.4
2025-02-28 12:00:00+00:00,Lapaz Intersection,23.29
2025-02-28 13:00:00+00:00,Lapaz Intersection,24.12
2025-02-28 14:00:00+00:00,Lapaz Intersection,24.6
2025-02-28 15:00:00+00:00,Lapaz Intersection,21.48
2025-02-28 16:00:00+00:00,Lapaz Intersection,20.84
2025-02-28 17:00:00+00:00,Lapaz Intersection,24.43
2025-02-28 18:00:00+00:00,Lapaz Intersection,32.43
2025-02-28 19:00:00+00:00,Lapaz Intersection,33.72
2025-02-28 20:00:00+00:00,Lapaz Intersection,34.28
2025-02-28 21:00:00+00:00,Lapaz Intersection,32.72
2025-02-28 22:00:00+00:00,Lapaz Intersection,30.46
2025-02-28 23:00:00+00:00,Lapaz Intersection,32.0
2025-02-01 00:00:00+00:00,Madina Zongo,21.26
2025-02-01 01:00:00+00:00,Madina Zongo,22.24
2025-02-01 02:00:00+00:00,Madina Zongo,31.87
2025-02-01 03:00:00+00:00,Madina Zongo,30.24
2025-02-01 04:00:00+00:00,Madina Zongo,27.27
2025-02-01 05:00:00+00:00,Madina Zongo,34.27
2025-02-01 06:00:00+00:00,Madina Zongo,40.37
2025-02-01 08:00:00+00:00,Madina Zongo,35.21
2025-02-01 09:00:00+00:00,Madina Zongo,27.57
2025-02-01 10:00:00+00:00,Madina Zongo,25.77
2025-02-01 11:00:00+00:00,Madina Zongo,35.24
2025-02-01 13:00:00+00:00,Madina Zongo,23.9
2025-02-01 14:00:00+00:00,Madina Zongo,27.55
2025-02-01 17:00:00+00:00,Madina Zongo,28.7
2025-02-01 20:00:00+00:00,Madina Zongo,35.42
2025-02-01 21:00:00+00:00,Madina Zongo,33.36
2025-02-01 22:00:00+00:00,Madina Zongo,36.86
2025-02-01 23:00:00+00:00,Madina Zongo,16.22
2025-02-02 01:00:00+00:00,Madina Zongo,27.74
2025-02-02 02:00:00+00:00,Madina Zongo,28.71
2025-02-02 04:00:00+00:00,Madina Zongo,30.58
2025-02-02 05:00:00+00:00,Madina Zongo,33.07
2025-02-02 06:00:00+00:00,Madina Zongo,39.97
2025-02-02 09:00:00+00:00,Madina Zongo,22.52
2025-02-02 12:00:00+00:00,Madina Zongo,27.13
2025-02-02 13:00:00+00:00,Madina Zongo,21.24
2025-02-02 15:00:00+00:00,Madina Zongo,21.55
2025-02-02 16:00:00+00:00,Madina Zongo,20.13
2025-02-02 19:00:00+00:00,Madina Zongo,48.57
2025-02-03 00:00:00+00:00,Madina Zongo,43.79
2025-02-03 08:00:00+00:00,Madina Zongo,45.12
2025-02-03 20:00:00+00:00,Madina Zongo,42.71
2025-02-04 03:00:00+00:00,Madina Zongo,28.09
2025-02-04 04:00:00+00:00,Madina Zongo,31.1
2025-02-04 07:00:00+00:00,Madina Zongo,60.73
2025-02-04 08:00:00+00:00,Madina Zongo,35.94
2025-02-04 09:00:00+00:00,Madina Zongo,35.65
2025-02-04 10:00:00+00:00,Madina Zongo,43.81
2025-02-04 11:00:00+00:00,Madina Zongo,34.58
2025-02-04 12:00:00+00:00,Madina Zongo,31.14
2025-02-04 13:00:00+00:00,Madina Zongo,31.46
2025-02-04 14:00:00+00:00,Madina Zongo,44.21
2025-02-04 15:00:00+00:00,Madina Zongo,26.74
2025-02-04 19:00:00+00:00,Madina Zongo,37.42
2025-02-04 21:00:00+00:00,Madina Zongo,43.23
2025-02-04 22:00:00+00:00,Madina Zongo,25.48
2025-02-04 23:00:00+00:00,Madina Zongo,33.88
2025-02-05 00:00:00+00:00,Madina Zongo,27.09
2025-02-05 01:00:00+00:00,Madina Zongo,20.13
2025-02-05 02:00:00+00:00,Madina Zongo,24.04
2025-02-05 05:00:00+00:00,Madina Zongo,46.99
2025-02-05 06:00:00+00:00,Madina Zongo,64.43
2025-02-05 08:00:00+00:00,Madina Zongo,43.22
2025-02-05 09:00:00+00:00,Madina Zongo,41.43
2025-02-05 13:00:00+00:00,Madina Zongo,27.21
2025-02-05 14:00:00+00:00,Madina Zongo,32.07
2025-02-05 17:00:00+00:00,Madina Zongo,36.91
2025-02-05 18:00:00+00:00,Madina Zongo,32.91
2025-02-05 19:00:00+00:00,Madina Zongo,23.08
2025-02-05 20:00:00+00:00,Madina Zongo,24.24
2025-02-05 21:00:00+00:00,Madina Zongo,25.98
2025-02-05 22:00:00+00:00,Madina Zongo,14.95
2025-02-06 01:00:00+00:00,Madina Zongo,18.95
2025-02-06 02:00:00+00:00,Madina Zongo,16.77
2025-02-06 03:00:00+00:00,Madina Zongo,17.27
2025-02-06 04:00:00+00:00,Madina Zongo,25.86
2025-02-06 05:00:00+00:00,Madina Zongo,35.27
2025-02-06 06:00:00+00:00,Madina Zongo,43.46
2025-02-06 07:00:00+00:00,Madina Zongo,49.24
2025-02-06 15:00:00+00:00,Madina Zongo,28.49
2025-02-06 19:00:00+00:00,Madina Zongo,26.51
2025-02-06 22:00:00+00:00,Madina Zongo,15.56
2025-02-06 23:00:00+00:00,Madina Zongo,18.32
2025-02-07 00:00:00+00:00,Madina Zongo,20.71
2025-02-07 03:00:00+00:00,Madina Zongo,17.4
2025-02-07 05:00:00+00:00,Madina Zongo,27.69
2025-02-07 07:00:00+00:00,Madina Zongo,35.23
2025-02-07 09:00:00+00:00,Madina Zongo,31.06
2025-02-07 10:00:00+00:00,Madina Zongo,31.35
2025-02-07 11:00:00+00:00,Madina Zongo,25.49
2025-02-07 12:00:00+00:00,Madina Zongo,36.12
2025-02-07 13:00:00+00:00,Madina Zongo,29.45
2025-02-07 14:00:00+00:00,Madina Zongo,28.69
2025-02-07 15:00:00+00:00,Madina Zongo,25.14
2025-02-07 17:00:00+00:00,Madina Zongo,29.07
2025-02-07 20:00:00+00:00,Madina Zongo,35.69
2025-02-07 21:00:00+00:00,Madina Zongo,38.4
2025-02-07 22:00:00+00:00,Madina Zongo,19.61
2025-02-08 00:00:00+00:00,Madina Zongo,22.28
2025-02-08 01:00:00+00:00,Madina Zongo,20.16
2025-02-08 02:00:00+00:00,Madina Zongo,17.95
2025-02-08 03:00:00+00:00,Madina Zongo,38.03
2025-02-08 04:00:00+00:00,Madina Zongo,21.71
2025-02-08 05:00:00+00:00,Madina Zongo,31.95
2025-02-08 07:00:00+00:00,Madina Zongo,49.46
2025-02-08 08:00:00+00:00,Madina Zongo,32.96
2025-02-08 09:00:00+00:00,Madina Zongo,22.2
2025-02-08 10:00:00+00:00,Madina Zongo,27.54
2025-02-08 11:00:00+00:00,Madina Zongo,27.57
2025-02-08 12:00:00+00:00,Madina Zongo,21.95
2025-02-08 15:00:00+00:00,Madina Zongo,29.58
2025-02-08 16:00:00+00:00,Madina Zongo,34.34
2025-02-08 17:00:00+00:00,Madina Zongo,36.83
2025-02-08 18:00:00+00:00,Madina Zongo,38.3
2025-02-08 20:00:00+00:00,Madina Zongo,27.23
2025-02-08 22:00:00+00:00,Madina Zongo,25.52
2025-02-09 01:00:00+00:00,Madina Zongo,14.08
2025-02-09 03:00:00+00:00,Madina Zongo,11.5
2025-02-09 04:00:00+00:00,Madina Zongo,17.12
2025-02-09 05:00:00+00:00,Madina Zongo,27.9
2025-02-09 06:00:00+00:00,Madina Zongo,48.43
2025-02-09 09:00:00+00:00,Madina Zongo,32.61
2025-02-09 10:00:00+00:00,Madina Zongo,26.12
2025-02-09 11:00:00+00:00,Madina Zongo,24.63
2025-02-09 13:00:00+00:00,Madina Zongo,25.54
2025-02-09 14:00:00+00:00,Madina Zongo,16.29
2025-02-09 15:00:00+00:00,Madina Zongo,24.52
2025-02-09 17:00:00+00:00,Madina Zongo,34.6
2025-02-09 18:00:00+00:00,Madina Zongo,27.9
2025-02-09 19:00:00+00:00,Madina Zongo,39.25
2025-02-09 20:00:00+00:00,Madina Zongo,31.83
2025-02-09 22:00:00+00:00,Madina Zongo,19.52
2025-02-09 23:00:00+00:00,Madina Zongo,15.62
2025-02-10 01:00:00+00:00,Madina Zongo,16.16
2025-02-10 02:00:00+00:00,Madina Zongo,18.59
2025-02-10 03:00:00+00:00,Madina Zongo,28.14
2025-02-10 04:00:00+00:00,Madina Zongo,27.48
2025-02-10 05:00:00+00:00,Madina Zongo,26.48
2025-02-10 06:00:00+00:00,Madina Zongo,41.21
2025-02-10 07:00:00+00:00,Madina Zongo,32.42
2025-02-10 08:00:00+00:00,Madina Zongo,30.04
2025-02-10 09:00:00+00:00,Madina Zongo,21.42
2025-02-10 11:00:00+00:00,Madina Zongo,26.36
2025-02-10 12:00:00+00:00,Madina Zongo,22.84
2025-02-10 13:00:00+00:00,Madina Zongo,26.47
2025-02-10 15:00:00+00:00,Madina Zongo,23.63
2025-02-10 16:00:00+00:00,Madina Zongo,28.29
2025-02-10 17:00:00+00:00,Madina Zongo,22.52
2025-02-10 18:00:00+00:00,Madina Zongo,26.84
2025-02-10 20:00:00+00:00,Madina Zongo,26.84
2025-02-10 22:00:00+00:00,Madina Zongo,17.96
2025-02-10 23:00:00+00:00,Madina Zongo,13.04
2025-02-11 00:00:00+00:00,Madina Zongo,12.96
2025-02-11 01:00:00+00:00,Madina Zongo,15.65
2025-02-11 02:00:00+00:00,Madina Zongo,14.5
2025-02-11 05:00:00+00:00,Madina Zongo,32.22
2025-02-11 06:00:00+00:00,Madina Zongo,23.77
2025-02-11 07:00:00+00:00,Madina Zongo,34.22
2025-02-11 08:00:00+00:00,Madina Zongo,33.6
2025-02-11 09:00:00+00:00,Madina Zongo,31.6
2025-02-11 10:00:00+00:00,Madina Zongo,31.48
2025-02-11 11:00:00+00:00,Madina Zongo,37.88
2025-02-11 14:00:00+00:00,Madina Zongo,21.27
2025-02-11 15:00:00+00:00,Madina Zongo,26.51
2025-02-11 16:00:00+00:00,Madina Zongo,16.26
2025-02-11 17:00:00+00:00,Madina Zongo,22.35
2025-02-11 18:00:00+00:00,Madina Zongo,30.1
2025-02-11 19:00:00+00:00,Madina Zongo,29.13
2025-02-11 21:00:00+00:00,Madina Zongo,26.76
2025-02-11 22:00:00+00:00,Madina Zongo,18.74
2025-02-11 23:00:00+00:00,Madina Zongo,30.52
2025-02-12 00:00:00+00:00,Madina Zongo,19.29
2025-02-12 01:00:00+00:00,Madina Zongo,11.42
2025-02-12 02:00:00+00:00,Madina Zongo,12.65
2025-02-12 03:00:00+00:00,Madina Zongo,15.91
2025-02-12 04:00:00+00:00,Madina Zongo,21.34
2025-02-12 05:00:00+00:00,Madina Zongo,26.44
2025-02-12 06:00:00+00:00,Madina Zongo,35.11
2025-02-12 07:00:00+00:00,Madina Zongo,36.51
2025-02-12 08:00:00+00:00,Madina Zongo,28.74
2025-02-12 09:00:00+00:00,Madina Zongo,27.02
2025-02-12 10:00:00+00:00,Madina Zongo,29.25
2025-02-12 11:00:00+00:00,Madina Zongo,26.64
2025-02-12 12:00:00+00:00,Madina Zongo,38.1
2025-02-12 13:00:00+00:00,Madina Zongo,24.27
2025-02-12 14:00:00+00:00,Madina Zongo,25.24
2025-02-12 16:00:00+00:00,Madina Zongo,35.55
2025-02-12 17:00:00+00:00,Madina Zongo,16.61
2025-02-12 18:00:00+00:00,Madina Zongo,33.68
2025-02-12 19:00:00+00:00,Madina Zongo,29.98
2025-02-12 21:00:00+00:00,Madina Zongo,32.74
2025-02-12 22:00:00+00:00,Madina Zongo,33.79
2025-02-13 00:00:00+00:00,Madina Zongo,21.86
2025-02-13 01:00:00+00:00,Madina Zongo,20.88
2025-02-13 02:00:00+00:00,Madina Zongo,18.31
2025-02-13 03:00:00+00:00,Madina Zongo,24.25
2025-02-13 04:00:00+00:00,Madina Zongo,23.74
2025-02-13 05:00:00+00:00,Madina Zongo,33.73
2025-02-13 07:00:00+00:00,Madina Zongo,34.14
2025-02-13 08:00:00+00:00,Madina Zongo,42.23
2025-02-13 09:00:00+00:00,Madina Zongo,26.59
2025-02-13 10:00:00+00:00,Madina Zongo,25.3
2025-02-13 11:00:00+00:00,Madina Zongo,28.33
2025-02-13 12:00:00+00:00,Madina Zongo,19.38
2025-02-13 13:00:00+00:00,Madina Zongo,28.53
2025-02-13 14:00:00+00:00,Madina Zongo,30.49
2025-02-13 15:00:00+00:00,Madina Zongo,31.95
2025-02-13 16:00:00+00:00,Madina Zongo,30.89
2025-02-13 17:00:00+00:00,Madina Zongo,36.5
2025-02-13 18:00:00+00:00,Madina Zongo,40.21
2025-02-13 19:00:00+00:00,Madina Zongo,31.55
2025-02-13 20:00:00+00:00,Madina Zongo,23.69
2025-02-13 21:00:00+00:00,Madina Zongo,25.6
2025-02-13 22:00:00+00:00,Madina Zongo,21.06
2025-02-13 23:00:00+00:00,Madina Zongo,19.45
2025-02-14 00:00:00+00:00,Madina Zongo,19.3
2025-02-14 01:00:00+00:00,Madina Zongo,17.98
2025-02-14 02:00:00+00:00,Madina Zongo,17.95
2025-02-14 03:00:00+00:00,Madina Zongo,19.41
2025-02-14 04:00:00+00:00,Madina Zongo,18.15
2025-02-14 05:00:00+00:00,Madina Zongo,26.59
2025-02-14 06:00:00+00:00,Madina Zongo,39.67
2025-02-14 07:00:00+00:00,Madina Zongo,42.4
2025-02-14 08:00:00+00:00,Madina Zongo,36.17
2025-02-14 09:00:00+00:00,Madina Zongo,27.52
2025-02-14 10:00:00+00:00,Madina Zongo,29.95
2025-02-14 11:00:00+00:00,Madina Zongo,24.91
2025-02-14 12:00:00+00:00,Madina Zongo,26.51
2025-02-14 13:00:00+00:00,Madina Zongo,33.52
2025-02-14 14:00:00+00:00,Madina Zongo,25.12
2025-02-14 15:00:00+00:00,Madina Zongo,13.45
2025-02-14 16:00:00+00:00,Madina Zongo,23.06
2025-02-14 17:00:00+00:00,Madina Zongo,32.95
2025-02-14 18:00:00+00:00,Madina Zongo,44.19
2025-02-14 19:00:00+00:00,Madina Zongo,43.23
2025-02-14 20:00:00+00:00,Madina Zongo,31.63
2025-02-14 22:00:00+00:00,Madina Zongo,32.49
2025-02-14 23:00:00+00:00,Madina Zongo,23.14
2025-02-15 00:00:00+00:00,Madina Zongo,23.37
2025-02-15 02:00:00+00:00,Madina Zongo,17.4
2025-02-15 03:00:00+00:00,Madina Zongo,20.89
2025-02-15 04:00:00+00:00,Madina Zongo,22.87
2025-02-15 05:00:00+00:00,Madina Zongo,52.63
2025-02-15 06:00:00+00:00,Madina Zongo,51.85
2025-02-15 07:00:00+00:00,Madina Zongo,47.64
2025-02-15 08:00:00+00:00,Madina Zongo,45.9
2025-02-15 09:00:00+00:00,Madina Zongo,38.34
2025-02-15 10:00:00+00:00,Madina Zongo,35.42
2025-02-15 11:00:00+00:00,Madina Zongo,31.21
2025-02-15 12:00:00+00:00,Madina Zongo,30.74
2025-02-15 13:00:00+00:00,Madina Zongo,23.55
2025-02-15 14:00:00+00:00,Madina Zongo,18.98
2025-02-15 15:00:00+00:00,Madina Zongo,22.83
2025-02-15 16:00:00+00:00,Madina Zongo,25.32
2025-02-15 17:00:00+00:00,Madina Zongo,18.0
2025-02-15 19:00:00+00:00,Madina Zongo,29.26
2025-02-15 20:00:00+00:00,Madina Zongo,36.15
2025-02-15 22:00:00+00:00,Madina Zongo,25.17
2025-02-15 23:00:00+00:00,Madina Zongo,25.59
2025-02-16 00:00:00+00:00,Madina Zongo,25.59
2025-02-16 01:00:00+00:00,Madina Zongo,21.34
2025-02-16 02:00:00+00:00,Madina Zongo,22.71
2025-02-16 03:00:00+00:00,Madina Zongo,24.04
2025-02-16 04:00:00+00:00,Madina Zongo,19.61
2025-02-16 05:00:00+00:00,Madina Zongo,38.87
2025-02-16 06:00:00+00:00,Madina Zongo,35.46
2025-02-16 07:00:00+00:00,Madina Zongo,49.68
2025-02-16 08:00:00+00:00,Madina Zongo,37.15
2025-02-16 09:00:00+00:00,Madina Zongo,42.77
2025-02-16 10:00:00+00:00,Madina Zongo,25.39
2025-02-16 11:00:00+00:00,Madina Zongo,28.27
2025-02-16 12:00:00+00:00,Madina Zongo,27.05
2025-02-16 13:00:00+00:00,Madina Zongo,20.29
2025-02-16 14:00:00+00:00,Madina Zongo,23.85
2025-02-16 15:00:00+00:00,Madina Zongo,22.71
2025-02-16 16:00:00+00:00,Madina Zongo,22.41
2025-02-16 17:00:00+00:00,Madina Zongo,26.43
2025-02-16 18:00:00+00:00,Madina Zongo,24.3
2025-02-16 19:00:00+00:00,Madina Zongo,17.86
2025-02-16 20:00:00+00:00,Madina Zongo,28.33
2025-02-16 21:00:00+00:00,Madina Zongo,20.31
2025-02-16 22:00:00+00:00,Madina Zongo,17.67
2025-02-16 23:00:00+00:00,Madina Zongo,13.22
2025-02-17 01:00:00+00:00,Madina Zongo,14.44
2025-02-17 02:00:00+00:00,Madina Zongo,12.81
2025-02-17 03:00:00+00:00,Madina Zongo,10.12
2025-02-17 04:00:00+00:00,Madina Zongo,22.52
2025-02-17 05:00:00+00:00,Madina Zongo,38.17
2025-02-17 06:00:00+00:00,Madina Zongo,38.87
2025-02-17 07:00:00+00:00,Madina Zongo,46.34
2025-02-17 08:00:00+00:00,Madina Zongo,33.15
2025-02-17 09:00:00+00:00,Madina Zongo,37.24
2025-02-17 11:00:00+00:00,Madina Zongo,32.85
2025-02-17 12:00:00+00:00,Madina Zongo,28.54
2025-02-17 13:00:00+00:00,Madina Zongo,25.32
2025-02-17 14:00:00+00:00,Madina Zongo,19.12
2025-02-17 15:00:00+00:00,Madina Zongo,13.74
2025-02-17 16:00:00+00:00,Madina Zongo,34.22
2025-02-17 17:00:00+00:00,Madina Zongo,23.54
2025-02-17 18:00:00+00:00,Madina Zongo,30.53
2025-02-17 19:00:00+00:00,Madina Zongo,21.2
2025-02-17 20:00:00+00:00,Madina Zongo,24.32
2025-02-17 21:00:00+00:00,Madina Zongo,25.3
2025-02-17 22:00:00+00:00,Madina Zongo,18.16
2025-02-17 23:00:00+00:00,Madina Zongo,15.26
2025-02-18 00:00:00+00:00,Madina Zongo,15.23
2025-02-18 01:00:00+00:00,Madina Zongo,14.11
2025-02-18 02:00:00+00:00,Madina Zongo,15.14
2025-02-18 03:00:00+00:00,Madina Zongo,18.83
2025-02-18 04:00:00+00:00,Madina Zongo,19.96
2025-02-18 05:00:00+00:00,Madina Zongo,37.82
2025-02-18 06:00:00+00:00,Madina Zongo,43.4
2025-02-18 07:00:00+00:00,Madina Zongo,41.53
2025-02-18 08:00:00+00:00,Madina Zongo,36.12
2025-02-18 09:00:00+00:00,Madina Zongo,39.12
2025-02-18 11:00:00+00:00,Madina Zongo,30.72
2025-02-18 13:00:00+00:00,Madina Zongo,27.1
2025-02-18 14:00:00+00:00,Madina Zongo,22.55
2025-02-18 15:00:00+00:00,Madina Zongo,18.53
2025-02-18 16:00:00+00:00,Madina Zongo,22.05
2025-02-18 18:00:00+00:00,Madina Zongo,35.41
2025-02-18 19:00:00+00:00,Madina Zongo,42.83
2025-02-18 20:00:00+00:00,Madina Zongo,28.59
2025-02-18 21:00:00+00:00,Madina Zongo,23.14
2025-02-18 22:00:00+00:00,Madina Zongo,21.22
2025-02-18 23:00:00+00:00,Madina Zongo,18.36
2025-02-19 02:00:00+00:00,Madina Zongo,13.72
2025-02-19 03:00:00+00:00,Madina Zongo,16.21
2025-02-19 04:00:00+00:00,Madina Zongo,21.36
2025-02-19 05:00:00+00:00,Madina Zongo,41.07
2025-02-19 06:00:00+00:00,Madina Zongo,42.35
2025-02-19 08:00:00+00:00,Madina Zongo,30.2
2025-02-19 09:00:00+00:00,Madina Zongo,33.74
2025-02-19 10:00:00+00:00,Madina Zongo,27.85
2025-02-19 11:00:00+00:00,Madina Zongo,27.67
2025-02-19 12:00:00+00:00,Madina Zongo,18.79
2025-02-19 13:00:00+00:00,Madina Zongo,21.34
2025-02-19 14:00:00+00:00,Madina Zongo,20.29
2025-02-19 16:00:00+00:00,Madina Zongo,27.37
2025-02-19 17:00:00+00:00,Madina Zongo,34.45
2025-02-19 18:00:00+00:00,Madina Zongo,30.0
2025-02-19 19:00:00+00:00,Madina Zongo,42.44
2025-02-19 22:00:00+00:00,Madina Zongo,26.14
2025-02-20 01:00:00+00:00,Madina Zongo,14.25
2025-02-20 02:00:00+00:00,Madina Zongo,15.99
2025-02-20 03:00:00+00:00,Madina Zongo,13.6
2025-02-20 04:00:00+00:00,Madina Zongo,59.93
2025-02-20 06:00:00+00:00,Madina Zongo,27.99
2025-02-20 07:00:00+00:00,Madina Zongo,50.66
2025-02-20 09:00:00+00:00,Madina Zongo,36.17
2025-02-20 10:00:00+00:00,Madina Zongo,31.94
2025-02-20 14:00:00+00:00,Madina Zongo,16.36
2025-02-20 15:00:00+00:00,Madina Zongo,21.14
2025-02-20 18:00:00+00:00,Madina Zongo,25.96
2025-02-20 20:00:00+00:00,Madina Zongo,23.08
2025-02-20 21:00:00+00:00,Madina Zongo,17.53
2025-02-20 22:00:00+00:00,Madina Zongo,21.63
2025-02-21 00:00:00+00:00,Madina Zongo,14.9
2025-02-21 01:00:00+00:00,Madina Zongo,18.78
2025-02-21 02:00:00+00:00,Madina Zongo,16.16
2025-02-21 03:00:00+00:00,Madina Zongo,19.04
2025-02-21 04:00:00+00:00,Madina Zongo,21.75
2025-02-21 05:00:00+00:00,Madina Zongo,29.55
2025-02-21 08:00:00+00:00,Madina Zongo,42.75
2025-02-21 09:00:00+00:00,Madina Zongo,31.3
2025-02-21 10:00:00+00:00,Madina Zongo,36.02
2025-02-21 12:00:00+00:00,Madina Zongo,21.71
2025-02-21 13:00:00+00:00,Madina Zongo,26.88
2025-02-21 14:00:00+00:00,Madina Zongo,23.28
2025-02-21 15:00:00+00:00,Madina Zongo,34.06
2025-02-21 19:00:00+00:00,Madina Zongo,43.52
2025-02-21 20:00:00+00:00,Madina Zongo,42.43
2025-02-21 23:00:00+00:00,Madina Zongo,35.99
2025-02-22 00:00:00+00:00,Madina Zongo,28.85
2025-02-22 02:00:00+00:00,Madina Zongo,27.62
2025-02-22 03:00:00+00:00,Madina Zongo,34.79
2025-02-22 04:00:00+00:00,Madina Zongo,48.55
2025-02-22 05:00:00+00:00,Madina Zongo,38.38
2025-02-22 06:00:00+00:00,Madina Zongo,49.74
2025-02-22 07:00:00+00:00,Madina Zongo,46.97
2025-02-22 08:00:00+00:00,Madina Zongo,47.68
2025-02-22 09:00:00+00:00,Madina Zongo,36.34
2025-02-22 10:00:00+00:00,Madina Zongo,24.55
2025-02-22 12:00:00+00:00,Madina Zongo,23.17
2025-02-22 13:00:00+00:00,Madina Zongo,30.99
2025-02-22 14:00:00+00:00,Madina Zongo,21.17
2025-02-22 16:00:00+00:00,Madina Zongo,23.95
2025-02-22 17:00:00+00:00,Madina Zongo,36.64
2025-02-22 18:00:00+00:00,Madina Zongo,46.79
2025-02-22 20:00:00+00:00,Madina Zongo,57.05
2025-02-22 22:00:00+00:00,Madina Zongo,24.86
2025-02-23 00:00:00+00:00,Madina Zongo,17.93
2025-02-23 01:00:00+00:00,Madina Zongo,18.41
2025-02-23 02:00:00+00:00,Madina Zongo,17.41
2025-02-23 03:00:00+00:00,Madina Zongo,16.65
2025-02-23 04:00:00+00:00,Madina Zongo,15.0
2025-02-23 05:00:00+00:00,Madina Zongo,17.68
2025-02-23 07:00:00+00:00,Madina Zongo,30.54
2025-02-23 08:00:00+00:00,Madina Zongo,36.92
2025-02-23 11:00:00+00:00,Madina Zongo,36.96
2025-02-23 12:00:00+00:00,Madina Zongo,26.95
2025-02-23 13:00:00+00:00,Madina Zongo,32.24
2025-02-23 14:00:00+00:00,Madina Zongo,26.38
2025-02-23 15:00:00+00:00,Madina Zongo,37.75
2025-02-23 16:00:00+00:00,Madina Zongo,41.05
2025-02-23 17:00:00+00:00,Madina Zongo,39.62
2025-02-23 18:00:00+00:00,Madina Zongo,40.31
2025-02-23 19:00:00+00:00,Madina Zongo,35.26
2025-02-23 23:00:00+00:00,Madina Zongo,24.15
2025-02-24 01:00:00+00:00,Madina Zongo,20.13
2025-02-24 02:00:00+00:00,Madina Zongo,22.38
2025-02-24 03:00:00+00:00,Madina Zongo,18.84
2025-02-24 04:00:00+00:00,Madina Zongo,22.99
2025-02-24 08:00:00+00:00,Madina Zongo,55.7
2025-02-24 09:00:00+00:00,Madina Zongo,36.03
2025-02-24 11:00:00+00:00,Madina Zongo,34.22
2025-02-24 12:00:00+00:00,Madina Zongo,21.05
2025-02-24 13:00:00+00:00,Madina Zongo,27.43
2025-02-24 16:00:00+00:00,Madina Zongo,32.16
2025-02-24 18:00:00+00:00,Madina Zongo,34.76
2025-02-24 19:00:00+00:00,Madina Zongo,45.85
2025-02-24 20:00:00+00:00,Madina Zongo,27.33
2025-02-24 23:00:00+00:00,Madina Zongo,16.29
2025-02-25 01:00:00+00:00,Madina Zongo,16.68
2025-02-25 02:00:00+00:00,Madina Zongo,14.22
2025-02-25 04:00:00+00:00,Madina Zongo,20.36
2025-02-25 06:00:00+00:00,Madina Zongo,43.08
2025-02-25 07:00:00+00:00,Madina Zongo,45.4
2025-02-25 08:00:00+00:00,Madina Zongo,27.4
2025-02-25 09:00:00+00:00,Madina Zongo,28.67
2025-02-25 10:00:00+00:00,Madina Zongo,22.31
2025-02-25 11:00:00+00:00,Madina Zongo,27.29
2025-02-25 12:00:00+00:00,Madina Zongo,22.35
2025-02-25 13:00:00+00:00,Madina Zongo,24.78
2025-02-25 14:00:00+00:00,Madina Zongo,29.13
2025-02-25 15:00:00+00:00,Madina Zongo,22.83
2025-02-25 16:00:00+00:00,Madina Zongo,21.45
2025-02-25 17:00:00+00:00,Madina Zongo,28.24
2025-02-25 18:00:00+00:00,Madina Zongo,30.96
2025-02-25 19:00:00+00:00,Madina Zongo,28.48
2025-02-25 20:00:00+00:00,Madina Zongo,29.78
2025-02-25 21:00:00+00:00,Madina Zongo,16.26
2025-02-25 23:00:00+00:00,Madina Zongo,10.0
2025-02-26 02:00:00+00:00,Madina Zongo,11.39
2025-02-26 03:00:00+00:00,Madina Zongo,19.22
2025-02-26 04:00:00+00:00,Madina Zongo,13.88
2025-02-26 06:00:00+00:00,Madina Zongo,40.87
2025-02-26 08:00:00+00:00,Madina Zongo,27.16
2025-02-26 09:00:00+00:00,Madina Zongo,22.79
2025-02-26 10:00:00+00:00,Madina Zongo,23.65
2025-02-26 11:00:00+00:00,Madina Zongo,39.05
2025-02-26 13:00:00+00:00,Madina Zongo,28.28
2025-02-26 14:00:00+00:00,Madina Zongo,14.2
2025-02-26 15:00:00+00:00,Madina Zongo,30.89
2025-02-26 16:00:00+00:00,Madina Zongo,26.32
2025-02-26 18:00:00+00:00,Madina Zongo,31.88
2025-02-26 19:00:00+00:00,Madina Zongo,56.66
2025-02-27 03:00:00+00:00,Madina Zongo,17.01
2025-02-27 04:00:00+00:00,Madina Zongo,20.46
2025-02-27 05:00:00+00:00,Madina Zongo,27.78
2025-02-27 07:00:00+00:00,Madina Zongo,40.68
2025-02-27 10:00:00+00:00,Madina Zongo,31.59
2025-02-27 12:00:00+00:00,Madina Zongo,28.19
2025-02-27 13:00:00+00:00,Madina Zongo,32.47
2025-02-27 14:00:00+00:00,Madina Zongo,18.82
2025-02-27 16:00:00+00:00,Madina Zongo,18.95
2025-02-27 17:00:00+00:00,Madina Zongo,24.35
2025-02-27 21:00:00+00:00,Madina Zongo,19.01
2025-02-27 22:00:00+00:00,Madina Zongo,23.18
2025-02-27 23:00:00+00:00,Madina Zongo,18.72
2025-02-28 00:00:00+00:00,Madina Zongo,10.74
2025-02-28 01:00:00+00:00,Madina Zongo,19.86
2025-02-28 02:00:00+00:00,Madina Zongo,11.82
2025-02-28 03:00:00+00:00,Madina Zongo,13.45
2025-02-28 04:00:00+00:00,Madina Zongo,24.23
2025-02-28 05:00:00+00:00,Madina Zongo,35.21
2025-02-28 06:00:00+00:00,Madina Zongo,45.24
2025-02-28 07:00:00+00:00,Madina Zongo,40.19
2025-02-28 10:00:00+00:00,Madina Zongo,34.78
2025-02-28 11:00:00+00:00,Madina Zongo,43.11
2025-02-28 12:00:00+00:00,Madina Zongo,26.92
2025-02-28 13:00:00+00:00,Madina Zongo,25.99
2025-02-28 14:00:00+00:00,Madina Zongo,18.63
2025-02-28 15:00:00+00:00,Madina Zongo,20.98
2025-02-28 16:00:00+00:00,Madina Zongo,22.16
2025-02-28 17:00:00+00:00,Madina Zongo,23.17
2025-02-28 18:00:00+00:00,Madina Zongo,29.75
2025-02-28 19:00:00+00:00,Madina Zongo,40.0
2025-02-28 20:00:00+00:00,Madina Zongo,48.06
2025-02-28 21:00:00+00:00,Madina Zongo,35.01
2025-02-28 22:00:00+00:00,Madina Zongo,23.56
2025-02-01 00:00:00+00:00,Makola,30.93
2025-02-01 01:00:00+00:00,Makola,30.63
2025-02-01 02:00:00+00:00,Makola,32.21
2025-02-01 03:00:00+00:00,Makola,35.87
2025-02-01 04:00:00+00:00,Makola,52.26
2025-02-01 05:00:00+00:00,Makola,67.77
2025-02-01 06:00:00+00:00,Makola,73.67
2025-02-01 07:00:00+00:00,Makola,74.85
2025-02-01 08:00:00+00:00,Makola,47.25
2025-02-01 09:00:00+00:00,Makola,33.94
2025-02-01 10:00:00+00:00,Makola,30.59
2025-02-01 13:00:00+00:00,Makola,19.67
2025-02-01 14:00:00+00:00,Makola,19.64
2025-02-01 17:00:00+00:00,Makola,23.65
2025-02-01 18:00:00+00:00,Makola,24.53
2025-02-01 20:00:00+00:00,Makola,25.77
2025-02-01 21:00:00+00:00,Makola,28.97
2025-02-01 22:00:00+00:00,Makola,28.06
2025-02-02 01:00:00+00:00,Makola,25.34
2025-02-02 02:00:00+00:00,Makola,26.48
2025-02-02 04:00:00+00:00,Makola,43.41
2025-02-02 05:00:00+00:00,Makola,60.48
2025-02-02 06:00:00+00:00,Makola,63.93
2025-02-02 09:00:00+00:00,Makola,43.89
2025-02-02 10:00:00+00:00,Makola,39.59
2025-02-02 12:00:00+00:00,Makola,20.3
2025-02-02 15:00:00+00:00,Makola,47.38
2025-02-02 16:00:00+00:00,Makola,11.35
2025-02-02 19:00:00+00:00,Makola,63.43
2025-02-03 00:00:00+00:00,Makola,78.16
2025-02-03 01:00:00+00:00,Makola,34.74
2025-02-03 08:00:00+00:00,Makola,56.86
2025-02-03 09:00:00+00:00,Makola,47.64
2025-02-03 20:00:00+00:00,Makola,37.01
2025-02-04 03:00:00+00:00,Makola,54.93
2025-02-04 04:00:00+00:00,Makola,80.57
2025-02-04 07:00:00+00:00,Makola,68.47
2025-02-04 08:00:00+00:00,Makola,47.47
2025-02-04 10:00:00+00:00,Makola,33.63
2025-02-04 11:00:00+00:00,Makola,33.27
2025-02-04 12:00:00+00:00,Makola,35.38
2025-02-04 13:00:00+00:00,Makola,28.72
2025-02-04 14:00:00+00:00,Makola,23.07
2025-02-04 15:00:00+00:00,Makola,27.09
2025-02-04 19:00:00+00:00,Makola,31.99
2025-02-04 21:00:00+00:00,Makola,31.08
2025-02-04 22:00:00+00:00,Makola,33.4
2025-02-04 23:00:00+00:00,Makola,36.79
2025-02-05 00:00:00+00:00,Makola,35.93
2025-02-05 01:00:00+00:00,Makola,37.61
2025-02-05 02:00:00+00:00,Makola,47.04
2025-02-05 06:00:00+00:00,Makola,61.48
2025-02-05 08:00:00+00:00,Makola,56.23
2025-02-05 10:00:00+00:00,Makola,41.74
2025-02-05 13:00:00+00:00,Makola,31.88
2025-02-05 14:00:00+00:00,Makola,27.2
2025-02-05 17:00:00+00:00,Makola,27.49
2025-02-05 18:00:00+00:00,Makola,32.21
2025-02-05 19:00:00+00:00,Makola,28.07
2025-02-05 20:00:00+00:00,Makola,28.22
2025-02-05 21:00:00+00:00,Makola,26.83
2025-02-05 22:00:00+00:00,Makola,33.83
2025-02-05 23:00:00+00:00,Makola,26.53
2025-02-06 01:00:00+00:00,Makola,35.36
2025-02-06 02:00:00+00:00,Makola,48.17
2025-02-06 03:00:00+00:00,Makola,75.69
2025-02-06 04:00:00+00:00,Makola,101.84
2025-02-06 05:00:00+00:00,Makola,79.37
2025-02-06 06:00:00+00:00,Makola,73.86
2025-02-06 15:00:00+00:00,Makola,22.14
2025-02-06 19:00:00+00:00,Makola,25.82
2025-02-06 22:00:00+00:00,Makola,25.23
2025-02-06 23:00:00+00:00,Makola,25.69
2025-02-07 03:00:00+00:00,Makola,42.28
2025-02-07 09:00:00+00:00,Makola,34.27
2025-02-07 10:00:00+00:00,Makola,31.73
2025-02-07 11:00:00+00:00,Makola,25.16
2025-02-07 12:00:00+00:00,Makola,24.72
2025-02-07 13:00:00+00:00,Makola,24.68
2025-02-07 15:00:00+00:00,Makola,26.9
2025-02-07 17:00:00+00:00,Makola,27.93
2025-02-07 20:00:00+00:00,Makola,30.92
2025-02-07 21:00:00+00:00,Makola,28.05
2025-02-07 22:00:00+00:00,Makola,26.61
2025-02-07 23:00:00+00:00,Makola,24.86
2025-02-08 00:00:00+00:00,Makola,30.06
2025-02-08 01:00:00+00:00,Makola,36.93
2025-02-08 02:00:00+00:00,Makola,41.51
2025-02-08 03:00:00+00:00,Makola,36.25
2025-02-08 04:00:00+00:00,Makola,49.24
2025-02-08 05:00:00+00:00,Makola,59.52
2025-02-08 07:00:00+00:00,Makola,57.09
2025-02-08 08:00:00+00:00,Makola,40.03
2025-02-08 09:00:00+00:00,Makola,34.83
2025-02-08 10:00:00+00:00,Makola,35.5
2025-02-08 11:00:00+00:00,Makola,21.81
2025-02-08 12:00:00+00:00,Makola,23.16
2025-02-08 13:00:00+00:00,Makola,22.17
2025-02-08 15:00:00+00:00,Makola,19.7
2025-02-08 16:00:00+00:00,Makola,22.75
2025-02-08 17:00:00+00:00,Makola,24.6
2025-02-08 18:00:00+00:00,Makola,28.46
2025-02-08 20:00:00+00:00,Makola,28.53
2025-02-08 22:00:00+00:00,Makola,17.28
2025-02-09 01:00:00+00:00,Makola,38.62
2025-02-09 02:00:00+00:00,Makola,18.81
2025-02-09 03:00:00+00:00,Makola,25.31
2025-02-09 04:00:00+00:00,Makola,55.87
2025-02-09 05:00:00+00:00,Makola,47.28
2025-02-09 06:00:00+00:00,Makola,37.56
2025-02-09 09:00:00+00:00,Makola,37.56
2025-02-09 10:00:00+00:00,Makola,34.9
2025-02-09 11:00:00+00:00,Makola,29.75
2025-02-09 12:00:00+00:00,Makola,22.57
2025-02-09 13:00:00+00:00,Makola,14.52
2025-02-09 14:00:00+00:00,Makola,18.9
2025-02-09 17:00:00+00:00,Makola,16.72
2025-02-09 18:00:00+00:00,Makola,20.49
2025-02-09 19:00:00+00:00,Makola,18.92
2025-02-09 20:00:00+00:00,Makola,19.35
2025-02-09 22:00:00+00:00,Makola,32.03
2025-02-10 01:00:00+00:00,Makola,68.56
2025-02-10 02:00:00+00:00,Makola,91.89
2025-02-10 03:00:00+00:00,Makola,62.38
2025-02-10 04:00:00+00:00,Makola,48.68
2025-02-10 05:00:00+00:00,Makola,55.94
2025-02-10 06:00:00+00:00,Makola,53.06
2025-02-10 07:00:00+00:00,Makola,53.19
2025-02-10 09:00:00+00:00,Makola,32.57
2025-02-10 11:00:00+00:00,Makola,20.75
2025-02-10 12:00:00+00:00,Makola,17.45
2025-02-10 13:00:00+00:00,Makola,14.84
2025-02-10 15:00:00+00:00,Makola,15.6
2025-02-10 16:00:00+00:00,Makola,16.12
2025-02-10 17:00:00+00:00,Makola,18.82
2025-02-10 18:00:00+00:00,Makola,24.8
2025-02-10 19:00:00+00:00,Makola,24.22
2025-02-10 20:00:00+00:00,Makola,27.96
2025-02-10 21:00:00+00:00,Makola,26.92
2025-02-10 22:00:00+00:00,Makola,19.14
2025-02-10 23:00:00+00:00,Makola,22.25
2025-02-11 00:00:00+00:00,Makola,29.82
2025-02-11 01:00:00+00:00,Makola,40.53
2025-02-11 02:00:00+00:00,Makola,42.4
2025-02-11 03:00:00+00:00,Makola,37.99
2025-02-11 05:00:00+00:00,Makola,63.0
2025-02-11 07:00:00+00:00,Makola,51.48
2025-02-11 08:00:00+00:00,Makola,43.26
2025-02-11 09:00:00+00:00,Makola,38.34
2025-02-11 10:00:00+00:00,Makola,21.47
2025-02-11 11:00:00+00:00,Makola,20.91
2025-02-11 14:00:00+00:00,Makola,20.29
2025-02-11 15:00:00+00:00,Makola,18.13
2025-02-11 17:00:00+00:00,Makola,20.9
2025-02-11 18:00:00+00:00,Makola,21.1
2025-02-11 19:00:00+00:00,Makola,22.38
2025-02-11 21:00:00+00:00,Makola,26.95
2025-02-11 22:00:00+00:00,Makola,26.86
2025-02-11 23:00:00+00:00,Makola,30.66
2025-02-12 00:00:00+00:00,Makola,29.84
2025-02-12 01:00:00+00:00,Makola,37.84
2025-02-12 02:00:00+00:00,Makola,40.44
2025-02-12 03:00:00+00:00,Makola,35.67
2025-02-12 04:00:00+00:00,Makola,45.43
2025-02-12 05:00:00+00:00,Makola,80.88
2025-02-12 06:00:00+00:00,Makola,68.21
2025-02-12 07:00:00+00:00,Makola,48.07
2025-02-12 08:00:00+00:00,Makola,41.49
2025-02-12 09:00:00+00:00,Makola,33.7
2025-02-12 10:00:00+00:00,Makola,28.36
2025-02-12 11:00:00+00:00,Makola,19.91
2025-02-12 12:00:00+00:00,Makola,17.54
2025-02-12 13:00:00+00:00,Makola,18.77
2025-02-12 14:00:00+00:00,Makola,20.12
2025-02-12 16:00:00+00:00,Makola,18.45
2025-02-12 17:00:00+00:00,Makola,19.5
2025-02-12 18:00:00+00:00,Makola,23.0
2025-02-12 19:00:00+00:00,Makola,22.38
2025-02-12 20:00:00+00:00,Makola,24.96
2025-02-12 21:00:00+00:00,Makola,28.62
2025-02-12 22:00:00+00:00,Makola,27.46
2025-02-13 00:00:00+00:00,Makola,28.82
2025-02-13 01:00:00+00:00,Makola,37.83
2025-02-13 02:00:00+00:00,Makola,34.49
2025-02-13 03:00:00+00:00,Makola,43.09
2025-02-13 04:00:00+00:00,Makola,114.05
2025-02-13 05:00:00+00:00,Makola,73.01
2025-02-13 07:00:00+00:00,Makola,56.96
2025-02-13 08:00:00+00:00,Makola,43.02
2025-02-13 09:00:00+00:00,Makola,36.34
2025-02-13 10:00:00+00:00,Makola,34.56
2025-02-13 11:00:00+00:00,Makola,23.23
2025-02-13 13:00:00+00:00,Makola,21.34
2025-02-13 14:00:00+00:00,Makola,19.5
2025-02-13 15:00:00+00:00,Makola,22.46
2025-02-13 16:00:00+00:00,Makola,24.76
2025-02-13 17:00:00+00:00,Makola,26.89
2025-02-13 18:00:00+00:00,Makola,25.29
2025-02-13 19:00:00+00:00,Makola,21.95
2025-02-13 20:00:00+00:00,Makola,26.33
2025-02-13 21:00:00+00:00,Makola,25.46
2025-02-13 22:00:00+00:00,Makola,28.39
2025-02-13 23:00:00+00:00,Makola,29.61
2025-02-14 00:00:00+00:00,Makola,27.37
2025-02-14 01:00:00+00:00,Makola,32.61
2025-02-14 02:00:00+00:00,Makola,28.44
2025-02-14 03:00:00+00:00,Makola,69.34
2025-02-14 04:00:00+00:00,Makola,53.39
2025-02-14 05:00:00+00:00,Makola,65.86
2025-02-14 06:00:00+00:00,Makola,96.67
2025-02-14 07:00:00+00:00,Makola,60.21
2025-02-14 08:00:00+00:00,Makola,41.78
2025-02-14 09:00:00+00:00,Makola,32.65
2025-02-14 10:00:00+00:00,Makola,27.66
2025-02-14 11:00:00+00:00,Makola,23.01
2025-02-14 12:00:00+00:00,Makola,21.24
2025-02-14 13:00:00+00:00,Makola,19.76
2025-02-14 14:00:00+00:00,Makola,25.7
2025-02-14 15:00:00+00:00,Makola,25.28
2025-02-14 16:00:00+00:00,Makola,26.19
2025-02-14 17:00:00+00:00,Makola,19.85
2025-02-14 18:00:00+00:00,Makola,21.45
2025-02-14 19:00:00+00:00,Makola,24.0
2025-02-14 20:00:00+00:00,Makola,24.69
2025-02-14 22:00:00+00:00,Makola,24.33
2025-02-14 23:00:00+00:00,Makola,26.98
2025-02-15 00:00:00+00:00,Makola,28.61
2025-02-15 02:00:00+00:00,Makola,35.14
2025-02-15 03:00:00+00:00,Makola,59.12
2025-02-15 04:00:00+00:00,Makola,58.5
2025-02-15 05:00:00+00:00,Makola,69.04
2025-02-15 06:00:00+00:00,Makola,69.09
2025-02-15 07:00:00+00:00,Makola,50.59
2025-02-15 08:00:00+00:00,Makola,40.74
2025-02-15 09:00:00+00:00,Makola,29.57
2025-02-15 10:00:00+00:00,Makola,27.72
2025-02-15 11:00:00+00:00,Makola,26.78
2025-02-15 12:00:00+00:00,Makola,21.5
2025-02-15 13:00:00+00:00,Makola,20.88
2025-02-15 14:00:00+00:00,Makola,20.4
2025-02-15 15:00:00+00:00,Makola,20.0
2025-02-15 16:00:00+00:00,Makola,21.3
2025-02-15 17:00:00+00:00,Makola,20.84
2025-02-15 18:00:00+00:00,Makola,26.1
2025-02-15 19:00:00+00:00,Makola,24.62
2025-02-15 20:00:00+00:00,Makola,27.79
2025-02-15 21:00:00+00:00,Makola,23.73
2025-02-15 22:00:00+00:00,Makola,27.09
2025-02-15 23:00:00+00:00,Makola,30.44
2025-02-16 00:00:00+00:00,Makola,39.15
2025-02-16 01:00:00+00:00,Makola,65.73
2025-02-16 02:00:00+00:00,Makola,63.45
2025-02-16 03:00:00+00:00,Makola,58.09
2025-02-16 04:00:00+00:00,Makola,61.33
2025-02-16 05:00:00+00:00,Makola,53.94
2025-02-16 06:00:00+00:00,Makola,62.55
2025-02-16 07:00:00+00:00,Makola,43.57
2025-02-16 09:00:00+00:00,Makola,39.07
2025-02-16 10:00:00+00:00,Makola,35.34
2025-02-16 11:00:00+00:00,Makola,24.48
2025-02-16 12:00:00+00:00,Makola,19.47
2025-02-16 13:00:00+00:00,Makola,18.92
2025-02-16 14:00:00+00:00,Makola,20.44
2025-02-16 15:00:00+00:00,Makola,19.37
2025-02-16 16:00:00+00:00,Makola,20.5
2025-02-16 17:00:00+00:00,Makola,22.77
2025-02-16 18:00:00+00:00,Makola,34.29
2025-02-16 19:00:00+00:00,Makola,33.63
2025-02-16 20:00:00+00:00,Makola,34.15
2025-02-16 21:00:00+00:00,Makola,29.99
2025-02-16 22:00:00+00:00,Makola,27.95
2025-02-16 23:00:00+00:00,Makola,29.0
2025-02-17 01:00:00+00:00,Makola,33.69
2025-02-17 02:00:00+00:00,Makola,34.86
2025-02-17 03:00:00+00:00,Makola,34.88
2025-02-17 04:00:00+00:00,Makola,40.95
2025-02-17 05:00:00+00:00,Makola,54.47
2025-02-17 07:00:00+00:00,Makola,49.33
2025-02-17 09:00:00+00:00,Makola,32.49
2025-02-17 11:00:00+00:00,Makola,21.28
2025-02-17 12:00:00+00:00,Makola,19.53
2025-02-17 13:00:00+00:00,Makola,21.56
2025-02-17 14:00:00+00:00,Makola,20.17
2025-02-17 15:00:00+00:00,Makola,20.74
2025-02-17 16:00:00+00:00,Makola,21.9
2025-02-17 17:00:00+00:00,Makola,23.65
2025-02-17 18:00:00+00:00,Makola,27.72
2025-02-17 19:00:00+00:00,Makola,27.29
2025-02-17 20:00:00+00:00,Makola,28.09
2025-02-17 21:00:00+00:00,Makola,27.52
2025-02-17 22:00:00+00:00,Makola,31.29
2025-02-17 23:00:00+00:00,Makola,32.48
2025-02-18 00:00:00+00:00,Makola,32.55
2025-02-18 01:00:00+00:00,Makola,36.37
2025-02-18 02:00:00+00:00,Makola,32.72
2025-02-18 03:00:00+00:00,Makola,41.8
2025-02-18 04:00:00+00:00,Makola,43.69
2025-02-18 05:00:00+00:00,Makola,47.63
2025-02-18 06:00:00+00:00,Makola,52.28
2025-02-18 07:00:00+00:00,Makola,42.13
2025-02-18 08:00:00+00:00,Makola,33.26
2025-02-18 09:00:00+00:00,Makola,29.82
2025-02-18 10:00:00+00:00,Makola,23.65
2025-02-18 11:00:00+00:00,Makola,23.53
2025-02-18 12:00:00+00:00,Makola,24.63
2025-02-18 13:00:00+00:00,Makola,20.35
2025-02-18 14:00:00+00:00,Makola,22.03
2025-02-18 15:00:00+00:00,Makola,21.6
2025-02-18 16:00:00+00:00,Makola,27.98
2025-02-18 18:00:00+00:00,Makola,31.79
2025-02-18 19:00:00+00:00,Makola,28.95
2025-02-18 20:00:00+00:00,Makola,29.48
2025-02-18 21:00:00+00:00,Makola,32.36
2025-02-18 22:00:00+00:00,Makola,34.17
2025-02-18 23:00:00+00:00,Makola,31.3
2025-02-19 00:00:00+00:00,Makola,42.54
2025-02-19 02:00:00+00:00,Makola,30.57
2025-02-19 03:00:00+00:00,Makola,31.13
2025-02-19 04:00:00+00:00,Makola,33.9
2025-02-19 05:00:00+00:00,Makola,43.54
2025-02-19 06:00:00+00:00,Makola,42.38
2025-02-19 08:00:00+00:00,Makola,26.05
2025-02-19 10:00:00+00:00,Makola,19.91
2025-02-19 11:00:00+00:00,Makola,18.77
2025-02-19 12:00:00+00:00,Makola,18.77
2025-02-19 13:00:00+00:00,Makola,16.61
2025-02-19 16:00:00+00:00,Makola,18.72
2025-02-19 17:00:00+00:00,Makola,20.45
2025-02-19 18:00:00+00:00,Makola,24.82
2025-02-19 19:00:00+00:00,Makola,22.69
2025-02-19 22:00:00+00:00,Makola,30.57
2025-02-19 23:00:00+00:00,Makola,27.44
2025-02-20 01:00:00+00:00,Makola,33.6
2025-02-20 02:00:00+00:00,Makola,32.52
2025-02-20 03:00:00+00:00,Makola,28.84
2025-02-20 06:00:00+00:00,Makola,54.92
2025-02-20 07:00:00+00:00,Makola,52.12
2025-02-20 09:00:00+00:00,Makola,33.44
2025-02-20 10:00:00+00:00,Makola,28.07
2025-02-20 11:00:00+00:00,Makola,24.6
2025-02-20 14:00:00+00:00,Makola,19.52
2025-02-20 15:00:00+00:00,Makola,20.49
2025-02-20 18:00:00+00:00,Makola,24.67
2025-02-20 20:00:00+00:00,Makola,25.78
2025-02-20 22:00:00+00:00,Makola,31.21
2025-02-21 00:00:00+00:00,Makola,38.72
2025-02-21 01:00:00+00:00,Makola,81.87
2025-02-21 02:00:00+00:00,Makola,48.23
2025-02-21 03:00:00+00:00,Makola,72.57
2025-02-21 04:00:00+00:00,Makola,60.53
2025-02-21 05:00:00+00:00,Makola,68.19
2025-02-21 06:00:00+00:00,Makola,83.05
2025-02-21 08:00:00+00:00,Makola,43.51
2025-02-21 09:00:00+00:00,Makola,30.46
2025-02-21 10:00:00+00:00,Makola,27.86
2025-02-21 12:00:00+00:00,Makola,23.86
2025-02-21 13:00:00+00:00,Makola,26.73
2025-02-21 14:00:00+00:00,Makola,24.21
2025-02-21 15:00:00+00:00,Makola,23.95
2025-02-21 16:00:00+00:00,Makola,27.01
2025-02-21 19:00:00+00:00,Makola,32.35
2025-02-21 20:00:00+00:00,Makola,38.86
2025-02-21 23:00:00+00:00,Makola,28.93
2025-02-22 00:00:00+00:00,Makola,37.06
2025-02-22 02:00:00+00:00,Makola,62.39
2025-02-22 04:00:00+00:00,Makola,59.4
2025-02-22 05:00:00+00:00,Makola,104.88
2025-02-22 06:00:00+00:00,Makola,66.07
2025-02-22 08:00:00+00:00,Makola,49.57
2025-02-22 09:00:00+00:00,Makola,47.71
2025-02-22 12:00:00+00:00,Makola,22.07
2025-02-22 13:00:00+00:00,Makola,20.61
2025-02-22 14:00:00+00:00,Makola,16.04
2025-02-22 15:00:00+00:00,Makola,15.66
2025-02-22 16:00:00+00:00,Makola,19.19
2025-02-22 17:00:00+00:00,Makola,27.39
2025-02-22 18:00:00+00:00,Makola,35.48
2025-02-22 19:00:00+00:00,Makola,45.23
2025-02-22 20:00:00+00:00,Makola,45.1
2025-02-22 21:00:00+00:00,Makola,34.4
2025-02-22 22:00:00+00:00,Makola,30.58
2025-02-22 23:00:00+00:00,Makola,54.9
2025-02-23 00:00:00+00:00,Makola,29.98
2025-02-23 01:00:00+00:00,Makola,22.94
2025-02-23 02:00:00+00:00,Makola,19.01
2025-02-23 03:00:00+00:00,Makola,35.79
2025-02-23 04:00:00+00:00,Makola,49.05
2025-02-23 05:00:00+00:00,Makola,32.27
2025-02-23 07:00:00+00:00,Makola,42.55
2025-02-23 08:00:00+00:00,Makola,41.14
2025-02-23 09:00:00+00:00,Makola,46.2
2025-02-23 11:00:00+00:00,Makola,45.36
2025-02-23 12:00:00+00:00,Makola,43.3
2025-02-23 13:00:00+00:00,Makola,29.28
2025-02-23 14:00:00+00:00,Makola,25.12
2025-02-23 15:00:00+00:00,Makola,23.26
2025-02-23 16:00:00+00:00,Makola,17.13
2025-02-23 17:00:00+00:00,Makola,28.61
2025-02-23 18:00:00+00:00,Makola,36.66
2025-02-23 19:00:00+00:00,Makola,55.11
2025-02-23 23:00:00+00:00,Makola,98.53
2025-02-24 00:00:00+00:00,Makola,74.95
2025-02-24 01:00:00+00:00,Makola,88.99
2025-02-24 02:00:00+00:00,Makola,76.9
2025-02-24 03:00:00+00:00,Makola,85.94
2025-02-24 04:00:00+00:00,Makola,88.0
2025-02-24 08:00:00+00:00,Makola,48.19
2025-02-24 09:00:00+00:00,Makola,42.86
2025-02-24 11:00:00+00:00,Makola,21.28
2025-02-24 12:00:00+00:00,Makola,21.16
2025-02-24 16:00:00+00:00,Makola,18.89
2025-02-24 18:00:00+00:00,Makola,26.77
2025-02-24 19:00:00+00:00,Makola,24.75
2025-02-24 20:00:00+00:00,Makola,21.47
2025-02-24 23:00:00+00:00,Makola,29.58
2025-02-25 00:00:00+00:00,Makola,31.35
2025-02-25 01:00:00+00:00,Makola,78.43
2025-02-25 02:00:00+00:00,Makola,89.97
2025-02-25 04:00:00+00:00,Makola,61.26
2025-02-25 05:00:00+00:00,Makola,61.77
2025-02-25 06:00:00+00:00,Makola,58.42
2025-02-25 07:00:00+00:00,Makola,51.33
2025-02-25 08:00:00+00:00,Makola,33.73
2025-02-25 09:00:00+00:00,Makola,27.9
2025-02-25 10:00:00+00:00,Makola,21.06
2025-02-25 11:00:00+00:00,Makola,20.2
2025-02-25 12:00:00+00:00,Makola,15.46
2025-02-25 13:00:00+00:00,Makola,11.56
2025-02-25 14:00:00+00:00,Makola,14.58
2025-02-25 15:00:00+00:00,Makola,13.94
2025-02-25 16:00:00+00:00,Makola,11.81
2025-02-25 17:00:00+00:00,Makola,14.4
2025-02-25 18:00:00+00:00,Makola,19.84
2025-02-25 19:00:00+00:00,Makola,19.39
2025-02-25 20:00:00+00:00,Makola,17.15
2025-02-25 21:00:00+00:00,Makola,18.65
2025-02-25 23:00:00+00:00,Makola,36.3
2025-02-26 02:00:00+00:00,Makola,25.75
2025-02-26 03:00:00+00:00,Makola,63.49
2025-02-26 04:00:00+00:00,Makola,40.05
2025-02-26 06:00:00+00:00,Makola,51.75
2025-02-26 08:00:00+00:00,Makola,45.95
2025-02-26 09:00:00+00:00,Makola,38.31
2025-02-26 10:00:00+00:00,Makola,25.35
2025-02-26 13:00:00+00:00,Makola,17.05
2025-02-26 14:00:00+00:00,Makola,17.4
2025-02-26 15:00:00+00:00,Makola,14.98
2025-02-26 16:00:00+00:00,Makola,20.13
2025-02-26 18:00:00+00:00,Makola,25.51
2025-02-27 03:00:00+00:00,Makola,34.38
2025-02-27 04:00:00+00:00,Makola,41.29
2025-02-27 05:00:00+00:00,Makola,38.59
2025-02-27 06:00:00+00:00,Makola,52.01
2025-02-27 07:00:00+00:00,Makola,53.37
2025-02-27 08:00:00+00:00,Makola,38.06
2025-02-27 10:00:00+00:00,Makola,21.76
2025-02-27 12:00:00+00:00,Makola,22.83
2025-02-27 13:00:00+00:00,Makola,19.14
2025-02-27 14:00:00+00:00,Makola,17.99
2025-02-27 16:00:00+00:00,Makola,19.49
2025-02-27 17:00:00+00:00,Makola,20.99
2025-02-27 18:00:00+00:00,Makola,22.41
2025-02-27 21:00:00+00:00,Makola,20.82
2025-02-27 22:00:00+00:00,Makola,20.66
2025-02-27 23:00:00+00:00,Makola,20.84
2025-02-28 01:00:00+00:00,Makola,20.65
2025-02-28 03:00:00+00:00,Makola,99.67
2025-02-28 04:00:00+00:00,Makola,81.94
2025-02-28 05:00:00+00:00,Makola,44.69
2025-02-28 06:00:00+00:00,Makola,72.2
2025-02-28 07:00:00+00:00,Makola,51.64
2025-02-28 10:00:00+00:00,Makola,22.98
2025-02-28 11:00:00+00:00,Makola,24.72
2025-02-28 12:00:00+00:00,Makola,21.99
2025-02-28 13:00:00+00:00,Makola,19.27
2025-02-28 14:00:00+00:00,Makola,17.76
2025-02-28 15:00:00+00:00,Makola,17.7
2025-02-28 16:00:00+00:00,Makola,19.43
2025-02-28 17:00:00+00:00,Makola,18.44
2025-02-28 18:00:00+00:00,Makola,19.8
2025-02-28 19:00:00+00:00,Makola,20.57
2025-02-28 20:00:00+00:00,Makola,18.65
2025-02-28 21:00:00+00:00,Makola,20.49
2025-02-28 22:00:00+00:00,Makola,26.21
2025-02-28 23:00:00+00:00,Makola,23.04
2025-02-01 00:00:00+00:00,Tetteh Quarshie,22.88
2025-02-01 01:00:00+00:00,Tetteh Quarshie,27.37
2025-02-01 02:00:00+00:00,Tetteh Quarshie,29.95
2025-02-01 03:00:00+00:00,Tetteh Quarshie,39.61
2025-02-01 04:00:00+00:00,Tetteh Quarshie,41.95
2025-02-01 05:00:00+00:00,Tetteh Quarshie,44.24
2025-02-01 06:00:00+00:00,Tetteh Quarshie,52.77
2025-02-01 08:00:00+00:00,Tetteh Quarshie,37.02
2025-02-01 09:00:00+00:00,Tetteh Quarshie,27.43
2025-02-01 10:00:00+00:00,Tetteh Quarshie,24.22
2025-02-01 13:00:00+00:00,Tetteh Quarshie,16.56
2025-02-01 14:00:00+00:00,Tetteh Quarshie,16.63
2025-02-01 17:00:00+00:00,Tetteh Quarshie,19.1
2025-02-01 18:00:00+00:00,Tetteh Quarshie,18.86
2025-02-01 20:00:00+00:00,Tetteh Quarshie,27.1
2025-02-01 21:00:00+00:00,Tetteh Quarshie,28.58
2025-02-02 01:00:00+00:00,Tetteh Quarshie,38.58
2025-02-02 02:00:00+00:00,Tetteh Quarshie,38.71
2025-02-02 04:00:00+00:00,Tetteh Quarshie,38.38
2025-02-02 05:00:00+00:00,Tetteh Quarshie,37.26
2025-02-02 06:00:00+00:00,Tetteh Quarshie,45.57
2025-02-02 09:00:00+00:00,Tetteh Quarshie,38.28
2025-02-02 12:00:00+00:00,Tetteh Quarshie,25.15
2025-02-02 13:00:00+00:00,Tetteh Quarshie,14.78
2025-02-02 15:00:00+00:00,Tetteh Quarshie,22.21
2025-02-02 19:00:00+00:00,Tetteh Quarshie,36.9
2025-02-03 00:00:00+00:00,Tetteh Quarshie,55.69
2025-02-03 08:00:00+00:00,Tetteh Quarshie,31.74
2025-02-03 09:00:00+00:00,Tetteh Quarshie,31.14
2025-02-03 20:00:00+00:00,Tetteh Quarshie,34.09
2025-02-03 21:00:00+00:00,Tetteh Quarshie,32.46
2025-02-04 03:00:00+00:00,Tetteh Quarshie,39.94
2025-02-04 04:00:00+00:00,Tetteh Quarshie,42.72
2025-02-04 05:00:00+00:00,Tetteh Quarshie,42.9
2025-02-04 07:00:00+00:00,Tetteh Quarshie,46.37
2025-02-04 08:00:00+00:00,Tetteh Quarshie,41.33
2025-02-04 10:00:00+00:00,Tetteh Quarshie,31.65
2025-02-04 11:00:00+00:00,Tetteh Quarshie,29.95
2025-02-04 13:00:00+00:00,Tetteh Quarshie,34.41
2025-02-04 15:00:00+00:00,Tetteh Quarshie,41.5
2025-02-04 16:00:00+00:00,Tetteh Quarshie,46.4
2025-02-04 19:00:00+00:00,Tetteh Quarshie,34.74
2025-02-04 20:00:00+00:00,Tetteh Quarshie,35.37
2025-02-04 21:00:00+00:00,Tetteh Quarshie,26.77
2025-02-04 22:00:00+00:00,Tetteh Quarshie,25.08
2025-02-04 23:00:00+00:00,Tetteh Quarshie,27.23
2025-02-05 00:00:00+00:00,Tetteh Quarshie,29.94
2025-02-05 01:00:00+00:00,Tetteh Quarshie,30.21
2025-02-05 02:00:00+00:00,Tetteh Quarshie,30.32
2025-02-05 05:00:00+00:00,Tetteh Quarshie,40.73
2025-02-05 06:00:00+00:00,Tetteh Quarshie,43.09
2025-02-05 08:00:00+00:00,Tetteh Quarshie,39.58
2025-02-05 09:00:00+00:00,Tetteh Quarshie,38.79
2025-02-05 10:00:00+00:00,Tetteh Quarshie,31.89
2025-02-05 13:00:00+00:00,Tetteh Quarshie,31.84
2025-02-05 14:00:00+00:00,Tetteh Quarshie,28.58
2025-02-05 17:00:00+00:00,Tetteh Quarshie,26.4
2025-02-05 18:00:00+00:00,Tetteh Quarshie,27.72
2025-02-05 19:00:00+00:00,Tetteh Quarshie,25.85
2025-02-05 20:00:00+00:00,Tetteh Quarshie,22.89
2025-02-05 21:00:00+00:00,Tetteh Quarshie,29.62
2025-02-05 22:00:00+00:00,Tetteh Quarshie,21.34
2025-02-06 01:00:00+00:00,Tetteh Quarshie,21.08
2025-02-06 02:00:00+00:00,Tetteh Quarshie,23.35
2025-02-06 04:00:00+00:00,Tetteh Quarshie,28.29
2025-02-06 05:00:00+00:00,Tetteh Quarshie,35.02
2025-02-06 06:00:00+00:00,Tetteh Quarshie,39.87
2025-02-06 15:00:00+00:00,Tetteh Quarshie,21.62
2025-02-06 16:00:00+00:00,Tetteh Quarshie,20.17
2025-02-06 19:00:00+00:00,Tetteh Quarshie,22.63
2025-02-06 20:00:00+00:00,Tetteh Quarshie,19.72
2025-02-06 22:00:00+00:00,Tetteh Quarshie,19.56
2025-02-06 23:00:00+00:00,Tetteh Quarshie,19.78
2025-02-07 00:00:00+00:00,Tetteh Quarshie,21.25
2025-02-07 03:00:00+00:00,Tetteh Quarshie,25.08
2025-02-07 04:00:00+00:00,Tetteh Quarshie,26.67
2025-02-07 05:00:00+00:00,Tetteh Quarshie,28.55
2025-02-07 07:00:00+00:00,Tetteh Quarshie,35.7
2025-02-07 09:00:00+00:00,Tetteh Quarshie,23.67
2025-02-07 10:00:00+00:00,Tetteh Quarshie,24.82
2025-02-07 11:00:00+00:00,Tetteh Quarshie,25.21
2025-02-07 12:00:00+00:00,Tetteh Quarshie,26.69
2025-02-07 13:00:00+00:00,Tetteh Quarshie,25.86
2025-02-07 15:00:00+00:00,Tetteh Quarshie,23.47
2025-02-07 17:00:00+00:00,Tetteh Quarshie,29.74
2025-02-07 20:00:00+00:00,Tetteh Quarshie,23.31
2025-02-07 21:00:00+00:00,Tetteh Quarshie,20.58
2025-02-07 22:00:00+00:00,Tetteh Quarshie,21.97
2025-02-08 00:00:00+00:00,Tetteh Quarshie,20.7
2025-02-08 01:00:00+00:00,Tetteh Quarshie,21.24
2025-02-08 02:00:00+00:00,Tetteh Quarshie,21.85
2025-02-08 04:00:00+00:00,Tetteh Quarshie,24.55
2025-02-08 05:00:00+00:00,Tetteh Quarshie,27.13
2025-02-08 06:00:00+00:00,Tetteh Quarshie,27.57
2025-02-08 08:00:00+00:00,Tetteh Quarshie,28.37
2025-02-08 09:00:00+00:00,Tetteh Quarshie,26.89
2025-02-08 10:00:00+00:00,Tetteh Quarshie,22.91
2025-02-08 11:00:00+00:00,Tetteh Quarshie,25.5
2025-02-08 12:00:00+00:00,Tetteh Quarshie,25.42
2025-02-08 15:00:00+00:00,Tetteh Quarshie,20.91
2025-02-08 16:00:00+00:00,Tetteh Quarshie,21.19
2025-02-08 17:00:00+00:00,Tetteh Quarshie,22.59
2025-02-08 18:00:00+00:00,Tetteh Quarshie,23.64
2025-02-08 20:00:00+00:00,Tetteh Quarshie,22.06
2025-02-08 22:00:00+00:00,Tetteh Quarshie,10.92
2025-02-09 01:00:00+00:00,Tetteh Quarshie,16.85
2025-02-09 02:00:00+00:00,Tetteh Quarshie,22.68
2025-02-09 03:00:00+00:00,Tetteh Quarshie,14.88
2025-02-09 04:00:00+00:00,Tetteh Quarshie,22.08
2025-02-09 05:00:00+00:00,Tetteh Quarshie,30.75
2025-02-09 06:00:00+00:00,Tetteh Quarshie,24.65
2025-02-09 09:00:00+00:00,Tetteh Quarshie,32.62
2025-02-09 10:00:00+00:00,Tetteh Quarshie,20.69
2025-02-09 11:00:00+00:00,Tetteh Quarshie,19.37
2025-02-09 13:00:00+00:00,Tetteh Quarshie,18.54
2025-02-09 14:00:00+00:00,Tetteh Quarshie,15.8
2025-02-09 15:00:00+00:00,Tetteh Quarshie,13.22
2025-02-09 17:00:00+00:00,Tetteh Quarshie,19.33
2025-02-09 18:00:00+00:00,Tetteh Quarshie,18.65
2025-02-09 19:00:00+00:00,Tetteh Quarshie,20.99
2025-02-09 20:00:00+00:00,Tetteh Quarshie,30.49
2025-02-09 21:00:00+00:00,Tetteh Quarshie,27.66
2025-02-09 22:00:00+00:00,Tetteh Quarshie,21.2
2025-02-09 23:00:00+00:00,Tetteh Quarshie,20.12
2025-02-10 01:00:00+00:00,Tetteh Quarshie,19.73
2025-02-10 02:00:00+00:00,Tetteh Quarshie,23.68
2025-02-10 03:00:00+00:00,Tetteh Quarshie,33.63
2025-02-10 04:00:00+00:00,Tetteh Quarshie,32.38
2025-02-10 05:00:00+00:00,Tetteh Quarshie,35.46
2025-02-10 06:00:00+00:00,Tetteh Quarshie,34.14
2025-02-10 07:00:00+00:00,Tetteh Quarshie,35.25
2025-02-10 09:00:00+00:00,Tetteh Quarshie,20.96
2025-02-10 11:00:00+00:00,Tetteh Quarshie,19.3
2025-02-10 12:00:00+00:00,Tetteh Quarshie,19.98
2025-02-10 13:00:00+00:00,Tetteh Quarshie,20.51
2025-02-10 15:00:00+00:00,Tetteh Quarshie,22.28
2025-02-10 16:00:00+00:00,Tetteh Quarshie,23.6
2025-02-10 17:00:00+00:00,Tetteh Quarshie,21.93
2025-02-10 18:00:00+00:00,Tetteh Quarshie,17.84
2025-02-10 19:00:00+00:00,Tetteh Quarshie,18.76
2025-02-10 20:00:00+00:00,Tetteh Quarshie,14.59
2025-02-10 21:00:00+00:00,Tetteh Quarshie,13.86
2025-02-10 22:00:00+00:00,Tetteh Quarshie,12.72
2025-02-10 23:00:00+00:00,Tetteh Quarshie,11.84
2025-02-11 00:00:00+00:00,Tetteh Quarshie,13.21
2025-02-11 01:00:00+00:00,Tetteh Quarshie,14.41
2025-02-11 02:00:00+00:00,Tetteh Quarshie,14.61
2025-02-11 05:00:00+00:00,Tetteh Quarshie,28.59
2025-02-11 06:00:00+00:00,Tetteh Quarshie,24.82
2025-02-11 07:00:00+00:00,Tetteh Quarshie,29.34
2025-02-11 08:00:00+00:00,Tetteh Quarshie,28.67
2025-02-11 10:00:00+00:00,Tetteh Quarshie,19.35
2025-02-11 11:00:00+00:00,Tetteh Quarshie,22.51
2025-02-11 12:00:00+00:00,Tetteh Quarshie,19.27
2025-02-11 14:00:00+00:00,Tetteh Quarshie,21.2
2025-02-11 15:00:00+00:00,Tetteh Quarshie,20.09
2025-02-11 16:00:00+00:00,Tetteh Quarshie,20.23
2025-02-11 17:00:00+00:00,Tetteh Quarshie,25.41
2025-02-11 18:00:00+00:00,Tetteh Quarshie,24.19
2025-02-11 19:00:00+00:00,Tetteh Quarshie,22.08
2025-02-11 20:00:00+00:00,Tetteh Quarshie,20.6
2025-02-11 21:00:00+00:00,Tetteh Quarshie,17.47
2025-02-11 22:00:00+00:00,Tetteh Quarshie,18.85
2025-02-11 23:00:00+00:00,Tetteh Quarshie,17.99
2025-02-12 00:00:00+00:00,Tetteh Quarshie,21.79
2025-02-12 01:00:00+00:00,Tetteh Quarshie,18.4
2025-02-12 02:00:00+00:00,Tetteh Quarshie,14.27
2025-02-12 03:00:00+00:00,Tetteh Quarshie,16.39
2025-02-12 04:00:00+00:00,Tetteh Quarshie,18.8
2025-02-12 05:00:00+00:00,Tetteh Quarshie,24.64
2025-02-12 06:00:00+00:00,Tetteh Quarshie,29.2
2025-02-12 07:00:00+00:00,Tetteh Quarshie,30.81
2025-02-12 08:00:00+00:00,Tetteh Quarshie,25.33
2025-02-12 09:00:00+00:00,Tetteh Quarshie,18.71
2025-02-12 10:00:00+00:00,Tetteh Quarshie,19.75
2025-02-12 11:00:00+00:00,Tetteh Quarshie,19.66
2025-02-12 12:00:00+00:00,Tetteh Quarshie,22.86
2025-02-12 13:00:00+00:00,Tetteh Quarshie,18.73
2025-02-12 14:00:00+00:00,Tetteh Quarshie,16.12
2025-02-12 15:00:00+00:00,Tetteh Quarshie,16.81
2025-02-12 16:00:00+00:00,Tetteh Quarshie,17.36
2025-02-12 17:00:00+00:00,Tetteh Quarshie,19.05
2025-02-12 18:00:00+00:00,Tetteh Quarshie,21.19
2025-02-12 19:00:00+00:00,Tetteh Quarshie,19.09
2025-02-12 21:00:00+00:00,Tetteh Quarshie,17.58
2025-02-12 22:00:00+00:00,Tetteh Quarshie,13.71
2025-02-12 23:00:00+00:00,Tetteh Quarshie,14.28
2025-02-13 00:00:00+00:00,Tetteh Quarshie,28.62
2025-02-13 01:00:00+00:00,Tetteh Quarshie,29.1
2025-02-13 02:00:00+00:00,Tetteh Quarshie,31.14
2025-02-13 03:00:00+00:00,Tetteh Quarshie,30.62
2025-02-13 04:00:00+00:00,Tetteh Quarshie,28.93
2025-02-13 05:00:00+00:00,Tetteh Quarshie,33.52
2025-02-13 07:00:00+00:00,Tetteh Quarshie,40.24
2025-02-13 08:00:00+00:00,Tetteh Quarshie,26.46
2025-02-13 09:00:00+00:00,Tetteh Quarshie,23.53
2025-02-13 10:00:00+00:00,Tetteh Quarshie,19.33
2025-02-13 11:00:00+00:00,Tetteh Quarshie,20.29
2025-02-13 13:00:00+00:00,Tetteh Quarshie,27.87
2025-02-13 14:00:00+00:00,Tetteh Quarshie,17.39
2025-02-13 15:00:00+00:00,Tetteh Quarshie,16.22
2025-02-13 16:00:00+00:00,Tetteh Quarshie,16.23
2025-02-13 17:00:00+00:00,Tetteh Quarshie,17.97
2025-02-13 18:00:00+00:00,Tetteh Quarshie,20.46
2025-02-13 19:00:00+00:00,Tetteh Quarshie,19.4
2025-02-13 20:00:00+00:00,Tetteh Quarshie,18.82
2025-02-13 21:00:00+00:00,Tetteh Quarshie,19.28
2025-02-13 22:00:00+00:00,Tetteh Quarshie,16.0
2025-02-13 23:00:00+00:00,Tetteh Quarshie,16.55
2025-02-14 00:00:00+00:00,Tetteh Quarshie,16.31
2025-02-14 01:00:00+00:00,Tetteh Quarshie,15.45
2025-02-14 02:00:00+00:00,Tetteh Quarshie,21.44
2025-02-14 03:00:00+00:00,Tetteh Quarshie,16.52
2025-02-14 04:00:00+00:00,Tetteh Quarshie,41.73
2025-02-14 05:00:00+00:00,Tetteh Quarshie,22.39
2025-02-14 06:00:00+00:00,Tetteh Quarshie,35.33
2025-02-14 07:00:00+00:00,Tetteh Quarshie,31.38
2025-02-14 08:00:00+00:00,Tetteh Quarshie,28.08
2025-02-14 09:00:00+00:00,Tetteh Quarshie,23.54
2025-02-14 10:00:00+00:00,Tetteh Quarshie,19.51
2025-02-14 11:00:00+00:00,Tetteh Quarshie,24.66
2025-02-14 12:00:00+00:00,Tetteh Quarshie,25.41
2025-02-14 13:00:00+00:00,Tetteh Quarshie,19.5
2025-02-14 14:00:00+00:00,Tetteh Quarshie,17.32
2025-02-14 16:00:00+00:00,Tetteh Quarshie,16.56
2025-02-14 17:00:00+00:00,Tetteh Quarshie,15.9
2025-02-14 18:00:00+00:00,Tetteh Quarshie,19.93
2025-02-14 19:00:00+00:00,Tetteh Quarshie,22.93
2025-02-14 20:00:00+00:00,Tetteh Quarshie,18.97
2025-02-14 22:00:00+00:00,Tetteh Quarshie,16.37
2025-02-14 23:00:00+00:00,Tetteh Quarshie,16.94
2025-02-15 00:00:00+00:00,Tetteh Quarshie,16.53
2025-02-15 02:00:00+00:00,Tetteh Quarshie,16.55
2025-02-15 03:00:00+00:00,Tetteh Quarshie,21.49
2025-02-15 04:00:00+00:00,Tetteh Quarshie,23.31
2025-02-15 05:00:00+00:00,Tetteh Quarshie,28.63
2025-02-15 06:00:00+00:00,Tetteh Quarshie,42.99
2025-02-15 07:00:00+00:00,Tetteh Quarshie,35.1
2025-02-15 09:00:00+00:00,Tetteh Quarshie,24.65
2025-02-15 10:00:00+00:00,Tetteh Quarshie,21.62
2025-02-15 11:00:00+00:00,Tetteh Quarshie,24.48
2025-02-15 12:00:00+00:00,Tetteh Quarshie,22.02
2025-02-15 13:00:00+00:00,Tetteh Quarshie,20.0
2025-02-15 14:00:00+00:00,Tetteh Quarshie,17.89
2025-02-15 15:00:00+00:00,Tetteh Quarshie,17.14
2025-02-15 16:00:00+00:00,Tetteh Quarshie,18.5
2025-02-15 17:00:00+00:00,Tetteh Quarshie,18.3
2025-02-15 18:00:00+00:00,Tetteh Quarshie,20.52
2025-02-15 19:00:00+00:00,Tetteh Quarshie,26.15
2025-02-15 20:00:00+00:00,Tetteh Quarshie,25.72
2025-02-15 21:00:00+00:00,Tetteh Quarshie,24.39
2025-02-15 22:00:00+00:00,Tetteh Quarshie,21.28
2025-02-15 23:00:00+00:00,Tetteh Quarshie,21.2
2025-02-16 00:00:00+00:00,Tetteh Quarshie,28.24
2025-02-16 01:00:00+00:00,Tetteh Quarshie,25.63
2025-02-16 02:00:00+00:00,Tetteh Quarshie,23.71
2025-02-16 03:00:00+00:00,Tetteh Quarshie,25.03
2025-02-16 04:00:00+00:00,Tetteh Quarshie,25.23
2025-02-16 05:00:00+00:00,Tetteh Quarshie,29.73
2025-02-16 06:00:00+00:00,Tetteh Quarshie,33.4
2025-02-16 07:00:00+00:00,Tetteh Quarshie,36.72
2025-02-16 09:00:00+00:00,Tetteh Quarshie,30.41
2025-02-16 10:00:00+00:00,Tetteh Quarshie,27.09
2025-02-16 11:00:00+00:00,Tetteh Quarshie,25.43
2025-02-16 12:00:00+00:00,Tetteh Quarshie,24.29
2025-02-16 13:00:00+00:00,Tetteh Quarshie,20.41
2025-02-16 14:00:00+00:00,Tetteh Quarshie,17.62
2025-02-16 15:00:00+00:00,Tetteh Quarshie,16.02
2025-02-16 16:00:00+00:00,Tetteh Quarshie,16.22
2025-02-16 17:00:00+00:00,Tetteh Quarshie,17.36
2025-02-16 18:00:00+00:00,Tetteh Quarshie,22.07
2025-02-16 19:00:00+00:00,Tetteh Quarshie,19.95
2025-02-16 20:00:00+00:00,Tetteh Quarshie,18.33
2025-02-16 21:00:00+00:00,Tetteh Quarshie,18.44
2025-02-16 22:00:00+00:00,Tetteh Quarshie,19.2
2025-02-16 23:00:00+00:00,Tetteh Quarshie,19.21
2025-02-17 00:00:00+00:00,Tetteh Quarshie,19.85
2025-02-17 01:00:00+00:00,Tetteh Quarshie,18.23
2025-02-17 02:00:00+00:00,Tetteh Quarshie,17.89
2025-02-17 04:00:00+00:00,Tetteh Quarshie,22.15
2025-02-17 05:00:00+00:00,Tetteh Quarshie,25.97
2025-02-17 06:00:00+00:00,Tetteh Quarshie,33.31
2025-02-17 07:00:00+00:00,Tetteh Quarshie,35.07
2025-02-17 08:00:00+00:00,Tetteh Quarshie,27.74
2025-02-17 09:00:00+00:00,Tetteh Quarshie,23.65
2025-02-17 10:00:00+00:00,Tetteh Quarshie,23.44
2025-02-17 11:00:00+00:00,Tetteh Quarshie,22.63
2025-02-17 12:00:00+00:00,Tetteh Quarshie,21.6
2025-02-17 13:00:00+00:00,Tetteh Quarshie,19.55
2025-02-17 14:00:00+00:00,Tetteh Quarshie,20.6
2025-02-17 15:00:00+00:00,Tetteh Quarshie,21.87
2025-02-17 16:00:00+00:00,Tetteh Quarshie,20.32
2025-02-17 17:00:00+00:00,Tetteh Quarshie,23.17
2025-02-17 18:00:00+00:00,Tetteh Quarshie,21.54
2025-02-17 19:00:00+00:00,Tetteh Quarshie,21.83
2025-02-17 20:00:00+00:00,Tetteh Quarshie,20.82
2025-02-17 21:00:00+00:00,Tetteh Quarshie,21.6
2025-02-17 22:00:00+00:00,Tetteh Quarshie,21.33
2025-02-17 23:00:00+00:00,Tetteh Quarshie,20.25
2025-02-18 00:00:00+00:00,Tetteh Quarshie,21.9
2025-02-18 01:00:00+00:00,Tetteh Quarshie,20.75
2025-02-18 02:00:00+00:00,Tetteh Quarshie,20.63
2025-02-18 03:00:00+00:00,Tetteh Quarshie,21.81
2025-02-18 04:00:00+00:00,Tetteh Quarshie,29.49
2025-02-18 05:00:00+00:00,Tetteh Quarshie,33.05
2025-02-18 07:00:00+00:00,Tetteh Quarshie,32.08
2025-02-18 08:00:00+00:00,Tetteh Quarshie,29.08
2025-02-18 09:00:00+00:00,Tetteh Quarshie,25.02
2025-02-18 11:00:00+00:00,Tetteh Quarshie,25.38
2025-02-18 13:00:00+00:00,Tetteh Quarshie,17.43
2025-02-18 14:00:00+00:00,Tetteh Quarshie,16.97
2025-02-18 15:00:00+00:00,Tetteh Quarshie,15.67
2025-02-18 16:00:00+00:00,Tetteh Quarshie,19.25
2025-02-18 17:00:00+00:00,Tetteh Quarshie,17.09
2025-02-18 18:00:00+00:00,Tetteh Quarshie,20.52
2025-02-18 19:00:00+00:00,Tetteh Quarshie,24.14
2025-02-18 20:00:00+00:00,Tetteh Quarshie,24.56
2025-02-18 21:00:00+00:00,Tetteh Quarshie,19.61
2025-02-18 22:00:00+00:00,Tetteh Quarshie,20.29
2025-02-18 23:00:00+00:00,Tetteh Quarshie,25.68
2025-02-19 02:00:00+00:00,Tetteh Quarshie,26.02
2025-02-19 03:00:00+00:00,Tetteh Quarshie,37.07
2025-02-19 05:00:00+00:00,Tetteh Quarshie,24.75
2025-02-19 06:00:00+00:00,Tetteh Quarshie,25.27
2025-02-19 08:00:00+00:00,Tetteh Quarshie,20.36
2025-02-19 10:00:00+00:00,Tetteh Quarshie,18.63
2025-02-19 11:00:00+00:00,Tetteh Quarshie,16.87
2025-02-19 12:00:00+00:00,Tetteh Quarshie,17.34
2025-02-19 13:00:00+00:00,Tetteh Quarshie,16.13
2025-02-19 14:00:00+00:00,Tetteh Quarshie,18.27
2025-02-19 16:00:00+00:00,Tetteh Quarshie,15.51
2025-02-19 17:00:00+00:00,Tetteh Quarshie,16.55
2025-02-19 18:00:00+00:00,Tetteh Quarshie,17.84
2025-02-19 22:00:00+00:00,Tetteh Quarshie,18.26
2025-02-20 01:00:00+00:00,Tetteh Quarshie,18.65
2025-02-20 02:00:00+00:00,Tetteh Quarshie,19.92
2025-02-20 03:00:00+00:00,Tetteh Quarshie,23.46
2025-02-20 06:00:00+00:00,Tetteh Quarshie,28.3
2025-02-20 07:00:00+00:00,Tetteh Quarshie,31.43
2025-02-20 09:00:00+00:00,Tetteh Quarshie,22.2
2025-02-20 10:00:00+00:00,Tetteh Quarshie,23.14
2025-02-20 14:00:00+00:00,Tetteh Quarshie,19.62
2025-02-20 15:00:00+00:00,Tetteh Quarshie,18.88
2025-02-20 18:00:00+00:00,Tetteh Quarshie,21.51
2025-02-20 19:00:00+00:00,Tetteh Quarshie,21.64
2025-02-20 20:00:00+00:00,Tetteh Quarshie,19.68
2025-02-20 21:00:00+00:00,Tetteh Quarshie,19.56
2025-02-20 22:00:00+00:00,Tetteh Quarshie,18.16
2025-02-20 23:00:00+00:00,Tetteh Quarshie,18.86
2025-02-21 00:00:00+00:00,Tetteh Quarshie,19.17
2025-02-21 01:00:00+00:00,Tetteh Quarshie,18.99
2025-02-21 03:00:00+00:00,Tetteh Quarshie,20.99
2025-02-21 04:00:00+00:00,Tetteh Quarshie,25.81
2025-02-21 05:00:00+00:00,Tetteh Quarshie,33.31
2025-02-21 08:00:00+00:00,Tetteh Quarshie,33.43
2025-02-21 09:00:00+00:00,Tetteh Quarshie,29.06
2025-02-21 10:00:00+00:00,Tetteh Quarshie,27.61
2025-02-21 11:00:00+00:00,Tetteh Quarshie,22.48
2025-02-21 12:00:00+00:00,Tetteh Quarshie,19.48
2025-02-21 13:00:00+00:00,Tetteh Quarshie,17.42
2025-02-21 14:00:00+00:00,Tetteh Quarshie,18.77
2025-02-21 15:00:00+00:00,Tetteh Quarshie,19.47
2025-02-21 19:00:00+00:00,Tetteh Quarshie,17.04
2025-02-21 20:00:00+00:00,Tetteh Quarshie,22.81
2025-02-21 23:00:00+00:00,Tetteh Quarshie,28.57
2025-02-22 00:00:00+00:00,Tetteh Quarshie,25.21
2025-02-22 02:00:00+00:00,Tetteh Quarshie,39.1
2025-02-22 04:00:00+00:00,Tetteh Quarshie,41.49
2025-02-22 05:00:00+00:00,Tetteh Quarshie,50.58
2025-02-22 06:00:00+00:00,Tetteh Quarshie,45.13
2025-02-22 07:00:00+00:00,Tetteh Quarshie,42.85
2025-02-22 08:00:00+00:00,Tetteh Quarshie,41.21
2025-02-22 09:00:00+00:00,Tetteh Quarshie,30.62
2025-02-22 10:00:00+00:00,Tetteh Quarshie,26.13
2025-02-22 12:00:00+00:00,Tetteh Quarshie,25.21
2025-02-22 13:00:00+00:00,Tetteh Quarshie,17.82
2025-02-22 14:00:00+00:00,Tetteh Quarshie,23.03
2025-02-22 16:00:00+00:00,Tetteh Quarshie,28.02
2025-02-22 17:00:00+00:00,Tetteh Quarshie,33.28
2025-02-22 18:00:00+00:00,Tetteh Quarshie,24.61
2025-02-22 20:00:00+00:00,Tetteh Quarshie,35.68
2025-02-22 22:00:00+00:00,Tetteh Quarshie,27.36
2025-02-23 00:00:00+00:00,Tetteh Quarshie,23.44
2025-02-23 01:00:00+00:00,Tetteh Quarshie,21.26
2025-02-23 02:00:00+00:00,Tetteh Quarshie,19.48
2025-02-23 03:00:00+00:00,Tetteh Quarshie,16.39
2025-02-23 04:00:00+00:00,Tetteh Quarshie,14.46
2025-02-23 05:00:00+00:00,Tetteh Quarshie,20.11
2025-02-23 07:00:00+00:00,Tetteh Quarshie,27.36
2025-02-23 08:00:00+00:00,Tetteh Quarshie,37.82
2025-02-23 11:00:00+00:00,Tetteh Quarshie,24.81
2025-02-23 12:00:00+00:00,Tetteh Quarshie,23.6
2025-02-23 13:00:00+00:00,Tetteh Quarshie,28.79
2025-02-23 14:00:00+00:00,Tetteh Quarshie,28.34
2025-02-23 15:00:00+00:00,Tetteh Quarshie,32.72
2025-02-23 16:00:00+00:00,Tetteh Quarshie,32.8
2025-02-23 17:00:00+00:00,Tetteh Quarshie,24.38
2025-02-23 18:00:00+00:00,Tetteh Quarshie,33.5
2025-02-23 19:00:00+00:00,Tetteh Quarshie,36.94
2025-02-23 23:00:00+00:00,Tetteh Quarshie,35.3
2025-02-24 01:00:00+00:00,Tetteh Quarshie,50.15
2025-02-24 02:00:00+00:00,Tetteh Quarshie,32.67
2025-02-24 03:00:00+00:00,Tetteh Quarshie,26.33
2025-02-24 04:00:00+00:00,Tetteh Quarshie,30.95
2025-02-24 05:00:00+00:00,Tetteh Quarshie,30.76
2025-02-24 08:00:00+00:00,Tetteh Quarshie,40.41
2025-02-24 09:00:00+00:00,Tetteh Quarshie,29.3
2025-02-24 11:00:00+00:00,Tetteh Quarshie,30.84
2025-02-24 12:00:00+00:00,Tetteh Quarshie,27.79
2025-02-24 16:00:00+00:00,Tetteh Quarshie,15.6
2025-02-24 18:00:00+00:00,Tetteh Quarshie,17.79
2025-02-24 19:00:00+00:00,Tetteh Quarshie,15.1
2025-02-24 20:00:00+00:00,Tetteh Quarshie,18.56
2025-02-24 23:00:00+00:00,Tetteh Quarshie,13.38
2025-02-25 00:00:00+00:00,Tetteh Quarshie,13.0
2025-02-25 01:00:00+00:00,Tetteh Quarshie,15.65
2025-02-25 02:00:00+00:00,Tetteh Quarshie,18.73
2025-02-25 04:00:00+00:00,Tetteh Quarshie,27.8
2025-02-25 06:00:00+00:00,Tetteh Quarshie,38.36
2025-02-25 07:00:00+00:00,Tetteh Quarshie,35.66
2025-02-25 08:00:00+00:00,Tetteh Quarshie,22.98
2025-02-25 09:00:00+00:00,Tetteh Quarshie,16.38
2025-02-25 10:00:00+00:00,Tetteh Quarshie,13.56
2025-02-25 11:00:00+00:00,Tetteh Quarshie,17.73
2025-02-25 12:00:00+00:00,Tetteh Quarshie,22.55
2025-02-25 13:00:00+00:00,Tetteh Quarshie,17.37
2025-02-25 14:00:00+00:00,Tetteh Quarshie,19.97
2025-02-25 15:00:00+00:00,Tetteh Quarshie,14.63
2025-02-25 16:00:00+00:00,Tetteh Quarshie,13.36
2025-02-25 17:00:00+00:00,Tetteh Quarshie,14.5
2025-02-25 18:00:00+00:00,Tetteh Quarshie,13.23
2025-02-25 19:00:00+00:00,Tetteh Quarshie,13.79
2025-02-25 23:00:00+00:00,Tetteh Quarshie,12.55
2025-02-26 02:00:00+00:00,Tetteh Quarshie,12.75
2025-02-26 03:00:00+00:00,Tetteh Quarshie,14.87
2025-02-26 04:00:00+00:00,Tetteh Quarshie,16.37
2025-02-26 05:00:00+00:00,Tetteh Quarshie,19.73
2025-02-26 06:00:00+00:00,Tetteh Quarshie,30.62
2025-02-26 08:00:00+00:00,Tetteh Quarshie,22.64
2025-02-26 09:00:00+00:00,Tetteh Quarshie,19.13
2025-02-26 10:00:00+00:00,Tetteh Quarshie,17.57
2025-02-26 11:00:00+00:00,Tetteh Quarshie,17.08
2025-02-26 13:00:00+00:00,Tetteh Quarshie,16.38
2025-02-26 15:00:00+00:00,Tetteh Quarshie,14.5
2025-02-26 16:00:00+00:00,Tetteh Quarshie,13.81
2025-02-26 17:00:00+00:00,Tetteh Quarshie,13.83
2025-02-26 18:00:00+00:00,Tetteh Quarshie,15.25
2025-02-26 19:00:00+00:00,Tetteh Quarshie,14.92
2025-02-27 03:00:00+00:00,Tetteh Quarshie,10.74
2025-02-27 04:00:00+00:00,Tetteh Quarshie,13.5
2025-02-27 05:00:00+00:00,Tetteh Quarshie,16.88
2025-02-27 07:00:00+00:00,Tetteh Quarshie,20.89
2025-02-27 10:00:00+00:00,Tetteh Quarshie,24.85
2025-02-27 12:00:00+00:00,Tetteh Quarshie,19.1
2025-02-27 13:00:00+00:00,Tetteh Quarshie,17.88
2025-02-27 14:00:00+00:00,Tetteh Quarshie,15.72
2025-02-27 16:00:00+00:00,Tetteh Quarshie,15.05
2025-02-27 17:00:00+00:00,Tetteh Quarshie,17.12
2025-02-27 18:00:00+00:00,Tetteh Quarshie,14.23
2025-02-27 21:00:00+00:00,Tetteh Quarshie,13.67
2025-02-27 22:00:00+00:00,Tetteh Quarshie,12.6
2025-02-27 23:00:00+00:00,Tetteh Quarshie,14.29
2025-02-28 00:00:00+00:00,Tetteh Quarshie,13.73
2025-02-28 01:00:00+00:00,Tetteh Quarshie,24.0
2025-02-28 02:00:00+00:00,Tetteh Quarshie,16.03
2025-02-28 03:00:00+00:00,Tetteh Quarshie,14.75
2025-02-28 04:00:00+00:00,Tetteh Quarshie,21.54
2025-02-28 05:00:00+00:00,Tetteh Quarshie,19.9
2025-02-28 06:00:00+00:00,Tetteh Quarshie,34.06
2025-02-28 07:00:00+00:00,Tetteh Quarshie,47.64
2025-02-28 10:00:00+00:00,Tetteh Quarshie,23.19
2025-02-28 11:00:00+00:00,Tetteh Quarshie,20.81
2025-02-28 12:00:00+00:00,Tetteh Quarshie,15.26
2025-02-28 13:00:00+00:00,Tetteh Quarshie,14.53
2025-02-28 14:00:00+00:00,Tetteh Quarshie,15.58
2025-02-28 15:00:00+00:00,Tetteh Quarshie,13.73
2025-02-28 16:00:00+00:00,Tetteh Quarshie,14.68
2025-02-28 17:00:00+00:00,Tetteh Quarshie,15.69
2025-02-28 18:00:00+00:00,Tetteh Quarshie,15.55
2025-02-28 19:00:00+00:00,Tetteh Quarshie,14.75
2025-02-28 20:00:00+00:00,Tetteh Quarshie,17.02
2025-02-28 21:00:00+00:00,Tetteh Quarshie,21.52
2025-02-28 22:00:00+00:00,Tetteh Quarshie,17.28
2025-02-28 23:00:00+00:00,Tetteh Quarshie,13.13
2025-02-01 00:00:00+00:00,UniMAC GIJ Campus,36.35
2025-02-01 01:00:00+00:00,UniMAC GIJ Campus,39.25
2025-02-01 02:00:00+00:00,UniMAC GIJ Campus,41.7
2025-02-01 03:00:00+00:00,UniMAC GIJ Campus,46.25
2025-02-01 04:00:00+00:00,UniMAC GIJ Campus,49.55
2025-02-01 05:00:00+00:00,UniMAC GIJ Campus,51.8
2025-02-01 06:00:00+00:00,UniMAC GIJ Campus,64.2
2025-02-01 08:00:00+00:00,UniMAC GIJ Campus,56.05
2025-02-01 09:00:00+00:00,UniMAC GIJ Campus,42.2
2025-02-01 10:00:00+00:00,UniMAC GIJ Campus,42.8
2025-02-01 11:00:00+00:00,UniMAC GIJ Campus,31.8
2025-02-01 12:00:00+00:00,UniMAC GIJ Campus,27.85
2025-02-01 13:00:00+00:00,UniMAC GIJ Campus,26.95
2025-02-01 14:00:00+00:00,UniMAC GIJ Campus,28.75
2025-02-01 15:00:00+00:00,UniMAC GIJ Campus,30.1
2025-02-01 16:00:00+00:00,UniMAC GIJ Campus,41.9
2025-02-01 17:00:00+00:00,UniMAC GIJ Campus,33.4
2025-02-01 18:00:00+00:00,UniMAC GIJ Campus,33.2
2025-02-01 19:00:00+00:00,UniMAC GIJ Campus,33.9
2025-02-01 20:00:00+00:00,UniMAC GIJ Campus,34.05
2025-02-01 21:00:00+00:00,UniMAC GIJ Campus,34.0
2025-02-01 22:00:00+00:00,UniMAC GIJ Campus,33.8
2025-02-01 23:00:00+00:00,UniMAC GIJ Campus,37.65
2025-02-02 00:00:00+00:00,UniMAC GIJ Campus,38.8
2025-02-02 01:00:00+00:00,UniMAC GIJ Campus,35.15
2025-02-02 02:00:00+00:00,UniMAC GIJ Campus,56.6
2025-02-02 03:00:00+00:00,UniMAC GIJ Campus,62.35
2025-02-02 04:00:00+00:00,UniMAC GIJ Campus,47.4
2025-02-02 05:00:00+00:00,UniMAC GIJ Campus,49.35
2025-02-02 06:00:00+00:00,UniMAC GIJ Campus,64.9
2025-02-02 07:00:00+00:00,UniMAC GIJ Campus,70.75
2025-02-02 08:00:00+00:00,UniMAC GIJ Campus,66.1
2025-02-02 09:00:00+00:00,UniMAC GIJ Campus,50.05
2025-02-02 10:00:00+00:00,UniMAC GIJ Campus,46.7
2025-02-02 11:00:00+00:00,UniMAC GIJ Campus,43.65
2025-02-02 12:00:00+00:00,UniMAC GIJ Campus,31.2
2025-02-02 13:00:00+00:00,UniMAC GIJ Campus,21.1
2025-02-02 14:00:00+00:00,UniMAC GIJ Campus,18.4
2025-02-02 15:00:00+00:00,UniMAC GIJ Campus,28.6
2025-02-02 16:00:00+00:00,UniMAC GIJ Campus,23.2
2025-02-02 17:00:00+00:00,UniMAC GIJ Campus,28.9
2025-02-02 18:00:00+00:00,UniMAC GIJ Campus,32.35
2025-02-02 19:00:00+00:00,UniMAC GIJ Campus,42.3
2025-02-02 20:00:00+00:00,UniMAC GIJ Campus,48.6
2025-02-02 21:00:00+00:00,UniMAC GIJ Campus,32.25
2025-02-02 22:00:00+00:00,UniMAC GIJ Campus,30.0
2025-02-02 23:00:00+00:00,UniMAC GIJ Campus,36.7
2025-02-03 00:00:00+00:00,UniMAC GIJ Campus,47.9
2025-02-03 01:00:00+00:00,UniMAC GIJ Campus,79.2
2025-02-03 02:00:00+00:00,UniMAC GIJ Campus,68.65
2025-02-03 03:00:00+00:00,UniMAC GIJ Campus,58.5
2025-02-03 04:00:00+00:00,UniMAC GIJ Campus,53.9
2025-02-03 05:00:00+00:00,UniMAC GIJ Campus,60.85
2025-02-03 06:00:00+00:00,UniMAC GIJ Campus,71.4
2025-02-03 07:00:00+00:00,UniMAC GIJ Campus,63.75
2025-02-03 08:00:00+00:00,UniMAC GIJ Campus,55.45
2025-02-03 09:00:00+00:00,UniMAC GIJ Campus,49.05
2025-02-03 10:00:00+00:00,UniMAC GIJ Campus,42.4
2025-02-03 11:00:00+00:00,UniMAC GIJ Campus,37.5
2025-02-03 12:00:00+00:00,UniMAC GIJ Campus,37.35
2025-02-03 13:00:00+00:00,UniMAC GIJ Campus,39.25
2025-02-03 14:00:00+00:00,UniMAC GIJ Campus,37.9
2025-02-03 15:00:00+00:00,UniMAC GIJ Campus,37.2
2025-02-03 16:00:00+00:00,UniMAC GIJ Campus,37.55
2025-02-03 17:00:00+00:00,UniMAC GIJ Campus,39.2
2025-02-03 18:00:00+00:00,UniMAC GIJ Campus,38.25
2025-02-03 19:00:00+00:00,UniMAC GIJ Campus,38.7
2025-02-03 20:00:00+00:00,UniMAC GIJ Campus,40.95
2025-02-03 21:00:00+00:00,UniMAC GIJ Campus,42.05
2025-02-03 22:00:00+00:00,UniMAC GIJ Campus,42.8
2025-02-03 23:00:00+00:00,UniMAC GIJ Campus,47.1
2025-02-04 00:00:00+00:00,UniMAC GIJ Campus,47.3
2025-02-04 01:00:00+00:00,UniMAC GIJ Campus,49.05
2025-02-04 02:00:00+00:00,UniMAC GIJ Campus,52.3
2025-02-04 03:00:00+00:00,UniMAC GIJ Campus,46.6
2025-02-04 04:00:00+00:00,UniMAC GIJ Campus,52.75
2025-02-04 05:00:00+00:00,UniMAC GIJ Campus,51.7
2025-02-04 06:00:00+00:00,UniMAC GIJ Campus,65.85
2025-02-04 08:00:00+00:00,UniMAC GIJ Campus,55.2
2025-02-04 09:00:00+00:00,UniMAC GIJ Campus,48.15
2025-02-04 10:00:00+00:00,UniMAC GIJ Campus,45.05
2025-02-04 11:00:00+00:00,UniMAC GIJ Campus,43.1
2025-02-04 12:00:00+00:00,UniMAC GIJ Campus,41.15
2025-02-04 13:00:00+00:00,UniMAC GIJ Campus,39.2
2025-02-04 14:00:00+00:00,UniMAC GIJ Campus,36.55
2025-02-04 15:00:00+00:00,UniMAC GIJ Campus,36.0
2025-02-04 16:00:00+00:00,UniMAC GIJ Campus,37.2
2025-02-04 17:00:00+00:00,UniMAC GIJ Campus,36.9
2025-02-04 18:00:00+00:00,UniMAC GIJ Campus,39.85
2025-02-04 19:00:00+00:00,UniMAC GIJ Campus,41.85
2025-02-04 20:00:00+00:00,UniMAC GIJ Campus,39.7
2025-02-04 21:00:00+00:00,UniMAC GIJ Campus,41.6
2025-02-04 22:00:00+00:00,UniMAC GIJ Campus,40.15
2025-02-04 23:00:00+00:00,UniMAC GIJ Campus,42.0
2025-02-05 00:00:00+00:00,UniMAC GIJ Campus,61.35
2025-02-05 01:00:00+00:00,UniMAC GIJ Campus,58.55
2025-02-05 03:00:00+00:00,UniMAC GIJ Campus,46.3
2025-02-05 04:00:00+00:00,UniMAC GIJ Campus,45.9
2025-02-05 05:00:00+00:00,UniMAC GIJ Campus,52.65
2025-02-05 06:00:00+00:00,UniMAC GIJ Campus,61.9
2025-02-05 08:00:00+00:00,UniMAC GIJ Campus,50.4
2025-02-05 09:00:00+00:00,UniMAC GIJ Campus,48.45
2025-02-05 10:00:00+00:00,UniMAC GIJ Campus,44.2
2025-02-05 11:00:00+00:00,UniMAC GIJ Campus,45.35
2025-02-05 12:00:00+00:00,UniMAC GIJ Campus,39.35
2025-02-05 13:00:00+00:00,UniMAC GIJ Campus,37.15
2025-02-05 14:00:00+00:00,UniMAC GIJ Campus,35.0
2025-02-05 15:00:00+00:00,UniMAC GIJ Campus,36.6
2025-02-05 16:00:00+00:00,UniMAC GIJ Campus,37.05
2025-02-05 17:00:00+00:00,UniMAC GIJ Campus,37.2
2025-02-05 18:00:00+00:00,UniMAC GIJ Campus,37.65
2025-02-05 19:00:00+00:00,UniMAC GIJ Campus,36.2
2025-02-05 20:00:00+00:00,UniMAC GIJ Campus,34.7
2025-02-05 21:00:00+00:00,UniMAC GIJ Campus,33.55
2025-02-05 22:00:00+00:00,UniMAC GIJ Campus,33.45
2025-02-05 23:00:00+00:00,UniMAC GIJ Campus,33.45
2025-02-06 00:00:00+00:00,UniMAC GIJ Campus,36.4
2025-02-06 01:00:00+00:00,UniMAC GIJ Campus,39.25
2025-02-06 02:00:00+00:00,UniMAC GIJ Campus,37.9
2025-02-06 03:00:00+00:00,UniMAC GIJ Campus,39.55
2025-02-06 04:00:00+00:00,UniMAC GIJ Campus,49.25
2025-02-06 05:00:00+00:00,UniMAC GIJ Campus,47.2
2025-02-06 08:00:00+00:00,UniMAC GIJ Campus,45.1
2025-02-06 09:00:00+00:00,UniMAC GIJ Campus,41.4
2025-02-06 10:00:00+00:00,UniMAC GIJ Campus,41.45
2025-02-06 11:00:00+00:00,UniMAC GIJ Campus,35.7
2025-02-06 12:00:00+00:00,UniMAC GIJ Campus,34.75
2025-02-06 13:00:00+00:00,UniMAC GIJ Campus,32.5
2025-02-06 14:00:00+00:00,UniMAC GIJ Campus,28.85
2025-02-06 15:00:00+00:00,UniMAC GIJ Campus,28.0
2025-02-06 16:00:00+00:00,UniMAC GIJ Campus,30.95
2025-02-06 17:00:00+00:00,UniMAC GIJ Campus,31.55
2025-02-06 18:00:00+00:00,UniMAC GIJ Campus,34.5
2025-02-06 19:00:00+00:00,UniMAC GIJ Campus,32.9
2025-02-06 20:00:00+00:00,UniMAC GIJ Campus,31.7
2025-02-06 21:00:00+00:00,UniMAC GIJ Campus,33.55
2025-02-06 22:00:00+00:00,UniMAC GIJ Campus,33.2
2025-02-06 23:00:00+00:00,UniMAC GIJ Campus,33.2
2025-02-07 00:00:00+00:00,UniMAC GIJ Campus,34.05
2025-02-07 01:00:00+00:00,UniMAC GIJ Campus,34.95
2025-02-07 02:00:00+00:00,UniMAC GIJ Campus,39.85
2025-02-07 03:00:00+00:00,UniMAC GIJ Campus,37.3
2025-02-07 04:00:00+00:00,UniMAC GIJ Campus,44.7
2025-02-07 05:00:00+00:00,UniMAC GIJ Campus,44.6
2025-02-07 06:00:00+00:00,UniMAC GIJ Campus,47.35
2025-02-07 07:00:00+00:00,UniMAC GIJ Campus,47.35
2025-02-07 08:00:00+00:00,UniMAC GIJ Campus,46.2
2025-02-07 09:00:00+00:00,UniMAC GIJ Campus,40.05
2025-02-07 10:00:00+00:00,UniMAC GIJ Campus,40.85
2025-02-07 11:00:00+00:00,UniMAC GIJ Campus,35.4
2025-02-07 12:00:00+00:00,UniMAC GIJ Campus,33.9
2025-02-07 13:00:00+00:00,UniMAC GIJ Campus,34.0
2025-02-07 14:00:00+00:00,UniMAC GIJ Campus,33.0
2025-02-07 15:00:00+00:00,UniMAC GIJ Campus,33.55
2025-02-07 16:00:00+00:00,UniMAC GIJ Campus,36.95
2025-02-07 17:00:00+00:00,UniMAC GIJ Campus,38.1
2025-02-07 18:00:00+00:00,UniMAC GIJ Campus,36.95
2025-02-07 19:00:00+00:00,UniMAC GIJ Campus,35.1
2025-02-07 20:00:00+00:00,UniMAC GIJ Campus,38.8
2025-02-07 21:00:00+00:00,UniMAC GIJ Campus,36.05
2025-02-07 22:00:00+00:00,UniMAC GIJ Campus,33.3
2025-02-07 23:00:00+00:00,UniMAC GIJ Campus,36.75
2025-02-08 00:00:00+00:00,UniMAC GIJ Campus,36.25
2025-02-08 01:00:00+00:00,UniMAC GIJ Campus,45.55
2025-02-08 02:00:00+00:00,UniMAC GIJ Campus,44.9
2025-02-08 03:00:00+00:00,UniMAC GIJ Campus,41.1
2025-02-08 04:00:00+00:00,UniMAC GIJ Campus,41.45
2025-02-08 05:00:00+00:00,UniMAC GIJ Campus,42.5
2025-02-08 08:00:00+00:00,UniMAC GIJ Campus,47.55
2025-02-08 09:00:00+00:00,UniMAC GIJ Campus,41.5
2025-02-08 10:00:00+00:00,UniMAC GIJ Campus,40.4
2025-02-08 11:00:00+00:00,UniMAC GIJ Campus,40.75
2025-02-08 12:00:00+00:00,UniMAC GIJ Campus,32.6
2025-02-08 13:00:00+00:00,UniMAC GIJ Campus,30.6
2025-02-08 14:00:00+00:00,UniMAC GIJ Campus,29.15
2025-02-08 15:00:00+00:00,UniMAC GIJ Campus,27.75
2025-02-08 16:00:00+00:00,UniMAC GIJ Campus,31.65
2025-02-08 17:00:00+00:00,UniMAC GIJ Campus,30.5
2025-02-08 18:00:00+00:00,UniMAC GIJ Campus,30.7
2025-02-08 19:00:00+00:00,UniMAC GIJ Campus,33.9
2025-02-08 20:00:00+00:00,UniMAC GIJ Campus,31.4
2025-02-08 21:00:00+00:00,UniMAC GIJ Campus,34.45
2025-02-08 22:00:00+00:00,UniMAC GIJ Campus,24.25
2025-02-09 01:00:00+00:00,UniMAC GIJ Campus,25.85
2025-02-09 02:00:00+00:00,UniMAC GIJ Campus,28.4
2025-02-09 03:00:00+00:00,UniMAC GIJ Campus,25.2
2025-02-09 04:00:00+00:00,UniMAC GIJ Campus,27.15
2025-02-09 05:00:00+00:00,UniMAC GIJ Campus,30.7
2025-02-09 06:00:00+00:00,UniMAC GIJ Campus,33.55
2025-02-09 07:00:00+00:00,UniMAC GIJ Campus,43.7
2025-02-09 09:00:00+00:00,UniMAC GIJ Campus,47.6
2025-02-09 10:00:00+00:00,UniMAC GIJ Campus,42.1
2025-02-09 11:00:00+00:00,UniMAC GIJ Campus,40.3
2025-02-09 12:00:00+00:00,UniMAC GIJ Campus,29.8
2025-02-09 13:00:00+00:00,UniMAC GIJ Campus,26.2
2025-02-09 14:00:00+00:00,UniMAC GIJ Campus,25.35
2025-02-09 15:00:00+00:00,UniMAC GIJ Campus,24.65
2025-02-09 16:00:00+00:00,UniMAC GIJ Campus,24.8
2025-02-09 17:00:00+00:00,UniMAC GIJ Campus,25.5
2025-02-09 18:00:00+00:00,UniMAC GIJ Campus,27.95
2025-02-09 19:00:00+00:00,UniMAC GIJ Campus,26.8
2025-02-09 20:00:00+00:00,UniMAC GIJ Campus,27.0
2025-02-09 21:00:00+00:00,UniMAC GIJ Campus,25.9
2025-02-09 23:00:00+00:00,UniMAC GIJ Campus,31.4
2025-02-10 00:00:00+00:00,UniMAC GIJ Campus,37.55
2025-02-10 01:00:00+00:00,UniMAC GIJ Campus,58.5
2025-02-10 02:00:00+00:00,UniMAC GIJ Campus,39.05
2025-02-10 03:00:00+00:00,UniMAC GIJ Campus,40.35
2025-02-10 04:00:00+00:00,UniMAC GIJ Campus,45.35
2025-02-10 05:00:00+00:00,UniMAC GIJ Campus,49.8
2025-02-10 07:00:00+00:00,UniMAC GIJ Campus,53.05
2025-02-10 08:00:00+00:00,UniMAC GIJ Campus,43.4
2025-02-10 09:00:00+00:00,UniMAC GIJ Campus,42.75
2025-02-10 10:00:00+00:00,UniMAC GIJ Campus,31.75
2025-02-10 11:00:00+00:00,UniMAC GIJ Campus,30.0
2025-02-10 12:00:00+00:00,UniMAC GIJ Campus,28.95
2025-02-10 13:00:00+00:00,UniMAC GIJ Campus,27.05
2025-02-10 14:00:00+00:00,UniMAC GIJ Campus,24.4
2025-02-10 15:00:00+00:00,UniMAC GIJ Campus,25.75
2025-02-10 16:00:00+00:00,UniMAC GIJ Campus,27.8
2025-02-10 17:00:00+00:00,UniMAC GIJ Campus,25.6
2025-02-10 18:00:00+00:00,UniMAC GIJ Campus,30.7
2025-02-10 19:00:00+00:00,UniMAC GIJ Campus,38.7
2025-02-10 20:00:00+00:00,UniMAC GIJ Campus,31.1
2025-02-10 21:00:00+00:00,UniMAC GIJ Campus,29.0
2025-02-10 22:00:00+00:00,UniMAC GIJ Campus,30.1
2025-02-10 23:00:00+00:00,UniMAC GIJ Campus,27.9
2025-02-11 00:00:00+00:00,UniMAC GIJ Campus,31.85
2025-02-11 01:00:00+00:00,UniMAC GIJ Campus,42.05
2025-02-11 02:00:00+00:00,UniMAC GIJ Campus,28.85
2025-02-11 03:00:00+00:00,UniMAC GIJ Campus,33.85
2025-02-11 04:00:00+00:00,UniMAC GIJ Campus,34.7
2025-02-11 05:00:00+00:00,UniMAC GIJ Campus,38.4
2025-02-11 06:00:00+00:00,UniMAC GIJ Campus,38.95
2025-02-11 07:00:00+00:00,UniMAC GIJ Campus,43.15
2025-02-11 08:00:00+00:00,UniMAC GIJ Campus,40.55
2025-02-11 09:00:00+00:00,UniMAC GIJ Campus,40.75
2025-02-11 10:00:00+00:00,UniMAC GIJ Campus,36.5
2025-02-11 11:00:00+00:00,UniMAC GIJ Campus,31.95
2025-02-11 12:00:00+00:00,UniMAC GIJ Campus,31.8
2025-02-11 13:00:00+00:00,UniMAC GIJ Campus,32.0
2025-02-11 14:00:00+00:00,UniMAC GIJ Campus,28.8
2025-02-11 15:00:00+00:00,UniMAC GIJ Campus,32.85
2025-02-11 16:00:00+00:00,UniMAC GIJ Campus,31.75
2025-02-11 17:00:00+00:00,UniMAC GIJ Campus,31.45
2025-02-11 18:00:00+00:00,UniMAC GIJ Campus,29.6
2025-02-11 19:00:00+00:00,UniMAC GIJ Campus,34.4
2025-02-11 20:00:00+00:00,UniMAC GIJ Campus,33.25
2025-02-11 21:00:00+00:00,UniMAC GIJ Campus,33.45
2025-02-11 22:00:00+00:00,UniMAC GIJ Campus,34.95
2025-02-11 23:00:00+00:00,UniMAC GIJ Campus,34.15
2025-02-12 00:00:00+00:00,UniMAC GIJ Campus,45.05
2025-02-12 03:00:00+00:00,UniMAC GIJ Campus,37.2
2025-02-12 04:00:00+00:00,UniMAC GIJ Campus,37.85
2025-02-12 05:00:00+00:00,UniMAC GIJ Campus,42.7
2025-02-12 06:00:00+00:00,UniMAC GIJ Campus,46.1
2025-02-12 07:00:00+00:00,UniMAC GIJ Campus,42.35
2025-02-12 08:00:00+00:00,UniMAC GIJ Campus,38.15
2025-02-12 09:00:00+00:00,UniMAC GIJ Campus,37.35
2025-02-12 10:00:00+00:00,UniMAC GIJ Campus,35.75
2025-02-12 11:00:00+00:00,UniMAC GIJ Campus,31.55
2025-02-12 12:00:00+00:00,UniMAC GIJ Campus,30.6
2025-02-12 13:00:00+00:00,UniMAC GIJ Campus,26.0
2025-02-12 14:00:00+00:00,UniMAC GIJ Campus,24.9
2025-02-12 15:00:00+00:00,UniMAC GIJ Campus,26.45
2025-02-12 16:00:00+00:00,UniMAC GIJ Campus,29.4
2025-02-12 17:00:00+00:00,UniMAC GIJ Campus,29.75
2025-02-12 19:00:00+00:00,UniMAC GIJ Campus,31.1
2025-02-12 20:00:00+00:00,UniMAC GIJ Campus,32.4
2025-02-12 21:00:00+00:00,UniMAC GIJ Campus,33.25
2025-02-12 22:00:00+00:00,UniMAC GIJ Campus,36.05
2025-02-12 23:00:00+00:00,UniMAC GIJ Campus,37.85
2025-02-13 00:00:00+00:00,UniMAC GIJ Campus,39.25
2025-02-13 01:00:00+00:00,UniMAC GIJ Campus,41.05
2025-02-13 02:00:00+00:00,UniMAC GIJ Campus,59.95
2025-02-13 03:00:00+00:00,UniMAC GIJ Campus,43.0
2025-02-13 04:00:00+00:00,UniMAC GIJ Campus,39.9
2025-02-13 05:00:00+00:00,UniMAC GIJ Campus,45.15
2025-02-13 08:00:00+00:00,UniMAC GIJ Campus,48.15
2025-02-13 11:00:00+00:00,UniMAC GIJ Campus,38.35
2025-02-13 12:00:00+00:00,UniMAC GIJ Campus,31.75
2025-02-13 14:00:00+00:00,UniMAC GIJ Campus,29.45
2025-02-13 15:00:00+00:00,UniMAC GIJ Campus,25.35
2025-02-13 16:00:00+00:00,UniMAC GIJ Campus,29.8
2025-02-13 17:00:00+00:00,UniMAC GIJ Campus,27.5
2025-02-13 18:00:00+00:00,UniMAC GIJ Campus,32.5
2025-02-13 19:00:00+00:00,UniMAC GIJ Campus,31.45
2025-02-13 20:00:00+00:00,UniMAC GIJ Campus,28.3
2025-02-13 21:00:00+00:00,UniMAC GIJ Campus,32.0
2025-02-13 22:00:00+00:00,UniMAC GIJ Campus,33.1
2025-02-13 23:00:00+00:00,UniMAC GIJ Campus,36.65
2025-02-14 00:00:00+00:00,UniMAC GIJ Campus,31.4
2025-02-14 01:00:00+00:00,UniMAC GIJ Campus,40.25
2025-02-14 02:00:00+00:00,UniMAC GIJ Campus,38.05
2025-02-14 03:00:00+00:00,UniMAC GIJ Campus,37.0
2025-02-14 04:00:00+00:00,UniMAC GIJ Campus,39.25
2025-02-14 05:00:00+00:00,UniMAC GIJ Campus,45.4
2025-02-14 06:00:00+00:00,UniMAC GIJ Campus,45.75
2025-02-14 07:00:00+00:00,UniMAC GIJ Campus,43.25
2025-02-14 08:00:00+00:00,UniMAC GIJ Campus,39.35
2025-02-14 09:00:00+00:00,UniMAC GIJ Campus,37.65
2025-02-14 10:00:00+00:00,UniMAC GIJ Campus,36.8
2025-02-14 11:00:00+00:00,UniMAC GIJ Campus,36.9
2025-02-14 12:00:00+00:00,UniMAC GIJ Campus,25.8
2025-02-14 13:00:00+00:00,UniMAC GIJ Campus,23.25
2025-02-14 14:00:00+00:00,UniMAC GIJ Campus,21.35
2025-02-14 15:00:00+00:00,UniMAC GIJ Campus,21.85
2025-02-14 16:00:00+00:00,UniMAC GIJ Campus,23.4
2025-02-14 17:00:00+00:00,UniMAC GIJ Campus,24.75
2025-02-14 18:00:00+00:00,UniMAC GIJ Campus,26.75
2025-02-14 19:00:00+00:00,UniMAC GIJ Campus,31.1
2025-02-14 20:00:00+00:00,UniMAC GIJ Campus,33.6
2025-02-14 21:00:00+00:00,UniMAC GIJ Campus,37.65
2025-02-14 22:00:00+00:00,UniMAC GIJ Campus,28.8
2025-02-14 23:00:00+00:00,UniMAC GIJ Campus,28.35
2025-02-15 00:00:00+00:00,UniMAC GIJ Campus,31.65
2025-02-15 01:00:00+00:00,UniMAC GIJ Campus,31.8
2025-02-15 02:00:00+00:00,UniMAC GIJ Campus,40.05
2025-02-15 03:00:00+00:00,UniMAC GIJ Campus,40.15
2025-02-15 04:00:00+00:00,UniMAC GIJ Campus,40.4
2025-02-15 05:00:00+00:00,UniMAC GIJ Campus,43.95
2025-02-15 06:00:00+00:00,UniMAC GIJ Campus,47.1
2025-02-15 09:00:00+00:00,UniMAC GIJ Campus,39.7
2025-02-15 10:00:00+00:00,UniMAC GIJ Campus,38.95
2025-02-15 11:00:00+00:00,UniMAC GIJ Campus,32.95
2025-02-15 12:00:00+00:00,UniMAC GIJ Campus,28.35
2025-02-15 13:00:00+00:00,UniMAC GIJ Campus,28.2
2025-02-15 14:00:00+00:00,UniMAC GIJ Campus,25.6
2025-02-15 15:00:00+00:00,UniMAC GIJ Campus,24.2
2025-02-15 16:00:00+00:00,UniMAC GIJ Campus,29.0
2025-02-15 17:00:00+00:00,UniMAC GIJ Campus,27.1
2025-02-15 18:00:00+00:00,UniMAC GIJ Campus,29.2
2025-02-15 19:00:00+00:00,UniMAC GIJ Campus,34.35
2025-02-15 20:00:00+00:00,UniMAC GIJ Campus,31.75
2025-02-15 21:00:00+00:00,UniMAC GIJ Campus,31.5
2025-02-15 22:00:00+00:00,UniMAC GIJ Campus,36.6
2025-02-15 23:00:00+00:00,UniMAC GIJ Campus,35.15
2025-02-16 00:00:00+00:00,UniMAC GIJ Campus,51.45
2025-02-16 01:00:00+00:00,UniMAC GIJ Campus,54.35
2025-02-16 02:00:00+00:00,UniMAC GIJ Campus,44.9
2025-02-16 03:00:00+00:00,UniMAC GIJ Campus,41.3
2025-02-16 04:00:00+00:00,UniMAC GIJ Campus,39.1
2025-02-16 05:00:00+00:00,UniMAC GIJ Campus,38.65
2025-02-16 06:00:00+00:00,UniMAC GIJ Campus,45.45
2025-02-16 07:00:00+00:00,UniMAC GIJ Campus,51.65
2025-02-16 08:00:00+00:00,UniMAC GIJ Campus,44.7
2025-02-16 09:00:00+00:00,UniMAC GIJ Campus,45.15
2025-02-16 10:00:00+00:00,UniMAC GIJ Campus,44.05
2025-02-16 11:00:00+00:00,UniMAC GIJ Campus,35.65
2025-02-16 12:00:00+00:00,UniMAC GIJ Campus,32.3
2025-02-16 13:00:00+00:00,UniMAC GIJ Campus,27.15
2025-02-16 14:00:00+00:00,UniMAC GIJ Campus,25.15
2025-02-16 15:00:00+00:00,UniMAC GIJ Campus,26.4
2025-02-16 16:00:00+00:00,UniMAC GIJ Campus,29.2
2025-02-16 17:00:00+00:00,UniMAC GIJ Campus,29.5
2025-02-16 18:00:00+00:00,UniMAC GIJ Campus,47.5
2025-02-16 19:00:00+00:00,UniMAC GIJ Campus,40.65
2025-02-16 20:00:00+00:00,UniMAC GIJ Campus,36.1
2025-02-16 21:00:00+00:00,UniMAC GIJ Campus,33.45
2025-02-16 22:00:00+00:00,UniMAC GIJ Campus,32.5
2025-02-16 23:00:00+00:00,UniMAC GIJ Campus,34.9
2025-02-17 00:00:00+00:00,UniMAC GIJ Campus,38.6
2025-02-17 01:00:00+00:00,UniMAC GIJ Campus,35.0
2025-02-17 02:00:00+00:00,UniMAC GIJ Campus,34.8
2025-02-17 03:00:00+00:00,UniMAC GIJ Campus,49.75
2025-02-17 04:00:00+00:00,UniMAC GIJ Campus,42.05
2025-02-17 05:00:00+00:00,UniMAC GIJ Campus,41.9
2025-02-17 06:00:00+00:00,UniMAC GIJ Campus,44.3
2025-02-17 07:00:00+00:00,UniMAC GIJ Campus,45.15
2025-02-17 08:00:00+00:00,UniMAC GIJ Campus,44.55
2025-02-17 09:00:00+00:00,UniMAC GIJ Campus,39.55
2025-02-17 10:00:00+00:00,UniMAC GIJ Campus,38.8
2025-02-17 11:00:00+00:00,UniMAC GIJ Campus,34.2
2025-02-17 12:00:00+00:00,UniMAC GIJ Campus,31.25
2025-02-17 13:00:00+00:00,UniMAC GIJ Campus,30.75
2025-02-17 14:00:00+00:00,UniMAC GIJ Campus,29.95
2025-02-17 15:00:00+00:00,UniMAC GIJ Campus,27.15
2025-02-17 16:00:00+00:00,UniMAC GIJ Campus,28.1
2025-02-17 17:00:00+00:00,UniMAC GIJ Campus,30.95
2025-02-17 18:00:00+00:00,UniMAC GIJ Campus,31.8
2025-02-17 19:00:00+00:00,UniMAC GIJ Campus,32.1
2025-02-17 20:00:00+00:00,UniMAC GIJ Campus,32.4
2025-02-17 21:00:00+00:00,UniMAC GIJ Campus,31.9
2025-02-17 22:00:00+00:00,UniMAC GIJ Campus,36.85
2025-02-17 23:00:00+00:00,UniMAC GIJ Campus,45.4
2025-02-18 00:00:00+00:00,UniMAC GIJ Campus,37.8
2025-02-18 01:00:00+00:00,UniMAC GIJ Campus,38.65
2025-02-18 02:00:00+00:00,UniMAC GIJ Campus,71.45
2025-02-18 03:00:00+00:00,UniMAC GIJ Campus,59.8
2025-02-18 04:00:00+00:00,UniMAC GIJ Campus,57.45
2025-02-18 05:00:00+00:00,UniMAC GIJ Campus,44.85
2025-02-18 06:00:00+00:00,UniMAC GIJ Campus,46.75
2025-02-18 07:00:00+00:00,UniMAC GIJ Campus,46.75
2025-02-18 08:00:00+00:00,UniMAC GIJ Campus,41.7
2025-02-18 09:00:00+00:00,UniMAC GIJ Campus,39.55
2025-02-18 10:00:00+00:00,UniMAC GIJ Campus,36.75
2025-02-18 11:00:00+00:00,UniMAC GIJ Campus,31.55
2025-02-18 12:00:00+00:00,UniMAC GIJ Campus,28.4
2025-02-18 13:00:00+00:00,UniMAC GIJ Campus,26.65
2025-02-18 14:00:00+00:00,UniMAC GIJ Campus,25.7
2025-02-18 15:00:00+00:00,UniMAC GIJ Campus,25.45
2025-02-18 16:00:00+00:00,UniMAC GIJ Campus,28.1
2025-02-18 17:00:00+00:00,UniMAC GIJ Campus,30.9
2025-02-18 18:00:00+00:00,UniMAC GIJ Campus,35.0
2025-02-18 19:00:00+00:00,UniMAC GIJ Campus,33.75
2025-02-18 20:00:00+00:00,UniMAC GIJ Campus,35.75
2025-02-18 21:00:00+00:00,UniMAC GIJ Campus,33.65
2025-02-18 22:00:00+00:00,UniMAC GIJ Campus,32.45
2025-02-18 23:00:00+00:00,UniMAC GIJ Campus,34.0
2025-02-19 00:00:00+00:00,UniMAC GIJ Campus,33.95
2025-02-19 01:00:00+00:00,UniMAC GIJ Campus,36.1
2025-02-19 02:00:00+00:00,UniMAC GIJ Campus,33.0
2025-02-19 03:00:00+00:00,UniMAC GIJ Campus,33.65
2025-02-19 04:00:00+00:00,UniMAC GIJ Campus,35.25
2025-02-19 05:00:00+00:00,UniMAC GIJ Campus,36.4
2025-02-19 06:00:00+00:00,UniMAC GIJ Campus,40.6
2025-02-19 07:00:00+00:00,UniMAC GIJ Campus,44.15
2025-02-19 08:00:00+00:00,UniMAC GIJ Campus,30.6
2025-02-19 09:00:00+00:00,UniMAC GIJ Campus,25.6
2025-02-19 10:00:00+00:00,UniMAC GIJ Campus,24.9
2025-02-19 11:00:00+00:00,UniMAC GIJ Campus,23.75
2025-02-19 12:00:00+00:00,UniMAC GIJ Campus,23.35
2025-02-19 13:00:00+00:00,UniMAC GIJ Campus,22.85
2025-02-19 14:00:00+00:00,UniMAC GIJ Campus,21.8
2025-02-19 15:00:00+00:00,UniMAC GIJ Campus,22.0
2025-02-19 16:00:00+00:00,UniMAC GIJ Campus,22.4
2025-02-19 17:00:00+00:00,UniMAC GIJ Campus,23.55
2025-02-19 18:00:00+00:00,UniMAC GIJ Campus,27.6
2025-02-19 19:00:00+00:00,UniMAC GIJ Campus,30.25
2025-02-19 20:00:00+00:00,UniMAC GIJ Campus,33.2
2025-02-19 21:00:00+00:00,UniMAC GIJ Campus,28.85
2025-02-19 22:00:00+00:00,UniMAC GIJ Campus,34.1
2025-02-19 23:00:00+00:00,UniMAC GIJ Campus,42.45
2025-02-20 00:00:00+00:00,UniMAC GIJ Campus,39.65
2025-02-20 01:00:00+00:00,UniMAC GIJ Campus,39.15
2025-02-20 02:00:00+00:00,UniMAC GIJ Campus,40.15
2025-02-20 03:00:00+00:00,UniMAC GIJ Campus,39.65
2025-02-20 04:00:00+00:00,UniMAC GIJ Campus,45.05
2025-02-20 05:00:00+00:00,UniMAC GIJ Campus,36.75
2025-02-20 06:00:00+00:00,UniMAC GIJ Campus,40.35
2025-02-20 07:00:00+00:00,UniMAC GIJ Campus,42.25
2025-02-20 08:00:00+00:00,UniMAC GIJ Campus,40.3
2025-02-20 09:00:00+00:00,UniMAC GIJ Campus,36.2
2025-02-20 10:00:00+00:00,UniMAC GIJ Campus,38.9
2025-02-20 11:00:00+00:00,UniMAC GIJ Campus,30.75
2025-02-20 12:00:00+00:00,UniMAC GIJ Campus,28.2
2025-02-20 13:00:00+00:00,UniMAC GIJ Campus,26.25
2025-02-20 14:00:00+00:00,UniMAC GIJ Campus,25.3
2025-02-20 15:00:00+00:00,UniMAC GIJ Campus,27.6
2025-02-20 16:00:00+00:00,UniMAC GIJ Campus,26.45
2025-02-20 17:00:00+00:00,UniMAC GIJ Campus,31.8
2025-02-20 18:00:00+00:00,UniMAC GIJ Campus,29.65
2025-02-20 19:00:00+00:00,UniMAC GIJ Campus,31.2
2025-02-20 20:00:00+00:00,UniMAC GIJ Campus,30.0
2025-02-20 21:00:00+00:00,UniMAC GIJ Campus,33.9
2025-02-20 22:00:00+00:00,UniMAC GIJ Campus,41.55
2025-02-20 23:00:00+00:00,UniMAC GIJ Campus,38.4
2025-02-21 00:00:00+00:00,UniMAC GIJ Campus,37.65
2025-02-21 01:00:00+00:00,UniMAC GIJ Campus,38.75
2025-02-21 02:00:00+00:00,UniMAC GIJ Campus,34.85
2025-02-21 03:00:00+00:00,UniMAC GIJ Campus,36.7
2025-02-21 04:00:00+00:00,UniMAC GIJ Campus,40.5
2025-02-21 05:00:00+00:00,UniMAC GIJ Campus,45.7
2025-02-21 06:00:00+00:00,UniMAC GIJ Campus,50.35
2025-02-21 07:00:00+00:00,UniMAC GIJ Campus,50.7
2025-02-21 08:00:00+00:00,UniMAC GIJ Campus,47.65
2025-02-21 09:00:00+00:00,UniMAC GIJ Campus,46.1
2025-02-21 10:00:00+00:00,UniMAC GIJ Campus,35.8
2025-02-21 11:00:00+00:00,UniMAC GIJ Campus,30.7
2025-02-21 12:00:00+00:00,UniMAC GIJ Campus,30.95
2025-02-21 13:00:00+00:00,UniMAC GIJ Campus,32.5
2025-02-21 14:00:00+00:00,UniMAC GIJ Campus,30.6
2025-02-21 15:00:00+00:00,UniMAC GIJ Campus,30.7
2025-02-21 16:00:00+00:00,UniMAC GIJ Campus,32.25
2025-02-21 17:00:00+00:00,UniMAC GIJ Campus,33.1
2025-02-21 18:00:00+00:00,UniMAC GIJ Campus,32.25
2025-02-21 19:00:00+00:00,UniMAC GIJ Campus,36.1
2025-02-21 20:00:00+00:00,UniMAC GIJ Campus,39.65
2025-02-21 21:00:00+00:00,UniMAC GIJ Campus,48.8
2025-02-21 22:00:00+00:00,UniMAC GIJ Campus,43.7
2025-02-21 23:00:00+00:00,UniMAC GIJ Campus,36.7
2025-02-22 00:00:00+00:00,UniMAC GIJ Campus,45.25
2025-02-22 01:00:00+00:00,UniMAC GIJ Campus,46.45
2025-02-22 02:00:00+00:00,UniMAC GIJ Campus,60.1
2025-02-22 03:00:00+00:00,UniMAC GIJ Campus,66.8
2025-02-22 04:00:00+00:00,UniMAC GIJ Campus,59.0
2025-02-22 06:00:00+00:00,UniMAC GIJ Campus,61.05
2025-02-22 07:00:00+00:00,UniMAC GIJ Campus,58.55
2025-02-22 08:00:00+00:00,UniMAC GIJ Campus,54.4
2025-02-22 09:00:00+00:00,UniMAC GIJ Campus,42.4
2025-02-22 10:00:00+00:00,UniMAC GIJ Campus,43.85
2025-02-22 11:00:00+00:00,UniMAC GIJ Campus,41.35
2025-02-22 12:00:00+00:00,UniMAC GIJ Campus,36.25
2025-02-22 13:00:00+00:00,UniMAC GIJ Campus,27.8
2025-02-22 14:00:00+00:00,UniMAC GIJ Campus,25.85
2025-02-22 15:00:00+00:00,UniMAC GIJ Campus,25.65
2025-02-22 16:00:00+00:00,UniMAC GIJ Campus,27.85
2025-02-22 17:00:00+00:00,UniMAC GIJ Campus,38.6
2025-02-22 18:00:00+00:00,UniMAC GIJ Campus,38.05
2025-02-22 19:00:00+00:00,UniMAC GIJ Campus,48.3
2025-02-22 20:00:00+00:00,UniMAC GIJ Campus,42.55
2025-02-22 21:00:00+00:00,UniMAC GIJ Campus,36.7
2025-02-22 22:00:00+00:00,UniMAC GIJ Campus,38.1
2025-02-22 23:00:00+00:00,UniMAC GIJ Campus,36.85
2025-02-23 00:00:00+00:00,UniMAC GIJ Campus,39.25
2025-02-23 01:00:00+00:00,UniMAC GIJ Campus,39.9
2025-02-23 02:00:00+00:00,UniMAC GIJ Campus,27.0
2025-02-23 03:00:00+00:00,UniMAC GIJ Campus,31.25
2025-02-23 04:00:00+00:00,UniMAC GIJ Campus,30.4
2025-02-23 05:00:00+00:00,UniMAC GIJ Campus,37.6
2025-02-23 06:00:00+00:00,UniMAC GIJ Campus,43.9
2025-02-23 07:00:00+00:00,UniMAC GIJ Campus,48.15
2025-02-23 08:00:00+00:00,UniMAC GIJ Campus,71.05
2025-02-23 09:00:00+00:00,UniMAC GIJ Campus,48.85
2025-02-23 10:00:00+00:00,UniMAC GIJ Campus,52.45
2025-02-23 11:00:00+00:00,UniMAC GIJ Campus,49.6
2025-02-23 12:00:00+00:00,UniMAC GIJ Campus,53.3
2025-02-23 13:00:00+00:00,UniMAC GIJ Campus,46.25
2025-02-23 14:00:00+00:00,UniMAC GIJ Campus,38.95
2025-02-23 15:00:00+00:00,UniMAC GIJ Campus,39.9
2025-02-23 16:00:00+00:00,UniMAC GIJ Campus,32.3
2025-02-23 17:00:00+00:00,UniMAC GIJ Campus,38.85
2025-02-23 18:00:00+00:00,UniMAC GIJ Campus,63.85
2025-02-23 19:00:00+00:00,UniMAC GIJ Campus,68.6
2025-02-23 20:00:00+00:00,UniMAC GIJ Campus,66.05
2025-02-23 21:00:00+00:00,UniMAC GIJ Campus,77.4
2025-02-23 22:00:00+00:00,UniMAC GIJ Campus,62.9
2025-02-23 23:00:00+00:00,UniMAC GIJ Campus,50.9
2025-02-24 00:00:00+00:00,UniMAC GIJ Campus,51.45
2025-02-24 01:00:00+00:00,UniMAC GIJ Campus,49.6
2025-02-24 02:00:00+00:00,UniMAC GIJ Campus,44.55
2025-02-24 03:00:00+00:00,UniMAC GIJ Campus,42.8
2025-02-24 04:00:00+00:00,UniMAC GIJ Campus,47.6
2025-02-24 05:00:00+00:00,UniMAC GIJ Campus,53.15
2025-02-24 06:00:00+00:00,UniMAC GIJ Campus,63.3
2025-02-24 07:00:00+00:00,UniMAC GIJ Campus,52.15
2025-02-24 08:00:00+00:00,UniMAC GIJ Campus,55.25
2025-02-24 09:00:00+00:00,UniMAC GIJ Campus,60.65
2025-02-24 10:00:00+00:00,UniMAC GIJ Campus,40.55
2025-02-24 11:00:00+00:00,UniMAC GIJ Campus,32.9
2025-02-24 12:00:00+00:00,UniMAC GIJ Campus,33.25
2025-02-24 13:00:00+00:00,UniMAC GIJ Campus,28.85
2025-02-24 14:00:00+00:00,UniMAC GIJ Campus,27.65
2025-02-24 15:00:00+00:00,UniMAC GIJ Campus,26.25
2025-02-24 16:00:00+00:00,UniMAC GIJ Campus,24.8
2025-02-24 17:00:00+00:00,UniMAC GIJ Campus,35.8
2025-02-24 18:00:00+00:00,UniMAC GIJ Campus,33.6
2025-02-24 19:00:00+00:00,UniMAC GIJ Campus,33.7
2025-02-24 20:00:00+00:00,UniMAC GIJ Campus,29.75
2025-02-24 21:00:00+00:00,UniMAC GIJ Campus,25.65
2025-02-24 22:00:00+00:00,UniMAC GIJ Campus,31.75
2025-02-24 23:00:00+00:00,UniMAC GIJ Campus,33.1
2025-02-25 00:00:00+00:00,UniMAC GIJ Campus,39.6
2025-02-25 01:00:00+00:00,UniMAC GIJ Campus,41.7
2025-02-25 02:00:00+00:00,UniMAC GIJ Campus,40.15
2025-02-25 03:00:00+00:00,UniMAC GIJ Campus,35.95
2025-02-25 04:00:00+00:00,UniMAC GIJ Campus,43.45
2025-02-25 05:00:00+00:00,UniMAC GIJ Campus,57.85
2025-02-25 06:00:00+00:00,UniMAC GIJ Campus,55.95
2025-02-25 07:00:00+00:00,UniMAC GIJ Campus,51.75
2025-02-25 08:00:00+00:00,UniMAC GIJ Campus,42.3
2025-02-25 09:00:00+00:00,UniMAC GIJ Campus,32.2
2025-02-25 10:00:00+00:00,UniMAC GIJ Campus,30.5
2025-02-25 11:00:00+00:00,UniMAC GIJ Campus,30.1
2025-02-25 12:00:00+00:00,UniMAC GIJ Campus,26.85
2025-02-25 13:00:00+00:00,UniMAC GIJ Campus,23.1
2025-02-25 14:00:00+00:00,UniMAC GIJ Campus,18.55
2025-02-25 15:00:00+00:00,UniMAC GIJ Campus,17.15
2025-02-25 16:00:00+00:00,UniMAC GIJ Campus,18.4
2025-02-25 17:00:00+00:00,UniMAC GIJ Campus,21.0
2025-02-25 18:00:00+00:00,UniMAC GIJ Campus,67.3
2025-02-25 19:00:00+00:00,UniMAC GIJ Campus,37.0
2025-02-25 20:00:00+00:00,UniMAC GIJ Campus,38.5
2025-02-25 21:00:00+00:00,UniMAC GIJ Campus,29.45
2025-02-25 22:00:00+00:00,UniMAC GIJ Campus,30.85
2025-02-25 23:00:00+00:00,UniMAC GIJ Campus,34.85
2025-02-26 00:00:00+00:00,UniMAC GIJ Campus,50.55
2025-02-26 01:00:00+00:00,UniMAC GIJ Campus,44.8
2025-02-26 02:00:00+00:00,UniMAC GIJ Campus,41.75
2025-02-26 03:00:00+00:00,UniMAC GIJ Campus,30.85
2025-02-26 04:00:00+00:00,UniMAC GIJ Campus,31.2
2025-02-26 05:00:00+00:00,UniMAC GIJ Campus,39.05
2025-02-26 06:00:00+00:00,UniMAC GIJ Campus,43.6
2025-02-26 07:00:00+00:00,UniMAC GIJ Campus,48.4
2025-02-26 08:00:00+00:00,UniMAC GIJ Campus,38.15
2025-02-26 09:00:00+00:00,UniMAC GIJ Campus,42.7
2025-02-26 10:00:00+00:00,UniMAC GIJ Campus,34.35
2025-02-26 16:00:00+00:00,UniMAC GIJ Campus,20.8
2025-02-26 17:00:00+00:00,UniMAC GIJ Campus,24.2
2025-02-26 18:00:00+00:00,UniMAC GIJ Campus,26.9
2025-02-26 19:00:00+00:00,UniMAC GIJ Campus,29.05
2025-02-26 20:00:00+00:00,UniMAC GIJ Campus,27.45
2025-02-26 21:00:00+00:00,UniMAC GIJ Campus,22.5
2025-02-26 22:00:00+00:00,UniMAC GIJ Campus,18.55
2025-02-26 23:00:00+00:00,UniMAC GIJ Campus,29.7
2025-02-27 00:00:00+00:00,UniMAC GIJ Campus,35.95
2025-02-27 01:00:00+00:00,UniMAC GIJ Campus,31.85
2025-02-27 02:00:00+00:00,UniMAC GIJ Campus,36.65
2025-02-27 03:00:00+00:00,UniMAC GIJ Campus,34.75
2025-02-27 04:00:00+00:00,UniMAC GIJ Campus,36.65
2025-02-27 05:00:00+00:00,UniMAC GIJ Campus,39.55
2025-02-27 07:00:00+00:00,UniMAC GIJ Campus,44.25
2025-02-27 08:00:00+00:00,UniMAC GIJ Campus,41.25
2025-02-27 09:00:00+00:00,UniMAC GIJ Campus,42.45
2025-02-27 10:00:00+00:00,UniMAC GIJ Campus,26.85
2025-02-27 11:00:00+00:00,UniMAC GIJ Campus,23.25
2025-02-27 12:00:00+00:00,UniMAC GIJ Campus,21.65
2025-02-27 13:00:00+00:00,UniMAC GIJ Campus,21.45
2025-02-27 14:00:00+00:00,UniMAC GIJ Campus,19.8
2025-02-27 15:00:00+00:00,UniMAC GIJ Campus,20.8
2025-02-27 16:00:00+00:00,UniMAC GIJ Campus,22.35
2025-02-27 17:00:00+00:00,UniMAC GIJ Campus,20.05
2025-02-27 18:00:00+00:00,UniMAC GIJ Campus,21.4
2025-02-27 19:00:00+00:00,UniMAC GIJ Campus,29.25
2025-02-27 20:00:00+00:00,UniMAC GIJ Campus,26.25
2025-02-27 21:00:00+00:00,UniMAC GIJ Campus,26.05
2025-02-27 22:00:00+00:00,UniMAC GIJ Campus,26.5
2025-02-27 23:00:00+00:00,UniMAC GIJ Campus,26.35
2025-02-28 00:00:00+00:00,UniMAC GIJ Campus,28.55
2025-02-28 01:00:00+00:00,UniMAC GIJ Campus,28.7
2025-02-28 02:00:00+00:00,UniMAC GIJ Campus,44.0
2025-02-28 03:00:00+00:00,UniMAC GIJ Campus,36.35
2025-02-28 04:00:00+00:00,UniMAC GIJ Campus,40.95
2025-02-28 05:00:00+00:00,UniMAC GIJ Campus,51.9
2025-02-28 06:00:00+00:00,UniMAC GIJ Campus,45.2
2025-02-28 07:00:00+00:00,UniMAC GIJ Campus,38.2
2025-02-28 08:00:00+00:00,UniMAC GIJ Campus,48.95
2025-02-28 09:00:00+00:00,UniMAC GIJ Campus,42.95
2025-02-28 10:00:00+00:00,UniMAC GIJ Campus,30.3
2025-02-28 11:00:00+00:00,UniMAC GIJ Campus,23.75
2025-02-28 12:00:00+00:00,UniMAC GIJ Campus,20.85
2025-02-28 13:00:00+00:00,UniMAC GIJ Campus,21.1
2025-02-28 14:00:00+00:00,UniMAC GIJ Campus,18.8
2025-02-28 15:00:00+00:00,UniMAC GIJ Campus,18.35
2025-02-28 16:00:00+00:00,UniMAC GIJ Campus,23.45
2025-02-28 17:00:00+00:00,UniMAC GIJ Campus,26.25
2025-02-28 18:00:00+00:00,UniMAC GIJ Campus,26.7
2025-02-28 19:00:00+00:00,UniMAC GIJ Campus,29.05
2025-02-28 20:00:00+00:00,UniMAC GIJ Campus,29.05
2025-02-28 21:00:00+00:00,UniMAC GIJ Campus,23.95
2025-02-28 22:00:00+00:00,UniMAC GIJ Campus,35.45
2025-02-28 23:00:00+00:00,UniMAC GIJ Campus,34.65
2025-02-01 00:00:00+00:00,West Hills Mall,18.41
2025-02-01 01:00:00+00:00,West Hills Mall,16.74
2025-02-01 02:00:00+00:00,West Hills Mall,25.69
2025-02-01 03:00:00+00:00,West Hills Mall,39.52
2025-02-01 04:00:00+00:00,West Hills Mall,44.96
2025-02-01 05:00:00+00:00,West Hills Mall,46.64
2025-02-01 06:00:00+00:00,West Hills Mall,51.8
2025-02-01 07:00:00+00:00,West Hills Mall,56.52
2025-02-01 08:00:00+00:00,West Hills Mall,49.34
2025-02-01 09:00:00+00:00,West Hills Mall,39.17
2025-02-01 10:00:00+00:00,West Hills Mall,23.27
2025-02-01 11:00:00+00:00,West Hills Mall,20.21
2025-02-01 13:00:00+00:00,West Hills Mall,13.25
2025-02-01 14:00:00+00:00,West Hills Mall,14.35
2025-02-01 15:00:00+00:00,West Hills Mall,11.41
2025-02-01 17:00:00+00:00,West Hills Mall,15.74
2025-02-01 18:00:00+00:00,West Hills Mall,16.24
2025-02-01 20:00:00+00:00,West Hills Mall,19.53
2025-02-01 21:00:00+00:00,West Hills Mall,19.6
2025-02-01 22:00:00+00:00,West Hills Mall,24.21
2025-02-02 01:00:00+00:00,West Hills Mall,32.14
2025-02-02 02:00:00+00:00,West Hills Mall,30.08
2025-02-02 03:00:00+00:00,West Hills Mall,31.66
2025-02-02 04:00:00+00:00,West Hills Mall,29.52
2025-02-02 05:00:00+00:00,West Hills Mall,31.7
2025-02-02 06:00:00+00:00,West Hills Mall,47.06
2025-02-02 07:00:00+00:00,West Hills Mall,40.59
2025-02-02 09:00:00+00:00,West Hills Mall,39.27
2025-02-02 10:00:00+00:00,West Hills Mall,34.08
2025-02-02 12:00:00+00:00,West Hills Mall,13.77
2025-02-02 13:00:00+00:00,West Hills Mall,7.35
2025-02-02 15:00:00+00:00,West Hills Mall,13.25
2025-02-02 16:00:00+00:00,West Hills Mall,13.3
2025-02-02 19:00:00+00:00,West Hills Mall,25.95
2025-02-02 20:00:00+00:00,West Hills Mall,33.08
2025-02-03 00:00:00+00:00,West Hills Mall,30.33
2025-02-03 01:00:00+00:00,West Hills Mall,41.4
2025-02-03 08:00:00+00:00,West Hills Mall,51.08
2025-02-03 09:00:00+00:00,West Hills Mall,44.77
2025-02-03 20:00:00+00:00,West Hills Mall,27.42
2025-02-03 21:00:00+00:00,West Hills Mall,25.31
2025-02-04 03:00:00+00:00,West Hills Mall,37.32
2025-02-04 04:00:00+00:00,West Hills Mall,42.9
2025-02-04 05:00:00+00:00,West Hills Mall,46.01
2025-02-04 07:00:00+00:00,West Hills Mall,53.27
2025-02-04 08:00:00+00:00,West Hills Mall,47.44
2025-02-04 09:00:00+00:00,West Hills Mall,42.99
2025-02-04 10:00:00+00:00,West Hills Mall,31.36
2025-02-04 11:00:00+00:00,West Hills Mall,28.18
2025-02-04 12:00:00+00:00,West Hills Mall,29.19
2025-02-04 13:00:00+00:00,West Hills Mall,19.45
2025-02-04 14:00:00+00:00,West Hills Mall,21.49
2025-02-04 15:00:00+00:00,West Hills Mall,25.33
2025-02-04 16:00:00+00:00,West Hills Mall,29.04
2025-02-04 19:00:00+00:00,West Hills Mall,25.28
2025-02-04 20:00:00+00:00,West Hills Mall,24.87
2025-02-04 21:00:00+00:00,West Hills Mall,22.87
2025-02-04 22:00:00+00:00,West Hills Mall,23.02
2025-02-04 23:00:00+00:00,West Hills Mall,24.27
2025-02-05 00:00:00+00:00,West Hills Mall,25.06
2025-02-05 01:00:00+00:00,West Hills Mall,28.96
2025-02-05 02:00:00+00:00,West Hills Mall,28.85
2025-02-05 03:00:00+00:00,West Hills Mall,26.96
2025-02-05 05:00:00+00:00,West Hills Mall,57.37
2025-02-05 06:00:00+00:00,West Hills Mall,51.67
2025-02-05 08:00:00+00:00,West Hills Mall,45.62
2025-02-05 09:00:00+00:00,West Hills Mall,35.38
2025-02-05 10:00:00+00:00,West Hills Mall,31.15
2025-02-05 13:00:00+00:00,West Hills Mall,21.69
2025-02-05 14:00:00+00:00,West Hills Mall,22.42
2025-02-05 15:00:00+00:00,West Hills Mall,23.97
2025-02-05 17:00:00+00:00,West Hills Mall,29.87
2025-02-05 18:00:00+00:00,West Hills Mall,25.48
2025-02-05 19:00:00+00:00,West Hills Mall,21.3
2025-02-05 20:00:00+00:00,West Hills Mall,21.94
2025-02-05 21:00:00+00:00,West Hills Mall,21.49
2025-02-05 22:00:00+00:00,West Hills Mall,22.12
2025-02-05 23:00:00+00:00,West Hills Mall,23.77
2025-02-06 01:00:00+00:00,West Hills Mall,26.37
2025-02-06 02:00:00+00:00,West Hills Mall,26.33
2025-02-06 03:00:00+00:00,West Hills Mall,29.7
2025-02-06 04:00:00+00:00,West Hills Mall,35.59
2025-02-06 05:00:00+00:00,West Hills Mall,47.52
2025-02-06 06:00:00+00:00,West Hills Mall,44.63
2025-02-06 07:00:00+00:00,West Hills Mall,39.22
2025-02-06 15:00:00+00:00,West Hills Mall,19.81
2025-02-06 16:00:00+00:00,West Hills Mall,17.32
2025-02-06 19:00:00+00:00,West Hills Mall,32.6
2025-02-06 20:00:00+00:00,West Hills Mall,40.27
2025-02-06 22:00:00+00:00,West Hills Mall,19.64
2025-02-06 23:00:00+00:00,West Hills Mall,19.36
2025-02-07 00:00:00+00:00,West Hills Mall,18.47
2025-02-07 03:00:00+00:00,West Hills Mall,27.55
2025-02-07 04:00:00+00:00,West Hills Mall,34.15
2025-02-07 05:00:00+00:00,West Hills Mall,50.26
2025-02-07 06:00:00+00:00,West Hills Mall,55.62
2025-02-07 07:00:00+00:00,West Hills Mall,51.09
2025-02-07 08:00:00+00:00,West Hills Mall,36.06
2025-02-07 09:00:00+00:00,West Hills Mall,28.48
2025-02-07 10:00:00+00:00,West Hills Mall,28.75
2025-02-07 11:00:00+00:00,West Hills Mall,30.45
2025-02-07 12:00:00+00:00,West Hills Mall,24.81
2025-02-07 13:00:00+00:00,West Hills Mall,19.69
2025-02-07 14:00:00+00:00,West Hills Mall,17.18
2025-02-07 15:00:00+00:00,West Hills Mall,29.35
2025-02-07 16:00:00+00:00,West Hills Mall,26.8
2025-02-07 17:00:00+00:00,West Hills Mall,29.62
2025-02-07 18:00:00+00:00,West Hills Mall,32.91
2025-02-07 20:00:00+00:00,West Hills Mall,21.85
2025-02-07 21:00:00+00:00,West Hills Mall,20.67
2025-02-07 22:00:00+00:00,West Hills Mall,26.28
2025-02-07 23:00:00+00:00,West Hills Mall,21.0
2025-02-08 00:00:00+00:00,West Hills Mall,20.89
2025-02-08 01:00:00+00:00,West Hills Mall,21.5
2025-02-08 02:00:00+00:00,West Hills Mall,22.72
2025-02-08 03:00:00+00:00,West Hills Mall,29.32
2025-02-08 04:00:00+00:00,West Hills Mall,31.91
2025-02-08 05:00:00+00:00,West Hills Mall,40.1
2025-02-08 06:00:00+00:00,West Hills Mall,47.87
2025-02-08 07:00:00+00:00,West Hills Mall,47.36
2025-02-08 08:00:00+00:00,West Hills Mall,32.86
2025-02-08 09:00:00+00:00,West Hills Mall,27.18
2025-02-08 10:00:00+00:00,West Hills Mall,31.41
2025-02-08 11:00:00+00:00,West Hills Mall,24.14
2025-02-08 12:00:00+00:00,West Hills Mall,16.9
2025-02-08 13:00:00+00:00,West Hills Mall,15.43
2025-02-08 15:00:00+00:00,West Hills Mall,19.17
2025-02-08 16:00:00+00:00,West Hills Mall,25.85
2025-02-08 17:00:00+00:00,West Hills Mall,25.5
2025-02-08 18:00:00+00:00,West Hills Mall,27.67
2025-02-08 19:00:00+00:00,West Hills Mall,20.57
2025-02-08 20:00:00+00:00,West Hills Mall,20.87
2025-02-08 21:00:00+00:00,West Hills Mall,17.63
2025-02-08 22:00:00+00:00,West Hills Mall,12.31
2025-02-08 23:00:00+00:00,West Hills Mall,12.19
2025-02-09 01:00:00+00:00,West Hills Mall,10.97
2025-02-09 02:00:00+00:00,West Hills Mall,15.02
2025-02-09 03:00:00+00:00,West Hills Mall,12.18
2025-02-09 04:00:00+00:00,West Hills Mall,13.42
2025-02-09 05:00:00+00:00,West Hills Mall,14.1
2025-02-09 06:00:00+00:00,West Hills Mall,20.39
2025-02-09 07:00:00+00:00,West Hills Mall,37.17
2025-02-09 09:00:00+00:00,West Hills Mall,20.57
2025-02-09 10:00:00+00:00,West Hills Mall,17.46
2025-02-09 11:00:00+00:00,West Hills Mall,18.42
2025-02-09 12:00:00+00:00,West Hills Mall,20.17
2025-02-09 13:00:00+00:00,West Hills Mall,14.21
2025-02-09 14:00:00+00:00,West Hills Mall,12.14
2025-02-09 15:00:00+00:00,West Hills Mall,11.75
2025-02-09 17:00:00+00:00,West Hills Mall,24.44
2025-02-09 18:00:00+00:00,West Hills Mall,19.12
2025-02-09 19:00:00+00:00,West Hills Mall,21.94
2025-02-09 20:00:00+00:00,West Hills Mall,25.34
2025-02-09 21:00:00+00:00,West Hills Mall,12.72
2025-02-09 22:00:00+00:00,West Hills Mall,17.63
2025-02-09 23:00:00+00:00,West Hills Mall,13.12
2025-02-10 01:00:00+00:00,West Hills Mall,18.4
2025-02-10 02:00:00+00:00,West Hills Mall,31.55
2025-02-10 03:00:00+00:00,West Hills Mall,35.67
2025-02-10 04:00:00+00:00,West Hills Mall,29.34
2025-02-10 05:00:00+00:00,West Hills Mall,48.6
2025-02-10 06:00:00+00:00,West Hills Mall,63.65
2025-02-10 07:00:00+00:00,West Hills Mall,42.1
2025-02-10 08:00:00+00:00,West Hills Mall,34.51
2025-02-10 09:00:00+00:00,West Hills Mall,22.0
2025-02-10 10:00:00+00:00,West Hills Mall,15.63
2025-02-10 11:00:00+00:00,West Hills Mall,15.02
2025-02-10 12:00:00+00:00,West Hills Mall,12.45
2025-02-10 13:00:00+00:00,West Hills Mall,10.81
2025-02-10 15:00:00+00:00,West Hills Mall,17.46
2025-02-10 16:00:00+00:00,West Hills Mall,20.33
2025-02-10 17:00:00+00:00,West Hills Mall,19.86
2025-02-10 18:00:00+00:00,West Hills Mall,25.58
2025-02-10 19:00:00+00:00,West Hills Mall,21.44
2025-02-10 20:00:00+00:00,West Hills Mall,16.52
2025-02-10 21:00:00+00:00,West Hills Mall,12.28
2025-02-10 22:00:00+00:00,West Hills Mall,11.28
2025-02-10 23:00:00+00:00,West Hills Mall,11.1
2025-02-11 00:00:00+00:00,West Hills Mall,11.63
2025-02-11 01:00:00+00:00,West Hills Mall,11.6
2025-02-11 02:00:00+00:00,West Hills Mall,13.02
2025-02-11 03:00:00+00:00,West Hills Mall,17.41
2025-02-11 05:00:00+00:00,West Hills Mall,34.01
2025-02-11 06:00:00+00:00,West Hills Mall,34.4
2025-02-11 07:00:00+00:00,West Hills Mall,36.97
2025-02-11 08:00:00+00:00,West Hills Mall,31.42
2025-02-11 09:00:00+00:00,West Hills Mall,21.18
2025-02-11 10:00:00+00:00,West Hills Mall,20.51
2025-02-11 11:00:00+00:00,West Hills Mall,21.7
2025-02-11 12:00:00+00:00,West Hills Mall,19.52
2025-02-11 14:00:00+00:00,West Hills Mall,14.74
2025-02-11 15:00:00+00:00,West Hills Mall,15.74
2025-02-11 16:00:00+00:00,West Hills Mall,17.08
2025-02-11 17:00:00+00:00,West Hills Mall,22.68
2025-02-11 18:00:00+00:00,West Hills Mall,20.53
2025-02-11 19:00:00+00:00,West Hills Mall,22.52
2025-02-12 03:00:00+00:00,West Hills Mall,13.43
2025-02-12 04:00:00+00:00,West Hills Mall,15.47
2025-02-12 05:00:00+00:00,West Hills Mall,31.73
2025-02-12 06:00:00+00:00,West Hills Mall,39.89
2025-02-12 07:00:00+00:00,West Hills Mall,36.77
2025-02-12 08:00:00+00:00,West Hills Mall,28.15
2025-02-12 09:00:00+00:00,West Hills Mall,21.98
2025-02-12 10:00:00+00:00,West Hills Mall,21.15
2025-02-12 11:00:00+00:00,West Hills Mall,18.11
2025-02-12 12:00:00+00:00,West Hills Mall,15.05
2025-02-12 13:00:00+00:00,West Hills Mall,13.56
2025-02-12 14:00:00+00:00,West Hills Mall,14.89
2025-02-12 15:00:00+00:00,West Hills Mall,12.15
2025-02-12 16:00:00+00:00,West Hills Mall,20.63
2025-02-12 17:00:00+00:00,West Hills Mall,20.88
2025-02-12 18:00:00+00:00,West Hills Mall,24.66
2025-02-12 19:00:00+00:00,West Hills Mall,17.53
2025-02-12 20:00:00+00:00,West Hills Mall,19.93
2025-02-12 21:00:00+00:00,West Hills Mall,13.87
2025-02-12 22:00:00+00:00,West Hills Mall,14.06
2025-02-12 23:00:00+00:00,West Hills Mall,12.87
2025-02-13 00:00:00+00:00,West Hills Mall,28.76
2025-02-13 01:00:00+00:00,West Hills Mall,28.22
2025-02-13 02:00:00+00:00,West Hills Mall,28.22
2025-02-13 03:00:00+00:00,West Hills Mall,32.77
2025-02-13 04:00:00+00:00,West Hills Mall,36.99
2025-02-13 05:00:00+00:00,West Hills Mall,41.96
2025-02-13 06:00:00+00:00,West Hills Mall,46.44
2025-02-13 07:00:00+00:00,West Hills Mall,40.89
2025-02-13 08:00:00+00:00,West Hills Mall,34.27
2025-02-13 09:00:00+00:00,West Hills Mall,22.93
2025-02-13 10:00:00+00:00,West Hills Mall,25.23
2025-02-13 11:00:00+00:00,West Hills Mall,24.83
2025-02-13 12:00:00+00:00,West Hills Mall,18.0
2025-02-13 13:00:00+00:00,West Hills Mall,16.08
2025-02-13 14:00:00+00:00,West Hills Mall,14.61
2025-02-13 15:00:00+00:00,West Hills Mall,15.92
2025-02-13 16:00:00+00:00,West Hills Mall,16.76
2025-02-13 17:00:00+00:00,West Hills Mall,18.79
2025-02-13 18:00:00+00:00,West Hills Mall,28.83
2025-02-13 19:00:00+00:00,West Hills Mall,20.98
2025-02-13 20:00:00+00:00,West Hills Mall,23.28
2025-02-13 21:00:00+00:00,West Hills Mall,15.07
2025-02-13 22:00:00+00:00,West Hills Mall,14.97
2025-02-13 23:00:00+00:00,West Hills Mall,14.78
2025-02-14 00:00:00+00:00,West Hills Mall,14.75
2025-02-14 01:00:00+00:00,West Hills Mall,17.24
2025-02-14 02:00:00+00:00,West Hills Mall,16.55
2025-02-14 03:00:00+00:00,West Hills Mall,20.16
2025-02-14 04:00:00+00:00,West Hills Mall,28.1
2025-02-14 05:00:00+00:00,West Hills Mall,40.67
2025-02-14 06:00:00+00:00,West Hills Mall,35.47
2025-02-14 07:00:00+00:00,West Hills Mall,43.72
2025-02-14 08:00:00+00:00,West Hills Mall,34.47
2025-02-14 09:00:00+00:00,West Hills Mall,27.92
2025-02-14 10:00:00+00:00,West Hills Mall,25.81
2025-02-14 11:00:00+00:00,West Hills Mall,21.99
2025-02-14 12:00:00+00:00,West Hills Mall,16.32
2025-02-14 13:00:00+00:00,West Hills Mall,14.87
2025-02-14 14:00:00+00:00,West Hills Mall,13.71
2025-02-14 15:00:00+00:00,West Hills Mall,12.93
2025-02-14 16:00:00+00:00,West Hills Mall,17.72
2025-02-14 17:00:00+00:00,West Hills Mall,19.23
2025-02-14 18:00:00+00:00,West Hills Mall,20.95
2025-02-14 19:00:00+00:00,West Hills Mall,19.76
2025-02-14 20:00:00+00:00,West Hills Mall,17.08
2025-02-14 21:00:00+00:00,West Hills Mall,18.55
2025-02-14 22:00:00+00:00,West Hills Mall,17.11
2025-02-14 23:00:00+00:00,West Hills Mall,17.5
2025-02-15 00:00:00+00:00,West Hills Mall,17.28
2025-02-15 01:00:00+00:00,West Hills Mall,18.3
2025-02-15 02:00:00+00:00,West Hills Mall,18.64
2025-02-15 03:00:00+00:00,West Hills Mall,23.83
2025-02-15 04:00:00+00:00,West Hills Mall,29.78
2025-02-15 05:00:00+00:00,West Hills Mall,43.33
2025-02-15 06:00:00+00:00,West Hills Mall,45.44
2025-02-15 07:00:00+00:00,West Hills Mall,45.07
2025-02-15 08:00:00+00:00,West Hills Mall,34.34
2025-02-15 09:00:00+00:00,West Hills Mall,25.71
2025-02-15 10:00:00+00:00,West Hills Mall,27.07
2025-02-15 11:00:00+00:00,West Hills Mall,23.83
2025-02-15 12:00:00+00:00,West Hills Mall,16.95
2025-02-15 13:00:00+00:00,West Hills Mall,15.27
2025-02-15 14:00:00+00:00,West Hills Mall,14.63
2025-02-15 15:00:00+00:00,West Hills Mall,15.12
2025-02-15 16:00:00+00:00,West Hills Mall,15.85
2025-02-15 17:00:00+00:00,West Hills Mall,18.19
2025-02-15 18:00:00+00:00,West Hills Mall,20.85
2025-02-15 19:00:00+00:00,West Hills Mall,22.85
2025-02-15 20:00:00+00:00,West Hills Mall,18.98
2025-02-15 21:00:00+00:00,West Hills Mall,20.34
2025-02-15 22:00:00+00:00,West Hills Mall,17.97
2025-02-15 23:00:00+00:00,West Hills Mall,17.01
2025-02-16 00:00:00+00:00,West Hills Mall,16.78
2025-02-16 01:00:00+00:00,West Hills Mall,18.72
2025-02-16 02:00:00+00:00,West Hills Mall,20.91
2025-02-16 03:00:00+00:00,West Hills Mall,21.77
2025-02-16 04:00:00+00:00,West Hills Mall,21.22
2025-02-16 05:00:00+00:00,West Hills Mall,23.32
2025-02-16 06:00:00+00:00,West Hills Mall,36.17
2025-02-16 07:00:00+00:00,West Hills Mall,45.53
2025-02-16 08:00:00+00:00,West Hills Mall,37.09
2025-02-16 09:00:00+00:00,West Hills Mall,35.49
2025-02-16 10:00:00+00:00,West Hills Mall,30.1
2025-02-16 11:00:00+00:00,West Hills Mall,24.77
2025-02-16 12:00:00+00:00,West Hills Mall,15.98
2025-02-16 13:00:00+00:00,West Hills Mall,13.97
2025-02-16 14:00:00+00:00,West Hills Mall,14.78
2025-02-16 15:00:00+00:00,West Hills Mall,15.17
2025-02-16 16:00:00+00:00,West Hills Mall,16.72
2025-02-16 17:00:00+00:00,West Hills Mall,17.67
2025-02-16 18:00:00+00:00,West Hills Mall,18.23
2025-02-16 19:00:00+00:00,West Hills Mall,18.71
2025-02-16 20:00:00+00:00,West Hills Mall,16.98
2025-02-16 21:00:00+00:00,West Hills Mall,17.05
2025-02-16 22:00:00+00:00,West Hills Mall,18.61
2025-02-16 23:00:00+00:00,West Hills Mall,17.15
2025-02-17 00:00:00+00:00,West Hills Mall,16.08
2025-02-17 01:00:00+00:00,West Hills Mall,16.22
2025-02-17 02:00:00+00:00,West Hills Mall,16.92
2025-02-17 03:00:00+00:00,West Hills Mall,16.84
2025-02-17 04:00:00+00:00,West Hills Mall,29.92
2025-02-17 05:00:00+00:00,West Hills Mall,36.04
2025-02-17 06:00:00+00:00,West Hills Mall,56.01
2025-02-17 07:00:00+00:00,West Hills Mall,49.05
2025-02-17 08:00:00+00:00,West Hills Mall,35.0
2025-02-17 09:00:00+00:00,West Hills Mall,27.61
2025-02-17 10:00:00+00:00,West Hills Mall,22.67
2025-02-17 11:00:00+00:00,West Hills Mall,21.01
2025-02-17 12:00:00+00:00,West Hills Mall,16.32
2025-02-17 13:00:00+00:00,West Hills Mall,16.12
2025-02-17 14:00:00+00:00,West Hills Mall,17.11
2025-02-17 15:00:00+00:00,West Hills Mall,16.38
2025-02-17 16:00:00+00:00,West Hills Mall,16.96
2025-02-17 17:00:00+00:00,West Hills Mall,18.63
2025-02-17 18:00:00+00:00,West Hills Mall,18.97
2025-02-17 19:00:00+00:00,West Hills Mall,17.97
2025-02-17 20:00:00+00:00,West Hills Mall,16.78
2025-02-17 21:00:00+00:00,West Hills Mall,16.76
2025-02-17 22:00:00+00:00,West Hills Mall,18.04
2025-02-17 23:00:00+00:00,West Hills Mall,18.09
2025-02-18 02:00:00+00:00,West Hills Mall,23.05
2025-02-18 03:00:00+00:00,West Hills Mall,18.71
2025-02-18 04:00:00+00:00,West Hills Mall,21.45
2025-02-18 05:00:00+00:00,West Hills Mall,25.43
2025-02-18 06:00:00+00:00,West Hills Mall,23.15
2025-02-18 07:00:00+00:00,West Hills Mall,46.23
2025-02-18 08:00:00+00:00,West Hills Mall,30.38
2025-02-18 09:00:00+00:00,West Hills Mall,29.11
2025-02-18 10:00:00+00:00,West Hills Mall,26.75
2025-02-18 11:00:00+00:00,West Hills Mall,18.43
2025-02-18 12:00:00+00:00,West Hills Mall,14.99
2025-02-18 13:00:00+00:00,West Hills Mall,14.89
2025-02-18 14:00:00+00:00,West Hills Mall,15.32
2025-02-18 15:00:00+00:00,West Hills Mall,15.94
2025-02-18 16:00:00+00:00,West Hills Mall,21.97
2025-02-18 17:00:00+00:00,West Hills Mall,20.35
2025-02-18 18:00:00+00:00,West Hills Mall,22.55
2025-02-18 19:00:00+00:00,West Hills Mall,26.87
2025-02-18 20:00:00+00:00,West Hills Mall,28.29
2025-02-18 21:00:00+00:00,West Hills Mall,36.42
2025-02-18 22:00:00+00:00,West Hills Mall,24.68
2025-02-18 23:00:00+00:00,West Hills Mall,21.62
2025-02-19 00:00:00+00:00,West Hills Mall,29.93
2025-02-19 02:00:00+00:00,West Hills Mall,18.38
2025-02-19 03:00:00+00:00,West Hills Mall,24.53
2025-02-19 04:00:00+00:00,West Hills Mall,31.45
2025-02-19 05:00:00+00:00,West Hills Mall,20.2
2025-02-19 06:00:00+00:00,West Hills Mall,22.93
2025-02-19 07:00:00+00:00,West Hills Mall,24.23
2025-02-19 08:00:00+00:00,West Hills Mall,17.1
2025-02-19 09:00:00+00:00,West Hills Mall,13.57
2025-02-19 10:00:00+00:00,West Hills Mall,14.21
2025-02-19 11:00:00+00:00,West Hills Mall,13.13
2025-02-19 12:00:00+00:00,West Hills Mall,13.53
2025-02-19 13:00:00+00:00,West Hills Mall,13.42
2025-02-19 14:00:00+00:00,West Hills Mall,11.82
2025-02-19 16:00:00+00:00,West Hills Mall,13.71
2025-02-19 17:00:00+00:00,West Hills Mall,14.62
2025-02-19 18:00:00+00:00,West Hills Mall,17.71
2025-02-19 19:00:00+00:00,West Hills Mall,17.86
2025-02-19 22:00:00+00:00,West Hills Mall,17.35
2025-02-19 23:00:00+00:00,West Hills Mall,17.29
2025-02-20 01:00:00+00:00,West Hills Mall,15.48
2025-02-20 02:00:00+00:00,West Hills Mall,17.04
2025-02-20 03:00:00+00:00,West Hills Mall,25.84
2025-02-20 04:00:00+00:00,West Hills Mall,28.64
2025-02-20 06:00:00+00:00,West Hills Mall,37.24
2025-02-20 07:00:00+00:00,West Hills Mall,39.83
2025-02-20 08:00:00+00:00,West Hills Mall,38.14
2025-02-20 09:00:00+00:00,West Hills Mall,22.83
2025-02-20 10:00:00+00:00,West Hills Mall,23.33
2025-02-20 11:00:00+00:00,West Hills Mall,18.82
2025-02-20 14:00:00+00:00,West Hills Mall,18.73
2025-02-20 15:00:00+00:00,West Hills Mall,19.81
2025-02-20 16:00:00+00:00,West Hills Mall,15.43
2025-02-20 18:00:00+00:00,West Hills Mall,21.49
2025-02-20 19:00:00+00:00,West Hills Mall,24.27
2025-02-20 20:00:00+00:00,West Hills Mall,44.17
2025-02-20 21:00:00+00:00,West Hills Mall,66.75
2025-02-20 22:00:00+00:00,West Hills Mall,67.6
2025-02-20 23:00:00+00:00,West Hills Mall,25.4
2025-02-21 00:00:00+00:00,West Hills Mall,21.19
2025-02-21 01:00:00+00:00,West Hills Mall,20.92
2025-02-21 02:00:00+00:00,West Hills Mall,19.89
2025-02-21 03:00:00+00:00,West Hills Mall,23.46
2025-02-21 04:00:00+00:00,West Hills Mall,32.22
2025-02-21 05:00:00+00:00,West Hills Mall,37.41
2025-02-21 06:00:00+00:00,West Hills Mall,38.71
2025-02-21 08:00:00+00:00,West Hills Mall,46.55
2025-02-21 09:00:00+00:00,West Hills Mall,31.83
2025-02-21 10:00:00+00:00,West Hills Mall,31.2
2025-02-21 11:00:00+00:00,West Hills Mall,20.61
2025-02-21 12:00:00+00:00,West Hills Mall,18.41
2025-02-21 13:00:00+00:00,West Hills Mall,16.62
2025-02-21 14:00:00+00:00,West Hills Mall,22.18
2025-02-21 15:00:00+00:00,West Hills Mall,22.64
2025-02-21 16:00:00+00:00,West Hills Mall,22.64
2025-02-21 19:00:00+00:00,West Hills Mall,20.35
2025-02-21 20:00:00+00:00,West Hills Mall,24.63
2025-02-21 21:00:00+00:00,West Hills Mall,22.97
2025-02-21 23:00:00+00:00,West Hills Mall,26.25
2025-02-22 00:00:00+00:00,West Hills Mall,20.97
2025-02-22 02:00:00+00:00,West Hills Mall,25.78
2025-02-22 03:00:00+00:00,West Hills Mall,25.13
2025-02-22 04:00:00+00:00,West Hills Mall,41.01
2025-02-22 05:00:00+00:00,West Hills Mall,51.46
2025-02-22 06:00:00+00:00,West Hills Mall,49.97
2025-02-22 07:00:00+00:00,West Hills Mall,48.04
2025-02-22 08:00:00+00:00,West Hills Mall,45.68
2025-02-22 09:00:00+00:00,West Hills Mall,34.24
2025-02-22 10:00:00+00:00,West Hills Mall,19.24
2025-02-22 12:00:00+00:00,West Hills Mall,14.27
2025-02-22 13:00:00+00:00,West Hills Mall,13.74
2025-02-22 14:00:00+00:00,West Hills Mall,15.76
2025-02-22 15:00:00+00:00,West Hills Mall,15.5
2025-02-22 16:00:00+00:00,West Hills Mall,16.4
2025-02-22 17:00:00+00:00,West Hills Mall,29.16
2025-02-22 18:00:00+00:00,West Hills Mall,28.59
2025-02-22 19:00:00+00:00,West Hills Mall,23.91
2025-02-22 20:00:00+00:00,West Hills Mall,35.84
2025-02-22 21:00:00+00:00,West Hills Mall,32.61
2025-02-22 22:00:00+00:00,West Hills Mall,24.93
2025-02-22 23:00:00+00:00,West Hills Mall,23.09
2025-02-23 00:00:00+00:00,West Hills Mall,19.62
2025-02-23 01:00:00+00:00,West Hills Mall,13.52
2025-02-23 02:00:00+00:00,West Hills Mall,14.55
2025-02-23 03:00:00+00:00,West Hills Mall,16.37
2025-02-23 04:00:00+00:00,West Hills Mall,17.72
2025-02-23 05:00:00+00:00,West Hills Mall,19.59
2025-02-23 06:00:00+00:00,West Hills Mall,13.7
2025-02-23 07:00:00+00:00,West Hills Mall,27.54
2025-02-23 08:00:00+00:00,West Hills Mall,36.96
2025-02-23 09:00:00+00:00,West Hills Mall,35.18
2025-02-23 11:00:00+00:00,West Hills Mall,30.94
2025-02-23 12:00:00+00:00,West Hills Mall,32.49
2025-02-23 13:00:00+00:00,West Hills Mall,33.01
2025-02-23 14:00:00+00:00,West Hills Mall,23.21
2025-02-23 15:00:00+00:00,West Hills Mall,14.61
2025-02-23 16:00:00+00:00,West Hills Mall,18.72
2025-02-23 17:00:00+00:00,West Hills Mall,22.34
2025-02-23 18:00:00+00:00,West Hills Mall,24.82
2025-02-23 19:00:00+00:00,West Hills Mall,51.54
2025-02-23 20:00:00+00:00,West Hills Mall,41.25
2025-02-23 23:00:00+00:00,West Hills Mall,27.87
2025-02-24 00:00:00+00:00,West Hills Mall,20.52
2025-02-24 01:00:00+00:00,West Hills Mall,26.61
2025-02-24 02:00:00+00:00,West Hills Mall,32.08
2025-02-24 03:00:00+00:00,West Hills Mall,32.1
2025-02-24 04:00:00+00:00,West Hills Mall,28.87
2025-02-24 05:00:00+00:00,West Hills Mall,37.0
2025-02-24 08:00:00+00:00,West Hills Mall,35.58
2025-02-24 09:00:00+00:00,West Hills Mall,37.01
2025-02-24 10:00:00+00:00,West Hills Mall,25.66
2025-02-24 11:00:00+00:00,West Hills Mall,21.27
2025-02-24 12:00:00+00:00,West Hills Mall,16.91
2025-02-24 13:00:00+00:00,West Hills Mall,13.81
2025-02-24 16:00:00+00:00,West Hills Mall,13.34
2025-02-24 17:00:00+00:00,West Hills Mall,16.01
2025-02-24 18:00:00+00:00,West Hills Mall,16.4
2025-02-24 19:00:00+00:00,West Hills Mall,18.78
2025-02-24 20:00:00+00:00,West Hills Mall,15.86
2025-02-24 21:00:00+00:00,West Hills Mall,16.87
2025-02-24 23:00:00+00:00,West Hills Mall,11.85
2025-02-25 00:00:00+00:00,West Hills Mall,12.15
2025-02-25 01:00:00+00:00,West Hills Mall,14.12
2025-02-25 02:00:00+00:00,West Hills Mall,17.31
2025-02-25 03:00:00+00:00,West Hills Mall,20.54
2025-02-25 04:00:00+00:00,West Hills Mall,28.58
2025-02-25 05:00:00+00:00,West Hills Mall,32.28
2025-02-25 06:00:00+00:00,West Hills Mall,46.77
2025-02-25 07:00:00+00:00,West Hills Mall,42.63
2025-02-25 08:00:00+00:00,West Hills Mall,30.42
2025-02-25 09:00:00+00:00,West Hills Mall,23.19
2025-02-25 10:00:00+00:00,West Hills Mall,18.65
2025-02-25 11:00:00+00:00,West Hills Mall,20.64
2025-02-25 12:00:00+00:00,West Hills Mall,22.1
2025-02-25 13:00:00+00:00,West Hills Mall,14.19
2025-02-25 14:00:00+00:00,West Hills Mall,11.0
2025-02-25 15:00:00+00:00,West Hills Mall,10.49
2025-02-25 16:00:00+00:00,West Hills Mall,10.52
2025-02-25 17:00:00+00:00,West Hills Mall,11.67
2025-02-25 18:00:00+00:00,West Hills Mall,13.5
2025-02-25 19:00:00+00:00,West Hills Mall,13.5
2025-02-25 20:00:00+00:00,West Hills Mall,12.93
2025-02-25 21:00:00+00:00,West Hills Mall,13.39
2025-02-25 23:00:00+00:00,West Hills Mall,11.18
2025-02-26 00:00:00+00:00,West Hills Mall,11.56
2025-02-26 02:00:00+00:00,West Hills Mall,11.12
2025-02-26 03:00:00+00:00,West Hills Mall,17.52
2025-02-26 04:00:00+00:00,West Hills Mall,20.93
2025-02-26 05:00:00+00:00,West Hills Mall,38.3
2025-02-26 06:00:00+00:00,West Hills Mall,36.28
2025-02-26 07:00:00+00:00,West Hills Mall,36.96
2025-02-26 08:00:00+00:00,West Hills Mall,29.05
2025-02-26 09:00:00+00:00,West Hills Mall,21.26
2025-02-26 10:00:00+00:00,West Hills Mall,24.68
2025-02-26 13:00:00+00:00,West Hills Mall,11.65
2025-02-26 14:00:00+00:00,West Hills Mall,12.27
2025-02-26 15:00:00+00:00,West Hills Mall,12.09
2025-02-26 16:00:00+00:00,West Hills Mall,13.19
2025-02-26 17:00:00+00:00,West Hills Mall,15.23
2025-02-26 18:00:00+00:00,West Hills Mall,14.3
2025-02-26 19:00:00+00:00,West Hills Mall,15.47
2025-02-27 03:00:00+00:00,West Hills Mall,12.21
2025-02-27 04:00:00+00:00,West Hills Mall,15.34
2025-02-27 05:00:00+00:00,West Hills Mall,37.97
2025-02-27 06:00:00+00:00,West Hills Mall,28.86
2025-02-27 07:00:00+00:00,West Hills Mall,36.2
2025-02-27 08:00:00+00:00,West Hills Mall,38.47
2025-02-27 10:00:00+00:00,West Hills Mall,18.3
2025-02-27 12:00:00+00:00,West Hills Mall,17.52
2025-02-27 13:00:00+00:00,West Hills Mall,16.7
2025-02-27 14:00:00+00:00,West Hills Mall,14.32
2025-02-27 15:00:00+00:00,West Hills Mall,13.58
2025-02-27 16:00:00+00:00,West Hills Mall,12.88
2025-02-27 17:00:00+00:00,West Hills Mall,12.97
2025-02-27 18:00:00+00:00,West Hills Mall,15.99
2025-02-27 21:00:00+00:00,West Hills Mall,13.39
2025-02-27 22:00:00+00:00,West Hills Mall,13.2
2025-02-27 23:00:00+00:00,West Hills Mall,14.24
2025-02-28 00:00:00+00:00,West Hills Mall,12.35
2025-02-28 01:00:00+00:00,West Hills Mall,13.29
2025-02-28 02:00:00+00:00,West Hills Mall,13.44
2025-02-28 03:00:00+00:00,West Hills Mall,13.44
2025-02-28 04:00:00+00:00,West Hills Mall,15.17
2025-02-28 05:00:00+00:00,West Hills Mall,19.39
2025-02-28 06:00:00+00:00,West Hills Mall,26.72
2025-02-28 07:00:00+00:00,West Hills Mall,43.14
2025-02-28 08:00:00+00:00,West Hills Mall,26.04
2025-02-28 10:00:00+00:00,West Hills Mall,20.88
2025-02-28 11:00:00+00:00,West Hills Mall,16.58
2025-02-28 12:00:00+00:00,West Hills Mall,16.64
2025-02-28 13:00:00+00:00,West Hills Mall,17.03
2025-02-28 14:00:00+00:00,West Hills Mall,14.39
2025-02-28 15:00:00+00:00,West Hills Mall,13.8
2025-02-28 16:00:00+00:00,West Hills Mall,13.37
2025-02-28 17:00:00+00:00,West Hills Mall,14.92
2025-02-28 18:00:00+00:00,West Hills Mall,15.94
2025-02-28 19:00:00+00:00,West Hills Mall,15.83
2025-02-28 20:00:00+00:00,West Hills Mall,15.21
2025-02-28 21:00:00+00:00,West Hills Mall,14.0
2025-02-28 22:00:00+00:00,West Hills Mall,14.61
2025-02-28 23:00:00+00:00,West Hills Mall,14.62
