datetime,site_name,pm25_value
2025-08-01 00:00:00+00:00,37 Lorry Station,10.11
2025-08-01 01:00:00+00:00,37 Lorry Station,11.61
2025-08-01 02:00:00+00:00,37 Lorry Station,12.15
2025-08-01 03:00:00+00:00,37 Lorry Station,14.97
2025-08-01 04:00:00+00:00,37 Lorry Station,19.44
2025-08-01 05:00:00+00:00,37 Lorry Station,23.36
2025-08-01 06:00:00+00:00,37 Lorry Station,33.7
2025-08-01 07:00:00+00:00,37 Lorry Station,30.35
2025-08-01 08:00:00+00:00,37 Lorry Station,23.66
2025-08-01 09:00:00+00:00,37 Lorry Station,21.23
2025-08-01 10:00:00+00:00,37 Lorry Station,16.73
2025-08-01 11:00:00+00:00,37 Lorry Station,16.55
2025-08-01 12:00:00+00:00,37 Lorry Station,16.08
2025-08-01 13:00:00+00:00,37 Lorry Station,13.76
2025-08-01 14:00:00+00:00,37 Lorry Station,14.17
2025-08-01 15:00:00+00:00,37 Lorry Station,17.22
2025-08-01 16:00:00+00:00,37 Lorry Station,24.4
2025-08-01 17:00:00+00:00,37 Lorry Station,28.78
2025-08-01 18:00:00+00:00,37 Lorry Station,34.73
2025-08-01 19:00:00+00:00,37 Lorry Station,38.89
2025-08-01 20:00:00+00:00,37 Lorry Station,24.98
2025-08-01 21:00:00+00:00,37 Lorry Station,18.86
2025-08-01 22:00:00+00:00,37 Lorry Station,21.45
2025-08-01 23:00:00+00:00,37 Lorry Station,22.37
2025-08-02 01:00:00+00:00,37 Lorry Station,19.1
2025-08-02 02:00:00+00:00,37 Lorry Station,18.92
2025-08-02 03:00:00+00:00,37 Lorry Station,19.05
2025-08-02 04:00:00+00:00,37 Lorry Station,25.66
2025-08-02 05:00:00+00:00,37 Lorry Station,40.32
2025-08-02 06:00:00+00:00,37 Lorry Station,48.21
2025-08-02 07:00:00+00:00,37 Lorry Station,31.5
2025-08-02 10:00:00+00:00,37 Lorry Station,17.4
2025-08-02 11:00:00+00:00,37 Lorry Station,17.87
2025-08-02 12:00:00+00:00,37 Lorry Station,16.78
2025-08-02 13:00:00+00:00,37 Lorry Station,22.56
2025-08-02 14:00:00+00:00,37 Lorry Station,21.68
2025-08-02 15:00:00+00:00,37 Lorry Station,23.61
2025-08-02 16:00:00+00:00,37 Lorry Station,22.6
2025-08-02 17:00:00+00:00,37 Lorry Station,29.07
2025-08-02 18:00:00+00:00,37 Lorry Station,31.79
2025-08-02 19:00:00+00:00,37 Lorry Station,33.97
2025-08-02 20:00:00+00:00,37 Lorry Station,35.35
2025-08-02 21:00:00+00:00,37 Lorry Station,20.35
2025-08-02 22:00:00+00:00,37 Lorry Station,18.43
2025-08-02 23:00:00+00:00,37 Lorry Station,20.32
2025-08-03 00:00:00+00:00,37 Lorry Station,21.81
2025-08-03 02:00:00+00:00,37 Lorry Station,15.39
2025-08-03 03:00:00+00:00,37 Lorry Station,16.3
2025-08-03 04:00:00+00:00,37 Lorry Station,15.69
2025-08-03 05:00:00+00:00,37 Lorry Station,20.31
2025-08-03 06:00:00+00:00,37 Lorry Station,19.45
2025-08-03 07:00:00+00:00,37 Lorry Station,29.94
2025-08-03 08:00:00+00:00,37 Lorry Station,24.28
2025-08-03 10:00:00+00:00,37 Lorry Station,14.22
2025-08-03 11:00:00+00:00,37 Lorry Station,13.81
2025-08-03 12:00:00+00:00,37 Lorry Station,21.78
2025-08-03 13:00:00+00:00,37 Lorry Station,31.89
2025-08-03 14:00:00+00:00,37 Lorry Station,16.93
2025-08-03 15:00:00+00:00,37 Lorry Station,18.8
2025-08-03 16:00:00+00:00,37 Lorry Station,18.53
2025-08-03 17:00:00+00:00,37 Lorry Station,30.3
2025-08-03 18:00:00+00:00,37 Lorry Station,26.72
2025-08-03 20:00:00+00:00,37 Lorry Station,39.04
2025-08-03 21:00:00+00:00,37 Lorry Station,40.51
2025-08-04 00:00:00+00:00,37 Lorry Station,42.95
2025-08-04 01:00:00+00:00,37 Lorry Station,36.74
2025-08-04 02:00:00+00:00,37 Lorry Station,24.21
2025-08-04 08:00:00+00:00,37 Lorry Station,35.72
2025-08-04 09:00:00+00:00,37 Lorry Station,25.21
2025-08-04 10:00:00+00:00,37 Lorry Station,25.02
2025-08-04 11:00:00+00:00,37 Lorry Station,29.12
2025-08-04 12:00:00+00:00,37 Lorry Station,21.44
2025-08-04 13:00:00+00:00,37 Lorry Station,20.31
2025-08-04 14:00:00+00:00,37 Lorry Station,23.82
2025-08-04 15:00:00+00:00,37 Lorry Station,19.46
2025-08-04 16:00:00+00:00,37 Lorry Station,25.84
2025-08-04 17:00:00+00:00,37 Lorry Station,41.53
2025-08-04 18:00:00+00:00,37 Lorry Station,48.41
2025-08-04 19:00:00+00:00,37 Lorry Station,41.24
2025-08-04 20:00:00+00:00,37 Lorry Station,36.31
2025-08-04 21:00:00+00:00,37 Lorry Station,16.21
2025-08-04 22:00:00+00:00,37 Lorry Station,13.6
2025-08-04 23:00:00+00:00,37 Lorry Station,12.32
2025-08-05 00:00:00+00:00,37 Lorry Station,13.3
2025-08-05 01:00:00+00:00,37 Lorry Station,7.09
2025-08-05 02:00:00+00:00,37 Lorry Station,9.16
2025-08-05 03:00:00+00:00,37 Lorry Station,17.86
2025-08-05 04:00:00+00:00,37 Lorry Station,24.51
2025-08-05 05:00:00+00:00,37 Lorry Station,25.86
2025-08-05 06:00:00+00:00,37 Lorry Station,36.01
2025-08-05 07:00:00+00:00,37 Lorry Station,35.58
2025-08-05 08:00:00+00:00,37 Lorry Station,28.99
2025-08-05 09:00:00+00:00,37 Lorry Station,27.71
2025-08-05 10:00:00+00:00,37 Lorry Station,16.93
2025-08-05 11:00:00+00:00,37 Lorry Station,15.16
2025-08-05 13:00:00+00:00,37 Lorry Station,17.82
2025-08-05 14:00:00+00:00,37 Lorry Station,14.76
2025-08-05 15:00:00+00:00,37 Lorry Station,15.12
2025-08-05 16:00:00+00:00,37 Lorry Station,16.28
2025-08-05 17:00:00+00:00,37 Lorry Station,21.8
2025-08-05 18:00:00+00:00,37 Lorry Station,39.5
2025-08-05 19:00:00+00:00,37 Lorry Station,38.71
2025-08-05 20:00:00+00:00,37 Lorry Station,36.8
2025-08-05 21:00:00+00:00,37 Lorry Station,27.26
2025-08-05 22:00:00+00:00,37 Lorry Station,19.25
2025-08-05 23:00:00+00:00,37 Lorry Station,18.62
2025-08-06 00:00:00+00:00,37 Lorry Station,22.28
2025-08-06 01:00:00+00:00,37 Lorry Station,14.25
2025-08-06 02:00:00+00:00,37 Lorry Station,10.11
2025-08-06 04:00:00+00:00,37 Lorry Station,26.37
2025-08-06 05:00:00+00:00,37 Lorry Station,31.54
2025-08-06 06:00:00+00:00,37 Lorry Station,31.63
2025-08-06 07:00:00+00:00,37 Lorry Station,38.9
2025-08-06 08:00:00+00:00,37 Lorry Station,43.22
2025-08-06 09:00:00+00:00,37 Lorry Station,36.46
2025-08-06 10:00:00+00:00,37 Lorry Station,22.93
2025-08-06 11:00:00+00:00,37 Lorry Station,17.64
2025-08-06 12:00:00+00:00,37 Lorry Station,17.07
2025-08-06 13:00:00+00:00,37 Lorry Station,19.2
2025-08-06 14:00:00+00:00,37 Lorry Station,21.82
2025-08-06 15:00:00+00:00,37 Lorry Station,22.27
2025-08-06 16:00:00+00:00,37 Lorry Station,30.15
2025-08-06 17:00:00+00:00,37 Lorry Station,39.05
2025-08-06 18:00:00+00:00,37 Lorry Station,53.97
2025-08-06 19:00:00+00:00,37 Lorry Station,46.04
2025-08-06 20:00:00+00:00,37 Lorry Station,39.76
2025-08-06 21:00:00+00:00,37 Lorry Station,30.46
2025-08-06 23:00:00+00:00,37 Lorry Station,31.26
2025-08-07 00:00:00+00:00,37 Lorry Station,29.15
2025-08-07 01:00:00+00:00,37 Lorry Station,36.6
2025-08-07 02:00:00+00:00,37 Lorry Station,27.68
2025-08-07 03:00:00+00:00,37 Lorry Station,33.22
2025-08-07 04:00:00+00:00,37 Lorry Station,30.96
2025-08-07 05:00:00+00:00,37 Lorry Station,33.55
2025-08-07 06:00:00+00:00,37 Lorry Station,39.44
2025-08-07 07:00:00+00:00,37 Lorry Station,37.5
2025-08-07 08:00:00+00:00,37 Lorry Station,32.85
2025-08-07 09:00:00+00:00,37 Lorry Station,27.89
2025-08-07 10:00:00+00:00,37 Lorry Station,25.34
2025-08-07 11:00:00+00:00,37 Lorry Station,23.01
2025-08-07 12:00:00+00:00,37 Lorry Station,18.98
2025-08-07 13:00:00+00:00,37 Lorry Station,23.11
2025-08-07 14:00:00+00:00,37 Lorry Station,24.92
2025-08-07 15:00:00+00:00,37 Lorry Station,22.96
2025-08-07 16:00:00+00:00,37 Lorry Station,28.07
2025-08-07 17:00:00+00:00,37 Lorry Station,50.68
2025-08-07 18:00:00+00:00,37 Lorry Station,35.95
2025-08-07 19:00:00+00:00,37 Lorry Station,36.43
2025-08-07 20:00:00+00:00,37 Lorry Station,34.19
2025-08-07 21:00:00+00:00,37 Lorry Station,30.85
2025-08-07 22:00:00+00:00,37 Lorry Station,30.25
2025-08-07 23:00:00+00:00,37 Lorry Station,32.4
2025-08-08 00:00:00+00:00,37 Lorry Station,46.75
2025-08-08 02:00:00+00:00,37 Lorry Station,26.33
2025-08-08 03:00:00+00:00,37 Lorry Station,26.11
2025-08-08 04:00:00+00:00,37 Lorry Station,31.64
2025-08-08 05:00:00+00:00,37 Lorry Station,30.08
2025-08-08 07:00:00+00:00,37 Lorry Station,32.82
2025-08-08 08:00:00+00:00,37 Lorry Station,30.64
2025-08-08 09:00:00+00:00,37 Lorry Station,26.57
2025-08-08 10:00:00+00:00,37 Lorry Station,24.63
2025-08-08 11:00:00+00:00,37 Lorry Station,21.5
2025-08-08 12:00:00+00:00,37 Lorry Station,15.68
2025-08-08 13:00:00+00:00,37 Lorry Station,17.11
2025-08-08 14:00:00+00:00,37 Lorry Station,19.41
2025-08-08 15:00:00+00:00,37 Lorry Station,21.25
2025-08-08 16:00:00+00:00,37 Lorry Station,18.8
2025-08-08 17:00:00+00:00,37 Lorry Station,27.45
2025-08-08 18:00:00+00:00,37 Lorry Station,56.54
2025-08-08 19:00:00+00:00,37 Lorry Station,32.39
2025-08-08 20:00:00+00:00,37 Lorry Station,22.37
2025-08-08 21:00:00+00:00,37 Lorry Station,15.91
2025-08-08 22:00:00+00:00,37 Lorry Station,14.47
2025-08-09 00:00:00+00:00,37 Lorry Station,22.21
2025-08-09 01:00:00+00:00,37 Lorry Station,18.42
2025-08-09 02:00:00+00:00,37 Lorry Station,19.39
2025-08-09 03:00:00+00:00,37 Lorry Station,19.31
2025-08-09 04:00:00+00:00,37 Lorry Station,22.2
2025-08-09 05:00:00+00:00,37 Lorry Station,28.39
2025-08-09 06:00:00+00:00,37 Lorry Station,31.91
2025-08-09 07:00:00+00:00,37 Lorry Station,31.33
2025-08-09 08:00:00+00:00,37 Lorry Station,31.24
2025-08-09 09:00:00+00:00,37 Lorry Station,28.09
2025-08-09 10:00:00+00:00,37 Lorry Station,27.41
2025-08-09 11:00:00+00:00,37 Lorry Station,21.21
2025-08-09 12:00:00+00:00,37 Lorry Station,12.81
2025-08-09 13:00:00+00:00,37 Lorry Station,11.89
2025-08-09 14:00:00+00:00,37 Lorry Station,17.3
2025-08-09 15:00:00+00:00,37 Lorry Station,12.77
2025-08-09 16:00:00+00:00,37 Lorry Station,14.95
2025-08-09 17:00:00+00:00,37 Lorry Station,29.43
2025-08-09 18:00:00+00:00,37 Lorry Station,29.5
2025-08-09 19:00:00+00:00,37 Lorry Station,43.94
2025-08-09 20:00:00+00:00,37 Lorry Station,40.55
2025-08-09 21:00:00+00:00,37 Lorry Station,31.58
2025-08-09 22:00:00+00:00,37 Lorry Station,52.41
2025-08-09 23:00:00+00:00,37 Lorry Station,60.87
2025-08-10 00:00:00+00:00,37 Lorry Station,30.06
2025-08-10 01:00:00+00:00,37 Lorry Station,16.27
2025-08-10 02:00:00+00:00,37 Lorry Station,17.97
2025-08-10 03:00:00+00:00,37 Lorry Station,20.97
2025-08-10 04:00:00+00:00,37 Lorry Station,18.33
2025-08-10 05:00:00+00:00,37 Lorry Station,25.4
2025-08-10 06:00:00+00:00,37 Lorry Station,24.37
2025-08-10 07:00:00+00:00,37 Lorry Station,26.0
2025-08-10 08:00:00+00:00,37 Lorry Station,29.84
2025-08-10 09:00:00+00:00,37 Lorry Station,17.33
2025-08-10 10:00:00+00:00,37 Lorry Station,12.42
2025-08-10 11:00:00+00:00,37 Lorry Station,10.03
2025-08-10 12:00:00+00:00,37 Lorry Station,7.9
2025-08-10 13:00:00+00:00,37 Lorry Station,7.04
2025-08-10 14:00:00+00:00,37 Lorry Station,6.28
2025-08-10 15:00:00+00:00,37 Lorry Station,7.68
2025-08-10 16:00:00+00:00,37 Lorry Station,7.22
2025-08-10 17:00:00+00:00,37 Lorry Station,14.73
2025-08-10 18:00:00+00:00,37 Lorry Station,18.83
2025-08-10 19:00:00+00:00,37 Lorry Station,15.65
2025-08-10 20:00:00+00:00,37 Lorry Station,26.27
2025-08-10 21:00:00+00:00,37 Lorry Station,15.16
2025-08-10 22:00:00+00:00,37 Lorry Station,16.31
2025-08-11 03:00:00+00:00,37 Lorry Station,12.74
2025-08-11 04:00:00+00:00,37 Lorry Station,8.4
2025-08-11 05:00:00+00:00,37 Lorry Station,10.55
2025-08-11 06:00:00+00:00,37 Lorry Station,17.03
2025-08-11 07:00:00+00:00,37 Lorry Station,12.74
2025-08-11 08:00:00+00:00,37 Lorry Station,13.4
2025-08-11 09:00:00+00:00,37 Lorry Station,15.26
2025-08-11 10:00:00+00:00,37 Lorry Station,11.5
2025-08-11 11:00:00+00:00,37 Lorry Station,8.95
2025-08-11 12:00:00+00:00,37 Lorry Station,7.94
2025-08-11 13:00:00+00:00,37 Lorry Station,8.83
2025-08-11 14:00:00+00:00,37 Lorry Station,8.26
2025-08-11 15:00:00+00:00,37 Lorry Station,8.51
2025-08-11 16:00:00+00:00,37 Lorry Station,9.15
2025-08-11 17:00:00+00:00,37 Lorry Station,22.51
2025-08-11 18:00:00+00:00,37 Lorry Station,29.51
2025-08-11 19:00:00+00:00,37 Lorry Station,28.57
2025-08-11 20:00:00+00:00,37 Lorry Station,21.01
2025-08-11 21:00:00+00:00,37 Lorry Station,23.91
2025-08-11 22:00:00+00:00,37 Lorry Station,12.45
2025-08-11 23:00:00+00:00,37 Lorry Station,19.44
2025-08-12 00:00:00+00:00,37 Lorry Station,17.31
2025-08-12 01:00:00+00:00,37 Lorry Station,14.41
2025-08-12 03:00:00+00:00,37 Lorry Station,10.86
2025-08-12 04:00:00+00:00,37 Lorry Station,8.68
2025-08-12 05:00:00+00:00,37 Lorry Station,12.78
2025-08-12 06:00:00+00:00,37 Lorry Station,23.41
2025-08-12 07:00:00+00:00,37 Lorry Station,23.22
2025-08-12 08:00:00+00:00,37 Lorry Station,18.4
2025-08-12 09:00:00+00:00,37 Lorry Station,13.7
2025-08-12 10:00:00+00:00,37 Lorry Station,15.09
2025-08-12 11:00:00+00:00,37 Lorry Station,9.82
2025-08-12 12:00:00+00:00,37 Lorry Station,6.59
2025-08-12 13:00:00+00:00,37 Lorry Station,5.52
2025-08-12 14:00:00+00:00,37 Lorry Station,8.12
2025-08-12 15:00:00+00:00,37 Lorry Station,9.65
2025-08-12 16:00:00+00:00,37 Lorry Station,12.89
2025-08-12 17:00:00+00:00,37 Lorry Station,17.12
2025-08-12 18:00:00+00:00,37 Lorry Station,30.75
2025-08-12 19:00:00+00:00,37 Lorry Station,17.34
2025-08-12 20:00:00+00:00,37 Lorry Station,13.63
2025-08-12 21:00:00+00:00,37 Lorry Station,7.34
2025-08-12 22:00:00+00:00,37 Lorry Station,9.11
2025-08-12 23:00:00+00:00,37 Lorry Station,15.71
2025-08-13 00:00:00+00:00,37 Lorry Station,9.45
2025-08-13 01:00:00+00:00,37 Lorry Station,6.14
2025-08-13 02:00:00+00:00,37 Lorry Station,6.52
2025-08-13 03:00:00+00:00,37 Lorry Station,7.31
2025-08-13 04:00:00+00:00,37 Lorry Station,12.15
2025-08-13 05:00:00+00:00,37 Lorry Station,14.56
2025-08-13 06:00:00+00:00,37 Lorry Station,19.9
2025-08-13 07:00:00+00:00,37 Lorry Station,17.69
2025-08-13 08:00:00+00:00,37 Lorry Station,12.03
2025-08-13 09:00:00+00:00,37 Lorry Station,10.01
2025-08-13 10:00:00+00:00,37 Lorry Station,7.01
2025-08-13 11:00:00+00:00,37 Lorry Station,6.01
2025-08-13 12:00:00+00:00,37 Lorry Station,6.88
2025-08-13 13:00:00+00:00,37 Lorry Station,6.29
2025-08-13 14:00:00+00:00,37 Lorry Station,7.9
2025-08-13 15:00:00+00:00,37 Lorry Station,8.7
2025-08-13 16:00:00+00:00,37 Lorry Station,8.02
2025-08-13 17:00:00+00:00,37 Lorry Station,13.08
2025-08-13 18:00:00+00:00,37 Lorry Station,45.73
2025-08-13 19:00:00+00:00,37 Lorry Station,43.57
2025-08-13 20:00:00+00:00,37 Lorry Station,54.01
2025-08-13 21:00:00+00:00,37 Lorry Station,11.71
2025-08-13 22:00:00+00:00,37 Lorry Station,6.77
2025-08-13 23:00:00+00:00,37 Lorry Station,8.12
2025-08-14 00:00:00+00:00,37 Lorry Station,7.71
2025-08-14 01:00:00+00:00,37 Lorry Station,6.95
2025-08-14 02:00:00+00:00,37 Lorry Station,8.87
2025-08-14 03:00:00+00:00,37 Lorry Station,8.66
2025-08-14 04:00:00+00:00,37 Lorry Station,13.69
2025-08-14 05:00:00+00:00,37 Lorry Station,13.27
2025-08-14 06:00:00+00:00,37 Lorry Station,22.88
2025-08-14 07:00:00+00:00,37 Lorry Station,17.23
2025-08-14 08:00:00+00:00,37 Lorry Station,12.5
2025-08-14 09:00:00+00:00,37 Lorry Station,9.89
2025-08-14 10:00:00+00:00,37 Lorry Station,8.26
2025-08-14 11:00:00+00:00,37 Lorry Station,7.26
2025-08-14 12:00:00+00:00,37 Lorry Station,6.97
2025-08-14 13:00:00+00:00,37 Lorry Station,7.52
2025-08-14 14:00:00+00:00,37 Lorry Station,7.06
2025-08-14 15:00:00+00:00,37 Lorry Station,8.38
2025-08-14 16:00:00+00:00,37 Lorry Station,10.19
2025-08-14 17:00:00+00:00,37 Lorry Station,13.89
2025-08-14 18:00:00+00:00,37 Lorry Station,15.46
2025-08-14 19:00:00+00:00,37 Lorry Station,20.26
2025-08-14 20:00:00+00:00,37 Lorry Station,14.04
2025-08-14 21:00:00+00:00,37 Lorry Station,23.44
2025-08-14 22:00:00+00:00,37 Lorry Station,15.57
2025-08-14 23:00:00+00:00,37 Lorry Station,8.64
2025-08-15 00:00:00+00:00,37 Lorry Station,8.23
2025-08-15 01:00:00+00:00,37 Lorry Station,9.88
2025-08-15 02:00:00+00:00,37 Lorry Station,7.41
2025-08-15 03:00:00+00:00,37 Lorry Station,9.7
2025-08-15 04:00:00+00:00,37 Lorry Station,41.63
2025-08-15 05:00:00+00:00,37 Lorry Station,30.45
2025-08-15 06:00:00+00:00,37 Lorry Station,36.96
2025-08-15 07:00:00+00:00,37 Lorry Station,29.68
2025-08-15 08:00:00+00:00,37 Lorry Station,14.68
2025-08-15 09:00:00+00:00,37 Lorry Station,13.28
2025-08-15 10:00:00+00:00,37 Lorry Station,9.37
2025-08-15 11:00:00+00:00,37 Lorry Station,14.92
2025-08-15 12:00:00+00:00,37 Lorry Station,14.85
2025-08-15 13:00:00+00:00,37 Lorry Station,12.37
2025-08-15 14:00:00+00:00,37 Lorry Station,11.46
2025-08-15 15:00:00+00:00,37 Lorry Station,12.46
2025-08-15 16:00:00+00:00,37 Lorry Station,13.75
2025-08-15 17:00:00+00:00,37 Lorry Station,24.8
2025-08-15 18:00:00+00:00,37 Lorry Station,17.4
2025-08-15 19:00:00+00:00,37 Lorry Station,24.38
2025-08-15 20:00:00+00:00,37 Lorry Station,27.4
2025-08-15 21:00:00+00:00,37 Lorry Station,21.29
2025-08-15 22:00:00+00:00,37 Lorry Station,10.16
2025-08-16 02:00:00+00:00,37 Lorry Station,7.96
2025-08-16 03:00:00+00:00,37 Lorry Station,8.34
2025-08-16 05:00:00+00:00,37 Lorry Station,15.35
2025-08-16 06:00:00+00:00,37 Lorry Station,16.49
2025-08-16 07:00:00+00:00,37 Lorry Station,20.65
2025-08-16 08:00:00+00:00,37 Lorry Station,20.81
2025-08-16 09:00:00+00:00,37 Lorry Station,17.18
2025-08-16 10:00:00+00:00,37 Lorry Station,18.66
2025-08-16 11:00:00+00:00,37 Lorry Station,13.13
2025-08-16 12:00:00+00:00,37 Lorry Station,12.96
2025-08-16 13:00:00+00:00,37 Lorry Station,10.52
2025-08-16 14:00:00+00:00,37 Lorry Station,11.71
2025-08-16 15:00:00+00:00,37 Lorry Station,12.43
2025-08-16 16:00:00+00:00,37 Lorry Station,14.31
2025-08-16 17:00:00+00:00,37 Lorry Station,18.37
2025-08-16 18:00:00+00:00,37 Lorry Station,57.97
2025-08-16 19:00:00+00:00,37 Lorry Station,77.78
2025-08-16 20:00:00+00:00,37 Lorry Station,43.25
2025-08-16 21:00:00+00:00,37 Lorry Station,23.49
2025-08-17 00:00:00+00:00,37 Lorry Station,33.45
2025-08-17 01:00:00+00:00,37 Lorry Station,32.93
2025-08-17 02:00:00+00:00,37 Lorry Station,20.13
2025-08-17 03:00:00+00:00,37 Lorry Station,32.73
2025-08-17 04:00:00+00:00,37 Lorry Station,24.95
2025-08-17 05:00:00+00:00,37 Lorry Station,13.08
2025-08-17 06:00:00+00:00,37 Lorry Station,23.35
2025-08-17 07:00:00+00:00,37 Lorry Station,15.64
2025-08-17 08:00:00+00:00,37 Lorry Station,19.48
2025-08-17 09:00:00+00:00,37 Lorry Station,17.03
2025-08-17 10:00:00+00:00,37 Lorry Station,10.92
2025-08-17 11:00:00+00:00,37 Lorry Station,7.47
2025-08-17 12:00:00+00:00,37 Lorry Station,7.39
2025-08-17 13:00:00+00:00,37 Lorry Station,8.97
2025-08-17 14:00:00+00:00,37 Lorry Station,9.42
2025-08-17 15:00:00+00:00,37 Lorry Station,9.95
2025-08-17 16:00:00+00:00,37 Lorry Station,8.61
2025-08-17 17:00:00+00:00,37 Lorry Station,18.22
2025-08-17 18:00:00+00:00,37 Lorry Station,27.95
2025-08-17 19:00:00+00:00,37 Lorry Station,35.31
2025-08-17 20:00:00+00:00,37 Lorry Station,30.42
2025-08-17 21:00:00+00:00,37 Lorry Station,10.73
2025-08-17 22:00:00+00:00,37 Lorry Station,7.44
2025-08-17 23:00:00+00:00,37 Lorry Station,21.03
2025-08-18 00:00:00+00:00,37 Lorry Station,31.96
2025-08-18 02:00:00+00:00,37 Lorry Station,13.7
2025-08-18 03:00:00+00:00,37 Lorry Station,16.0
2025-08-18 04:00:00+00:00,37 Lorry Station,17.5
2025-08-18 05:00:00+00:00,37 Lorry Station,26.92
2025-08-18 06:00:00+00:00,37 Lorry Station,32.12
2025-08-18 07:00:00+00:00,37 Lorry Station,26.94
2025-08-18 08:00:00+00:00,37 Lorry Station,20.55
2025-08-18 11:00:00+00:00,37 Lorry Station,10.43
2025-08-18 12:00:00+00:00,37 Lorry Station,9.42
2025-08-18 13:00:00+00:00,37 Lorry Station,10.09
2025-08-18 14:00:00+00:00,37 Lorry Station,9.47
2025-08-18 15:00:00+00:00,37 Lorry Station,12.91
2025-08-18 19:00:00+00:00,37 Lorry Station,49.09
2025-08-18 20:00:00+00:00,37 Lorry Station,32.27
2025-08-18 21:00:00+00:00,37 Lorry Station,22.36
2025-08-18 22:00:00+00:00,37 Lorry Station,18.21
2025-08-19 01:00:00+00:00,37 Lorry Station,19.47
2025-08-19 02:00:00+00:00,37 Lorry Station,14.55
2025-08-19 03:00:00+00:00,37 Lorry Station,10.62
2025-08-19 05:00:00+00:00,37 Lorry Station,15.49
2025-08-19 06:00:00+00:00,37 Lorry Station,22.56
2025-08-19 07:00:00+00:00,37 Lorry Station,21.64
2025-08-19 08:00:00+00:00,37 Lorry Station,16.69
2025-08-19 09:00:00+00:00,37 Lorry Station,13.01
2025-08-19 10:00:00+00:00,37 Lorry Station,9.9
2025-08-19 11:00:00+00:00,37 Lorry Station,8.6
2025-08-19 12:00:00+00:00,37 Lorry Station,11.21
2025-08-19 13:00:00+00:00,37 Lorry Station,11.19
2025-08-19 14:00:00+00:00,37 Lorry Station,10.96
2025-08-19 15:00:00+00:00,37 Lorry Station,13.58
2025-08-19 16:00:00+00:00,37 Lorry Station,11.67
2025-08-19 17:00:00+00:00,37 Lorry Station,19.61
2025-08-19 18:00:00+00:00,37 Lorry Station,15.2
2025-08-19 19:00:00+00:00,37 Lorry Station,24.29
2025-08-19 20:00:00+00:00,37 Lorry Station,19.37
2025-08-19 21:00:00+00:00,37 Lorry Station,11.21
2025-08-19 22:00:00+00:00,37 Lorry Station,11.43
2025-08-19 23:00:00+00:00,37 Lorry Station,10.46
2025-08-20 00:00:00+00:00,37 Lorry Station,11.72
2025-08-20 01:00:00+00:00,37 Lorry Station,10.21
2025-08-20 02:00:00+00:00,37 Lorry Station,10.31
2025-08-20 03:00:00+00:00,37 Lorry Station,11.85
2025-08-20 04:00:00+00:00,37 Lorry Station,15.83
2025-08-20 05:00:00+00:00,37 Lorry Station,20.41
2025-08-20 06:00:00+00:00,37 Lorry Station,30.98
2025-08-20 07:00:00+00:00,37 Lorry Station,27.19
2025-08-20 08:00:00+00:00,37 Lorry Station,20.17
2025-08-20 09:00:00+00:00,37 Lorry Station,13.7
2025-08-20 10:00:00+00:00,37 Lorry Station,12.88
2025-08-20 11:00:00+00:00,37 Lorry Station,11.26
2025-08-20 12:00:00+00:00,37 Lorry Station,13.65
2025-08-20 13:00:00+00:00,37 Lorry Station,10.45
2025-08-20 14:00:00+00:00,37 Lorry Station,10.83
2025-08-20 15:00:00+00:00,37 Lorry Station,11.16
2025-08-20 16:00:00+00:00,37 Lorry Station,12.56
2025-08-20 17:00:00+00:00,37 Lorry Station,26.16
2025-08-20 18:00:00+00:00,37 Lorry Station,22.52
2025-08-20 19:00:00+00:00,37 Lorry Station,14.52
2025-08-20 20:00:00+00:00,37 Lorry Station,16.77
2025-08-20 21:00:00+00:00,37 Lorry Station,20.47
2025-08-20 22:00:00+00:00,37 Lorry Station,12.27
2025-08-20 23:00:00+00:00,37 Lorry Station,15.61
2025-08-21 03:00:00+00:00,37 Lorry Station,13.92
2025-08-21 04:00:00+00:00,37 Lorry Station,19.58
2025-08-21 05:00:00+00:00,37 Lorry Station,18.24
2025-08-21 06:00:00+00:00,37 Lorry Station,31.26
2025-08-21 07:00:00+00:00,37 Lorry Station,27.3
2025-08-21 08:00:00+00:00,37 Lorry Station,24.27
2025-08-21 09:00:00+00:00,37 Lorry Station,16.12
2025-08-21 10:00:00+00:00,37 Lorry Station,15.02
2025-08-21 11:00:00+00:00,37 Lorry Station,12.72
2025-08-21 12:00:00+00:00,37 Lorry Station,10.01
2025-08-21 13:00:00+00:00,37 Lorry Station,12.25
2025-08-21 14:00:00+00:00,37 Lorry Station,11.75
2025-08-21 15:00:00+00:00,37 Lorry Station,20.87
2025-08-21 16:00:00+00:00,37 Lorry Station,26.11
2025-08-21 17:00:00+00:00,37 Lorry Station,18.28
2025-08-21 18:00:00+00:00,37 Lorry Station,18.7
2025-08-21 19:00:00+00:00,37 Lorry Station,20.09
2025-08-21 20:00:00+00:00,37 Lorry Station,15.36
2025-08-21 21:00:00+00:00,37 Lorry Station,12.59
2025-08-21 22:00:00+00:00,37 Lorry Station,9.4
2025-08-21 23:00:00+00:00,37 Lorry Station,9.75
2025-08-22 00:00:00+00:00,37 Lorry Station,9.9
2025-08-22 01:00:00+00:00,37 Lorry Station,8.2
2025-08-22 02:00:00+00:00,37 Lorry Station,8.31
2025-08-22 03:00:00+00:00,37 Lorry Station,8.98
2025-08-22 04:00:00+00:00,37 Lorry Station,10.32
2025-08-22 05:00:00+00:00,37 Lorry Station,18.79
2025-08-22 06:00:00+00:00,37 Lorry Station,26.89
2025-08-22 07:00:00+00:00,37 Lorry Station,22.59
2025-08-22 08:00:00+00:00,37 Lorry Station,20.35
2025-08-22 09:00:00+00:00,37 Lorry Station,20.01
2025-08-22 10:00:00+00:00,37 Lorry Station,17.29
2025-08-22 11:00:00+00:00,37 Lorry Station,13.9
2025-08-22 12:00:00+00:00,37 Lorry Station,15.74
2025-08-22 13:00:00+00:00,37 Lorry Station,14.79
2025-08-22 14:00:00+00:00,37 Lorry Station,20.29
2025-08-22 15:00:00+00:00,37 Lorry Station,23.24
2025-08-22 16:00:00+00:00,37 Lorry Station,21.41
2025-08-22 17:00:00+00:00,37 Lorry Station,30.58
2025-08-22 18:00:00+00:00,37 Lorry Station,32.31
2025-08-22 19:00:00+00:00,37 Lorry Station,36.46
2025-08-22 20:00:00+00:00,37 Lorry Station,32.45
2025-08-22 21:00:00+00:00,37 Lorry Station,34.7
2025-08-22 22:00:00+00:00,37 Lorry Station,18.84
2025-08-22 23:00:00+00:00,37 Lorry Station,17.39
2025-08-23 02:00:00+00:00,37 Lorry Station,12.54
2025-08-23 03:00:00+00:00,37 Lorry Station,16.31
2025-08-23 04:00:00+00:00,37 Lorry Station,18.36
2025-08-23 05:00:00+00:00,37 Lorry Station,24.97
2025-08-23 06:00:00+00:00,37 Lorry Station,32.0
2025-08-23 07:00:00+00:00,37 Lorry Station,32.48
2025-08-23 08:00:00+00:00,37 Lorry Station,30.13
2025-08-23 09:00:00+00:00,37 Lorry Station,28.34
2025-08-23 10:00:00+00:00,37 Lorry Station,21.53
2025-08-23 11:00:00+00:00,37 Lorry Station,17.15
2025-08-23 12:00:00+00:00,37 Lorry Station,16.19
2025-08-23 13:00:00+00:00,37 Lorry Station,15.43
2025-08-23 14:00:00+00:00,37 Lorry Station,15.91
2025-08-23 15:00:00+00:00,37 Lorry Station,18.16
2025-08-23 16:00:00+00:00,37 Lorry Station,18.31
2025-08-23 17:00:00+00:00,37 Lorry Station,28.84
2025-08-23 18:00:00+00:00,37 Lorry Station,36.53
2025-08-23 19:00:00+00:00,37 Lorry Station,34.05
2025-08-23 20:00:00+00:00,37 Lorry Station,20.19
2025-08-23 21:00:00+00:00,37 Lorry Station,20.31
2025-08-23 22:00:00+00:00,37 Lorry Station,18.61
2025-08-23 23:00:00+00:00,37 Lorry Station,17.11
2025-08-24 00:00:00+00:00,37 Lorry Station,23.3
2025-08-24 01:00:00+00:00,37 Lorry Station,15.86
2025-08-24 02:00:00+00:00,37 Lorry Station,15.01
2025-08-24 03:00:00+00:00,37 Lorry Station,13.7
2025-08-24 04:00:00+00:00,37 Lorry Station,15.81
2025-08-24 05:00:00+00:00,37 Lorry Station,18.25
2025-08-24 06:00:00+00:00,37 Lorry Station,19.92
2025-08-24 07:00:00+00:00,37 Lorry Station,27.38
2025-08-24 08:00:00+00:00,37 Lorry Station,31.02
2025-08-24 09:00:00+00:00,37 Lorry Station,23.04
2025-08-24 10:00:00+00:00,37 Lorry Station,21.07
2025-08-24 11:00:00+00:00,37 Lorry Station,17.77
2025-08-24 12:00:00+00:00,37 Lorry Station,14.39
2025-08-24 13:00:00+00:00,37 Lorry Station,12.52
2025-08-24 14:00:00+00:00,37 Lorry Station,13.25
2025-08-24 15:00:00+00:00,37 Lorry Station,13.42
2025-08-24 16:00:00+00:00,37 Lorry Station,13.76
2025-08-24 17:00:00+00:00,37 Lorry Station,15.74
2025-08-24 18:00:00+00:00,37 Lorry Station,22.16
2025-08-24 19:00:00+00:00,37 Lorry Station,22.69
2025-08-24 20:00:00+00:00,37 Lorry Station,23.23
2025-08-24 21:00:00+00:00,37 Lorry Station,21.86
2025-08-24 23:00:00+00:00,37 Lorry Station,13.13
2025-08-25 00:00:00+00:00,37 Lorry Station,18.75
2025-08-25 01:00:00+00:00,37 Lorry Station,20.1
2025-08-25 02:00:00+00:00,37 Lorry Station,17.8
2025-08-25 03:00:00+00:00,37 Lorry Station,20.92
2025-08-25 04:00:00+00:00,37 Lorry Station,15.77
2025-08-25 05:00:00+00:00,37 Lorry Station,23.26
2025-08-25 06:00:00+00:00,37 Lorry Station,31.49
2025-08-25 07:00:00+00:00,37 Lorry Station,28.53
2025-08-25 08:00:00+00:00,37 Lorry Station,25.05
2025-08-25 10:00:00+00:00,37 Lorry Station,20.43
2025-08-25 11:00:00+00:00,37 Lorry Station,15.9
2025-08-25 12:00:00+00:00,37 Lorry Station,19.14
2025-08-25 13:00:00+00:00,37 Lorry Station,21.43
2025-08-25 14:00:00+00:00,37 Lorry Station,11.52
2025-08-25 15:00:00+00:00,37 Lorry Station,11.41
2025-08-25 17:00:00+00:00,37 Lorry Station,19.77
2025-08-25 18:00:00+00:00,37 Lorry Station,28.55
2025-08-25 19:00:00+00:00,37 Lorry Station,25.46
2025-08-25 20:00:00+00:00,37 Lorry Station,20.31
2025-08-25 21:00:00+00:00,37 Lorry Station,20.28
2025-08-25 22:00:00+00:00,37 Lorry Station,18.31
2025-08-26 01:00:00+00:00,37 Lorry Station,29.93
2025-08-26 02:00:00+00:00,37 Lorry Station,11.9
2025-08-26 03:00:00+00:00,37 Lorry Station,11.02
2025-08-26 04:00:00+00:00,37 Lorry Station,18.15
2025-08-26 05:00:00+00:00,37 Lorry Station,26.55
2025-08-26 06:00:00+00:00,37 Lorry Station,29.01
2025-08-26 07:00:00+00:00,37 Lorry Station,23.32
2025-08-26 08:00:00+00:00,37 Lorry Station,23.52
2025-08-26 09:00:00+00:00,37 Lorry Station,14.34
2025-08-26 10:00:00+00:00,37 Lorry Station,11.95
2025-08-26 11:00:00+00:00,37 Lorry Station,11.44
2025-08-26 12:00:00+00:00,37 Lorry Station,10.21
2025-08-26 13:00:00+00:00,37 Lorry Station,13.46
2025-08-26 16:00:00+00:00,37 Lorry Station,15.26
2025-08-26 17:00:00+00:00,37 Lorry Station,29.28
2025-08-26 18:00:00+00:00,37 Lorry Station,29.49
2025-08-26 19:00:00+00:00,37 Lorry Station,27.75
2025-08-26 20:00:00+00:00,37 Lorry Station,26.6
2025-08-26 21:00:00+00:00,37 Lorry Station,23.01
2025-08-26 22:00:00+00:00,37 Lorry Station,23.31
2025-08-26 23:00:00+00:00,37 Lorry Station,18.2
2025-08-27 00:00:00+00:00,37 Lorry Station,13.15
2025-08-27 01:00:00+00:00,37 Lorry Station,17.34
2025-08-27 02:00:00+00:00,37 Lorry Station,19.62
2025-08-27 03:00:00+00:00,37 Lorry Station,24.0
2025-08-27 04:00:00+00:00,37 Lorry Station,29.7
2025-08-27 05:00:00+00:00,37 Lorry Station,37.67
2025-08-27 08:00:00+00:00,37 Lorry Station,24.98
2025-08-27 09:00:00+00:00,37 Lorry Station,17.79
2025-08-27 10:00:00+00:00,37 Lorry Station,22.58
2025-08-27 13:00:00+00:00,37 Lorry Station,12.13
2025-08-27 14:00:00+00:00,37 Lorry Station,12.88
2025-08-27 15:00:00+00:00,37 Lorry Station,15.36
2025-08-27 16:00:00+00:00,37 Lorry Station,15.16
2025-08-27 17:00:00+00:00,37 Lorry Station,11.98
2025-08-27 18:00:00+00:00,37 Lorry Station,39.85
2025-08-27 19:00:00+00:00,37 Lorry Station,29.04
2025-08-27 20:00:00+00:00,37 Lorry Station,20.4
2025-08-27 21:00:00+00:00,37 Lorry Station,36.31
2025-08-27 22:00:00+00:00,37 Lorry Station,32.87
2025-08-27 23:00:00+00:00,37 Lorry Station,16.49
2025-08-28 00:00:00+00:00,37 Lorry Station,17.39
2025-08-28 01:00:00+00:00,37 Lorry Station,17.3
2025-08-28 02:00:00+00:00,37 Lorry Station,15.01
2025-08-28 06:00:00+00:00,37 Lorry Station,40.28
2025-08-28 07:00:00+00:00,37 Lorry Station,42.13
2025-08-28 09:00:00+00:00,37 Lorry Station,18.69
2025-08-28 10:00:00+00:00,37 Lorry Station,12.78
2025-08-28 11:00:00+00:00,37 Lorry Station,11.71
2025-08-28 12:00:00+00:00,37 Lorry Station,9.89
2025-08-28 13:00:00+00:00,37 Lorry Station,9.39
2025-08-28 14:00:00+00:00,37 Lorry Station,10.28
2025-08-28 15:00:00+00:00,37 Lorry Station,9.83
2025-08-28 16:00:00+00:00,37 Lorry Station,11.16
2025-08-28 17:00:00+00:00,37 Lorry Station,36.03
2025-08-28 18:00:00+00:00,37 Lorry Station,28.7
2025-08-28 19:00:00+00:00,37 Lorry Station,22.92
2025-08-28 20:00:00+00:00,37 Lorry Station,24.25
2025-08-28 21:00:00+00:00,37 Lorry Station,24.16
2025-08-28 22:00:00+00:00,37 Lorry Station,20.51
2025-08-28 23:00:00+00:00,37 Lorry Station,14.31
2025-08-29 00:00:00+00:00,37 Lorry Station,11.24
2025-08-29 01:00:00+00:00,37 Lorry Station,9.76
2025-08-29 02:00:00+00:00,37 Lorry Station,11.71
2025-08-29 03:00:00+00:00,37 Lorry Station,13.11
2025-08-29 06:00:00+00:00,37 Lorry Station,28.38
2025-08-29 07:00:00+00:00,37 Lorry Station,29.28
2025-08-29 08:00:00+00:00,37 Lorry Station,20.65
2025-08-29 09:00:00+00:00,37 Lorry Station,19.66
2025-08-29 10:00:00+00:00,37 Lorry Station,14.46
2025-08-29 11:00:00+00:00,37 Lorry Station,10.35
2025-08-29 12:00:00+00:00,37 Lorry Station,8.65
2025-08-29 13:00:00+00:00,37 Lorry Station,8.4
2025-08-29 14:00:00+00:00,37 Lorry Station,8.71
2025-08-29 15:00:00+00:00,37 Lorry Station,8.56
2025-08-29 16:00:00+00:00,37 Lorry Station,13.42
2025-08-29 17:00:00+00:00,37 Lorry Station,20.89
2025-08-29 18:00:00+00:00,37 Lorry Station,24.41
2025-08-29 19:00:00+00:00,37 Lorry Station,20.06
2025-08-29 20:00:00+00:00,37 Lorry Station,21.72
2025-08-29 21:00:00+00:00,37 Lorry Station,14.54
2025-08-29 22:00:00+00:00,37 Lorry Station,13.19
2025-08-29 23:00:00+00:00,37 Lorry Station,12.36
2025-08-30 03:00:00+00:00,37 Lorry Station,13.25
2025-08-30 04:00:00+00:00,37 Lorry Station,15.85
2025-08-30 05:00:00+00:00,37 Lorry Station,19.57
2025-08-30 06:00:00+00:00,37 Lorry Station,20.36
2025-08-30 07:00:00+00:00,37 Lorry Station,23.52
2025-08-30 08:00:00+00:00,37 Lorry Station,13.87
2025-08-30 11:00:00+00:00,37 Lorry Station,10.37
2025-08-30 12:00:00+00:00,37 Lorry Station,12.05
2025-08-30 14:00:00+00:00,37 Lorry Station,9.53
2025-08-30 15:00:00+00:00,37 Lorry Station,9.76
2025-08-30 16:00:00+00:00,37 Lorry Station,10.75
2025-08-30 17:00:00+00:00,37 Lorry Station,16.26
2025-08-30 18:00:00+00:00,37 Lorry Station,43.29
2025-08-30 19:00:00+00:00,37 Lorry Station,28.98
2025-08-30 20:00:00+00:00,37 Lorry Station,24.86
2025-08-30 21:00:00+00:00,37 Lorry Station,19.34
2025-08-30 22:00:00+00:00,37 Lorry Station,21.45
2025-08-30 23:00:00+00:00,37 Lorry Station,22.17
2025-08-31 00:00:00+00:00,37 Lorry Station,19.15
2025-08-31 01:00:00+00:00,37 Lorry Station,18.48
2025-08-31 02:00:00+00:00,37 Lorry Station,17.76
2025-08-31 03:00:00+00:00,37 Lorry Station,18.79
2025-08-31 04:00:00+00:00,37 Lorry Station,15.65
2025-08-31 05:00:00+00:00,37 Lorry Station,14.39
2025-08-31 07:00:00+00:00,37 Lorry Station,26.02
2025-08-31 08:00:00+00:00,37 Lorry Station,20.88
2025-08-31 09:00:00+00:00,37 Lorry Station,16.53
2025-08-31 11:00:00+00:00,37 Lorry Station,11.35
2025-08-31 12:00:00+00:00,37 Lorry Station,10.64
2025-08-31 13:00:00+00:00,37 Lorry Station,9.62
2025-08-31 14:00:00+00:00,37 Lorry Station,9.91
2025-08-31 15:00:00+00:00,37 Lorry Station,8.24
2025-08-31 16:00:00+00:00,37 Lorry Station,11.92
2025-08-31 17:00:00+00:00,37 Lorry Station,37.94
2025-08-31 18:00:00+00:00,37 Lorry Station,30.91
2025-08-31 19:00:00+00:00,37 Lorry Station,21.06
2025-08-31 20:00:00+00:00,37 Lorry Station,23.12
2025-08-31 21:00:00+00:00,37 Lorry Station,22.41
2025-08-31 22:00:00+00:00,37 Lorry Station,24.46
2025-08-31 23:00:00+00:00,37 Lorry Station,23.76
2025-08-01 00:00:00+00:00,Afri-SET CC1,19.8
2025-08-01 01:00:00+00:00,Afri-SET CC1,21.2
2025-08-01 02:00:00+00:00,Afri-SET CC1,19.05
2025-08-01 03:00:00+00:00,Afri-SET CC1,20.55
2025-08-01 04:00:00+00:00,Afri-SET CC1,22.5
2025-08-01 05:00:00+00:00,Afri-SET CC1,26.4
2025-08-01 06:00:00+00:00,Afri-SET CC1,28.35
2025-08-01 07:00:00+00:00,Afri-SET CC1,29.15
2025-08-01 08:00:00+00:00,Afri-SET CC1,24.35
2025-08-01 09:00:00+00:00,Afri-SET CC1,24.6
2025-08-01 10:00:00+00:00,Afri-SET CC1,22.5
2025-08-01 11:00:00+00:00,Afri-SET CC1,26.0
2025-08-01 12:00:00+00:00,Afri-SET CC1,22.35
2025-08-01 13:00:00+00:00,Afri-SET CC1,21.4
2025-08-01 14:00:00+00:00,Afri-SET CC1,21.45
2025-08-01 15:00:00+00:00,Afri-SET CC1,22.95
2025-08-01 16:00:00+00:00,Afri-SET CC1,29.95
2025-08-01 17:00:00+00:00,Afri-SET CC1,31.75
2025-08-01 18:00:00+00:00,Afri-SET CC1,31.1
2025-08-01 19:00:00+00:00,Afri-SET CC1,31.0
2025-08-01 20:00:00+00:00,Afri-SET CC1,29.65
2025-08-01 21:00:00+00:00,Afri-SET CC1,28.35
2025-08-01 22:00:00+00:00,Afri-SET CC1,30.7
2025-08-01 23:00:00+00:00,Afri-SET CC1,31.5
2025-08-02 00:00:00+00:00,Afri-SET CC1,29.9
2025-08-02 01:00:00+00:00,Afri-SET CC1,24.75
2025-08-02 02:00:00+00:00,Afri-SET CC1,25.45
2025-08-02 03:00:00+00:00,Afri-SET CC1,26.3
2025-08-02 04:00:00+00:00,Afri-SET CC1,30.35
2025-08-02 05:00:00+00:00,Afri-SET CC1,37.55
2025-08-02 06:00:00+00:00,Afri-SET CC1,37.5
2025-08-02 07:00:00+00:00,Afri-SET CC1,38.75
2025-08-02 08:00:00+00:00,Afri-SET CC1,30.9
2025-08-02 09:00:00+00:00,Afri-SET CC1,28.8
2025-08-02 10:00:00+00:00,Afri-SET CC1,26.5
2025-08-02 11:00:00+00:00,Afri-SET CC1,25.9
2025-08-02 12:00:00+00:00,Afri-SET CC1,26.2
2025-08-02 13:00:00+00:00,Afri-SET CC1,25.6
2025-08-02 14:00:00+00:00,Afri-SET CC1,23.05
2025-08-02 15:00:00+00:00,Afri-SET CC1,27.05
2025-08-02 16:00:00+00:00,Afri-SET CC1,30.95
2025-08-02 17:00:00+00:00,Afri-SET CC1,36.75
2025-08-02 18:00:00+00:00,Afri-SET CC1,40.9
2025-08-02 19:00:00+00:00,Afri-SET CC1,37.85
2025-08-02 20:00:00+00:00,Afri-SET CC1,36.25
2025-08-02 21:00:00+00:00,Afri-SET CC1,44.1
2025-08-02 22:00:00+00:00,Afri-SET CC1,40.3
2025-08-02 23:00:00+00:00,Afri-SET CC1,34.9
2025-08-03 00:00:00+00:00,Afri-SET CC1,31.45
2025-08-03 01:00:00+00:00,Afri-SET CC1,31.5
2025-08-03 02:00:00+00:00,Afri-SET CC1,30.25
2025-08-03 03:00:00+00:00,Afri-SET CC1,29.05
2025-08-03 04:00:00+00:00,Afri-SET CC1,29.85
2025-08-03 05:00:00+00:00,Afri-SET CC1,32.2
2025-08-03 06:00:00+00:00,Afri-SET CC1,38.2
2025-08-03 07:00:00+00:00,Afri-SET CC1,38.9
2025-08-03 08:00:00+00:00,Afri-SET CC1,35.75
2025-08-03 09:00:00+00:00,Afri-SET CC1,33.25
2025-08-03 10:00:00+00:00,Afri-SET CC1,27.6
2025-08-03 11:00:00+00:00,Afri-SET CC1,26.0
2025-08-03 12:00:00+00:00,Afri-SET CC1,27.2
2025-08-03 13:00:00+00:00,Afri-SET CC1,27.1
2025-08-03 14:00:00+00:00,Afri-SET CC1,28.45
2025-08-03 15:00:00+00:00,Afri-SET CC1,26.6
2025-08-03 16:00:00+00:00,Afri-SET CC1,26.6
2025-08-03 17:00:00+00:00,Afri-SET CC1,27.7
2025-08-03 18:00:00+00:00,Afri-SET CC1,29.7
2025-08-03 19:00:00+00:00,Afri-SET CC1,36.3
2025-08-03 20:00:00+00:00,Afri-SET CC1,37.05
2025-08-03 21:00:00+00:00,Afri-SET CC1,40.25
2025-08-03 22:00:00+00:00,Afri-SET CC1,38.0
2025-08-04 10:00:00+00:00,Afri-SET CC1,37.65
2025-08-04 11:00:00+00:00,Afri-SET CC1,33.15
2025-08-04 12:00:00+00:00,Afri-SET CC1,30.45
2025-08-04 13:00:00+00:00,Afri-SET CC1,29.35
2025-08-04 14:00:00+00:00,Afri-SET CC1,29.25
2025-08-04 15:00:00+00:00,Afri-SET CC1,31.1
2025-08-04 16:00:00+00:00,Afri-SET CC1,30.5
2025-08-04 19:00:00+00:00,Afri-SET CC1,36.35
2025-08-04 20:00:00+00:00,Afri-SET CC1,34.15
2025-08-04 21:00:00+00:00,Afri-SET CC1,29.35
2025-08-04 22:00:00+00:00,Afri-SET CC1,29.35
2025-08-04 23:00:00+00:00,Afri-SET CC1,51.0
2025-08-05 00:00:00+00:00,Afri-SET CC1,29.6
2025-08-05 01:00:00+00:00,Afri-SET CC1,13.15
2025-08-05 02:00:00+00:00,Afri-SET CC1,14.85
2025-08-05 03:00:00+00:00,Afri-SET CC1,20.7
2025-08-05 04:00:00+00:00,Afri-SET CC1,24.85
2025-08-05 05:00:00+00:00,Afri-SET CC1,25.85
2025-08-05 06:00:00+00:00,Afri-SET CC1,29.65
2025-08-05 07:00:00+00:00,Afri-SET CC1,31.7
2025-08-05 08:00:00+00:00,Afri-SET CC1,31.35
2025-08-05 09:00:00+00:00,Afri-SET CC1,31.0
2025-08-05 10:00:00+00:00,Afri-SET CC1,28.1
2025-08-05 11:00:00+00:00,Afri-SET CC1,23.4
2025-08-05 12:00:00+00:00,Afri-SET CC1,22.75
2025-08-05 13:00:00+00:00,Afri-SET CC1,22.15
2025-08-05 14:00:00+00:00,Afri-SET CC1,22.55
2025-08-05 15:00:00+00:00,Afri-SET CC1,25.75
2025-08-05 16:00:00+00:00,Afri-SET CC1,25.7
2025-08-05 17:00:00+00:00,Afri-SET CC1,26.55
2025-08-05 18:00:00+00:00,Afri-SET CC1,27.85
2025-08-05 19:00:00+00:00,Afri-SET CC1,30.65
2025-08-05 20:00:00+00:00,Afri-SET CC1,30.2
2025-08-05 21:00:00+00:00,Afri-SET CC1,31.15
2025-08-05 22:00:00+00:00,Afri-SET CC1,31.0
2025-08-05 23:00:00+00:00,Afri-SET CC1,30.9
2025-08-06 00:00:00+00:00,Afri-SET CC1,25.15
2025-08-06 01:00:00+00:00,Afri-SET CC1,23.5
2025-08-06 02:00:00+00:00,Afri-SET CC1,17.4
2025-08-06 03:00:00+00:00,Afri-SET CC1,19.1
2025-08-06 04:00:00+00:00,Afri-SET CC1,24.75
2025-08-06 05:00:00+00:00,Afri-SET CC1,29.5
2025-08-06 06:00:00+00:00,Afri-SET CC1,33.05
2025-08-06 07:00:00+00:00,Afri-SET CC1,35.55
2025-08-06 08:00:00+00:00,Afri-SET CC1,34.65
2025-08-06 09:00:00+00:00,Afri-SET CC1,35.2
2025-08-06 10:00:00+00:00,Afri-SET CC1,33.6
2025-08-06 11:00:00+00:00,Afri-SET CC1,27.55
2025-08-06 12:00:00+00:00,Afri-SET CC1,26.7
2025-08-06 13:00:00+00:00,Afri-SET CC1,29.35
2025-08-06 14:00:00+00:00,Afri-SET CC1,31.45
2025-08-06 15:00:00+00:00,Afri-SET CC1,29.5
2025-08-06 16:00:00+00:00,Afri-SET CC1,32.1
2025-08-06 17:00:00+00:00,Afri-SET CC1,33.2
2025-08-06 18:00:00+00:00,Afri-SET CC1,34.4
2025-08-06 19:00:00+00:00,Afri-SET CC1,36.65
2025-08-06 20:00:00+00:00,Afri-SET CC1,37.9
2025-08-06 21:00:00+00:00,Afri-SET CC1,39.7
2025-08-06 22:00:00+00:00,Afri-SET CC1,37.5
2025-08-06 23:00:00+00:00,Afri-SET CC1,35.95
2025-08-07 00:00:00+00:00,Afri-SET CC1,35.85
2025-08-07 01:00:00+00:00,Afri-SET CC1,36.55
2025-08-07 02:00:00+00:00,Afri-SET CC1,36.55
2025-08-07 03:00:00+00:00,Afri-SET CC1,37.35
2025-08-07 04:00:00+00:00,Afri-SET CC1,38.0
2025-08-07 05:00:00+00:00,Afri-SET CC1,38.85
2025-08-07 06:00:00+00:00,Afri-SET CC1,42.8
2025-08-07 07:00:00+00:00,Afri-SET CC1,46.6
2025-08-07 10:00:00+00:00,Afri-SET CC1,35.9
2025-08-07 11:00:00+00:00,Afri-SET CC1,32.8
2025-08-07 12:00:00+00:00,Afri-SET CC1,33.15
2025-08-07 13:00:00+00:00,Afri-SET CC1,32.2
2025-08-07 14:00:00+00:00,Afri-SET CC1,31.4
2025-08-07 15:00:00+00:00,Afri-SET CC1,29.85
2025-08-07 16:00:00+00:00,Afri-SET CC1,31.7
2025-08-07 17:00:00+00:00,Afri-SET CC1,33.7
2025-08-07 18:00:00+00:00,Afri-SET CC1,33.05
2025-08-07 19:00:00+00:00,Afri-SET CC1,33.75
2025-08-07 20:00:00+00:00,Afri-SET CC1,33.95
2025-08-07 21:00:00+00:00,Afri-SET CC1,32.9
2025-08-07 22:00:00+00:00,Afri-SET CC1,33.2
2025-08-07 23:00:00+00:00,Afri-SET CC1,33.45
2025-08-08 00:00:00+00:00,Afri-SET CC1,33.35
2025-08-08 01:00:00+00:00,Afri-SET CC1,35.7
2025-08-08 02:00:00+00:00,Afri-SET CC1,33.0
2025-08-08 03:00:00+00:00,Afri-SET CC1,33.75
2025-08-08 04:00:00+00:00,Afri-SET CC1,35.2
2025-08-08 05:00:00+00:00,Afri-SET CC1,38.05
2025-08-08 06:00:00+00:00,Afri-SET CC1,38.2
2025-08-08 08:00:00+00:00,Afri-SET CC1,36.9
2025-08-08 09:00:00+00:00,Afri-SET CC1,33.85
2025-08-08 10:00:00+00:00,Afri-SET CC1,33.65
2025-08-08 11:00:00+00:00,Afri-SET CC1,31.85
2025-08-08 12:00:00+00:00,Afri-SET CC1,31.05
2025-08-08 13:00:00+00:00,Afri-SET CC1,30.9
2025-08-08 14:00:00+00:00,Afri-SET CC1,31.6
2025-08-08 15:00:00+00:00,Afri-SET CC1,30.95
2025-08-08 16:00:00+00:00,Afri-SET CC1,30.2
2025-08-08 17:00:00+00:00,Afri-SET CC1,31.45
2025-08-08 18:00:00+00:00,Afri-SET CC1,32.1
2025-08-08 19:00:00+00:00,Afri-SET CC1,34.1
2025-08-08 20:00:00+00:00,Afri-SET CC1,37.2
2025-08-08 21:00:00+00:00,Afri-SET CC1,30.3
2025-08-08 22:00:00+00:00,Afri-SET CC1,27.8
2025-08-08 23:00:00+00:00,Afri-SET CC1,24.95
2025-08-09 00:00:00+00:00,Afri-SET CC1,24.15
2025-08-09 01:00:00+00:00,Afri-SET CC1,25.0
2025-08-09 02:00:00+00:00,Afri-SET CC1,26.95
2025-08-09 03:00:00+00:00,Afri-SET CC1,26.0
2025-08-09 04:00:00+00:00,Afri-SET CC1,27.15
2025-08-09 05:00:00+00:00,Afri-SET CC1,29.15
2025-08-09 06:00:00+00:00,Afri-SET CC1,32.75
2025-08-09 07:00:00+00:00,Afri-SET CC1,34.45
2025-08-09 08:00:00+00:00,Afri-SET CC1,33.6
2025-08-09 09:00:00+00:00,Afri-SET CC1,31.55
2025-08-09 10:00:00+00:00,Afri-SET CC1,28.35
2025-08-09 11:00:00+00:00,Afri-SET CC1,24.9
2025-08-09 12:00:00+00:00,Afri-SET CC1,24.8
2025-08-09 13:00:00+00:00,Afri-SET CC1,29.2
2025-08-09 14:00:00+00:00,Afri-SET CC1,25.6
2025-08-09 15:00:00+00:00,Afri-SET CC1,24.65
2025-08-09 16:00:00+00:00,Afri-SET CC1,24.0
2025-08-09 17:00:00+00:00,Afri-SET CC1,32.25
2025-08-09 18:00:00+00:00,Afri-SET CC1,38.15
2025-08-09 19:00:00+00:00,Afri-SET CC1,32.45
2025-08-09 20:00:00+00:00,Afri-SET CC1,29.25
2025-08-09 21:00:00+00:00,Afri-SET CC1,29.25
2025-08-09 22:00:00+00:00,Afri-SET CC1,32.7
2025-08-09 23:00:00+00:00,Afri-SET CC1,32.95
2025-08-10 00:00:00+00:00,Afri-SET CC1,37.25
2025-08-10 01:00:00+00:00,Afri-SET CC1,33.85
2025-08-10 02:00:00+00:00,Afri-SET CC1,28.05
2025-08-10 03:00:00+00:00,Afri-SET CC1,28.3
2025-08-10 04:00:00+00:00,Afri-SET CC1,27.5
2025-08-10 05:00:00+00:00,Afri-SET CC1,31.6
2025-08-10 06:00:00+00:00,Afri-SET CC1,39.7
2025-08-10 07:00:00+00:00,Afri-SET CC1,37.75
2025-08-10 08:00:00+00:00,Afri-SET CC1,33.8
2025-08-10 09:00:00+00:00,Afri-SET CC1,25.5
2025-08-10 10:00:00+00:00,Afri-SET CC1,17.55
2025-08-10 11:00:00+00:00,Afri-SET CC1,13.2
2025-08-10 12:00:00+00:00,Afri-SET CC1,16.05
2025-08-10 13:00:00+00:00,Afri-SET CC1,16.6
2025-08-10 14:00:00+00:00,Afri-SET CC1,11.45
2025-08-10 15:00:00+00:00,Afri-SET CC1,10.9
2025-08-10 16:00:00+00:00,Afri-SET CC1,12.9
2025-08-10 17:00:00+00:00,Afri-SET CC1,17.2
2025-08-10 18:00:00+00:00,Afri-SET CC1,22.2
2025-08-10 19:00:00+00:00,Afri-SET CC1,24.55
2025-08-10 20:00:00+00:00,Afri-SET CC1,21.9
2025-08-10 21:00:00+00:00,Afri-SET CC1,19.95
2025-08-10 22:00:00+00:00,Afri-SET CC1,20.35
2025-08-10 23:00:00+00:00,Afri-SET CC1,21.35
2025-08-11 00:00:00+00:00,Afri-SET CC1,16.05
2025-08-11 01:00:00+00:00,Afri-SET CC1,14.1
2025-08-11 02:00:00+00:00,Afri-SET CC1,13.0
2025-08-11 03:00:00+00:00,Afri-SET CC1,17.25
2025-08-11 04:00:00+00:00,Afri-SET CC1,19.75
2025-08-11 05:00:00+00:00,Afri-SET CC1,30.3
2025-08-11 06:00:00+00:00,Afri-SET CC1,33.0
2025-08-11 07:00:00+00:00,Afri-SET CC1,21.9
2025-08-11 08:00:00+00:00,Afri-SET CC1,21.05
2025-08-11 09:00:00+00:00,Afri-SET CC1,17.45
2025-08-11 10:00:00+00:00,Afri-SET CC1,12.25
2025-08-11 11:00:00+00:00,Afri-SET CC1,14.75
2025-08-11 12:00:00+00:00,Afri-SET CC1,19.5
2025-08-11 13:00:00+00:00,Afri-SET CC1,20.65
2025-08-11 14:00:00+00:00,Afri-SET CC1,22.7
2025-08-11 15:00:00+00:00,Afri-SET CC1,21.65
2025-08-11 16:00:00+00:00,Afri-SET CC1,20.6
2025-08-11 17:00:00+00:00,Afri-SET CC1,18.15
2025-08-11 18:00:00+00:00,Afri-SET CC1,16.9
2025-08-11 19:00:00+00:00,Afri-SET CC1,14.55
2025-08-11 20:00:00+00:00,Afri-SET CC1,15.7
2025-08-11 21:00:00+00:00,Afri-SET CC1,13.0
2025-08-11 22:00:00+00:00,Afri-SET CC1,11.05
2025-08-11 23:00:00+00:00,Afri-SET CC1,12.75
2025-08-12 00:00:00+00:00,Afri-SET CC1,12.95
2025-08-12 01:00:00+00:00,Afri-SET CC1,10.8
2025-08-12 02:00:00+00:00,Afri-SET CC1,9.5
2025-08-12 09:00:00+00:00,Afri-SET CC1,5.05
2025-08-12 10:00:00+00:00,Afri-SET CC1,4.1
2025-08-12 11:00:00+00:00,Afri-SET CC1,2.75
2025-08-12 12:00:00+00:00,Afri-SET CC1,5.7
2025-08-12 13:00:00+00:00,Afri-SET CC1,4.3
2025-08-12 14:00:00+00:00,Afri-SET CC1,5.15
2025-08-12 15:00:00+00:00,Afri-SET CC1,7.05
2025-08-12 16:00:00+00:00,Afri-SET CC1,7.75
2025-08-12 17:00:00+00:00,Afri-SET CC1,9.0
2025-08-12 18:00:00+00:00,Afri-SET CC1,11.45
2025-08-12 20:00:00+00:00,Afri-SET CC1,19.75
2025-08-12 21:00:00+00:00,Afri-SET CC1,11.25
2025-08-12 22:00:00+00:00,Afri-SET CC1,8.6
2025-08-12 23:00:00+00:00,Afri-SET CC1,5.85
2025-08-13 00:00:00+00:00,Afri-SET CC1,4.75
2025-08-13 01:00:00+00:00,Afri-SET CC1,5.7
2025-08-13 02:00:00+00:00,Afri-SET CC1,7.2
2025-08-13 03:00:00+00:00,Afri-SET CC1,9.8
2025-08-13 04:00:00+00:00,Afri-SET CC1,9.8
2025-08-13 05:00:00+00:00,Afri-SET CC1,12.35
2025-08-13 08:00:00+00:00,Afri-SET CC1,14.5
2025-08-13 09:00:00+00:00,Afri-SET CC1,6.5
2025-08-13 10:00:00+00:00,Afri-SET CC1,5.25
2025-08-13 11:00:00+00:00,Afri-SET CC1,6.4
2025-08-13 12:00:00+00:00,Afri-SET CC1,7.7
2025-08-13 13:00:00+00:00,Afri-SET CC1,7.2
2025-08-13 14:00:00+00:00,Afri-SET CC1,6.15
2025-08-13 15:00:00+00:00,Afri-SET CC1,6.25
2025-08-13 16:00:00+00:00,Afri-SET CC1,7.4
2025-08-13 17:00:00+00:00,Afri-SET CC1,8.35
2025-08-13 18:00:00+00:00,Afri-SET CC1,10.65
2025-08-13 19:00:00+00:00,Afri-SET CC1,14.45
2025-08-13 20:00:00+00:00,Afri-SET CC1,15.05
2025-08-13 21:00:00+00:00,Afri-SET CC1,8.6
2025-08-13 22:00:00+00:00,Afri-SET CC1,5.8
2025-08-13 23:00:00+00:00,Afri-SET CC1,5.65
2025-08-14 00:00:00+00:00,Afri-SET CC1,10.9
2025-08-14 01:00:00+00:00,Afri-SET CC1,16.9
2025-08-14 02:00:00+00:00,Afri-SET CC1,5.0
2025-08-14 03:00:00+00:00,Afri-SET CC1,5.85
2025-08-14 04:00:00+00:00,Afri-SET CC1,6.9
2025-08-14 05:00:00+00:00,Afri-SET CC1,9.5
2025-08-14 09:00:00+00:00,Afri-SET CC1,13.75
2025-08-14 10:00:00+00:00,Afri-SET CC1,4.85
2025-08-14 11:00:00+00:00,Afri-SET CC1,4.65
2025-08-14 12:00:00+00:00,Afri-SET CC1,5.9
2025-08-14 13:00:00+00:00,Afri-SET CC1,7.15
2025-08-14 14:00:00+00:00,Afri-SET CC1,6.35
2025-08-14 15:00:00+00:00,Afri-SET CC1,5.2
2025-08-14 16:00:00+00:00,Afri-SET CC1,6.8
2025-08-14 17:00:00+00:00,Afri-SET CC1,8.0
2025-08-14 18:00:00+00:00,Afri-SET CC1,12.7
2025-08-14 19:00:00+00:00,Afri-SET CC1,17.35
2025-08-14 20:00:00+00:00,Afri-SET CC1,15.2
2025-08-14 21:00:00+00:00,Afri-SET CC1,13.7
2025-08-14 22:00:00+00:00,Afri-SET CC1,14.05
2025-08-14 23:00:00+00:00,Afri-SET CC1,13.6
2025-08-15 00:00:00+00:00,Afri-SET CC1,22.1
2025-08-15 01:00:00+00:00,Afri-SET CC1,21.45
2025-08-15 02:00:00+00:00,Afri-SET CC1,14.55
2025-08-15 03:00:00+00:00,Afri-SET CC1,20.9
2025-08-15 05:00:00+00:00,Afri-SET CC1,30.05
2025-08-15 08:00:00+00:00,Afri-SET CC1,17.9
2025-08-15 09:00:00+00:00,Afri-SET CC1,14.4
2025-08-15 10:00:00+00:00,Afri-SET CC1,13.05
2025-08-15 11:00:00+00:00,Afri-SET CC1,14.3
2025-08-15 12:00:00+00:00,Afri-SET CC1,14.35
2025-08-15 13:00:00+00:00,Afri-SET CC1,15.7
2025-08-15 14:00:00+00:00,Afri-SET CC1,14.2
2025-08-15 15:00:00+00:00,Afri-SET CC1,14.1
2025-08-15 16:00:00+00:00,Afri-SET CC1,13.6
2025-08-15 17:00:00+00:00,Afri-SET CC1,18.9
2025-08-15 18:00:00+00:00,Afri-SET CC1,18.85
2025-08-15 19:00:00+00:00,Afri-SET CC1,17.1
2025-08-15 20:00:00+00:00,Afri-SET CC1,18.65
2025-08-15 21:00:00+00:00,Afri-SET CC1,18.7
2025-08-15 22:00:00+00:00,Afri-SET CC1,18.95
2025-08-15 23:00:00+00:00,Afri-SET CC1,16.25
2025-08-16 00:00:00+00:00,Afri-SET CC1,15.4
2025-08-16 01:00:00+00:00,Afri-SET CC1,14.7
2025-08-16 02:00:00+00:00,Afri-SET CC1,14.25
2025-08-16 03:00:00+00:00,Afri-SET CC1,14.1
2025-08-16 04:00:00+00:00,Afri-SET CC1,16.55
2025-08-16 05:00:00+00:00,Afri-SET CC1,21.95
2025-08-16 06:00:00+00:00,Afri-SET CC1,26.65
2025-08-16 07:00:00+00:00,Afri-SET CC1,31.2
2025-08-16 08:00:00+00:00,Afri-SET CC1,31.45
2025-08-16 09:00:00+00:00,Afri-SET CC1,22.95
2025-08-16 10:00:00+00:00,Afri-SET CC1,21.55
2025-08-16 11:00:00+00:00,Afri-SET CC1,24.1
2025-08-16 12:00:00+00:00,Afri-SET CC1,22.4
2025-08-16 13:00:00+00:00,Afri-SET CC1,20.15
2025-08-16 14:00:00+00:00,Afri-SET CC1,15.55
2025-08-16 15:00:00+00:00,Afri-SET CC1,14.0
2025-08-16 16:00:00+00:00,Afri-SET CC1,16.25
2025-08-16 17:00:00+00:00,Afri-SET CC1,17.15
2025-08-16 18:00:00+00:00,Afri-SET CC1,16.6
2025-08-16 19:00:00+00:00,Afri-SET CC1,19.35
2025-08-16 20:00:00+00:00,Afri-SET CC1,19.25
2025-08-16 21:00:00+00:00,Afri-SET CC1,19.2
2025-08-16 22:00:00+00:00,Afri-SET CC1,21.25
2025-08-16 23:00:00+00:00,Afri-SET CC1,20.4
2025-08-17 00:00:00+00:00,Afri-SET CC1,14.95
2025-08-17 01:00:00+00:00,Afri-SET CC1,15.55
2025-08-17 02:00:00+00:00,Afri-SET CC1,19.25
2025-08-17 03:00:00+00:00,Afri-SET CC1,19.4
2025-08-17 04:00:00+00:00,Afri-SET CC1,13.9
2025-08-17 05:00:00+00:00,Afri-SET CC1,14.65
2025-08-17 06:00:00+00:00,Afri-SET CC1,20.0
2025-08-17 07:00:00+00:00,Afri-SET CC1,20.45
2025-08-17 08:00:00+00:00,Afri-SET CC1,18.85
2025-08-17 09:00:00+00:00,Afri-SET CC1,14.3
2025-08-17 10:00:00+00:00,Afri-SET CC1,12.3
2025-08-17 11:00:00+00:00,Afri-SET CC1,10.45
2025-08-17 12:00:00+00:00,Afri-SET CC1,9.95
2025-08-17 13:00:00+00:00,Afri-SET CC1,11.35
2025-08-17 14:00:00+00:00,Afri-SET CC1,11.75
2025-08-17 15:00:00+00:00,Afri-SET CC1,13.95
2025-08-17 16:00:00+00:00,Afri-SET CC1,14.55
2025-08-17 17:00:00+00:00,Afri-SET CC1,15.0
2025-08-17 18:00:00+00:00,Afri-SET CC1,16.1
2025-08-17 19:00:00+00:00,Afri-SET CC1,18.35
2025-08-17 21:00:00+00:00,Afri-SET CC1,23.7
2025-08-17 23:00:00+00:00,Afri-SET CC1,16.35
2025-08-18 00:00:00+00:00,Afri-SET CC1,17.6
2025-08-18 01:00:00+00:00,Afri-SET CC1,19.65
2025-08-18 02:00:00+00:00,Afri-SET CC1,17.65
2025-08-18 03:00:00+00:00,Afri-SET CC1,18.5
2025-08-18 04:00:00+00:00,Afri-SET CC1,17.1
2025-08-18 05:00:00+00:00,Afri-SET CC1,18.4
2025-08-18 06:00:00+00:00,Afri-SET CC1,21.1
2025-08-18 07:00:00+00:00,Afri-SET CC1,24.3
2025-08-18 08:00:00+00:00,Afri-SET CC1,21.15
2025-08-18 09:00:00+00:00,Afri-SET CC1,17.1
2025-08-18 10:00:00+00:00,Afri-SET CC1,16.85
2025-08-18 11:00:00+00:00,Afri-SET CC1,15.3
2025-08-18 12:00:00+00:00,Afri-SET CC1,15.4
2025-08-18 13:00:00+00:00,Afri-SET CC1,14.8
2025-08-18 14:00:00+00:00,Afri-SET CC1,15.95
2025-08-18 15:00:00+00:00,Afri-SET CC1,15.55
2025-08-18 16:00:00+00:00,Afri-SET CC1,16.0
2025-08-18 17:00:00+00:00,Afri-SET CC1,17.4
2025-08-18 18:00:00+00:00,Afri-SET CC1,17.8
2025-08-18 19:00:00+00:00,Afri-SET CC1,20.9
2025-08-18 20:00:00+00:00,Afri-SET CC1,22.35
2025-08-18 21:00:00+00:00,Afri-SET CC1,21.45
2025-08-18 22:00:00+00:00,Afri-SET CC1,19.9
2025-08-18 23:00:00+00:00,Afri-SET CC1,20.2
2025-08-19 00:00:00+00:00,Afri-SET CC1,19.95
2025-08-19 01:00:00+00:00,Afri-SET CC1,19.0
2025-08-19 02:00:00+00:00,Afri-SET CC1,20.35
2025-08-19 03:00:00+00:00,Afri-SET CC1,20.35
2025-08-19 04:00:00+00:00,Afri-SET CC1,24.3
2025-08-19 05:00:00+00:00,Afri-SET CC1,27.95
2025-08-19 06:00:00+00:00,Afri-SET CC1,32.55
2025-08-19 07:00:00+00:00,Afri-SET CC1,33.95
2025-08-19 08:00:00+00:00,Afri-SET CC1,29.95
2025-08-19 09:00:00+00:00,Afri-SET CC1,23.9
2025-08-19 10:00:00+00:00,Afri-SET CC1,13.0
2025-08-19 11:00:00+00:00,Afri-SET CC1,12.35
2025-08-19 12:00:00+00:00,Afri-SET CC1,12.2
2025-08-19 13:00:00+00:00,Afri-SET CC1,9.25
2025-08-19 14:00:00+00:00,Afri-SET CC1,8.2
2025-08-19 15:00:00+00:00,Afri-SET CC1,8.35
2025-08-19 16:00:00+00:00,Afri-SET CC1,9.9
2025-08-19 17:00:00+00:00,Afri-SET CC1,14.6
2025-08-19 18:00:00+00:00,Afri-SET CC1,21.25
2025-08-19 19:00:00+00:00,Afri-SET CC1,26.05
2025-08-19 20:00:00+00:00,Afri-SET CC1,24.5
2025-08-19 21:00:00+00:00,Afri-SET CC1,26.8
2025-08-19 22:00:00+00:00,Afri-SET CC1,28.4
2025-08-19 23:00:00+00:00,Afri-SET CC1,34.2
2025-08-20 00:00:00+00:00,Afri-SET CC1,36.45
2025-08-20 01:00:00+00:00,Afri-SET CC1,27.45
2025-08-20 02:00:00+00:00,Afri-SET CC1,24.9
2025-08-20 03:00:00+00:00,Afri-SET CC1,28.9
2025-08-20 04:00:00+00:00,Afri-SET CC1,24.25
2025-08-20 05:00:00+00:00,Afri-SET CC1,26.5
2025-08-20 06:00:00+00:00,Afri-SET CC1,40.7
2025-08-20 07:00:00+00:00,Afri-SET CC1,38.25
2025-08-20 08:00:00+00:00,Afri-SET CC1,27.85
2025-08-20 09:00:00+00:00,Afri-SET CC1,24.95
2025-08-20 10:00:00+00:00,Afri-SET CC1,23.4
2025-08-20 11:00:00+00:00,Afri-SET CC1,20.0
2025-08-20 12:00:00+00:00,Afri-SET CC1,18.1
2025-08-20 13:00:00+00:00,Afri-SET CC1,18.3
2025-08-20 14:00:00+00:00,Afri-SET CC1,14.5
2025-08-20 15:00:00+00:00,Afri-SET CC1,13.7
2025-08-20 16:00:00+00:00,Afri-SET CC1,13.75
2025-08-20 17:00:00+00:00,Afri-SET CC1,15.55
2025-08-20 18:00:00+00:00,Afri-SET CC1,19.65
2025-08-20 19:00:00+00:00,Afri-SET CC1,32.95
2025-08-20 20:00:00+00:00,Afri-SET CC1,32.55
2025-08-20 21:00:00+00:00,Afri-SET CC1,23.5
2025-08-20 22:00:00+00:00,Afri-SET CC1,23.5
2025-08-20 23:00:00+00:00,Afri-SET CC1,22.4
2025-08-21 00:00:00+00:00,Afri-SET CC1,21.85
2025-08-21 01:00:00+00:00,Afri-SET CC1,19.3
2025-08-21 02:00:00+00:00,Afri-SET CC1,17.6
2025-08-21 03:00:00+00:00,Afri-SET CC1,18.15
2025-08-21 04:00:00+00:00,Afri-SET CC1,18.5
2025-08-21 05:00:00+00:00,Afri-SET CC1,20.95
2025-08-21 06:00:00+00:00,Afri-SET CC1,29.25
2025-08-21 07:00:00+00:00,Afri-SET CC1,32.55
2025-08-21 08:00:00+00:00,Afri-SET CC1,27.3
2025-08-21 09:00:00+00:00,Afri-SET CC1,26.75
2025-08-21 10:00:00+00:00,Afri-SET CC1,23.4
2025-08-21 11:00:00+00:00,Afri-SET CC1,19.55
2025-08-21 12:00:00+00:00,Afri-SET CC1,16.45
2025-08-21 13:00:00+00:00,Afri-SET CC1,17.05
2025-08-21 14:00:00+00:00,Afri-SET CC1,14.85
2025-08-21 15:00:00+00:00,Afri-SET CC1,16.65
2025-08-21 16:00:00+00:00,Afri-SET CC1,13.9
2025-08-21 17:00:00+00:00,Afri-SET CC1,14.4
2025-08-21 18:00:00+00:00,Afri-SET CC1,13.5
2025-08-21 19:00:00+00:00,Afri-SET CC1,16.6
2025-08-21 20:00:00+00:00,Afri-SET CC1,14.65
2025-08-21 21:00:00+00:00,Afri-SET CC1,12.75
2025-08-21 22:00:00+00:00,Afri-SET CC1,13.3
2025-08-21 23:00:00+00:00,Afri-SET CC1,20.35
2025-08-22 00:00:00+00:00,Afri-SET CC1,20.35
2025-08-22 01:00:00+00:00,Afri-SET CC1,21.95
2025-08-22 02:00:00+00:00,Afri-SET CC1,19.15
2025-08-22 03:00:00+00:00,Afri-SET CC1,18.9
2025-08-22 04:00:00+00:00,Afri-SET CC1,20.55
2025-08-22 05:00:00+00:00,Afri-SET CC1,22.55
2025-08-22 06:00:00+00:00,Afri-SET CC1,28.65
2025-08-22 07:00:00+00:00,Afri-SET CC1,31.5
2025-08-22 08:00:00+00:00,Afri-SET CC1,26.1
2025-08-22 09:00:00+00:00,Afri-SET CC1,24.3
2025-08-22 10:00:00+00:00,Afri-SET CC1,24.6
2025-08-22 11:00:00+00:00,Afri-SET CC1,27.6
2025-08-22 12:00:00+00:00,Afri-SET CC1,31.85
2025-08-22 13:00:00+00:00,Afri-SET CC1,30.8
2025-08-22 14:00:00+00:00,Afri-SET CC1,30.2
2025-08-22 15:00:00+00:00,Afri-SET CC1,30.2
2025-08-22 16:00:00+00:00,Afri-SET CC1,21.85
2025-08-22 17:00:00+00:00,Afri-SET CC1,26.95
2025-08-22 18:00:00+00:00,Afri-SET CC1,38.2
2025-08-22 19:00:00+00:00,Afri-SET CC1,38.7
2025-08-22 20:00:00+00:00,Afri-SET CC1,38.7
2025-08-22 21:00:00+00:00,Afri-SET CC1,39.85
2025-08-22 22:00:00+00:00,Afri-SET CC1,43.25
2025-08-22 23:00:00+00:00,Afri-SET CC1,41.8
2025-08-23 00:00:00+00:00,Afri-SET CC1,35.1
2025-08-23 01:00:00+00:00,Afri-SET CC1,28.75
2025-08-23 02:00:00+00:00,Afri-SET CC1,25.1
2025-08-23 03:00:00+00:00,Afri-SET CC1,24.7
2025-08-23 04:00:00+00:00,Afri-SET CC1,28.45
2025-08-23 05:00:00+00:00,Afri-SET CC1,30.9
2025-08-23 06:00:00+00:00,Afri-SET CC1,33.45
2025-08-23 07:00:00+00:00,Afri-SET CC1,40.0
2025-08-23 08:00:00+00:00,Afri-SET CC1,41.1
2025-08-23 09:00:00+00:00,Afri-SET CC1,36.45
2025-08-23 10:00:00+00:00,Afri-SET CC1,30.55
2025-08-23 11:00:00+00:00,Afri-SET CC1,27.65
2025-08-23 12:00:00+00:00,Afri-SET CC1,26.35
2025-08-23 13:00:00+00:00,Afri-SET CC1,23.45
2025-08-23 14:00:00+00:00,Afri-SET CC1,26.1
2025-08-23 15:00:00+00:00,Afri-SET CC1,29.15
2025-08-23 16:00:00+00:00,Afri-SET CC1,26.75
2025-08-23 17:00:00+00:00,Afri-SET CC1,29.3
2025-08-23 18:00:00+00:00,Afri-SET CC1,31.5
2025-08-23 19:00:00+00:00,Afri-SET CC1,31.9
2025-08-23 20:00:00+00:00,Afri-SET CC1,34.95
2025-08-23 21:00:00+00:00,Afri-SET CC1,39.85
2025-08-23 22:00:00+00:00,Afri-SET CC1,37.55
2025-08-23 23:00:00+00:00,Afri-SET CC1,39.55
2025-08-24 00:00:00+00:00,Afri-SET CC1,38.7
2025-08-24 01:00:00+00:00,Afri-SET CC1,30.35
2025-08-24 02:00:00+00:00,Afri-SET CC1,25.1
2025-08-24 03:00:00+00:00,Afri-SET CC1,23.8
2025-08-24 04:00:00+00:00,Afri-SET CC1,24.9
2025-08-24 05:00:00+00:00,Afri-SET CC1,28.05
2025-08-24 06:00:00+00:00,Afri-SET CC1,36.75
2025-08-24 07:00:00+00:00,Afri-SET CC1,40.9
2025-08-24 08:00:00+00:00,Afri-SET CC1,42.1
2025-08-24 09:00:00+00:00,Afri-SET CC1,32.5
2025-08-24 10:00:00+00:00,Afri-SET CC1,28.85
2025-08-24 11:00:00+00:00,Afri-SET CC1,26.6
2025-08-24 12:00:00+00:00,Afri-SET CC1,20.1
2025-08-24 13:00:00+00:00,Afri-SET CC1,20.05
2025-08-24 14:00:00+00:00,Afri-SET CC1,17.25
2025-08-24 15:00:00+00:00,Afri-SET CC1,16.0
2025-08-24 16:00:00+00:00,Afri-SET CC1,15.9
2025-08-24 17:00:00+00:00,Afri-SET CC1,16.65
2025-08-24 18:00:00+00:00,Afri-SET CC1,20.0
2025-08-24 19:00:00+00:00,Afri-SET CC1,24.7
2025-08-24 20:00:00+00:00,Afri-SET CC1,25.55
2025-08-24 21:00:00+00:00,Afri-SET CC1,24.1
2025-08-24 22:00:00+00:00,Afri-SET CC1,25.0
2025-08-24 23:00:00+00:00,Afri-SET CC1,22.75
2025-08-25 00:00:00+00:00,Afri-SET CC1,22.95
2025-08-25 01:00:00+00:00,Afri-SET CC1,24.3
2025-08-25 02:00:00+00:00,Afri-SET CC1,24.0
2025-08-25 03:00:00+00:00,Afri-SET CC1,29.45
2025-08-25 04:00:00+00:00,Afri-SET CC1,27.25
2025-08-25 05:00:00+00:00,Afri-SET CC1,28.35
2025-08-25 06:00:00+00:00,Afri-SET CC1,38.25
2025-08-25 07:00:00+00:00,Afri-SET CC1,35.0
2025-08-25 08:00:00+00:00,Afri-SET CC1,32.9
2025-08-25 09:00:00+00:00,Afri-SET CC1,28.3
2025-08-25 10:00:00+00:00,Afri-SET CC1,22.5
2025-08-25 11:00:00+00:00,Afri-SET CC1,21.05
2025-08-25 12:00:00+00:00,Afri-SET CC1,22.75
2025-08-25 13:00:00+00:00,Afri-SET CC1,25.15
2025-08-25 14:00:00+00:00,Afri-SET CC1,21.8
2025-08-25 15:00:00+00:00,Afri-SET CC1,21.9
2025-08-25 16:00:00+00:00,Afri-SET CC1,23.4
2025-08-25 17:00:00+00:00,Afri-SET CC1,23.6
2025-08-25 18:00:00+00:00,Afri-SET CC1,25.55
2025-08-25 19:00:00+00:00,Afri-SET CC1,28.9
2025-08-25 20:00:00+00:00,Afri-SET CC1,23.85
2025-08-25 21:00:00+00:00,Afri-SET CC1,21.4
2025-08-25 22:00:00+00:00,Afri-SET CC1,22.65
2025-08-25 23:00:00+00:00,Afri-SET CC1,22.05
2025-08-26 00:00:00+00:00,Afri-SET CC1,22.85
2025-08-26 01:00:00+00:00,Afri-SET CC1,27.65
2025-08-26 02:00:00+00:00,Afri-SET CC1,23.75
2025-08-26 03:00:00+00:00,Afri-SET CC1,20.4
2025-08-26 04:00:00+00:00,Afri-SET CC1,20.15
2025-08-26 05:00:00+00:00,Afri-SET CC1,23.4
2025-08-26 06:00:00+00:00,Afri-SET CC1,28.65
2025-08-26 07:00:00+00:00,Afri-SET CC1,30.8
2025-08-26 08:00:00+00:00,Afri-SET CC1,30.35
2025-08-26 09:00:00+00:00,Afri-SET CC1,27.7
2025-08-26 10:00:00+00:00,Afri-SET CC1,18.75
2025-08-26 11:00:00+00:00,Afri-SET CC1,16.1
2025-08-26 12:00:00+00:00,Afri-SET CC1,16.0
2025-08-26 13:00:00+00:00,Afri-SET CC1,17.35
2025-08-26 14:00:00+00:00,Afri-SET CC1,17.25
2025-08-26 15:00:00+00:00,Afri-SET CC1,19.25
2025-08-26 16:00:00+00:00,Afri-SET CC1,21.3
2025-08-26 17:00:00+00:00,Afri-SET CC1,24.15
2025-08-26 18:00:00+00:00,Afri-SET CC1,26.95
2025-08-26 19:00:00+00:00,Afri-SET CC1,28.85
2025-08-26 20:00:00+00:00,Afri-SET CC1,29.9
2025-08-26 21:00:00+00:00,Afri-SET CC1,27.2
2025-08-26 22:00:00+00:00,Afri-SET CC1,27.7
2025-08-26 23:00:00+00:00,Afri-SET CC1,27.8
2025-08-27 00:00:00+00:00,Afri-SET CC1,26.2
2025-08-27 01:00:00+00:00,Afri-SET CC1,27.65
2025-08-27 02:00:00+00:00,Afri-SET CC1,29.05
2025-08-27 03:00:00+00:00,Afri-SET CC1,30.05
2025-08-27 04:00:00+00:00,Afri-SET CC1,32.9
2025-08-27 05:00:00+00:00,Afri-SET CC1,35.15
2025-08-27 06:00:00+00:00,Afri-SET CC1,36.4
2025-08-27 07:00:00+00:00,Afri-SET CC1,35.25
2025-08-27 08:00:00+00:00,Afri-SET CC1,31.35
2025-08-27 09:00:00+00:00,Afri-SET CC1,28.95
2025-08-27 10:00:00+00:00,Afri-SET CC1,28.1
2025-08-27 11:00:00+00:00,Afri-SET CC1,27.2
2025-08-27 12:00:00+00:00,Afri-SET CC1,25.85
2025-08-27 13:00:00+00:00,Afri-SET CC1,25.2
2025-08-27 14:00:00+00:00,Afri-SET CC1,26.0
2025-08-27 15:00:00+00:00,Afri-SET CC1,24.0
2025-08-27 16:00:00+00:00,Afri-SET CC1,25.0
2025-08-27 17:00:00+00:00,Afri-SET CC1,30.9
2025-08-27 18:00:00+00:00,Afri-SET CC1,32.05
2025-08-27 19:00:00+00:00,Afri-SET CC1,29.55
2025-08-27 20:00:00+00:00,Afri-SET CC1,29.3
2025-08-27 21:00:00+00:00,Afri-SET CC1,26.7
2025-08-27 22:00:00+00:00,Afri-SET CC1,30.45
2025-08-27 23:00:00+00:00,Afri-SET CC1,33.65
2025-08-28 00:00:00+00:00,Afri-SET CC1,38.7
2025-08-28 01:00:00+00:00,Afri-SET CC1,39.15
2025-08-28 02:00:00+00:00,Afri-SET CC1,36.25
2025-08-28 03:00:00+00:00,Afri-SET CC1,32.7
2025-08-28 04:00:00+00:00,Afri-SET CC1,33.2
2025-08-28 05:00:00+00:00,Afri-SET CC1,36.9
2025-08-28 06:00:00+00:00,Afri-SET CC1,41.65
2025-08-28 07:00:00+00:00,Afri-SET CC1,40.65
2025-08-28 09:00:00+00:00,Afri-SET CC1,32.75
2025-08-28 10:00:00+00:00,Afri-SET CC1,28.35
2025-08-28 11:00:00+00:00,Afri-SET CC1,28.9
2025-08-28 12:00:00+00:00,Afri-SET CC1,26.1
2025-08-28 13:00:00+00:00,Afri-SET CC1,22.65
2025-08-28 14:00:00+00:00,Afri-SET CC1,20.35
2025-08-28 15:00:00+00:00,Afri-SET CC1,20.75
2025-08-28 16:00:00+00:00,Afri-SET CC1,21.8
2025-08-28 17:00:00+00:00,Afri-SET CC1,21.3
2025-08-28 18:00:00+00:00,Afri-SET CC1,22.15
2025-08-28 19:00:00+00:00,Afri-SET CC1,23.65
2025-08-28 20:00:00+00:00,Afri-SET CC1,22.25
2025-08-28 21:00:00+00:00,Afri-SET CC1,20.8
2025-08-28 22:00:00+00:00,Afri-SET CC1,22.2
2025-08-28 23:00:00+00:00,Afri-SET CC1,21.55
2025-08-29 00:00:00+00:00,Afri-SET CC1,19.45
2025-08-29 01:00:00+00:00,Afri-SET CC1,31.35
2025-08-29 02:00:00+00:00,Afri-SET CC1,22.9
2025-08-29 03:00:00+00:00,Afri-SET CC1,16.5
2025-08-29 04:00:00+00:00,Afri-SET CC1,18.2
2025-08-29 05:00:00+00:00,Afri-SET CC1,21.7
2025-08-29 06:00:00+00:00,Afri-SET CC1,24.9
2025-08-29 07:00:00+00:00,Afri-SET CC1,27.8
2025-08-29 08:00:00+00:00,Afri-SET CC1,24.55
2025-08-29 09:00:00+00:00,Afri-SET CC1,20.2
2025-08-29 10:00:00+00:00,Afri-SET CC1,17.4
2025-08-29 11:00:00+00:00,Afri-SET CC1,16.25
2025-08-29 12:00:00+00:00,Afri-SET CC1,15.75
2025-08-29 13:00:00+00:00,Afri-SET CC1,13.25
2025-08-29 14:00:00+00:00,Afri-SET CC1,14.55
2025-08-29 15:00:00+00:00,Afri-SET CC1,15.1
2025-08-29 16:00:00+00:00,Afri-SET CC1,17.65
2025-08-29 17:00:00+00:00,Afri-SET CC1,17.7
2025-08-29 18:00:00+00:00,Afri-SET CC1,17.75
2025-08-29 19:00:00+00:00,Afri-SET CC1,19.75
2025-08-29 20:00:00+00:00,Afri-SET CC1,20.05
2025-08-29 21:00:00+00:00,Afri-SET CC1,18.3
2025-08-29 22:00:00+00:00,Afri-SET CC1,18.8
2025-08-29 23:00:00+00:00,Afri-SET CC1,17.25
2025-08-30 00:00:00+00:00,Afri-SET CC1,18.4
2025-08-30 01:00:00+00:00,Afri-SET CC1,18.2
2025-08-30 02:00:00+00:00,Afri-SET CC1,17.45
2025-08-30 03:00:00+00:00,Afri-SET CC1,18.0
2025-08-30 04:00:00+00:00,Afri-SET CC1,18.95
2025-08-30 05:00:00+00:00,Afri-SET CC1,22.0
2025-08-30 06:00:00+00:00,Afri-SET CC1,28.35
2025-08-30 07:00:00+00:00,Afri-SET CC1,25.1
2025-08-30 08:00:00+00:00,Afri-SET CC1,24.35
2025-08-30 09:00:00+00:00,Afri-SET CC1,20.3
2025-08-30 10:00:00+00:00,Afri-SET CC1,20.25
2025-08-30 11:00:00+00:00,Afri-SET CC1,19.75
2025-08-30 12:00:00+00:00,Afri-SET CC1,22.45
2025-08-30 13:00:00+00:00,Afri-SET CC1,20.7
2025-08-30 14:00:00+00:00,Afri-SET CC1,22.75
2025-08-30 15:00:00+00:00,Afri-SET CC1,24.0
2025-08-30 16:00:00+00:00,Afri-SET CC1,25.2
2025-08-30 17:00:00+00:00,Afri-SET CC1,28.35
2025-08-30 18:00:00+00:00,Afri-SET CC1,28.5
2025-08-30 19:00:00+00:00,Afri-SET CC1,25.95
2025-08-30 20:00:00+00:00,Afri-SET CC1,26.6
2025-08-30 21:00:00+00:00,Afri-SET CC1,27.3
2025-08-30 22:00:00+00:00,Afri-SET CC1,26.7
2025-08-30 23:00:00+00:00,Afri-SET CC1,25.55
2025-08-31 00:00:00+00:00,Afri-SET CC1,28.05
2025-08-31 01:00:00+00:00,Afri-SET CC1,23.4
2025-08-31 02:00:00+00:00,Afri-SET CC1,23.1
2025-08-31 03:00:00+00:00,Afri-SET CC1,24.05
2025-08-31 04:00:00+00:00,Afri-SET CC1,25.35
2025-08-31 05:00:00+00:00,Afri-SET CC1,27.6
2025-08-31 06:00:00+00:00,Afri-SET CC1,29.8
2025-08-31 07:00:00+00:00,Afri-SET CC1,30.0
2025-08-31 08:00:00+00:00,Afri-SET CC1,30.25
2025-08-31 09:00:00+00:00,Afri-SET CC1,27.6
2025-08-31 10:00:00+00:00,Afri-SET CC1,22.15
2025-08-31 11:00:00+00:00,Afri-SET CC1,21.35
2025-08-31 12:00:00+00:00,Afri-SET CC1,20.45
2025-08-31 13:00:00+00:00,Afri-SET CC1,19.75
2025-08-31 14:00:00+00:00,Afri-SET CC1,17.55
2025-08-31 15:00:00+00:00,Afri-SET CC1,18.7
2025-08-31 16:00:00+00:00,Afri-SET CC1,18.55
2025-08-31 17:00:00+00:00,Afri-SET CC1,19.9
2025-08-31 18:00:00+00:00,Afri-SET CC1,23.8
2025-08-31 19:00:00+00:00,Afri-SET CC1,25.55
2025-08-31 20:00:00+00:00,Afri-SET CC1,22.6
2025-08-31 21:00:00+00:00,Afri-SET CC1,23.05
2025-08-31 22:00:00+00:00,Afri-SET CC1,24.1
2025-08-31 23:00:00+00:00,Afri-SET CC1,26.1
2025-08-01 00:00:00+00:00,Afri-SET F1,20.5
2025-08-01 01:00:00+00:00,Afri-SET F1,22.0
2025-08-01 02:00:00+00:00,Afri-SET F1,19.95
2025-08-01 03:00:00+00:00,Afri-SET F1,21.4
2025-08-01 04:00:00+00:00,Afri-SET F1,23.45
2025-08-01 05:00:00+00:00,Afri-SET F1,26.85
2025-08-01 06:00:00+00:00,Afri-SET F1,28.3
2025-08-01 07:00:00+00:00,Afri-SET F1,29.15
2025-08-01 08:00:00+00:00,Afri-SET F1,25.1
2025-08-01 09:00:00+00:00,Afri-SET F1,25.8
2025-08-01 10:00:00+00:00,Afri-SET F1,23.8
2025-08-01 11:00:00+00:00,Afri-SET F1,26.75
2025-08-01 12:00:00+00:00,Afri-SET F1,23.05
2025-08-01 13:00:00+00:00,Afri-SET F1,22.45
2025-08-01 14:00:00+00:00,Afri-SET F1,22.0
2025-08-01 15:00:00+00:00,Afri-SET F1,23.85
2025-08-01 16:00:00+00:00,Afri-SET F1,30.15
2025-08-01 17:00:00+00:00,Afri-SET F1,31.8
2025-08-01 18:00:00+00:00,Afri-SET F1,31.25
2025-08-01 19:00:00+00:00,Afri-SET F1,30.7
2025-08-01 20:00:00+00:00,Afri-SET F1,29.0
2025-08-01 21:00:00+00:00,Afri-SET F1,28.25
2025-08-01 22:00:00+00:00,Afri-SET F1,30.85
2025-08-01 23:00:00+00:00,Afri-SET F1,31.5
2025-08-02 00:00:00+00:00,Afri-SET F1,29.8
2025-08-02 01:00:00+00:00,Afri-SET F1,24.85
2025-08-02 02:00:00+00:00,Afri-SET F1,25.35
2025-08-02 03:00:00+00:00,Afri-SET F1,26.6
2025-08-02 04:00:00+00:00,Afri-SET F1,29.15
2025-08-02 05:00:00+00:00,Afri-SET F1,36.2
2025-08-02 06:00:00+00:00,Afri-SET F1,36.3
2025-08-02 07:00:00+00:00,Afri-SET F1,37.7
2025-08-02 08:00:00+00:00,Afri-SET F1,29.85
2025-08-02 09:00:00+00:00,Afri-SET F1,27.65
2025-08-02 10:00:00+00:00,Afri-SET F1,24.6
2025-08-02 11:00:00+00:00,Afri-SET F1,24.35
2025-08-02 12:00:00+00:00,Afri-SET F1,24.95
2025-08-02 13:00:00+00:00,Afri-SET F1,24.2
2025-08-02 14:00:00+00:00,Afri-SET F1,22.25
2025-08-02 15:00:00+00:00,Afri-SET F1,26.55
2025-08-02 16:00:00+00:00,Afri-SET F1,31.15
2025-08-02 17:00:00+00:00,Afri-SET F1,36.4
2025-08-02 18:00:00+00:00,Afri-SET F1,40.7
2025-08-02 19:00:00+00:00,Afri-SET F1,37.95
2025-08-02 20:00:00+00:00,Afri-SET F1,36.5
2025-08-02 21:00:00+00:00,Afri-SET F1,44.3
2025-08-02 22:00:00+00:00,Afri-SET F1,40.3
2025-08-02 23:00:00+00:00,Afri-SET F1,34.45
2025-08-03 00:00:00+00:00,Afri-SET F1,30.85
2025-08-03 01:00:00+00:00,Afri-SET F1,31.3
2025-08-03 02:00:00+00:00,Afri-SET F1,30.15
2025-08-03 03:00:00+00:00,Afri-SET F1,28.5
2025-08-03 04:00:00+00:00,Afri-SET F1,28.55
2025-08-03 05:00:00+00:00,Afri-SET F1,31.8
2025-08-03 06:00:00+00:00,Afri-SET F1,37.55
2025-08-03 07:00:00+00:00,Afri-SET F1,38.5
2025-08-03 08:00:00+00:00,Afri-SET F1,34.85
2025-08-03 09:00:00+00:00,Afri-SET F1,31.75
2025-08-03 10:00:00+00:00,Afri-SET F1,26.1
2025-08-03 11:00:00+00:00,Afri-SET F1,24.45
2025-08-03 12:00:00+00:00,Afri-SET F1,25.1
2025-08-03 13:00:00+00:00,Afri-SET F1,25.45
2025-08-03 14:00:00+00:00,Afri-SET F1,27.9
2025-08-03 15:00:00+00:00,Afri-SET F1,26.35
2025-08-03 16:00:00+00:00,Afri-SET F1,27.25
2025-08-03 17:00:00+00:00,Afri-SET F1,28.6
2025-08-03 18:00:00+00:00,Afri-SET F1,30.6
2025-08-03 19:00:00+00:00,Afri-SET F1,37.2
2025-08-03 20:00:00+00:00,Afri-SET F1,37.6
2025-08-03 21:00:00+00:00,Afri-SET F1,40.65
2025-08-03 22:00:00+00:00,Afri-SET F1,33.55
2025-08-03 23:00:00+00:00,Afri-SET F1,30.3
2025-08-04 00:00:00+00:00,Afri-SET F1,27.5
2025-08-04 01:00:00+00:00,Afri-SET F1,26.55
2025-08-04 02:00:00+00:00,Afri-SET F1,27.8
2025-08-04 03:00:00+00:00,Afri-SET F1,26.1
2025-08-04 04:00:00+00:00,Afri-SET F1,19.05
2025-08-04 05:00:00+00:00,Afri-SET F1,25.15
2025-08-04 06:00:00+00:00,Afri-SET F1,29.2
2025-08-04 07:00:00+00:00,Afri-SET F1,33.35
2025-08-04 08:00:00+00:00,Afri-SET F1,36.85
2025-08-04 09:00:00+00:00,Afri-SET F1,42.25
2025-08-04 10:00:00+00:00,Afri-SET F1,38.9
2025-08-04 11:00:00+00:00,Afri-SET F1,34.3
2025-08-04 12:00:00+00:00,Afri-SET F1,31.55
2025-08-04 13:00:00+00:00,Afri-SET F1,30.25
2025-08-04 14:00:00+00:00,Afri-SET F1,30.1
2025-08-04 15:00:00+00:00,Afri-SET F1,31.5
2025-08-04 16:00:00+00:00,Afri-SET F1,31.4
2025-08-04 17:00:00+00:00,Afri-SET F1,32.0
2025-08-04 18:00:00+00:00,Afri-SET F1,33.3
2025-08-04 19:00:00+00:00,Afri-SET F1,35.45
2025-08-04 20:00:00+00:00,Afri-SET F1,34.35
2025-08-04 21:00:00+00:00,Afri-SET F1,29.85
2025-08-04 22:00:00+00:00,Afri-SET F1,29.9
2025-08-05 00:00:00+00:00,Afri-SET F1,29.3
2025-08-05 03:00:00+00:00,Afri-SET F1,20.9
2025-08-05 04:00:00+00:00,Afri-SET F1,24.8
2025-08-05 05:00:00+00:00,Afri-SET F1,25.85
2025-08-05 06:00:00+00:00,Afri-SET F1,29.35
2025-08-05 07:00:00+00:00,Afri-SET F1,31.55
2025-08-05 08:00:00+00:00,Afri-SET F1,30.95
2025-08-05 09:00:00+00:00,Afri-SET F1,31.15
2025-08-05 10:00:00+00:00,Afri-SET F1,28.6
2025-08-05 11:00:00+00:00,Afri-SET F1,23.9
2025-08-05 12:00:00+00:00,Afri-SET F1,23.15
2025-08-05 13:00:00+00:00,Afri-SET F1,21.75
2025-08-05 14:00:00+00:00,Afri-SET F1,23.1
2025-08-05 15:00:00+00:00,Afri-SET F1,26.65
2025-08-05 16:00:00+00:00,Afri-SET F1,25.95
2025-08-05 17:00:00+00:00,Afri-SET F1,26.75
2025-08-05 18:00:00+00:00,Afri-SET F1,28.65
2025-08-05 19:00:00+00:00,Afri-SET F1,31.05
2025-08-05 20:00:00+00:00,Afri-SET F1,30.45
2025-08-05 21:00:00+00:00,Afri-SET F1,30.8
2025-08-05 22:00:00+00:00,Afri-SET F1,31.25
2025-08-05 23:00:00+00:00,Afri-SET F1,31.15
2025-08-06 00:00:00+00:00,Afri-SET F1,25.45
2025-08-06 01:00:00+00:00,Afri-SET F1,24.6
2025-08-06 02:00:00+00:00,Afri-SET F1,17.7
2025-08-06 03:00:00+00:00,Afri-SET F1,19.2
2025-08-06 04:00:00+00:00,Afri-SET F1,25.6
2025-08-06 05:00:00+00:00,Afri-SET F1,29.55
2025-08-06 06:00:00+00:00,Afri-SET F1,33.0
2025-08-06 07:00:00+00:00,Afri-SET F1,35.3
2025-08-06 08:00:00+00:00,Afri-SET F1,35.3
2025-08-06 09:00:00+00:00,Afri-SET F1,35.7
2025-08-06 10:00:00+00:00,Afri-SET F1,34.25
2025-08-06 11:00:00+00:00,Afri-SET F1,28.55
2025-08-06 12:00:00+00:00,Afri-SET F1,27.8
2025-08-06 13:00:00+00:00,Afri-SET F1,30.05
2025-08-06 14:00:00+00:00,Afri-SET F1,32.05
2025-08-06 15:00:00+00:00,Afri-SET F1,30.05
2025-08-06 16:00:00+00:00,Afri-SET F1,32.6
2025-08-06 17:00:00+00:00,Afri-SET F1,33.9
2025-08-06 18:00:00+00:00,Afri-SET F1,35.4
2025-08-06 19:00:00+00:00,Afri-SET F1,37.05
2025-08-06 20:00:00+00:00,Afri-SET F1,38.6
2025-08-06 21:00:00+00:00,Afri-SET F1,40.15
2025-08-06 22:00:00+00:00,Afri-SET F1,38.2
2025-08-06 23:00:00+00:00,Afri-SET F1,36.85
2025-08-07 00:00:00+00:00,Afri-SET F1,36.55
2025-08-07 01:00:00+00:00,Afri-SET F1,37.25
2025-08-07 02:00:00+00:00,Afri-SET F1,37.55
2025-08-07 03:00:00+00:00,Afri-SET F1,38.45
2025-08-07 04:00:00+00:00,Afri-SET F1,39.05
2025-08-07 10:00:00+00:00,Afri-SET F1,37.25
2025-08-07 11:00:00+00:00,Afri-SET F1,33.7
2025-08-07 12:00:00+00:00,Afri-SET F1,34.3
2025-08-07 13:00:00+00:00,Afri-SET F1,32.95
2025-08-07 14:00:00+00:00,Afri-SET F1,32.55
2025-08-07 15:00:00+00:00,Afri-SET F1,31.1
2025-08-07 16:00:00+00:00,Afri-SET F1,32.8
2025-08-07 17:00:00+00:00,Afri-SET F1,35.05
2025-08-07 18:00:00+00:00,Afri-SET F1,33.95
2025-08-07 19:00:00+00:00,Afri-SET F1,34.6
2025-08-07 20:00:00+00:00,Afri-SET F1,34.85
2025-08-07 21:00:00+00:00,Afri-SET F1,33.75
2025-08-07 22:00:00+00:00,Afri-SET F1,33.9
2025-08-07 23:00:00+00:00,Afri-SET F1,34.2
2025-08-08 00:00:00+00:00,Afri-SET F1,34.15
2025-08-08 01:00:00+00:00,Afri-SET F1,36.9
2025-08-08 02:00:00+00:00,Afri-SET F1,33.8
2025-08-08 03:00:00+00:00,Afri-SET F1,34.4
2025-08-08 04:00:00+00:00,Afri-SET F1,35.8
2025-08-08 05:00:00+00:00,Afri-SET F1,38.3
2025-08-08 06:00:00+00:00,Afri-SET F1,38.5
2025-08-08 07:00:00+00:00,Afri-SET F1,40.15
2025-08-08 08:00:00+00:00,Afri-SET F1,37.45
2025-08-08 09:00:00+00:00,Afri-SET F1,34.3
2025-08-08 10:00:00+00:00,Afri-SET F1,33.95
2025-08-08 11:00:00+00:00,Afri-SET F1,32.2
2025-08-08 12:00:00+00:00,Afri-SET F1,31.25
2025-08-08 13:00:00+00:00,Afri-SET F1,31.25
2025-08-08 14:00:00+00:00,Afri-SET F1,31.7
2025-08-08 15:00:00+00:00,Afri-SET F1,30.95
2025-08-08 16:00:00+00:00,Afri-SET F1,30.55
2025-08-08 17:00:00+00:00,Afri-SET F1,31.75
2025-08-08 18:00:00+00:00,Afri-SET F1,32.35
2025-08-08 19:00:00+00:00,Afri-SET F1,34.2
2025-08-08 20:00:00+00:00,Afri-SET F1,37.4
2025-08-08 21:00:00+00:00,Afri-SET F1,30.3
2025-08-08 22:00:00+00:00,Afri-SET F1,27.9
2025-08-08 23:00:00+00:00,Afri-SET F1,26.1
2025-08-09 00:00:00+00:00,Afri-SET F1,24.8
2025-08-09 01:00:00+00:00,Afri-SET F1,26.45
2025-08-09 02:00:00+00:00,Afri-SET F1,27.75
2025-08-09 03:00:00+00:00,Afri-SET F1,26.35
2025-08-09 04:00:00+00:00,Afri-SET F1,27.9
2025-08-09 05:00:00+00:00,Afri-SET F1,29.15
2025-08-09 06:00:00+00:00,Afri-SET F1,33.2
2025-08-09 07:00:00+00:00,Afri-SET F1,34.85
2025-08-09 08:00:00+00:00,Afri-SET F1,33.5
2025-08-09 09:00:00+00:00,Afri-SET F1,31.9
2025-08-09 10:00:00+00:00,Afri-SET F1,28.5
2025-08-09 11:00:00+00:00,Afri-SET F1,25.3
2025-08-09 12:00:00+00:00,Afri-SET F1,25.0
2025-08-09 13:00:00+00:00,Afri-SET F1,29.35
2025-08-09 14:00:00+00:00,Afri-SET F1,25.6
2025-08-09 15:00:00+00:00,Afri-SET F1,24.75
2025-08-09 16:00:00+00:00,Afri-SET F1,24.9
2025-08-09 17:00:00+00:00,Afri-SET F1,32.05
2025-08-09 18:00:00+00:00,Afri-SET F1,37.6
2025-08-09 19:00:00+00:00,Afri-SET F1,32.4
2025-08-09 20:00:00+00:00,Afri-SET F1,29.35
2025-08-09 21:00:00+00:00,Afri-SET F1,29.2
2025-08-09 22:00:00+00:00,Afri-SET F1,32.9
2025-08-09 23:00:00+00:00,Afri-SET F1,33.3
2025-08-10 00:00:00+00:00,Afri-SET F1,38.2
2025-08-10 01:00:00+00:00,Afri-SET F1,34.75
2025-08-10 02:00:00+00:00,Afri-SET F1,28.55
2025-08-10 03:00:00+00:00,Afri-SET F1,28.5
2025-08-10 04:00:00+00:00,Afri-SET F1,27.8
2025-08-10 05:00:00+00:00,Afri-SET F1,31.2
2025-08-10 06:00:00+00:00,Afri-SET F1,39.25
2025-08-10 07:00:00+00:00,Afri-SET F1,38.0
2025-08-10 08:00:00+00:00,Afri-SET F1,34.3
2025-08-10 09:00:00+00:00,Afri-SET F1,26.05
2025-08-10 10:00:00+00:00,Afri-SET F1,18.2
2025-08-10 11:00:00+00:00,Afri-SET F1,13.3
2025-08-10 12:00:00+00:00,Afri-SET F1,16.1
2025-08-10 13:00:00+00:00,Afri-SET F1,16.7
2025-08-10 14:00:00+00:00,Afri-SET F1,11.55
2025-08-10 15:00:00+00:00,Afri-SET F1,10.75
2025-08-10 16:00:00+00:00,Afri-SET F1,12.85
2025-08-10 17:00:00+00:00,Afri-SET F1,17.25
2025-08-10 18:00:00+00:00,Afri-SET F1,22.45
2025-08-10 19:00:00+00:00,Afri-SET F1,24.65
2025-08-10 20:00:00+00:00,Afri-SET F1,22.5
2025-08-10 21:00:00+00:00,Afri-SET F1,20.2
2025-08-10 22:00:00+00:00,Afri-SET F1,20.75
2025-08-10 23:00:00+00:00,Afri-SET F1,22.1
2025-08-11 00:00:00+00:00,Afri-SET F1,16.35
2025-08-11 01:00:00+00:00,Afri-SET F1,14.1
2025-08-11 02:00:00+00:00,Afri-SET F1,13.05
2025-08-11 03:00:00+00:00,Afri-SET F1,17.5
2025-08-11 04:00:00+00:00,Afri-SET F1,19.75
2025-08-11 05:00:00+00:00,Afri-SET F1,30.3
2025-08-11 06:00:00+00:00,Afri-SET F1,32.55
2025-08-11 07:00:00+00:00,Afri-SET F1,21.4
2025-08-11 08:00:00+00:00,Afri-SET F1,20.65
2025-08-11 09:00:00+00:00,Afri-SET F1,17.7
2025-08-11 10:00:00+00:00,Afri-SET F1,11.95
2025-08-11 11:00:00+00:00,Afri-SET F1,14.75
2025-08-11 12:00:00+00:00,Afri-SET F1,19.35
2025-08-11 13:00:00+00:00,Afri-SET F1,20.6
2025-08-11 14:00:00+00:00,Afri-SET F1,22.8
2025-08-11 15:00:00+00:00,Afri-SET F1,21.8
2025-08-11 16:00:00+00:00,Afri-SET F1,20.35
2025-08-11 17:00:00+00:00,Afri-SET F1,18.25
2025-08-11 18:00:00+00:00,Afri-SET F1,17.05
2025-08-11 19:00:00+00:00,Afri-SET F1,14.4
2025-08-11 20:00:00+00:00,Afri-SET F1,15.95
2025-08-11 21:00:00+00:00,Afri-SET F1,13.5
2025-08-11 22:00:00+00:00,Afri-SET F1,11.7
2025-08-11 23:00:00+00:00,Afri-SET F1,13.4
2025-08-12 00:00:00+00:00,Afri-SET F1,13.7
2025-08-12 01:00:00+00:00,Afri-SET F1,11.25
2025-08-12 02:00:00+00:00,Afri-SET F1,9.75
2025-08-12 09:00:00+00:00,Afri-SET F1,3.95
2025-08-12 10:00:00+00:00,Afri-SET F1,3.15
2025-08-12 11:00:00+00:00,Afri-SET F1,1.9
2025-08-12 12:00:00+00:00,Afri-SET F1,4.6
2025-08-12 13:00:00+00:00,Afri-SET F1,3.7
2025-08-12 14:00:00+00:00,Afri-SET F1,4.55
2025-08-12 15:00:00+00:00,Afri-SET F1,6.45
2025-08-12 16:00:00+00:00,Afri-SET F1,7.3
2025-08-12 17:00:00+00:00,Afri-SET F1,8.25
2025-08-12 18:00:00+00:00,Afri-SET F1,11.2
2025-08-12 19:00:00+00:00,Afri-SET F1,19.7
2025-08-12 20:00:00+00:00,Afri-SET F1,18.75
2025-08-12 21:00:00+00:00,Afri-SET F1,10.35
2025-08-12 22:00:00+00:00,Afri-SET F1,8.35
2025-08-12 23:00:00+00:00,Afri-SET F1,6.15
2025-08-13 00:00:00+00:00,Afri-SET F1,5.1
2025-08-13 01:00:00+00:00,Afri-SET F1,6.1
2025-08-13 02:00:00+00:00,Afri-SET F1,7.8
2025-08-13 03:00:00+00:00,Afri-SET F1,9.95
2025-08-13 04:00:00+00:00,Afri-SET F1,9.6
2025-08-13 05:00:00+00:00,Afri-SET F1,11.95
2025-08-13 06:00:00+00:00,Afri-SET F1,20.8
2025-08-13 07:00:00+00:00,Afri-SET F1,18.7
2025-08-13 08:00:00+00:00,Afri-SET F1,13.45
2025-08-13 09:00:00+00:00,Afri-SET F1,6.85
2025-08-13 10:00:00+00:00,Afri-SET F1,4.95
2025-08-13 11:00:00+00:00,Afri-SET F1,6.05
2025-08-13 12:00:00+00:00,Afri-SET F1,7.6
2025-08-13 13:00:00+00:00,Afri-SET F1,6.95
2025-08-13 14:00:00+00:00,Afri-SET F1,5.5
2025-08-13 15:00:00+00:00,Afri-SET F1,5.85
2025-08-13 16:00:00+00:00,Afri-SET F1,6.85
2025-08-13 17:00:00+00:00,Afri-SET F1,7.8
2025-08-13 18:00:00+00:00,Afri-SET F1,10.15
2025-08-13 19:00:00+00:00,Afri-SET F1,13.55
2025-08-13 20:00:00+00:00,Afri-SET F1,14.3
2025-08-13 21:00:00+00:00,Afri-SET F1,8.25
2025-08-13 22:00:00+00:00,Afri-SET F1,5.75
2025-08-13 23:00:00+00:00,Afri-SET F1,5.8
2025-08-14 00:00:00+00:00,Afri-SET F1,11.35
2025-08-14 01:00:00+00:00,Afri-SET F1,18.15
2025-08-14 02:00:00+00:00,Afri-SET F1,5.35
2025-08-14 03:00:00+00:00,Afri-SET F1,5.95
2025-08-14 04:00:00+00:00,Afri-SET F1,6.8
2025-08-14 05:00:00+00:00,Afri-SET F1,8.9
2025-08-14 06:00:00+00:00,Afri-SET F1,18.25
2025-08-14 09:00:00+00:00,Afri-SET F1,13.0
2025-08-14 10:00:00+00:00,Afri-SET F1,4.65
2025-08-14 11:00:00+00:00,Afri-SET F1,4.15
2025-08-14 12:00:00+00:00,Afri-SET F1,5.45
2025-08-14 13:00:00+00:00,Afri-SET F1,6.6
2025-08-14 14:00:00+00:00,Afri-SET F1,6.0
2025-08-14 15:00:00+00:00,Afri-SET F1,4.65
2025-08-14 16:00:00+00:00,Afri-SET F1,6.1
2025-08-14 17:00:00+00:00,Afri-SET F1,7.5
2025-08-14 18:00:00+00:00,Afri-SET F1,12.5
2025-08-14 19:00:00+00:00,Afri-SET F1,16.95
2025-08-14 20:00:00+00:00,Afri-SET F1,15.45
2025-08-14 21:00:00+00:00,Afri-SET F1,14.05
2025-08-14 22:00:00+00:00,Afri-SET F1,14.15
2025-08-14 23:00:00+00:00,Afri-SET F1,13.9
2025-08-15 00:00:00+00:00,Afri-SET F1,23.25
2025-08-15 01:00:00+00:00,Afri-SET F1,21.65
2025-08-15 02:00:00+00:00,Afri-SET F1,14.85
2025-08-15 03:00:00+00:00,Afri-SET F1,21.35
2025-08-15 04:00:00+00:00,Afri-SET F1,35.1
2025-08-15 05:00:00+00:00,Afri-SET F1,30.75
2025-08-15 06:00:00+00:00,Afri-SET F1,30.3
2025-08-15 07:00:00+00:00,Afri-SET F1,30.6
2025-08-15 08:00:00+00:00,Afri-SET F1,17.95
2025-08-15 09:00:00+00:00,Afri-SET F1,14.6
2025-08-15 10:00:00+00:00,Afri-SET F1,12.9
2025-08-15 11:00:00+00:00,Afri-SET F1,14.15
2025-08-15 12:00:00+00:00,Afri-SET F1,14.15
2025-08-15 13:00:00+00:00,Afri-SET F1,15.75
2025-08-15 14:00:00+00:00,Afri-SET F1,14.05
2025-08-15 15:00:00+00:00,Afri-SET F1,14.15
2025-08-15 16:00:00+00:00,Afri-SET F1,13.55
2025-08-15 17:00:00+00:00,Afri-SET F1,19.0
2025-08-15 18:00:00+00:00,Afri-SET F1,18.6
2025-08-15 19:00:00+00:00,Afri-SET F1,17.4
2025-08-15 20:00:00+00:00,Afri-SET F1,18.8
2025-08-15 21:00:00+00:00,Afri-SET F1,18.45
2025-08-15 22:00:00+00:00,Afri-SET F1,18.95
2025-08-15 23:00:00+00:00,Afri-SET F1,16.5
2025-08-16 00:00:00+00:00,Afri-SET F1,15.75
2025-08-16 01:00:00+00:00,Afri-SET F1,15.1
2025-08-16 02:00:00+00:00,Afri-SET F1,14.6
2025-08-16 03:00:00+00:00,Afri-SET F1,14.65
2025-08-16 04:00:00+00:00,Afri-SET F1,17.0
2025-08-16 05:00:00+00:00,Afri-SET F1,21.9
2025-08-16 06:00:00+00:00,Afri-SET F1,26.6
2025-08-16 09:00:00+00:00,Afri-SET F1,22.65
2025-08-16 10:00:00+00:00,Afri-SET F1,21.5
2025-08-16 11:00:00+00:00,Afri-SET F1,24.05
2025-08-16 12:00:00+00:00,Afri-SET F1,22.65
2025-08-16 13:00:00+00:00,Afri-SET F1,19.95
2025-08-16 14:00:00+00:00,Afri-SET F1,15.2
2025-08-16 15:00:00+00:00,Afri-SET F1,13.85
2025-08-16 16:00:00+00:00,Afri-SET F1,16.0
2025-08-16 17:00:00+00:00,Afri-SET F1,16.95
2025-08-16 18:00:00+00:00,Afri-SET F1,16.8
2025-08-16 19:00:00+00:00,Afri-SET F1,19.45
2025-08-16 20:00:00+00:00,Afri-SET F1,19.5
2025-08-16 21:00:00+00:00,Afri-SET F1,19.1
2025-08-16 22:00:00+00:00,Afri-SET F1,21.5
2025-08-16 23:00:00+00:00,Afri-SET F1,20.35
2025-08-17 00:00:00+00:00,Afri-SET F1,15.4
2025-08-17 01:00:00+00:00,Afri-SET F1,15.7
2025-08-17 02:00:00+00:00,Afri-SET F1,20.15
2025-08-17 03:00:00+00:00,Afri-SET F1,19.5
2025-08-17 04:00:00+00:00,Afri-SET F1,14.05
2025-08-17 05:00:00+00:00,Afri-SET F1,14.85
2025-08-17 06:00:00+00:00,Afri-SET F1,20.2
2025-08-17 07:00:00+00:00,Afri-SET F1,20.35
2025-08-17 08:00:00+00:00,Afri-SET F1,18.8
2025-08-17 09:00:00+00:00,Afri-SET F1,14.3
2025-08-17 10:00:00+00:00,Afri-SET F1,12.0
2025-08-17 11:00:00+00:00,Afri-SET F1,10.4
2025-08-17 12:00:00+00:00,Afri-SET F1,9.9
2025-08-17 13:00:00+00:00,Afri-SET F1,10.8
2025-08-17 14:00:00+00:00,Afri-SET F1,12.0
2025-08-17 15:00:00+00:00,Afri-SET F1,14.15
2025-08-17 16:00:00+00:00,Afri-SET F1,14.4
2025-08-17 17:00:00+00:00,Afri-SET F1,15.05
2025-08-17 18:00:00+00:00,Afri-SET F1,16.35
2025-08-17 19:00:00+00:00,Afri-SET F1,18.55
2025-08-18 10:00:00+00:00,Afri-SET F1,16.75
2025-08-18 11:00:00+00:00,Afri-SET F1,15.35
2025-08-18 12:00:00+00:00,Afri-SET F1,15.55
2025-08-18 13:00:00+00:00,Afri-SET F1,14.95
2025-08-18 14:00:00+00:00,Afri-SET F1,16.05
2025-08-18 15:00:00+00:00,Afri-SET F1,15.8
2025-08-18 16:00:00+00:00,Afri-SET F1,16.45
2025-08-18 17:00:00+00:00,Afri-SET F1,17.3
2025-08-18 18:00:00+00:00,Afri-SET F1,17.9
2025-08-18 19:00:00+00:00,Afri-SET F1,21.4
2025-08-18 20:00:00+00:00,Afri-SET F1,22.6
2025-08-18 21:00:00+00:00,Afri-SET F1,21.65
2025-08-18 22:00:00+00:00,Afri-SET F1,20.3
2025-08-18 23:00:00+00:00,Afri-SET F1,20.65
2025-08-19 00:00:00+00:00,Afri-SET F1,20.6
2025-08-19 01:00:00+00:00,Afri-SET F1,19.65
2025-08-19 02:00:00+00:00,Afri-SET F1,21.2
2025-08-19 03:00:00+00:00,Afri-SET F1,20.8
2025-08-19 04:00:00+00:00,Afri-SET F1,25.25
2025-08-19 05:00:00+00:00,Afri-SET F1,28.15
2025-08-19 06:00:00+00:00,Afri-SET F1,32.95
2025-08-19 07:00:00+00:00,Afri-SET F1,34.05
2025-08-19 08:00:00+00:00,Afri-SET F1,30.45
2025-08-19 09:00:00+00:00,Afri-SET F1,24.35
2025-08-19 10:00:00+00:00,Afri-SET F1,13.2
2025-08-19 11:00:00+00:00,Afri-SET F1,12.4
2025-08-19 12:00:00+00:00,Afri-SET F1,12.25
2025-08-19 13:00:00+00:00,Afri-SET F1,9.25
2025-08-19 14:00:00+00:00,Afri-SET F1,8.0
2025-08-19 15:00:00+00:00,Afri-SET F1,8.05
2025-08-19 16:00:00+00:00,Afri-SET F1,9.6
2025-08-19 17:00:00+00:00,Afri-SET F1,15.0
2025-08-19 18:00:00+00:00,Afri-SET F1,21.7
2025-08-19 19:00:00+00:00,Afri-SET F1,26.8
2025-08-19 20:00:00+00:00,Afri-SET F1,24.9
2025-08-19 21:00:00+00:00,Afri-SET F1,27.05
2025-08-19 22:00:00+00:00,Afri-SET F1,28.75
2025-08-19 23:00:00+00:00,Afri-SET F1,34.85
2025-08-20 00:00:00+00:00,Afri-SET F1,37.65
2025-08-20 01:00:00+00:00,Afri-SET F1,27.8
2025-08-20 02:00:00+00:00,Afri-SET F1,25.3
2025-08-20 03:00:00+00:00,Afri-SET F1,30.55
2025-08-20 04:00:00+00:00,Afri-SET F1,24.9
2025-08-20 05:00:00+00:00,Afri-SET F1,26.9
2025-08-20 06:00:00+00:00,Afri-SET F1,40.1
2025-08-20 07:00:00+00:00,Afri-SET F1,37.75
2025-08-20 08:00:00+00:00,Afri-SET F1,27.85
2025-08-20 09:00:00+00:00,Afri-SET F1,25.65
2025-08-20 10:00:00+00:00,Afri-SET F1,23.55
2025-08-20 11:00:00+00:00,Afri-SET F1,20.4
2025-08-20 12:00:00+00:00,Afri-SET F1,18.25
2025-08-20 13:00:00+00:00,Afri-SET F1,18.6
2025-08-20 14:00:00+00:00,Afri-SET F1,14.6
2025-08-20 15:00:00+00:00,Afri-SET F1,13.95
2025-08-20 16:00:00+00:00,Afri-SET F1,13.65
2025-08-20 17:00:00+00:00,Afri-SET F1,15.7
2025-08-20 18:00:00+00:00,Afri-SET F1,20.1
2025-08-20 19:00:00+00:00,Afri-SET F1,32.9
2025-08-20 20:00:00+00:00,Afri-SET F1,32.65
2025-08-20 21:00:00+00:00,Afri-SET F1,23.6
2025-08-20 22:00:00+00:00,Afri-SET F1,24.05
2025-08-20 23:00:00+00:00,Afri-SET F1,23.15
2025-08-21 00:00:00+00:00,Afri-SET F1,22.75
2025-08-21 01:00:00+00:00,Afri-SET F1,20.1
2025-08-21 02:00:00+00:00,Afri-SET F1,18.75
2025-08-21 03:00:00+00:00,Afri-SET F1,18.6
2025-08-21 04:00:00+00:00,Afri-SET F1,19.1
2025-08-21 05:00:00+00:00,Afri-SET F1,21.45
2025-08-21 06:00:00+00:00,Afri-SET F1,29.35
2025-08-21 07:00:00+00:00,Afri-SET F1,33.0
2025-08-21 08:00:00+00:00,Afri-SET F1,27.95
2025-08-21 09:00:00+00:00,Afri-SET F1,27.1
2025-08-21 10:00:00+00:00,Afri-SET F1,23.95
2025-08-21 11:00:00+00:00,Afri-SET F1,20.3
2025-08-21 12:00:00+00:00,Afri-SET F1,16.7
2025-08-21 13:00:00+00:00,Afri-SET F1,17.2
2025-08-21 14:00:00+00:00,Afri-SET F1,15.05
2025-08-21 15:00:00+00:00,Afri-SET F1,16.95
2025-08-21 16:00:00+00:00,Afri-SET F1,14.25
2025-08-21 17:00:00+00:00,Afri-SET F1,14.5
2025-08-21 18:00:00+00:00,Afri-SET F1,14.3
2025-08-21 19:00:00+00:00,Afri-SET F1,17.65
2025-08-21 20:00:00+00:00,Afri-SET F1,15.45
2025-08-21 21:00:00+00:00,Afri-SET F1,13.8
2025-08-21 22:00:00+00:00,Afri-SET F1,14.6
2025-08-21 23:00:00+00:00,Afri-SET F1,21.25
2025-08-22 00:00:00+00:00,Afri-SET F1,21.45
2025-08-22 01:00:00+00:00,Afri-SET F1,22.8
2025-08-22 02:00:00+00:00,Afri-SET F1,19.85
2025-08-22 03:00:00+00:00,Afri-SET F1,19.65
2025-08-22 04:00:00+00:00,Afri-SET F1,21.4
2025-08-22 05:00:00+00:00,Afri-SET F1,22.9
2025-08-22 06:00:00+00:00,Afri-SET F1,28.75
2025-08-22 07:00:00+00:00,Afri-SET F1,31.35
2025-08-22 08:00:00+00:00,Afri-SET F1,26.2
2025-08-22 09:00:00+00:00,Afri-SET F1,24.7
2025-08-22 10:00:00+00:00,Afri-SET F1,24.75
2025-08-22 11:00:00+00:00,Afri-SET F1,28.2
2025-08-22 12:00:00+00:00,Afri-SET F1,32.75
2025-08-22 13:00:00+00:00,Afri-SET F1,31.1
2025-08-22 14:00:00+00:00,Afri-SET F1,30.55
2025-08-22 15:00:00+00:00,Afri-SET F1,30.45
2025-08-22 16:00:00+00:00,Afri-SET F1,22.0
2025-08-22 17:00:00+00:00,Afri-SET F1,27.25
2025-08-22 18:00:00+00:00,Afri-SET F1,38.0
2025-08-22 19:00:00+00:00,Afri-SET F1,38.8
2025-08-22 20:00:00+00:00,Afri-SET F1,38.3
2025-08-22 21:00:00+00:00,Afri-SET F1,39.6
2025-08-22 22:00:00+00:00,Afri-SET F1,43.25
2025-08-22 23:00:00+00:00,Afri-SET F1,41.7
2025-08-23 00:00:00+00:00,Afri-SET F1,35.15
2025-08-23 01:00:00+00:00,Afri-SET F1,29.75
2025-08-23 02:00:00+00:00,Afri-SET F1,25.7
2025-08-23 03:00:00+00:00,Afri-SET F1,25.65
2025-08-23 04:00:00+00:00,Afri-SET F1,28.75
2025-08-23 05:00:00+00:00,Afri-SET F1,31.35
2025-08-23 06:00:00+00:00,Afri-SET F1,33.9
2025-08-23 07:00:00+00:00,Afri-SET F1,40.4
2025-08-23 08:00:00+00:00,Afri-SET F1,41.7
2025-08-23 09:00:00+00:00,Afri-SET F1,37.45
2025-08-23 10:00:00+00:00,Afri-SET F1,31.1
2025-08-23 11:00:00+00:00,Afri-SET F1,28.45
2025-08-23 12:00:00+00:00,Afri-SET F1,26.75
2025-08-23 13:00:00+00:00,Afri-SET F1,23.9
2025-08-23 14:00:00+00:00,Afri-SET F1,26.55
2025-08-23 15:00:00+00:00,Afri-SET F1,29.25
2025-08-23 16:00:00+00:00,Afri-SET F1,27.0
2025-08-23 17:00:00+00:00,Afri-SET F1,29.5
2025-08-23 18:00:00+00:00,Afri-SET F1,31.6
2025-08-23 19:00:00+00:00,Afri-SET F1,32.05
2025-08-23 20:00:00+00:00,Afri-SET F1,35.05
2025-08-23 21:00:00+00:00,Afri-SET F1,40.05
2025-08-23 22:00:00+00:00,Afri-SET F1,38.35
2025-08-23 23:00:00+00:00,Afri-SET F1,40.3
2025-08-24 00:00:00+00:00,Afri-SET F1,39.3
2025-08-24 01:00:00+00:00,Afri-SET F1,31.55
2025-08-24 02:00:00+00:00,Afri-SET F1,26.2
2025-08-24 03:00:00+00:00,Afri-SET F1,25.15
2025-08-24 04:00:00+00:00,Afri-SET F1,25.85
2025-08-24 05:00:00+00:00,Afri-SET F1,28.75
2025-08-24 06:00:00+00:00,Afri-SET F1,36.65
2025-08-24 07:00:00+00:00,Afri-SET F1,40.7
2025-08-24 08:00:00+00:00,Afri-SET F1,42.5
2025-08-24 09:00:00+00:00,Afri-SET F1,33.2
2025-08-24 10:00:00+00:00,Afri-SET F1,29.6
2025-08-24 11:00:00+00:00,Afri-SET F1,28.0
2025-08-24 12:00:00+00:00,Afri-SET F1,21.3
2025-08-24 13:00:00+00:00,Afri-SET F1,21.15
2025-08-24 14:00:00+00:00,Afri-SET F1,18.1
2025-08-24 15:00:00+00:00,Afri-SET F1,16.75
2025-08-24 16:00:00+00:00,Afri-SET F1,16.7
2025-08-24 17:00:00+00:00,Afri-SET F1,17.05
2025-08-24 18:00:00+00:00,Afri-SET F1,21.25
2025-08-24 19:00:00+00:00,Afri-SET F1,25.5
2025-08-24 20:00:00+00:00,Afri-SET F1,26.1
2025-08-24 21:00:00+00:00,Afri-SET F1,24.5
2025-08-24 22:00:00+00:00,Afri-SET F1,25.7
2025-08-24 23:00:00+00:00,Afri-SET F1,23.5
2025-08-25 00:00:00+00:00,Afri-SET F1,23.8
2025-08-25 01:00:00+00:00,Afri-SET F1,25.75
2025-08-25 02:00:00+00:00,Afri-SET F1,25.15
2025-08-25 03:00:00+00:00,Afri-SET F1,30.3
2025-08-25 04:00:00+00:00,Afri-SET F1,28.75
2025-08-25 05:00:00+00:00,Afri-SET F1,28.7
2025-08-25 07:00:00+00:00,Afri-SET F1,34.8
2025-08-25 08:00:00+00:00,Afri-SET F1,33.1
2025-08-25 09:00:00+00:00,Afri-SET F1,28.45
2025-08-25 10:00:00+00:00,Afri-SET F1,22.8
2025-08-25 11:00:00+00:00,Afri-SET F1,20.9
2025-08-25 12:00:00+00:00,Afri-SET F1,23.0
2025-08-25 13:00:00+00:00,Afri-SET F1,25.0
2025-08-25 14:00:00+00:00,Afri-SET F1,21.8
2025-08-25 15:00:00+00:00,Afri-SET F1,22.25
2025-08-25 16:00:00+00:00,Afri-SET F1,23.65
2025-08-25 17:00:00+00:00,Afri-SET F1,24.0
2025-08-25 18:00:00+00:00,Afri-SET F1,25.85
2025-08-25 19:00:00+00:00,Afri-SET F1,29.2
2025-08-25 20:00:00+00:00,Afri-SET F1,23.85
2025-08-25 21:00:00+00:00,Afri-SET F1,24.9
2025-08-25 22:00:00+00:00,Afri-SET F1,22.75
2025-08-25 23:00:00+00:00,Afri-SET F1,22.5
2025-08-26 00:00:00+00:00,Afri-SET F1,23.3
2025-08-26 01:00:00+00:00,Afri-SET F1,28.05
2025-08-26 02:00:00+00:00,Afri-SET F1,23.85
2025-08-26 03:00:00+00:00,Afri-SET F1,20.55
2025-08-26 04:00:00+00:00,Afri-SET F1,20.5
2025-08-26 05:00:00+00:00,Afri-SET F1,23.4
2025-08-26 06:00:00+00:00,Afri-SET F1,28.65
2025-08-26 07:00:00+00:00,Afri-SET F1,30.6
2025-08-26 08:00:00+00:00,Afri-SET F1,30.35
2025-08-26 09:00:00+00:00,Afri-SET F1,27.65
2025-08-26 10:00:00+00:00,Afri-SET F1,19.05
2025-08-26 11:00:00+00:00,Afri-SET F1,16.25
2025-08-26 12:00:00+00:00,Afri-SET F1,16.0
2025-08-26 13:00:00+00:00,Afri-SET F1,17.8
2025-08-26 14:00:00+00:00,Afri-SET F1,17.3
2025-08-26 15:00:00+00:00,Afri-SET F1,19.5
2025-08-26 16:00:00+00:00,Afri-SET F1,21.85
2025-08-26 17:00:00+00:00,Afri-SET F1,25.1
2025-08-26 18:00:00+00:00,Afri-SET F1,27.85
2025-08-26 19:00:00+00:00,Afri-SET F1,29.6
2025-08-26 20:00:00+00:00,Afri-SET F1,30.35
2025-08-26 21:00:00+00:00,Afri-SET F1,27.9
2025-08-26 22:00:00+00:00,Afri-SET F1,28.5
2025-08-26 23:00:00+00:00,Afri-SET F1,28.6
2025-08-27 00:00:00+00:00,Afri-SET F1,27.3
2025-08-27 01:00:00+00:00,Afri-SET F1,28.45
2025-08-27 02:00:00+00:00,Afri-SET F1,29.7
2025-08-27 03:00:00+00:00,Afri-SET F1,30.75
2025-08-27 04:00:00+00:00,Afri-SET F1,33.75
2025-08-27 05:00:00+00:00,Afri-SET F1,35.55
2025-08-27 06:00:00+00:00,Afri-SET F1,37.1
2025-08-27 07:00:00+00:00,Afri-SET F1,35.85
2025-08-27 08:00:00+00:00,Afri-SET F1,31.55
2025-08-27 09:00:00+00:00,Afri-SET F1,29.15
2025-08-27 10:00:00+00:00,Afri-SET F1,28.5
2025-08-27 11:00:00+00:00,Afri-SET F1,27.65
2025-08-27 12:00:00+00:00,Afri-SET F1,26.3
2025-08-27 13:00:00+00:00,Afri-SET F1,25.35
2025-08-27 14:00:00+00:00,Afri-SET F1,26.15
2025-08-27 15:00:00+00:00,Afri-SET F1,24.45
2025-08-27 16:00:00+00:00,Afri-SET F1,25.25
2025-08-27 17:00:00+00:00,Afri-SET F1,30.55
2025-08-27 18:00:00+00:00,Afri-SET F1,31.8
2025-08-27 19:00:00+00:00,Afri-SET F1,29.8
2025-08-27 20:00:00+00:00,Afri-SET F1,29.55
2025-08-27 21:00:00+00:00,Afri-SET F1,27.05
2025-08-27 22:00:00+00:00,Afri-SET F1,30.35
2025-08-27 23:00:00+00:00,Afri-SET F1,33.35
2025-08-28 00:00:00+00:00,Afri-SET F1,38.55
2025-08-28 01:00:00+00:00,Afri-SET F1,39.3
2025-08-28 02:00:00+00:00,Afri-SET F1,36.55
2025-08-28 03:00:00+00:00,Afri-SET F1,33.0
2025-08-28 04:00:00+00:00,Afri-SET F1,33.45
2025-08-28 05:00:00+00:00,Afri-SET F1,36.85
2025-08-28 06:00:00+00:00,Afri-SET F1,40.9
2025-08-28 07:00:00+00:00,Afri-SET F1,40.5
2025-08-28 08:00:00+00:00,Afri-SET F1,37.4
2025-08-28 09:00:00+00:00,Afri-SET F1,35.65
2025-08-28 10:00:00+00:00,Afri-SET F1,27.85
2025-08-28 11:00:00+00:00,Afri-SET F1,28.3
2025-08-28 12:00:00+00:00,Afri-SET F1,25.8
2025-08-28 13:00:00+00:00,Afri-SET F1,22.15
2025-08-28 14:00:00+00:00,Afri-SET F1,20.05
2025-08-28 15:00:00+00:00,Afri-SET F1,20.45
2025-08-28 16:00:00+00:00,Afri-SET F1,21.4
2025-08-28 17:00:00+00:00,Afri-SET F1,20.9
2025-08-28 18:00:00+00:00,Afri-SET F1,22.0
2025-08-28 19:00:00+00:00,Afri-SET F1,23.45
2025-08-28 20:00:00+00:00,Afri-SET F1,22.0
2025-08-28 21:00:00+00:00,Afri-SET F1,20.4
2025-08-28 22:00:00+00:00,Afri-SET F1,22.3
2025-08-28 23:00:00+00:00,Afri-SET F1,21.3
2025-08-29 00:00:00+00:00,Afri-SET F1,19.75
2025-08-29 02:00:00+00:00,Afri-SET F1,22.6
2025-08-29 03:00:00+00:00,Afri-SET F1,16.6
2025-08-29 04:00:00+00:00,Afri-SET F1,18.15
2025-08-29 05:00:00+00:00,Afri-SET F1,21.45
2025-08-29 06:00:00+00:00,Afri-SET F1,24.55
2025-08-29 07:00:00+00:00,Afri-SET F1,27.6
2025-08-29 08:00:00+00:00,Afri-SET F1,24.5
2025-08-29 09:00:00+00:00,Afri-SET F1,20.35
2025-08-29 10:00:00+00:00,Afri-SET F1,17.3
2025-08-29 11:00:00+00:00,Afri-SET F1,16.05
2025-08-29 12:00:00+00:00,Afri-SET F1,15.25
2025-08-29 13:00:00+00:00,Afri-SET F1,12.8
2025-08-29 14:00:00+00:00,Afri-SET F1,14.05
2025-08-29 15:00:00+00:00,Afri-SET F1,14.5
2025-08-29 16:00:00+00:00,Afri-SET F1,17.15
2025-08-29 17:00:00+00:00,Afri-SET F1,17.5
2025-08-29 18:00:00+00:00,Afri-SET F1,17.95
2025-08-29 19:00:00+00:00,Afri-SET F1,20.05
2025-08-29 20:00:00+00:00,Afri-SET F1,20.3
2025-08-29 21:00:00+00:00,Afri-SET F1,18.7
2025-08-29 22:00:00+00:00,Afri-SET F1,18.8
2025-08-29 23:00:00+00:00,Afri-SET F1,17.35
2025-08-30 00:00:00+00:00,Afri-SET F1,18.55
2025-08-30 01:00:00+00:00,Afri-SET F1,18.4
2025-08-30 02:00:00+00:00,Afri-SET F1,17.55
2025-08-30 03:00:00+00:00,Afri-SET F1,18.0
2025-08-30 04:00:00+00:00,Afri-SET F1,18.95
2025-08-30 05:00:00+00:00,Afri-SET F1,22.0
2025-08-30 06:00:00+00:00,Afri-SET F1,27.85
2025-08-30 07:00:00+00:00,Afri-SET F1,25.25
2025-08-30 08:00:00+00:00,Afri-SET F1,24.6
2025-08-30 09:00:00+00:00,Afri-SET F1,20.95
2025-08-30 10:00:00+00:00,Afri-SET F1,20.6
2025-08-30 11:00:00+00:00,Afri-SET F1,20.1
2025-08-30 12:00:00+00:00,Afri-SET F1,21.95
2025-08-30 13:00:00+00:00,Afri-SET F1,20.95
2025-08-30 14:00:00+00:00,Afri-SET F1,22.85
2025-08-30 15:00:00+00:00,Afri-SET F1,24.15
2025-08-30 16:00:00+00:00,Afri-SET F1,25.4
2025-08-30 17:00:00+00:00,Afri-SET F1,28.3
2025-08-30 18:00:00+00:00,Afri-SET F1,28.95
2025-08-30 19:00:00+00:00,Afri-SET F1,26.5
2025-08-30 20:00:00+00:00,Afri-SET F1,27.25
2025-08-30 21:00:00+00:00,Afri-SET F1,28.1
2025-08-30 22:00:00+00:00,Afri-SET F1,27.3
2025-08-30 23:00:00+00:00,Afri-SET F1,26.4
2025-08-31 00:00:00+00:00,Afri-SET F1,28.9
2025-08-31 01:00:00+00:00,Afri-SET F1,24.0
2025-08-31 02:00:00+00:00,Afri-SET F1,23.9
2025-08-31 03:00:00+00:00,Afri-SET F1,24.65
2025-08-31 04:00:00+00:00,Afri-SET F1,26.2
2025-08-31 05:00:00+00:00,Afri-SET F1,28.15
2025-08-31 06:00:00+00:00,Afri-SET F1,30.3
2025-08-31 07:00:00+00:00,Afri-SET F1,30.45
2025-08-31 08:00:00+00:00,Afri-SET F1,30.7
2025-08-31 09:00:00+00:00,Afri-SET F1,28.25
2025-08-31 10:00:00+00:00,Afri-SET F1,22.65
2025-08-31 11:00:00+00:00,Afri-SET F1,21.8
2025-08-31 12:00:00+00:00,Afri-SET F1,21.0
2025-08-31 13:00:00+00:00,Afri-SET F1,20.3
2025-08-31 14:00:00+00:00,Afri-SET F1,18.15
2025-08-31 15:00:00+00:00,Afri-SET F1,18.95
2025-08-31 16:00:00+00:00,Afri-SET F1,18.8
2025-08-31 17:00:00+00:00,Afri-SET F1,20.4
2025-08-31 18:00:00+00:00,Afri-SET F1,24.05
2025-08-31 19:00:00+00:00,Afri-SET F1,26.25
2025-08-31 20:00:00+00:00,Afri-SET F1,23.4
2025-08-31 21:00:00+00:00,Afri-SET F1,23.75
2025-08-31 22:00:00+00:00,Afri-SET F1,24.6
2025-08-31 23:00:00+00:00,Afri-SET F1,26.9
2025-08-01 00:00:00+00:00,Agbogbloshie,19.2
2025-08-01 01:00:00+00:00,Agbogbloshie,39.21
2025-08-01 02:00:00+00:00,Agbogbloshie,27.19
2025-08-01 03:00:00+00:00,Agbogbloshie,38.32
2025-08-01 04:00:00+00:00,Agbogbloshie,61.15
2025-08-01 05:00:00+00:00,Agbogbloshie,77.85
2025-08-01 06:00:00+00:00,Agbogbloshie,79.3
2025-08-01 07:00:00+00:00,Agbogbloshie,65.47
2025-08-01 08:00:00+00:00,Agbogbloshie,34.81
2025-08-01 09:00:00+00:00,Agbogbloshie,37.62
2025-08-01 10:00:00+00:00,Agbogbloshie,29.84
2025-08-01 11:00:00+00:00,Agbogbloshie,42.51
2025-08-01 12:00:00+00:00,Agbogbloshie,28.29
2025-08-01 13:00:00+00:00,Agbogbloshie,44.31
2025-08-01 14:00:00+00:00,Agbogbloshie,38.96
2025-08-01 15:00:00+00:00,Agbogbloshie,52.44
2025-08-01 16:00:00+00:00,Agbogbloshie,52.91
2025-08-01 17:00:00+00:00,Agbogbloshie,44.75
2025-08-01 18:00:00+00:00,Agbogbloshie,86.52
2025-08-01 19:00:00+00:00,Agbogbloshie,84.2
2025-08-01 20:00:00+00:00,Agbogbloshie,63.57
2025-08-01 21:00:00+00:00,Agbogbloshie,59.03
2025-08-01 22:00:00+00:00,Agbogbloshie,46.5
2025-08-01 23:00:00+00:00,Agbogbloshie,57.34
2025-08-02 01:00:00+00:00,Agbogbloshie,56.2
2025-08-02 02:00:00+00:00,Agbogbloshie,59.44
2025-08-02 03:00:00+00:00,Agbogbloshie,98.8
2025-08-02 04:00:00+00:00,Agbogbloshie,79.24
2025-08-02 05:00:00+00:00,Agbogbloshie,103.12
2025-08-02 06:00:00+00:00,Agbogbloshie,72.46
2025-08-02 07:00:00+00:00,Agbogbloshie,50.5
2025-08-02 08:00:00+00:00,Agbogbloshie,41.73
2025-08-02 10:00:00+00:00,Agbogbloshie,24.4
2025-08-02 11:00:00+00:00,Agbogbloshie,25.01
2025-08-02 12:00:00+00:00,Agbogbloshie,20.39
2025-08-02 13:00:00+00:00,Agbogbloshie,35.27
2025-08-02 15:00:00+00:00,Agbogbloshie,45.48
2025-08-02 16:00:00+00:00,Agbogbloshie,46.75
2025-08-02 17:00:00+00:00,Agbogbloshie,37.32
2025-08-02 18:00:00+00:00,Agbogbloshie,43.32
2025-08-02 19:00:00+00:00,Agbogbloshie,62.02
2025-08-02 20:00:00+00:00,Agbogbloshie,50.97
2025-08-02 21:00:00+00:00,Agbogbloshie,59.96
2025-08-02 22:00:00+00:00,Agbogbloshie,52.15
2025-08-02 23:00:00+00:00,Agbogbloshie,40.91
2025-08-03 00:00:00+00:00,Agbogbloshie,38.33
2025-08-03 02:00:00+00:00,Agbogbloshie,27.56
2025-08-03 03:00:00+00:00,Agbogbloshie,30.17
2025-08-03 05:00:00+00:00,Agbogbloshie,80.22
2025-08-03 07:00:00+00:00,Agbogbloshie,55.17
2025-08-03 10:00:00+00:00,Agbogbloshie,30.91
2025-08-03 11:00:00+00:00,Agbogbloshie,23.37
2025-08-03 12:00:00+00:00,Agbogbloshie,21.53
2025-08-03 14:00:00+00:00,Agbogbloshie,23.4
2025-08-03 15:00:00+00:00,Agbogbloshie,29.03
2025-08-03 16:00:00+00:00,Agbogbloshie,42.72
2025-08-03 17:00:00+00:00,Agbogbloshie,42.22
2025-08-03 18:00:00+00:00,Agbogbloshie,54.0
2025-08-03 20:00:00+00:00,Agbogbloshie,57.57
2025-08-04 00:00:00+00:00,Agbogbloshie,41.33
2025-08-04 01:00:00+00:00,Agbogbloshie,27.43
2025-08-04 08:00:00+00:00,Agbogbloshie,55.83
2025-08-04 09:00:00+00:00,Agbogbloshie,47.09
2025-08-04 10:00:00+00:00,Agbogbloshie,29.91
2025-08-04 11:00:00+00:00,Agbogbloshie,24.83
2025-08-04 12:00:00+00:00,Agbogbloshie,19.6
2025-08-04 13:00:00+00:00,Agbogbloshie,22.28
2025-08-04 14:00:00+00:00,Agbogbloshie,70.15
2025-08-04 15:00:00+00:00,Agbogbloshie,41.92
2025-08-04 16:00:00+00:00,Agbogbloshie,92.94
2025-08-04 17:00:00+00:00,Agbogbloshie,78.75
2025-08-04 18:00:00+00:00,Agbogbloshie,68.28
2025-08-04 19:00:00+00:00,Agbogbloshie,85.96
2025-08-04 20:00:00+00:00,Agbogbloshie,88.31
2025-08-04 21:00:00+00:00,Agbogbloshie,70.19
2025-08-04 22:00:00+00:00,Agbogbloshie,51.01
2025-08-04 23:00:00+00:00,Agbogbloshie,58.94
2025-08-05 00:00:00+00:00,Agbogbloshie,33.51
2025-08-05 01:00:00+00:00,Agbogbloshie,10.4
2025-08-05 02:00:00+00:00,Agbogbloshie,19.54
2025-08-05 03:00:00+00:00,Agbogbloshie,40.99
2025-08-05 04:00:00+00:00,Agbogbloshie,76.69
2025-08-05 05:00:00+00:00,Agbogbloshie,113.79
2025-08-05 06:00:00+00:00,Agbogbloshie,96.58
2025-08-05 07:00:00+00:00,Agbogbloshie,92.25
2025-08-05 08:00:00+00:00,Agbogbloshie,81.16
2025-08-05 09:00:00+00:00,Agbogbloshie,42.55
2025-08-05 10:00:00+00:00,Agbogbloshie,20.92
2025-08-05 11:00:00+00:00,Agbogbloshie,15.71
2025-08-05 13:00:00+00:00,Agbogbloshie,38.91
2025-08-05 14:00:00+00:00,Agbogbloshie,24.56
2025-08-05 15:00:00+00:00,Agbogbloshie,38.24
2025-08-05 16:00:00+00:00,Agbogbloshie,75.9
2025-08-05 18:00:00+00:00,Agbogbloshie,68.24
2025-08-05 19:00:00+00:00,Agbogbloshie,90.55
2025-08-05 20:00:00+00:00,Agbogbloshie,73.7
2025-08-05 22:00:00+00:00,Agbogbloshie,42.01
2025-08-05 23:00:00+00:00,Agbogbloshie,38.35
2025-08-06 00:00:00+00:00,Agbogbloshie,23.07
2025-08-06 01:00:00+00:00,Agbogbloshie,22.9
2025-08-06 02:00:00+00:00,Agbogbloshie,32.13
2025-08-06 03:00:00+00:00,Agbogbloshie,23.77
2025-08-06 04:00:00+00:00,Agbogbloshie,61.1
2025-08-06 05:00:00+00:00,Agbogbloshie,106.98
2025-08-06 06:00:00+00:00,Agbogbloshie,98.28
2025-08-06 07:00:00+00:00,Agbogbloshie,66.31
2025-08-06 08:00:00+00:00,Agbogbloshie,46.8
2025-08-06 09:00:00+00:00,Agbogbloshie,61.68
2025-08-06 10:00:00+00:00,Agbogbloshie,29.15
2025-08-06 11:00:00+00:00,Agbogbloshie,20.71
2025-08-06 12:00:00+00:00,Agbogbloshie,24.81
2025-08-06 13:00:00+00:00,Agbogbloshie,20.9
2025-08-06 14:00:00+00:00,Agbogbloshie,42.23
2025-08-06 15:00:00+00:00,Agbogbloshie,43.38
2025-08-06 16:00:00+00:00,Agbogbloshie,46.26
2025-08-06 17:00:00+00:00,Agbogbloshie,59.2
2025-08-06 18:00:00+00:00,Agbogbloshie,81.7
2025-08-06 19:00:00+00:00,Agbogbloshie,72.56
2025-08-06 20:00:00+00:00,Agbogbloshie,73.91
2025-08-06 23:00:00+00:00,Agbogbloshie,40.42
2025-08-07 00:00:00+00:00,Agbogbloshie,49.09
2025-08-07 01:00:00+00:00,Agbogbloshie,48.63
2025-08-07 02:00:00+00:00,Agbogbloshie,51.62
2025-08-07 03:00:00+00:00,Agbogbloshie,66.95
2025-08-07 04:00:00+00:00,Agbogbloshie,99.28
2025-08-07 06:00:00+00:00,Agbogbloshie,97.34
2025-08-07 07:00:00+00:00,Agbogbloshie,78.7
2025-08-07 08:00:00+00:00,Agbogbloshie,58.68
2025-08-07 09:00:00+00:00,Agbogbloshie,40.95
2025-08-07 10:00:00+00:00,Agbogbloshie,34.92
2025-08-07 11:00:00+00:00,Agbogbloshie,28.73
2025-08-07 12:00:00+00:00,Agbogbloshie,24.95
2025-08-07 13:00:00+00:00,Agbogbloshie,32.87
2025-08-07 14:00:00+00:00,Agbogbloshie,35.29
2025-08-07 15:00:00+00:00,Agbogbloshie,44.29
2025-08-07 16:00:00+00:00,Agbogbloshie,58.16
2025-08-07 17:00:00+00:00,Agbogbloshie,69.48
2025-08-07 18:00:00+00:00,Agbogbloshie,66.58
2025-08-07 19:00:00+00:00,Agbogbloshie,83.36
2025-08-07 20:00:00+00:00,Agbogbloshie,82.02
2025-08-07 21:00:00+00:00,Agbogbloshie,59.5
2025-08-07 23:00:00+00:00,Agbogbloshie,39.7
2025-08-08 02:00:00+00:00,Agbogbloshie,38.22
2025-08-08 03:00:00+00:00,Agbogbloshie,36.84
2025-08-08 04:00:00+00:00,Agbogbloshie,84.99
2025-08-08 07:00:00+00:00,Agbogbloshie,54.4
2025-08-08 08:00:00+00:00,Agbogbloshie,47.59
2025-08-08 09:00:00+00:00,Agbogbloshie,38.7
2025-08-08 10:00:00+00:00,Agbogbloshie,43.02
2025-08-08 11:00:00+00:00,Agbogbloshie,32.33
2025-08-08 12:00:00+00:00,Agbogbloshie,31.04
2025-08-08 13:00:00+00:00,Agbogbloshie,36.11
2025-08-08 14:00:00+00:00,Agbogbloshie,37.37
2025-08-08 15:00:00+00:00,Agbogbloshie,44.22
2025-08-08 16:00:00+00:00,Agbogbloshie,64.5
2025-08-08 17:00:00+00:00,Agbogbloshie,81.66
2025-08-08 18:00:00+00:00,Agbogbloshie,84.64
2025-08-08 19:00:00+00:00,Agbogbloshie,95.47
2025-08-08 20:00:00+00:00,Agbogbloshie,85.73
2025-08-08 21:00:00+00:00,Agbogbloshie,79.22
2025-08-08 22:00:00+00:00,Agbogbloshie,91.16
2025-08-09 00:00:00+00:00,Agbogbloshie,37.27
2025-08-09 01:00:00+00:00,Agbogbloshie,51.29
2025-08-09 02:00:00+00:00,Agbogbloshie,66.1
2025-08-09 03:00:00+00:00,Agbogbloshie,57.4
2025-08-09 04:00:00+00:00,Agbogbloshie,75.49
2025-08-09 05:00:00+00:00,Agbogbloshie,69.11
2025-08-09 06:00:00+00:00,Agbogbloshie,84.41
2025-08-09 07:00:00+00:00,Agbogbloshie,70.28
2025-08-09 08:00:00+00:00,Agbogbloshie,61.09
2025-08-09 09:00:00+00:00,Agbogbloshie,39.3
2025-08-09 10:00:00+00:00,Agbogbloshie,34.21
2025-08-09 11:00:00+00:00,Agbogbloshie,21.66
2025-08-09 12:00:00+00:00,Agbogbloshie,20.61
2025-08-09 13:00:00+00:00,Agbogbloshie,23.72
2025-08-09 14:00:00+00:00,Agbogbloshie,28.76
2025-08-09 15:00:00+00:00,Agbogbloshie,32.08
2025-08-09 16:00:00+00:00,Agbogbloshie,43.78
2025-08-09 17:00:00+00:00,Agbogbloshie,82.46
2025-08-09 18:00:00+00:00,Agbogbloshie,68.18
2025-08-09 19:00:00+00:00,Agbogbloshie,62.14
2025-08-09 20:00:00+00:00,Agbogbloshie,80.5
2025-08-09 21:00:00+00:00,Agbogbloshie,60.56
2025-08-09 22:00:00+00:00,Agbogbloshie,43.22
2025-08-09 23:00:00+00:00,Agbogbloshie,34.37
2025-08-10 00:00:00+00:00,Agbogbloshie,44.84
2025-08-10 01:00:00+00:00,Agbogbloshie,28.1
2025-08-10 02:00:00+00:00,Agbogbloshie,50.24
2025-08-10 03:00:00+00:00,Agbogbloshie,34.92
2025-08-10 04:00:00+00:00,Agbogbloshie,64.72
2025-08-10 05:00:00+00:00,Agbogbloshie,70.5
2025-08-10 06:00:00+00:00,Agbogbloshie,105.49
2025-08-10 07:00:00+00:00,Agbogbloshie,44.0
2025-08-10 08:00:00+00:00,Agbogbloshie,16.12
2025-08-10 09:00:00+00:00,Agbogbloshie,21.31
2025-08-10 10:00:00+00:00,Agbogbloshie,14.01
2025-08-10 11:00:00+00:00,Agbogbloshie,13.36
2025-08-10 12:00:00+00:00,Agbogbloshie,11.8
2025-08-10 13:00:00+00:00,Agbogbloshie,14.19
2025-08-10 14:00:00+00:00,Agbogbloshie,11.26
2025-08-10 15:00:00+00:00,Agbogbloshie,12.69
2025-08-10 16:00:00+00:00,Agbogbloshie,31.05
2025-08-10 17:00:00+00:00,Agbogbloshie,47.85
2025-08-10 19:00:00+00:00,Agbogbloshie,75.08
2025-08-10 20:00:00+00:00,Agbogbloshie,69.12
2025-08-10 21:00:00+00:00,Agbogbloshie,71.87
2025-08-10 22:00:00+00:00,Agbogbloshie,38.8
2025-08-11 03:00:00+00:00,Agbogbloshie,52.23
2025-08-11 04:00:00+00:00,Agbogbloshie,69.19
2025-08-11 05:00:00+00:00,Agbogbloshie,100.5
2025-08-11 06:00:00+00:00,Agbogbloshie,109.77
2025-08-11 07:00:00+00:00,Agbogbloshie,61.98
2025-08-11 08:00:00+00:00,Agbogbloshie,39.16
2025-08-11 09:00:00+00:00,Agbogbloshie,17.03
2025-08-11 10:00:00+00:00,Agbogbloshie,24.48
2025-08-11 11:00:00+00:00,Agbogbloshie,21.51
2025-08-11 12:00:00+00:00,Agbogbloshie,21.38
2025-08-11 13:00:00+00:00,Agbogbloshie,24.62
2025-08-11 14:00:00+00:00,Agbogbloshie,27.98
2025-08-11 15:00:00+00:00,Agbogbloshie,37.22
2025-08-11 16:00:00+00:00,Agbogbloshie,50.52
2025-08-11 17:00:00+00:00,Agbogbloshie,39.51
2025-08-11 18:00:00+00:00,Agbogbloshie,54.68
2025-08-11 20:00:00+00:00,Agbogbloshie,59.33
2025-08-11 22:00:00+00:00,Agbogbloshie,61.92
2025-08-11 23:00:00+00:00,Agbogbloshie,25.02
2025-08-12 00:00:00+00:00,Agbogbloshie,15.88
2025-08-12 01:00:00+00:00,Agbogbloshie,13.92
2025-08-12 03:00:00+00:00,Agbogbloshie,41.4
2025-08-12 05:00:00+00:00,Agbogbloshie,54.99
2025-08-12 06:00:00+00:00,Agbogbloshie,77.96
2025-08-12 07:00:00+00:00,Agbogbloshie,43.91
2025-08-12 08:00:00+00:00,Agbogbloshie,45.53
2025-08-12 09:00:00+00:00,Agbogbloshie,68.23
2025-08-12 10:00:00+00:00,Agbogbloshie,34.26
2025-08-12 11:00:00+00:00,Agbogbloshie,21.61
2025-08-12 12:00:00+00:00,Agbogbloshie,14.1
2025-08-12 13:00:00+00:00,Agbogbloshie,13.66
2025-08-12 14:00:00+00:00,Agbogbloshie,10.95
2025-08-12 15:00:00+00:00,Agbogbloshie,31.45
2025-08-12 16:00:00+00:00,Agbogbloshie,39.52
2025-08-12 17:00:00+00:00,Agbogbloshie,61.51
2025-08-12 18:00:00+00:00,Agbogbloshie,60.15
2025-08-12 19:00:00+00:00,Agbogbloshie,88.59
2025-08-12 20:00:00+00:00,Agbogbloshie,77.14
2025-08-12 21:00:00+00:00,Agbogbloshie,70.59
2025-08-12 22:00:00+00:00,Agbogbloshie,41.82
2025-08-12 23:00:00+00:00,Agbogbloshie,13.59
2025-08-13 00:00:00+00:00,Agbogbloshie,49.7
2025-08-13 01:00:00+00:00,Agbogbloshie,17.35
2025-08-13 02:00:00+00:00,Agbogbloshie,32.53
2025-08-13 03:00:00+00:00,Agbogbloshie,25.96
2025-08-13 04:00:00+00:00,Agbogbloshie,35.55
2025-08-13 05:00:00+00:00,Agbogbloshie,66.84
2025-08-13 07:00:00+00:00,Agbogbloshie,40.02
2025-08-13 08:00:00+00:00,Agbogbloshie,16.61
2025-08-13 09:00:00+00:00,Agbogbloshie,13.9
2025-08-13 10:00:00+00:00,Agbogbloshie,10.68
2025-08-13 11:00:00+00:00,Agbogbloshie,17.03
2025-08-13 12:00:00+00:00,Agbogbloshie,11.49
2025-08-13 13:00:00+00:00,Agbogbloshie,14.26
2025-08-13 14:00:00+00:00,Agbogbloshie,13.22
2025-08-13 15:00:00+00:00,Agbogbloshie,15.63
2025-08-13 16:00:00+00:00,Agbogbloshie,25.95
2025-08-13 17:00:00+00:00,Agbogbloshie,34.74
2025-08-13 18:00:00+00:00,Agbogbloshie,49.91
2025-08-13 19:00:00+00:00,Agbogbloshie,45.96
2025-08-13 20:00:00+00:00,Agbogbloshie,61.53
2025-08-13 21:00:00+00:00,Agbogbloshie,67.9
2025-08-13 22:00:00+00:00,Agbogbloshie,41.61
2025-08-13 23:00:00+00:00,Agbogbloshie,17.78
2025-08-14 00:00:00+00:00,Agbogbloshie,10.55
2025-08-14 01:00:00+00:00,Agbogbloshie,12.23
2025-08-14 03:00:00+00:00,Agbogbloshie,68.14
2025-08-14 04:00:00+00:00,Agbogbloshie,61.53
2025-08-14 05:00:00+00:00,Agbogbloshie,74.43
2025-08-14 06:00:00+00:00,Agbogbloshie,74.97
2025-08-14 07:00:00+00:00,Agbogbloshie,43.8
2025-08-14 08:00:00+00:00,Agbogbloshie,21.62
2025-08-14 09:00:00+00:00,Agbogbloshie,17.56
2025-08-14 10:00:00+00:00,Agbogbloshie,31.22
2025-08-14 11:00:00+00:00,Agbogbloshie,18.24
2025-08-14 12:00:00+00:00,Agbogbloshie,14.39
2025-08-14 13:00:00+00:00,Agbogbloshie,18.45
2025-08-14 14:00:00+00:00,Agbogbloshie,34.55
2025-08-14 15:00:00+00:00,Agbogbloshie,36.12
2025-08-14 16:00:00+00:00,Agbogbloshie,59.61
2025-08-14 17:00:00+00:00,Agbogbloshie,42.47
2025-08-14 18:00:00+00:00,Agbogbloshie,42.2
2025-08-14 19:00:00+00:00,Agbogbloshie,48.19
2025-08-14 20:00:00+00:00,Agbogbloshie,43.92
2025-08-14 21:00:00+00:00,Agbogbloshie,46.26
2025-08-14 22:00:00+00:00,Agbogbloshie,56.3
2025-08-14 23:00:00+00:00,Agbogbloshie,30.42
2025-08-15 00:00:00+00:00,Agbogbloshie,15.72
2025-08-15 02:00:00+00:00,Agbogbloshie,46.07
2025-08-15 03:00:00+00:00,Agbogbloshie,68.58
2025-08-15 04:00:00+00:00,Agbogbloshie,75.68
2025-08-15 05:00:00+00:00,Agbogbloshie,44.64
2025-08-15 06:00:00+00:00,Agbogbloshie,62.61
2025-08-15 07:00:00+00:00,Agbogbloshie,48.89
2025-08-15 08:00:00+00:00,Agbogbloshie,42.78
2025-08-15 09:00:00+00:00,Agbogbloshie,19.97
2025-08-15 11:00:00+00:00,Agbogbloshie,34.69
2025-08-15 12:00:00+00:00,Agbogbloshie,25.04
2025-08-15 13:00:00+00:00,Agbogbloshie,29.84
2025-08-15 14:00:00+00:00,Agbogbloshie,35.55
2025-08-15 15:00:00+00:00,Agbogbloshie,34.7
2025-08-15 16:00:00+00:00,Agbogbloshie,51.52
2025-08-15 17:00:00+00:00,Agbogbloshie,61.41
2025-08-15 18:00:00+00:00,Agbogbloshie,60.93
2025-08-15 19:00:00+00:00,Agbogbloshie,85.33
2025-08-15 20:00:00+00:00,Agbogbloshie,73.66
2025-08-15 21:00:00+00:00,Agbogbloshie,85.84
2025-08-16 02:00:00+00:00,Agbogbloshie,60.25
2025-08-16 03:00:00+00:00,Agbogbloshie,74.59
2025-08-16 05:00:00+00:00,Agbogbloshie,105.56
2025-08-16 06:00:00+00:00,Agbogbloshie,82.28
2025-08-16 07:00:00+00:00,Agbogbloshie,59.06
2025-08-16 08:00:00+00:00,Agbogbloshie,45.54
2025-08-16 09:00:00+00:00,Agbogbloshie,55.77
2025-08-16 10:00:00+00:00,Agbogbloshie,26.42
2025-08-16 11:00:00+00:00,Agbogbloshie,46.84
2025-08-16 12:00:00+00:00,Agbogbloshie,13.3
2025-08-16 13:00:00+00:00,Agbogbloshie,19.5
2025-08-16 14:00:00+00:00,Agbogbloshie,57.31
2025-08-16 15:00:00+00:00,Agbogbloshie,32.09
2025-08-16 16:00:00+00:00,Agbogbloshie,57.83
2025-08-16 17:00:00+00:00,Agbogbloshie,66.88
2025-08-16 18:00:00+00:00,Agbogbloshie,67.93
2025-08-16 19:00:00+00:00,Agbogbloshie,70.46
2025-08-16 20:00:00+00:00,Agbogbloshie,68.4
2025-08-17 00:00:00+00:00,Agbogbloshie,48.95
2025-08-17 01:00:00+00:00,Agbogbloshie,28.02
2025-08-17 02:00:00+00:00,Agbogbloshie,14.36
2025-08-17 03:00:00+00:00,Agbogbloshie,33.15
2025-08-17 04:00:00+00:00,Agbogbloshie,35.04
2025-08-17 05:00:00+00:00,Agbogbloshie,54.21
2025-08-17 06:00:00+00:00,Agbogbloshie,71.63
2025-08-17 07:00:00+00:00,Agbogbloshie,46.72
2025-08-17 08:00:00+00:00,Agbogbloshie,66.92
2025-08-17 09:00:00+00:00,Agbogbloshie,42.58
2025-08-17 10:00:00+00:00,Agbogbloshie,24.15
2025-08-17 11:00:00+00:00,Agbogbloshie,26.72
2025-08-17 12:00:00+00:00,Agbogbloshie,18.71
2025-08-17 13:00:00+00:00,Agbogbloshie,26.42
2025-08-17 14:00:00+00:00,Agbogbloshie,44.18
2025-08-17 15:00:00+00:00,Agbogbloshie,50.09
2025-08-17 16:00:00+00:00,Agbogbloshie,53.53
2025-08-17 17:00:00+00:00,Agbogbloshie,60.23
2025-08-17 18:00:00+00:00,Agbogbloshie,62.1
2025-08-17 19:00:00+00:00,Agbogbloshie,66.98
2025-08-17 20:00:00+00:00,Agbogbloshie,67.25
2025-08-17 21:00:00+00:00,Agbogbloshie,82.85
2025-08-17 23:00:00+00:00,Agbogbloshie,34.72
2025-08-18 02:00:00+00:00,Agbogbloshie,37.49
2025-08-18 03:00:00+00:00,Agbogbloshie,61.14
2025-08-18 05:00:00+00:00,Agbogbloshie,85.59
2025-08-18 06:00:00+00:00,Agbogbloshie,82.1
2025-08-18 07:00:00+00:00,Agbogbloshie,55.71
2025-08-18 08:00:00+00:00,Agbogbloshie,26.68
2025-08-18 11:00:00+00:00,Agbogbloshie,14.36
2025-08-18 13:00:00+00:00,Agbogbloshie,21.11
2025-08-18 14:00:00+00:00,Agbogbloshie,43.58
2025-08-18 15:00:00+00:00,Agbogbloshie,34.58
2025-08-18 19:00:00+00:00,Agbogbloshie,74.62
2025-08-18 20:00:00+00:00,Agbogbloshie,64.3
2025-08-18 21:00:00+00:00,Agbogbloshie,75.07
2025-08-18 22:00:00+00:00,Agbogbloshie,68.93
2025-08-19 01:00:00+00:00,Agbogbloshie,33.0
2025-08-19 02:00:00+00:00,Agbogbloshie,130.57
2025-08-19 05:00:00+00:00,Agbogbloshie,108.9
2025-08-19 06:00:00+00:00,Agbogbloshie,75.66
2025-08-19 07:00:00+00:00,Agbogbloshie,113.95
2025-08-19 08:00:00+00:00,Agbogbloshie,48.34
2025-08-19 09:00:00+00:00,Agbogbloshie,28.57
2025-08-19 10:00:00+00:00,Agbogbloshie,25.94
2025-08-19 11:00:00+00:00,Agbogbloshie,27.26
2025-08-19 12:00:00+00:00,Agbogbloshie,19.08
2025-08-19 13:00:00+00:00,Agbogbloshie,26.1
2025-08-19 14:00:00+00:00,Agbogbloshie,30.54
2025-08-19 15:00:00+00:00,Agbogbloshie,34.94
2025-08-19 16:00:00+00:00,Agbogbloshie,39.64
2025-08-19 17:00:00+00:00,Agbogbloshie,50.69
2025-08-19 18:00:00+00:00,Agbogbloshie,71.69
2025-08-19 19:00:00+00:00,Agbogbloshie,59.12
2025-08-19 20:00:00+00:00,Agbogbloshie,58.58
2025-08-19 21:00:00+00:00,Agbogbloshie,61.8
2025-08-19 22:00:00+00:00,Agbogbloshie,62.21
2025-08-19 23:00:00+00:00,Agbogbloshie,40.59
2025-08-20 00:00:00+00:00,Agbogbloshie,55.66
2025-08-20 01:00:00+00:00,Agbogbloshie,28.01
2025-08-20 02:00:00+00:00,Agbogbloshie,33.78
2025-08-20 03:00:00+00:00,Agbogbloshie,33.73
2025-08-20 04:00:00+00:00,Agbogbloshie,67.8
2025-08-20 05:00:00+00:00,Agbogbloshie,66.78
2025-08-20 06:00:00+00:00,Agbogbloshie,114.31
2025-08-20 07:00:00+00:00,Agbogbloshie,52.34
2025-08-20 08:00:00+00:00,Agbogbloshie,30.64
2025-08-20 09:00:00+00:00,Agbogbloshie,23.99
2025-08-20 10:00:00+00:00,Agbogbloshie,22.96
2025-08-20 11:00:00+00:00,Agbogbloshie,15.81
2025-08-20 13:00:00+00:00,Agbogbloshie,27.32
2025-08-20 14:00:00+00:00,Agbogbloshie,27.34
2025-08-20 15:00:00+00:00,Agbogbloshie,37.55
2025-08-20 16:00:00+00:00,Agbogbloshie,30.03
2025-08-20 17:00:00+00:00,Agbogbloshie,51.12
2025-08-20 18:00:00+00:00,Agbogbloshie,71.73
2025-08-20 19:00:00+00:00,Agbogbloshie,55.98
2025-08-20 20:00:00+00:00,Agbogbloshie,58.93
2025-08-20 21:00:00+00:00,Agbogbloshie,36.23
2025-08-20 22:00:00+00:00,Agbogbloshie,29.1
2025-08-20 23:00:00+00:00,Agbogbloshie,33.48
2025-08-21 00:00:00+00:00,Agbogbloshie,44.17
2025-08-21 01:00:00+00:00,Agbogbloshie,36.74
2025-08-21 02:00:00+00:00,Agbogbloshie,48.91
2025-08-21 03:00:00+00:00,Agbogbloshie,38.8
2025-08-21 04:00:00+00:00,Agbogbloshie,58.28
2025-08-21 05:00:00+00:00,Agbogbloshie,53.06
2025-08-21 06:00:00+00:00,Agbogbloshie,43.56
2025-08-21 07:00:00+00:00,Agbogbloshie,38.37
2025-08-21 09:00:00+00:00,Agbogbloshie,28.87
2025-08-21 10:00:00+00:00,Agbogbloshie,37.01
2025-08-21 11:00:00+00:00,Agbogbloshie,37.11
2025-08-21 12:00:00+00:00,Agbogbloshie,16.85
2025-08-21 13:00:00+00:00,Agbogbloshie,24.53
2025-08-21 14:00:00+00:00,Agbogbloshie,42.12
2025-08-21 16:00:00+00:00,Agbogbloshie,35.86
2025-08-21 18:00:00+00:00,Agbogbloshie,51.97
2025-08-21 19:00:00+00:00,Agbogbloshie,56.44
2025-08-21 20:00:00+00:00,Agbogbloshie,54.47
2025-08-21 21:00:00+00:00,Agbogbloshie,38.26
2025-08-21 22:00:00+00:00,Agbogbloshie,44.93
2025-08-21 23:00:00+00:00,Agbogbloshie,13.63
2025-08-22 00:00:00+00:00,Agbogbloshie,11.69
2025-08-22 01:00:00+00:00,Agbogbloshie,11.38
2025-08-22 02:00:00+00:00,Agbogbloshie,90.59
2025-08-22 04:00:00+00:00,Agbogbloshie,95.86
2025-08-22 06:00:00+00:00,Agbogbloshie,54.53
2025-08-22 07:00:00+00:00,Agbogbloshie,41.28
2025-08-22 08:00:00+00:00,Agbogbloshie,40.77
2025-08-22 10:00:00+00:00,Agbogbloshie,37.25
2025-08-22 11:00:00+00:00,Agbogbloshie,24.47
2025-08-22 12:00:00+00:00,Agbogbloshie,21.08
2025-08-22 13:00:00+00:00,Agbogbloshie,28.49
2025-08-22 14:00:00+00:00,Agbogbloshie,23.94
2025-08-22 15:00:00+00:00,Agbogbloshie,50.23
2025-08-22 16:00:00+00:00,Agbogbloshie,52.42
2025-08-22 17:00:00+00:00,Agbogbloshie,71.73
2025-08-22 18:00:00+00:00,Agbogbloshie,88.11
2025-08-22 19:00:00+00:00,Agbogbloshie,67.29
2025-08-22 20:00:00+00:00,Agbogbloshie,78.94
2025-08-22 22:00:00+00:00,Agbogbloshie,45.61
2025-08-23 02:00:00+00:00,Agbogbloshie,29.85
2025-08-23 03:00:00+00:00,Agbogbloshie,40.16
2025-08-23 04:00:00+00:00,Agbogbloshie,60.19
2025-08-23 05:00:00+00:00,Agbogbloshie,46.32
2025-08-23 06:00:00+00:00,Agbogbloshie,59.66
2025-08-23 07:00:00+00:00,Agbogbloshie,50.6
2025-08-23 08:00:00+00:00,Agbogbloshie,53.22
2025-08-23 09:00:00+00:00,Agbogbloshie,38.73
2025-08-23 10:00:00+00:00,Agbogbloshie,28.92
2025-08-23 11:00:00+00:00,Agbogbloshie,32.91
2025-08-23 12:00:00+00:00,Agbogbloshie,38.51
2025-08-23 13:00:00+00:00,Agbogbloshie,38.6
2025-08-23 14:00:00+00:00,Agbogbloshie,40.96
2025-08-23 15:00:00+00:00,Agbogbloshie,41.9
2025-08-23 16:00:00+00:00,Agbogbloshie,33.5
2025-08-23 17:00:00+00:00,Agbogbloshie,48.1
2025-08-23 18:00:00+00:00,Agbogbloshie,61.97
2025-08-23 19:00:00+00:00,Agbogbloshie,67.87
2025-08-23 20:00:00+00:00,Agbogbloshie,69.56
2025-08-23 21:00:00+00:00,Agbogbloshie,61.89
2025-08-23 22:00:00+00:00,Agbogbloshie,90.84
2025-08-23 23:00:00+00:00,Agbogbloshie,107.13
2025-08-24 00:00:00+00:00,Agbogbloshie,72.2
2025-08-24 01:00:00+00:00,Agbogbloshie,102.32
2025-08-24 02:00:00+00:00,Agbogbloshie,43.85
2025-08-24 04:00:00+00:00,Agbogbloshie,57.95
2025-08-24 05:00:00+00:00,Agbogbloshie,46.52
2025-08-24 06:00:00+00:00,Agbogbloshie,48.01
2025-08-24 07:00:00+00:00,Agbogbloshie,52.03
2025-08-24 08:00:00+00:00,Agbogbloshie,38.95
2025-08-24 09:00:00+00:00,Agbogbloshie,68.64
2025-08-24 10:00:00+00:00,Agbogbloshie,33.73
2025-08-24 11:00:00+00:00,Agbogbloshie,28.68
2025-08-24 12:00:00+00:00,Agbogbloshie,37.61
2025-08-24 13:00:00+00:00,Agbogbloshie,24.28
2025-08-24 14:00:00+00:00,Agbogbloshie,28.93
2025-08-24 15:00:00+00:00,Agbogbloshie,29.57
2025-08-24 16:00:00+00:00,Agbogbloshie,41.64
2025-08-24 17:00:00+00:00,Agbogbloshie,34.25
2025-08-24 18:00:00+00:00,Agbogbloshie,54.7
2025-08-24 20:00:00+00:00,Agbogbloshie,69.76
2025-08-24 23:00:00+00:00,Agbogbloshie,38.74
2025-08-25 00:00:00+00:00,Agbogbloshie,62.23
2025-08-25 01:00:00+00:00,Agbogbloshie,46.58
2025-08-25 02:00:00+00:00,Agbogbloshie,44.82
2025-08-25 03:00:00+00:00,Agbogbloshie,56.01
2025-08-25 05:00:00+00:00,Agbogbloshie,80.7
2025-08-25 07:00:00+00:00,Agbogbloshie,55.49
2025-08-25 10:00:00+00:00,Agbogbloshie,30.27
2025-08-25 11:00:00+00:00,Agbogbloshie,28.58
2025-08-25 12:00:00+00:00,Agbogbloshie,28.98
2025-08-25 14:00:00+00:00,Agbogbloshie,23.93
2025-08-25 17:00:00+00:00,Agbogbloshie,74.0
2025-08-25 18:00:00+00:00,Agbogbloshie,54.68
2025-08-25 19:00:00+00:00,Agbogbloshie,73.3
2025-08-25 20:00:00+00:00,Agbogbloshie,78.02
2025-08-25 21:00:00+00:00,Agbogbloshie,67.68
2025-08-26 01:00:00+00:00,Agbogbloshie,54.86
2025-08-26 02:00:00+00:00,Agbogbloshie,33.12
2025-08-26 04:00:00+00:00,Agbogbloshie,48.06
2025-08-26 06:00:00+00:00,Agbogbloshie,65.75
2025-08-26 07:00:00+00:00,Agbogbloshie,62.92
2025-08-26 08:00:00+00:00,Agbogbloshie,33.06
2025-08-26 09:00:00+00:00,Agbogbloshie,23.62
2025-08-26 10:00:00+00:00,Agbogbloshie,16.69
2025-08-26 11:00:00+00:00,Agbogbloshie,15.64
2025-08-26 12:00:00+00:00,Agbogbloshie,15.73
2025-08-26 13:00:00+00:00,Agbogbloshie,13.64
2025-08-26 16:00:00+00:00,Agbogbloshie,36.38
2025-08-26 17:00:00+00:00,Agbogbloshie,52.47
2025-08-26 19:00:00+00:00,Agbogbloshie,67.66
2025-08-26 20:00:00+00:00,Agbogbloshie,72.49
2025-08-26 21:00:00+00:00,Agbogbloshie,68.71
2025-08-26 22:00:00+00:00,Agbogbloshie,37.67
2025-08-26 23:00:00+00:00,Agbogbloshie,32.57
2025-08-27 00:00:00+00:00,Agbogbloshie,34.53
2025-08-27 01:00:00+00:00,Agbogbloshie,30.47
2025-08-27 02:00:00+00:00,Agbogbloshie,34.78
2025-08-27 03:00:00+00:00,Agbogbloshie,43.35
2025-08-27 04:00:00+00:00,Agbogbloshie,69.33
2025-08-27 08:00:00+00:00,Agbogbloshie,36.6
2025-08-27 09:00:00+00:00,Agbogbloshie,23.57
2025-08-27 13:00:00+00:00,Agbogbloshie,24.52
2025-08-27 14:00:00+00:00,Agbogbloshie,27.78
2025-08-27 15:00:00+00:00,Agbogbloshie,43.49
2025-08-27 16:00:00+00:00,Agbogbloshie,59.85
2025-08-27 18:00:00+00:00,Agbogbloshie,58.17
2025-08-27 19:00:00+00:00,Agbogbloshie,51.79
2025-08-27 20:00:00+00:00,Agbogbloshie,95.6
2025-08-27 21:00:00+00:00,Agbogbloshie,73.98
2025-08-27 22:00:00+00:00,Agbogbloshie,61.92
2025-08-27 23:00:00+00:00,Agbogbloshie,46.34
2025-08-28 01:00:00+00:00,Agbogbloshie,25.76
2025-08-28 09:00:00+00:00,Agbogbloshie,30.93
2025-08-28 11:00:00+00:00,Agbogbloshie,16.3
2025-08-28 12:00:00+00:00,Agbogbloshie,22.92
2025-08-28 13:00:00+00:00,Agbogbloshie,13.79
2025-08-28 14:00:00+00:00,Agbogbloshie,17.13
2025-08-28 15:00:00+00:00,Agbogbloshie,24.01
2025-08-28 16:00:00+00:00,Agbogbloshie,43.07
2025-08-28 17:00:00+00:00,Agbogbloshie,67.47
2025-08-28 18:00:00+00:00,Agbogbloshie,63.55
2025-08-28 19:00:00+00:00,Agbogbloshie,75.29
2025-08-28 20:00:00+00:00,Agbogbloshie,79.93
2025-08-28 21:00:00+00:00,Agbogbloshie,59.28
2025-08-28 22:00:00+00:00,Agbogbloshie,74.7
2025-08-28 23:00:00+00:00,Agbogbloshie,39.89
2025-08-29 00:00:00+00:00,Agbogbloshie,16.74
2025-08-29 02:00:00+00:00,Agbogbloshie,29.23
2025-08-29 06:00:00+00:00,Agbogbloshie,75.16
2025-08-29 07:00:00+00:00,Agbogbloshie,62.06
2025-08-29 09:00:00+00:00,Agbogbloshie,31.44
2025-08-29 11:00:00+00:00,Agbogbloshie,20.67
2025-08-29 12:00:00+00:00,Agbogbloshie,17.35
2025-08-29 13:00:00+00:00,Agbogbloshie,12.94
2025-08-29 14:00:00+00:00,Agbogbloshie,14.6
2025-08-29 15:00:00+00:00,Agbogbloshie,20.1
2025-08-29 16:00:00+00:00,Agbogbloshie,19.86
2025-08-29 18:00:00+00:00,Agbogbloshie,52.61
2025-08-29 19:00:00+00:00,Agbogbloshie,55.84
2025-08-29 20:00:00+00:00,Agbogbloshie,46.6
2025-08-29 21:00:00+00:00,Agbogbloshie,38.79
2025-08-29 22:00:00+00:00,Agbogbloshie,51.79
2025-08-29 23:00:00+00:00,Agbogbloshie,30.5
2025-08-30 00:00:00+00:00,Agbogbloshie,35.18
2025-08-30 01:00:00+00:00,Agbogbloshie,31.28
2025-08-30 03:00:00+00:00,Agbogbloshie,43.31
2025-08-30 04:00:00+00:00,Agbogbloshie,57.71
2025-08-30 05:00:00+00:00,Agbogbloshie,58.39
2025-08-30 06:00:00+00:00,Agbogbloshie,64.55
2025-08-30 07:00:00+00:00,Agbogbloshie,50.16
2025-08-30 08:00:00+00:00,Agbogbloshie,31.45
2025-08-30 11:00:00+00:00,Agbogbloshie,16.47
2025-08-30 14:00:00+00:00,Agbogbloshie,13.99
2025-08-30 15:00:00+00:00,Agbogbloshie,18.0
2025-08-30 16:00:00+00:00,Agbogbloshie,19.38
2025-08-30 17:00:00+00:00,Agbogbloshie,35.62
2025-08-30 18:00:00+00:00,Agbogbloshie,51.87
2025-08-30 19:00:00+00:00,Agbogbloshie,51.63
2025-08-30 20:00:00+00:00,Agbogbloshie,54.38
2025-08-30 21:00:00+00:00,Agbogbloshie,41.09
2025-08-30 22:00:00+00:00,Agbogbloshie,41.51
2025-08-30 23:00:00+00:00,Agbogbloshie,32.86
2025-08-31 00:00:00+00:00,Agbogbloshie,28.51
2025-08-31 01:00:00+00:00,Agbogbloshie,52.06
2025-08-31 02:00:00+00:00,Agbogbloshie,44.26
2025-08-31 04:00:00+00:00,Agbogbloshie,35.39
2025-08-31 05:00:00+00:00,Agbogbloshie,25.31
2025-08-31 07:00:00+00:00,Agbogbloshie,46.25
2025-08-31 08:00:00+00:00,Agbogbloshie,31.64
2025-08-31 09:00:00+00:00,Agbogbloshie,35.38
2025-08-31 11:00:00+00:00,Agbogbloshie,13.57
2025-08-31 12:00:00+00:00,Agbogbloshie,13.68
2025-08-31 13:00:00+00:00,Agbogbloshie,16.9
2025-08-31 14:00:00+00:00,Agbogbloshie,14.22
2025-08-31 15:00:00+00:00,Agbogbloshie,17.56
2025-08-31 16:00:00+00:00,Agbogbloshie,24.31
2025-08-31 17:00:00+00:00,Agbogbloshie,39.47
2025-08-31 18:00:00+00:00,Agbogbloshie,42.38
2025-08-31 19:00:00+00:00,Agbogbloshie,34.55
2025-08-31 20:00:00+00:00,Agbogbloshie,26.8
2025-08-31 21:00:00+00:00,Agbogbloshie,29.86
2025-08-31 22:00:00+00:00,Agbogbloshie,32.64
2025-08-31 23:00:00+00:00,Agbogbloshie,38.26
2025-08-01 00:00:00+00:00,Amasaman,10.72
2025-08-01 01:00:00+00:00,Amasaman,11.03
2025-08-01 02:00:00+00:00,Amasaman,10.83
2025-08-01 03:00:00+00:00,Amasaman,11.4
2025-08-01 04:00:00+00:00,Amasaman,13.35
2025-08-01 05:00:00+00:00,Amasaman,17.5
2025-08-01 06:00:00+00:00,Amasaman,21.71
2025-08-01 08:00:00+00:00,Amasaman,22.59
2025-08-01 09:00:00+00:00,Amasaman,19.32
2025-08-01 10:00:00+00:00,Amasaman,17.6
2025-08-01 11:00:00+00:00,Amasaman,16.34
2025-08-01 12:00:00+00:00,Amasaman,16.08
2025-08-01 13:00:00+00:00,Amasaman,16.41
2025-08-01 14:00:00+00:00,Amasaman,17.72
2025-08-01 15:00:00+00:00,Amasaman,17.46
2025-08-01 16:00:00+00:00,Amasaman,15.8
2025-08-01 17:00:00+00:00,Amasaman,19.8
2025-08-01 18:00:00+00:00,Amasaman,19.96
2025-08-01 19:00:00+00:00,Amasaman,16.76
2025-08-01 20:00:00+00:00,Amasaman,16.44
2025-08-01 21:00:00+00:00,Amasaman,15.45
2025-08-01 22:00:00+00:00,Amasaman,15.52
2025-08-01 23:00:00+00:00,Amasaman,16.63
2025-08-02 01:00:00+00:00,Amasaman,14.1
2025-08-02 02:00:00+00:00,Amasaman,13.96
2025-08-02 03:00:00+00:00,Amasaman,20.18
2025-08-02 04:00:00+00:00,Amasaman,21.97
2025-08-02 05:00:00+00:00,Amasaman,26.81
2025-08-02 06:00:00+00:00,Amasaman,29.7
2025-08-02 07:00:00+00:00,Amasaman,21.55
2025-08-02 10:00:00+00:00,Amasaman,18.78
2025-08-02 11:00:00+00:00,Amasaman,17.65
2025-08-02 12:00:00+00:00,Amasaman,14.39
2025-08-02 13:00:00+00:00,Amasaman,16.53
2025-08-02 14:00:00+00:00,Amasaman,15.79
2025-08-02 15:00:00+00:00,Amasaman,16.8
2025-08-02 16:00:00+00:00,Amasaman,17.41
2025-08-02 17:00:00+00:00,Amasaman,20.72
2025-08-02 18:00:00+00:00,Amasaman,27.66
2025-08-02 19:00:00+00:00,Amasaman,27.13
2025-08-02 20:00:00+00:00,Amasaman,32.47
2025-08-02 21:00:00+00:00,Amasaman,19.96
2025-08-02 23:00:00+00:00,Amasaman,16.31
2025-08-03 00:00:00+00:00,Amasaman,17.6
2025-08-03 02:00:00+00:00,Amasaman,14.19
2025-08-03 03:00:00+00:00,Amasaman,15.33
2025-08-03 04:00:00+00:00,Amasaman,15.3
2025-08-03 05:00:00+00:00,Amasaman,17.97
2025-08-03 07:00:00+00:00,Amasaman,24.49
2025-08-03 08:00:00+00:00,Amasaman,22.73
2025-08-03 10:00:00+00:00,Amasaman,14.23
2025-08-03 12:00:00+00:00,Amasaman,13.4
2025-08-03 14:00:00+00:00,Amasaman,14.34
2025-08-03 15:00:00+00:00,Amasaman,15.04
2025-08-03 16:00:00+00:00,Amasaman,19.93
2025-08-03 17:00:00+00:00,Amasaman,23.9
2025-08-03 18:00:00+00:00,Amasaman,23.42
2025-08-04 00:00:00+00:00,Amasaman,13.32
2025-08-04 01:00:00+00:00,Amasaman,12.56
2025-08-04 08:00:00+00:00,Amasaman,20.54
2025-08-04 09:00:00+00:00,Amasaman,19.01
2025-08-04 10:00:00+00:00,Amasaman,21.36
2025-08-04 11:00:00+00:00,Amasaman,19.49
2025-08-04 12:00:00+00:00,Amasaman,18.82
2025-08-04 13:00:00+00:00,Amasaman,16.3
2025-08-04 14:00:00+00:00,Amasaman,18.28
2025-08-04 16:00:00+00:00,Amasaman,18.54
2025-08-04 17:00:00+00:00,Amasaman,17.74
2025-08-04 18:00:00+00:00,Amasaman,19.95
2025-08-04 19:00:00+00:00,Amasaman,20.75
2025-08-04 20:00:00+00:00,Amasaman,17.78
2025-08-04 21:00:00+00:00,Amasaman,15.07
2025-08-04 22:00:00+00:00,Amasaman,14.34
2025-08-04 23:00:00+00:00,Amasaman,12.63
2025-08-05 01:00:00+00:00,Amasaman,9.77
2025-08-05 02:00:00+00:00,Amasaman,8.08
2025-08-05 03:00:00+00:00,Amasaman,12.86
2025-08-05 04:00:00+00:00,Amasaman,12.35
2025-08-05 05:00:00+00:00,Amasaman,13.8
2025-08-05 06:00:00+00:00,Amasaman,22.61
2025-08-05 07:00:00+00:00,Amasaman,25.01
2025-08-05 08:00:00+00:00,Amasaman,18.18
2025-08-05 09:00:00+00:00,Amasaman,19.74
2025-08-05 10:00:00+00:00,Amasaman,19.82
2025-08-05 11:00:00+00:00,Amasaman,13.08
2025-08-05 13:00:00+00:00,Amasaman,13.51
2025-08-05 14:00:00+00:00,Amasaman,13.28
2025-08-05 15:00:00+00:00,Amasaman,12.61
2025-08-05 16:00:00+00:00,Amasaman,13.53
2025-08-05 17:00:00+00:00,Amasaman,16.23
2025-08-05 18:00:00+00:00,Amasaman,21.17
2025-08-05 19:00:00+00:00,Amasaman,22.35
2025-08-05 20:00:00+00:00,Amasaman,21.92
2025-08-05 21:00:00+00:00,Amasaman,21.32
2025-08-05 22:00:00+00:00,Amasaman,24.0
2025-08-05 23:00:00+00:00,Amasaman,18.75
2025-08-06 00:00:00+00:00,Amasaman,12.85
2025-08-06 01:00:00+00:00,Amasaman,11.75
2025-08-06 02:00:00+00:00,Amasaman,10.79
2025-08-06 03:00:00+00:00,Amasaman,12.57
2025-08-06 04:00:00+00:00,Amasaman,11.37
2025-08-06 05:00:00+00:00,Amasaman,18.42
2025-08-06 06:00:00+00:00,Amasaman,27.14
2025-08-06 07:00:00+00:00,Amasaman,27.85
2025-08-06 08:00:00+00:00,Amasaman,28.31
2025-08-06 09:00:00+00:00,Amasaman,21.84
2025-08-06 10:00:00+00:00,Amasaman,18.94
2025-08-06 11:00:00+00:00,Amasaman,22.47
2025-08-06 12:00:00+00:00,Amasaman,17.9
2025-08-06 13:00:00+00:00,Amasaman,20.11
2025-08-06 14:00:00+00:00,Amasaman,19.81
2025-08-06 15:00:00+00:00,Amasaman,17.43
2025-08-06 16:00:00+00:00,Amasaman,20.8
2025-08-06 17:00:00+00:00,Amasaman,22.87
2025-08-06 18:00:00+00:00,Amasaman,21.56
2025-08-06 19:00:00+00:00,Amasaman,24.35
2025-08-06 20:00:00+00:00,Amasaman,27.59
2025-08-06 21:00:00+00:00,Amasaman,21.12
2025-08-06 23:00:00+00:00,Amasaman,22.32
2025-08-07 01:00:00+00:00,Amasaman,20.5
2025-08-07 02:00:00+00:00,Amasaman,21.36
2025-08-07 03:00:00+00:00,Amasaman,20.91
2025-08-07 04:00:00+00:00,Amasaman,21.04
2025-08-07 06:00:00+00:00,Amasaman,24.74
2025-08-07 07:00:00+00:00,Amasaman,26.27
2025-08-07 08:00:00+00:00,Amasaman,25.63
2025-08-07 09:00:00+00:00,Amasaman,22.89
2025-08-07 10:00:00+00:00,Amasaman,21.4
2025-08-07 11:00:00+00:00,Amasaman,20.63
2025-08-07 12:00:00+00:00,Amasaman,19.29
2025-08-07 13:00:00+00:00,Amasaman,20.48
2025-08-07 14:00:00+00:00,Amasaman,20.16
2025-08-07 15:00:00+00:00,Amasaman,18.75
2025-08-07 16:00:00+00:00,Amasaman,18.91
2025-08-07 17:00:00+00:00,Amasaman,18.94
2025-08-07 18:00:00+00:00,Amasaman,19.88
2025-08-07 19:00:00+00:00,Amasaman,20.52
2025-08-07 20:00:00+00:00,Amasaman,19.8
2025-08-07 21:00:00+00:00,Amasaman,20.59
2025-08-07 23:00:00+00:00,Amasaman,18.7
2025-08-08 02:00:00+00:00,Amasaman,18.19
2025-08-08 04:00:00+00:00,Amasaman,19.25
2025-08-08 07:00:00+00:00,Amasaman,25.89
2025-08-08 08:00:00+00:00,Amasaman,23.86
2025-08-08 09:00:00+00:00,Amasaman,20.52
2025-08-08 10:00:00+00:00,Amasaman,21.62
2025-08-08 11:00:00+00:00,Amasaman,20.57
2025-08-08 12:00:00+00:00,Amasaman,19.62
2025-08-08 13:00:00+00:00,Amasaman,18.96
2025-08-08 14:00:00+00:00,Amasaman,17.33
2025-08-08 15:00:00+00:00,Amasaman,18.61
2025-08-08 16:00:00+00:00,Amasaman,16.02
2025-08-08 17:00:00+00:00,Amasaman,17.2
2025-08-08 18:00:00+00:00,Amasaman,18.55
2025-08-08 19:00:00+00:00,Amasaman,21.02
2025-08-08 20:00:00+00:00,Amasaman,19.01
2025-08-08 21:00:00+00:00,Amasaman,16.85
2025-08-09 00:00:00+00:00,Amasaman,16.23
2025-08-09 01:00:00+00:00,Amasaman,14.72
2025-08-09 03:00:00+00:00,Amasaman,14.99
2025-08-09 04:00:00+00:00,Amasaman,16.6
2025-08-09 05:00:00+00:00,Amasaman,21.16
2025-08-09 06:00:00+00:00,Amasaman,26.27
2025-08-09 07:00:00+00:00,Amasaman,27.21
2025-08-09 08:00:00+00:00,Amasaman,27.88
2025-08-09 09:00:00+00:00,Amasaman,23.48
2025-08-09 10:00:00+00:00,Amasaman,20.28
2025-08-09 11:00:00+00:00,Amasaman,18.19
2025-08-09 12:00:00+00:00,Amasaman,20.54
2025-08-09 13:00:00+00:00,Amasaman,18.88
2025-08-09 14:00:00+00:00,Amasaman,18.1
2025-08-09 15:00:00+00:00,Amasaman,17.41
2025-08-09 16:00:00+00:00,Amasaman,17.26
2025-08-09 17:00:00+00:00,Amasaman,23.25
2025-08-09 18:00:00+00:00,Amasaman,24.31
2025-08-09 19:00:00+00:00,Amasaman,24.26
2025-08-09 20:00:00+00:00,Amasaman,18.59
2025-08-09 21:00:00+00:00,Amasaman,26.98
2025-08-09 22:00:00+00:00,Amasaman,23.65
2025-08-10 00:00:00+00:00,Amasaman,29.98
2025-08-10 02:00:00+00:00,Amasaman,14.85
2025-08-10 04:00:00+00:00,Amasaman,16.51
2025-08-10 05:00:00+00:00,Amasaman,22.71
2025-08-10 06:00:00+00:00,Amasaman,24.42
2025-08-10 07:00:00+00:00,Amasaman,25.21
2025-08-10 08:00:00+00:00,Amasaman,19.5
2025-08-10 09:00:00+00:00,Amasaman,18.67
2025-08-10 10:00:00+00:00,Amasaman,18.18
2025-08-10 11:00:00+00:00,Amasaman,18.29
2025-08-10 12:00:00+00:00,Amasaman,15.64
2025-08-10 13:00:00+00:00,Amasaman,13.74
2025-08-10 14:00:00+00:00,Amasaman,9.93
2025-08-10 15:00:00+00:00,Amasaman,10.77
2025-08-10 16:00:00+00:00,Amasaman,12.8
2025-08-10 17:00:00+00:00,Amasaman,13.54
2025-08-10 19:00:00+00:00,Amasaman,17.78
2025-08-10 20:00:00+00:00,Amasaman,17.69
2025-08-10 21:00:00+00:00,Amasaman,17.94
2025-08-10 22:00:00+00:00,Amasaman,17.21
2025-08-11 03:00:00+00:00,Amasaman,10.87
2025-08-11 04:00:00+00:00,Amasaman,13.86
2025-08-11 05:00:00+00:00,Amasaman,20.95
2025-08-11 06:00:00+00:00,Amasaman,14.94
2025-08-11 07:00:00+00:00,Amasaman,15.95
2025-08-11 08:00:00+00:00,Amasaman,13.63
2025-08-11 09:00:00+00:00,Amasaman,11.28
2025-08-11 10:00:00+00:00,Amasaman,11.04
2025-08-11 11:00:00+00:00,Amasaman,9.99
2025-08-11 12:00:00+00:00,Amasaman,9.63
2025-08-11 13:00:00+00:00,Amasaman,9.28
2025-08-11 14:00:00+00:00,Amasaman,8.53
2025-08-11 15:00:00+00:00,Amasaman,9.5
2025-08-11 16:00:00+00:00,Amasaman,10.06
2025-08-11 17:00:00+00:00,Amasaman,10.23
2025-08-11 18:00:00+00:00,Amasaman,11.62
2025-08-11 19:00:00+00:00,Amasaman,13.93
2025-08-11 20:00:00+00:00,Amasaman,10.97
2025-08-11 21:00:00+00:00,Amasaman,11.81
2025-08-11 22:00:00+00:00,Amasaman,11.42
2025-08-11 23:00:00+00:00,Amasaman,7.59
2025-08-12 00:00:00+00:00,Amasaman,7.01
2025-08-12 01:00:00+00:00,Amasaman,5.81
2025-08-12 03:00:00+00:00,Amasaman,6.39
2025-08-12 05:00:00+00:00,Amasaman,16.73
2025-08-12 06:00:00+00:00,Amasaman,18.23
2025-08-12 07:00:00+00:00,Amasaman,16.99
2025-08-12 08:00:00+00:00,Amasaman,8.34
2025-08-12 09:00:00+00:00,Amasaman,8.46
2025-08-12 10:00:00+00:00,Amasaman,5.59
2025-08-12 11:00:00+00:00,Amasaman,5.07
2025-08-12 12:00:00+00:00,Amasaman,7.49
2025-08-12 13:00:00+00:00,Amasaman,5.82
2025-08-12 14:00:00+00:00,Amasaman,6.44
2025-08-12 15:00:00+00:00,Amasaman,5.42
2025-08-12 16:00:00+00:00,Amasaman,5.69
2025-08-12 17:00:00+00:00,Amasaman,6.61
2025-08-12 18:00:00+00:00,Amasaman,7.69
2025-08-12 19:00:00+00:00,Amasaman,8.1
2025-08-12 20:00:00+00:00,Amasaman,8.15
2025-08-12 21:00:00+00:00,Amasaman,9.34
2025-08-12 22:00:00+00:00,Amasaman,6.17
2025-08-12 23:00:00+00:00,Amasaman,3.61
2025-08-13 00:00:00+00:00,Amasaman,5.21
2025-08-13 01:00:00+00:00,Amasaman,4.27
2025-08-13 02:00:00+00:00,Amasaman,4.36
2025-08-13 03:00:00+00:00,Amasaman,7.6
2025-08-13 04:00:00+00:00,Amasaman,13.26
2025-08-13 05:00:00+00:00,Amasaman,11.85
2025-08-13 06:00:00+00:00,Amasaman,21.31
2025-08-13 07:00:00+00:00,Amasaman,15.18
2025-08-13 08:00:00+00:00,Amasaman,7.93
2025-08-13 09:00:00+00:00,Amasaman,6.8
2025-08-13 10:00:00+00:00,Amasaman,8.97
2025-08-13 11:00:00+00:00,Amasaman,9.02
2025-08-13 12:00:00+00:00,Amasaman,7.95
2025-08-13 13:00:00+00:00,Amasaman,7.13
2025-08-13 14:00:00+00:00,Amasaman,7.55
2025-08-13 15:00:00+00:00,Amasaman,7.84
2025-08-13 16:00:00+00:00,Amasaman,8.15
2025-08-13 17:00:00+00:00,Amasaman,8.37
2025-08-13 18:00:00+00:00,Amasaman,15.98
2025-08-13 19:00:00+00:00,Amasaman,13.94
2025-08-13 20:00:00+00:00,Amasaman,10.6
2025-08-13 21:00:00+00:00,Amasaman,10.03
2025-08-13 22:00:00+00:00,Amasaman,5.98
2025-08-13 23:00:00+00:00,Amasaman,5.55
2025-08-14 00:00:00+00:00,Amasaman,4.67
2025-08-14 01:00:00+00:00,Amasaman,4.55
2025-08-14 03:00:00+00:00,Amasaman,10.34
2025-08-14 04:00:00+00:00,Amasaman,12.97
2025-08-14 05:00:00+00:00,Amasaman,14.2
2025-08-14 06:00:00+00:00,Amasaman,15.86
2025-08-14 07:00:00+00:00,Amasaman,14.42
2025-08-14 08:00:00+00:00,Amasaman,9.37
2025-08-14 09:00:00+00:00,Amasaman,7.15
2025-08-14 10:00:00+00:00,Amasaman,7.61
2025-08-14 11:00:00+00:00,Amasaman,6.13
2025-08-14 12:00:00+00:00,Amasaman,7.15
2025-08-14 13:00:00+00:00,Amasaman,7.04
2025-08-14 14:00:00+00:00,Amasaman,6.74
2025-08-14 15:00:00+00:00,Amasaman,8.28
2025-08-14 16:00:00+00:00,Amasaman,7.08
2025-08-14 17:00:00+00:00,Amasaman,10.0
2025-08-14 18:00:00+00:00,Amasaman,13.53
2025-08-14 19:00:00+00:00,Amasaman,11.96
2025-08-14 20:00:00+00:00,Amasaman,13.06
2025-08-14 21:00:00+00:00,Amasaman,11.83
2025-08-14 23:00:00+00:00,Amasaman,12.15
2025-08-15 00:00:00+00:00,Amasaman,8.02
2025-08-15 02:00:00+00:00,Amasaman,12.17
2025-08-15 03:00:00+00:00,Amasaman,25.17
2025-08-15 04:00:00+00:00,Amasaman,17.49
2025-08-15 05:00:00+00:00,Amasaman,22.98
2025-08-15 06:00:00+00:00,Amasaman,30.47
2025-08-15 07:00:00+00:00,Amasaman,19.15
2025-08-15 08:00:00+00:00,Amasaman,15.35
2025-08-15 09:00:00+00:00,Amasaman,8.74
2025-08-15 10:00:00+00:00,Amasaman,20.16
2025-08-15 11:00:00+00:00,Amasaman,9.35
2025-08-15 12:00:00+00:00,Amasaman,8.7
2025-08-15 13:00:00+00:00,Amasaman,18.4
2025-08-15 14:00:00+00:00,Amasaman,15.18
2025-08-15 15:00:00+00:00,Amasaman,16.25
2025-08-15 16:00:00+00:00,Amasaman,15.94
2025-08-15 17:00:00+00:00,Amasaman,21.04
2025-08-15 18:00:00+00:00,Amasaman,22.86
2025-08-15 19:00:00+00:00,Amasaman,20.3
2025-08-15 20:00:00+00:00,Amasaman,19.41
2025-08-15 21:00:00+00:00,Amasaman,20.98
2025-08-15 22:00:00+00:00,Amasaman,10.94
2025-08-16 02:00:00+00:00,Amasaman,8.92
2025-08-16 05:00:00+00:00,Amasaman,17.3
2025-08-16 06:00:00+00:00,Amasaman,16.48
2025-08-16 07:00:00+00:00,Amasaman,19.95
2025-08-16 08:00:00+00:00,Amasaman,24.91
2025-08-16 09:00:00+00:00,Amasaman,21.58
2025-08-16 10:00:00+00:00,Amasaman,15.25
2025-08-16 11:00:00+00:00,Amasaman,17.31
2025-08-16 12:00:00+00:00,Amasaman,15.17
2025-08-16 13:00:00+00:00,Amasaman,14.27
2025-08-16 14:00:00+00:00,Amasaman,20.45
2025-08-16 15:00:00+00:00,Amasaman,22.83
2025-08-16 16:00:00+00:00,Amasaman,15.65
2025-08-16 17:00:00+00:00,Amasaman,18.53
2025-08-16 18:00:00+00:00,Amasaman,21.23
2025-08-16 19:00:00+00:00,Amasaman,15.44
2025-08-16 20:00:00+00:00,Amasaman,11.92
2025-08-16 21:00:00+00:00,Amasaman,13.45
2025-08-17 00:00:00+00:00,Amasaman,8.72
2025-08-17 01:00:00+00:00,Amasaman,7.73
2025-08-17 03:00:00+00:00,Amasaman,7.46
2025-08-17 04:00:00+00:00,Amasaman,8.64
2025-08-17 05:00:00+00:00,Amasaman,13.3
2025-08-17 06:00:00+00:00,Amasaman,16.75
2025-08-17 07:00:00+00:00,Amasaman,19.22
2025-08-17 08:00:00+00:00,Amasaman,18.91
2025-08-17 09:00:00+00:00,Amasaman,19.06
2025-08-17 10:00:00+00:00,Amasaman,13.04
2025-08-17 11:00:00+00:00,Amasaman,8.76
2025-08-17 12:00:00+00:00,Amasaman,9.56
2025-08-17 13:00:00+00:00,Amasaman,10.03
2025-08-17 14:00:00+00:00,Amasaman,11.49
2025-08-17 15:00:00+00:00,Amasaman,10.43
2025-08-17 16:00:00+00:00,Amasaman,12.14
2025-08-17 17:00:00+00:00,Amasaman,10.92
2025-08-17 18:00:00+00:00,Amasaman,11.25
2025-08-17 19:00:00+00:00,Amasaman,12.95
2025-08-17 20:00:00+00:00,Amasaman,11.94
2025-08-17 21:00:00+00:00,Amasaman,10.11
2025-08-17 23:00:00+00:00,Amasaman,9.15
2025-08-18 02:00:00+00:00,Amasaman,10.38
2025-08-18 03:00:00+00:00,Amasaman,9.69
2025-08-18 05:00:00+00:00,Amasaman,12.08
2025-08-18 06:00:00+00:00,Amasaman,19.62
2025-08-18 07:00:00+00:00,Amasaman,19.93
2025-08-18 11:00:00+00:00,Amasaman,14.38
2025-08-18 13:00:00+00:00,Amasaman,11.04
2025-08-18 14:00:00+00:00,Amasaman,10.1
2025-08-18 19:00:00+00:00,Amasaman,17.8
2025-08-18 20:00:00+00:00,Amasaman,25.67
2025-08-18 21:00:00+00:00,Amasaman,19.42
2025-08-18 22:00:00+00:00,Amasaman,14.59
2025-08-19 01:00:00+00:00,Amasaman,17.15
2025-08-19 02:00:00+00:00,Amasaman,18.66
2025-08-19 05:00:00+00:00,Amasaman,29.25
2025-08-19 06:00:00+00:00,Amasaman,26.62
2025-08-19 07:00:00+00:00,Amasaman,19.33
2025-08-19 08:00:00+00:00,Amasaman,17.07
2025-08-19 09:00:00+00:00,Amasaman,14.73
2025-08-19 10:00:00+00:00,Amasaman,14.2
2025-08-19 11:00:00+00:00,Amasaman,15.42
2025-08-19 12:00:00+00:00,Amasaman,12.74
2025-08-19 13:00:00+00:00,Amasaman,10.62
2025-08-19 14:00:00+00:00,Amasaman,10.37
2025-08-19 15:00:00+00:00,Amasaman,11.63
2025-08-19 16:00:00+00:00,Amasaman,14.14
2025-08-19 17:00:00+00:00,Amasaman,19.74
2025-08-19 18:00:00+00:00,Amasaman,23.83
2025-08-19 19:00:00+00:00,Amasaman,20.6
2025-08-19 20:00:00+00:00,Amasaman,25.17
2025-08-19 21:00:00+00:00,Amasaman,19.59
2025-08-19 22:00:00+00:00,Amasaman,13.26
2025-08-19 23:00:00+00:00,Amasaman,14.01
2025-08-20 00:00:00+00:00,Amasaman,13.78
2025-08-20 01:00:00+00:00,Amasaman,12.77
2025-08-20 02:00:00+00:00,Amasaman,11.91
2025-08-20 03:00:00+00:00,Amasaman,14.87
2025-08-20 04:00:00+00:00,Amasaman,16.54
2025-08-20 05:00:00+00:00,Amasaman,22.72
2025-08-20 06:00:00+00:00,Amasaman,39.31
2025-08-20 07:00:00+00:00,Amasaman,26.15
2025-08-20 08:00:00+00:00,Amasaman,20.86
2025-08-20 09:00:00+00:00,Amasaman,16.72
2025-08-20 10:00:00+00:00,Amasaman,15.61
2025-08-20 11:00:00+00:00,Amasaman,14.12
2025-08-20 12:00:00+00:00,Amasaman,12.91
2025-08-20 13:00:00+00:00,Amasaman,18.41
2025-08-20 14:00:00+00:00,Amasaman,14.94
2025-08-20 15:00:00+00:00,Amasaman,15.47
2025-08-20 16:00:00+00:00,Amasaman,16.42
2025-08-20 17:00:00+00:00,Amasaman,17.7
2025-08-20 18:00:00+00:00,Amasaman,23.57
2025-08-20 19:00:00+00:00,Amasaman,18.7
2025-08-20 20:00:00+00:00,Amasaman,18.89
2025-08-20 21:00:00+00:00,Amasaman,17.91
2025-08-20 23:00:00+00:00,Amasaman,13.95
2025-08-21 00:00:00+00:00,Amasaman,10.67
2025-08-21 01:00:00+00:00,Amasaman,10.16
2025-08-21 02:00:00+00:00,Amasaman,13.49
2025-08-21 03:00:00+00:00,Amasaman,12.61
2025-08-21 04:00:00+00:00,Amasaman,12.89
2025-08-21 05:00:00+00:00,Amasaman,13.84
2025-08-21 06:00:00+00:00,Amasaman,22.12
2025-08-21 07:00:00+00:00,Amasaman,21.93
2025-08-21 09:00:00+00:00,Amasaman,16.08
2025-08-21 10:00:00+00:00,Amasaman,13.5
2025-08-21 11:00:00+00:00,Amasaman,14.49
2025-08-21 12:00:00+00:00,Amasaman,15.11
2025-08-21 13:00:00+00:00,Amasaman,16.41
2025-08-21 14:00:00+00:00,Amasaman,12.43
2025-08-21 16:00:00+00:00,Amasaman,15.97
2025-08-21 18:00:00+00:00,Amasaman,17.91
2025-08-21 19:00:00+00:00,Amasaman,17.46
2025-08-21 20:00:00+00:00,Amasaman,15.83
2025-08-21 22:00:00+00:00,Amasaman,12.63
2025-08-21 23:00:00+00:00,Amasaman,10.61
2025-08-22 00:00:00+00:00,Amasaman,9.52
2025-08-22 02:00:00+00:00,Amasaman,9.04
2025-08-22 03:00:00+00:00,Amasaman,9.44
2025-08-22 04:00:00+00:00,Amasaman,11.07
2025-08-22 06:00:00+00:00,Amasaman,20.06
2025-08-22 07:00:00+00:00,Amasaman,17.93
2025-08-22 08:00:00+00:00,Amasaman,13.92
2025-08-22 10:00:00+00:00,Amasaman,19.58
2025-08-22 12:00:00+00:00,Amasaman,18.08
2025-08-22 13:00:00+00:00,Amasaman,19.44
2025-08-22 14:00:00+00:00,Amasaman,23.27
2025-08-22 16:00:00+00:00,Amasaman,21.79
2025-08-22 17:00:00+00:00,Amasaman,29.99
2025-08-22 18:00:00+00:00,Amasaman,28.75
2025-08-22 19:00:00+00:00,Amasaman,25.81
2025-08-22 20:00:00+00:00,Amasaman,22.63
2025-08-22 22:00:00+00:00,Amasaman,26.52
2025-08-23 02:00:00+00:00,Amasaman,14.54
2025-08-23 03:00:00+00:00,Amasaman,16.51
2025-08-23 04:00:00+00:00,Amasaman,20.96
2025-08-23 05:00:00+00:00,Amasaman,20.96
2025-08-23 06:00:00+00:00,Amasaman,21.6
2025-08-23 07:00:00+00:00,Amasaman,28.56
2025-08-23 08:00:00+00:00,Amasaman,37.52
2025-08-23 10:00:00+00:00,Amasaman,17.73
2025-08-23 11:00:00+00:00,Amasaman,20.2
2025-08-23 12:00:00+00:00,Amasaman,18.68
2025-08-23 13:00:00+00:00,Amasaman,18.31
2025-08-23 14:00:00+00:00,Amasaman,20.48
2025-08-23 15:00:00+00:00,Amasaman,18.25
2025-08-23 16:00:00+00:00,Amasaman,17.59
2025-08-23 17:00:00+00:00,Amasaman,18.02
2025-08-23 18:00:00+00:00,Amasaman,23.0
2025-08-23 19:00:00+00:00,Amasaman,25.54
2025-08-23 20:00:00+00:00,Amasaman,23.01
2025-08-23 22:00:00+00:00,Amasaman,26.97
2025-08-23 23:00:00+00:00,Amasaman,33.17
2025-08-24 00:00:00+00:00,Amasaman,15.21
2025-08-24 01:00:00+00:00,Amasaman,13.96
2025-08-24 02:00:00+00:00,Amasaman,13.2
2025-08-24 03:00:00+00:00,Amasaman,11.46
2025-08-24 04:00:00+00:00,Amasaman,27.21
2025-08-24 05:00:00+00:00,Amasaman,20.49
2025-08-24 07:00:00+00:00,Amasaman,35.42
2025-08-24 08:00:00+00:00,Amasaman,21.93
2025-08-24 09:00:00+00:00,Amasaman,17.27
2025-08-24 10:00:00+00:00,Amasaman,15.15
2025-08-24 11:00:00+00:00,Amasaman,15.71
2025-08-24 12:00:00+00:00,Amasaman,16.49
2025-08-24 13:00:00+00:00,Amasaman,18.74
2025-08-24 14:00:00+00:00,Amasaman,14.93
2025-08-24 15:00:00+00:00,Amasaman,13.74
2025-08-24 16:00:00+00:00,Amasaman,16.11
2025-08-24 17:00:00+00:00,Amasaman,16.72
2025-08-24 18:00:00+00:00,Amasaman,19.76
2025-08-24 19:00:00+00:00,Amasaman,20.36
2025-08-24 20:00:00+00:00,Amasaman,17.04
2025-08-24 21:00:00+00:00,Amasaman,15.05
2025-08-24 23:00:00+00:00,Amasaman,14.04
2025-08-25 01:00:00+00:00,Amasaman,16.44
2025-08-25 02:00:00+00:00,Amasaman,16.99
2025-08-25 03:00:00+00:00,Amasaman,21.63
2025-08-25 05:00:00+00:00,Amasaman,28.51
2025-08-25 07:00:00+00:00,Amasaman,26.39
2025-08-25 10:00:00+00:00,Amasaman,15.27
2025-08-25 11:00:00+00:00,Amasaman,12.86
2025-08-25 12:00:00+00:00,Amasaman,14.32
2025-08-25 14:00:00+00:00,Amasaman,15.76
2025-08-25 17:00:00+00:00,Amasaman,24.05
2025-08-25 18:00:00+00:00,Amasaman,22.75
2025-08-25 20:00:00+00:00,Amasaman,17.51
2025-08-25 21:00:00+00:00,Amasaman,16.03
2025-08-26 01:00:00+00:00,Amasaman,10.92
2025-08-26 02:00:00+00:00,Amasaman,10.67
2025-08-26 03:00:00+00:00,Amasaman,9.97
2025-08-26 04:00:00+00:00,Amasaman,13.54
2025-08-26 05:00:00+00:00,Amasaman,14.05
2025-08-26 06:00:00+00:00,Amasaman,22.05
2025-08-26 07:00:00+00:00,Amasaman,21.96
2025-08-26 08:00:00+00:00,Amasaman,19.28
2025-08-26 09:00:00+00:00,Amasaman,17.14
2025-08-26 10:00:00+00:00,Amasaman,17.51
2025-08-26 11:00:00+00:00,Amasaman,22.6
2025-08-26 12:00:00+00:00,Amasaman,15.94
2025-08-26 13:00:00+00:00,Amasaman,13.96
2025-08-26 16:00:00+00:00,Amasaman,15.79
2025-08-26 17:00:00+00:00,Amasaman,18.32
2025-08-26 19:00:00+00:00,Amasaman,18.26
2025-08-26 20:00:00+00:00,Amasaman,17.71
2025-08-26 21:00:00+00:00,Amasaman,15.24
2025-08-26 22:00:00+00:00,Amasaman,15.91
2025-08-26 23:00:00+00:00,Amasaman,14.84
2025-08-27 00:00:00+00:00,Amasaman,15.23
2025-08-27 01:00:00+00:00,Amasaman,14.51
2025-08-27 02:00:00+00:00,Amasaman,15.06
2025-08-27 03:00:00+00:00,Amasaman,16.92
2025-08-27 04:00:00+00:00,Amasaman,17.98
2025-08-27 05:00:00+00:00,Amasaman,20.94
2025-08-27 08:00:00+00:00,Amasaman,20.93
2025-08-27 09:00:00+00:00,Amasaman,20.04
2025-08-27 13:00:00+00:00,Amasaman,16.53
2025-08-27 14:00:00+00:00,Amasaman,14.99
2025-08-27 15:00:00+00:00,Amasaman,16.89
2025-08-27 16:00:00+00:00,Amasaman,19.88
2025-08-27 17:00:00+00:00,Amasaman,15.72
2025-08-27 18:00:00+00:00,Amasaman,21.43
2025-08-27 19:00:00+00:00,Amasaman,20.69
2025-08-27 20:00:00+00:00,Amasaman,20.2
2025-08-27 21:00:00+00:00,Amasaman,18.03
2025-08-27 22:00:00+00:00,Amasaman,26.8
2025-08-27 23:00:00+00:00,Amasaman,24.96
2025-08-28 01:00:00+00:00,Amasaman,23.39
2025-08-28 06:00:00+00:00,Amasaman,40.03
2025-08-28 07:00:00+00:00,Amasaman,28.43
2025-08-28 09:00:00+00:00,Amasaman,16.2
2025-08-28 11:00:00+00:00,Amasaman,13.68
2025-08-28 12:00:00+00:00,Amasaman,16.4
2025-08-28 13:00:00+00:00,Amasaman,17.05
2025-08-28 14:00:00+00:00,Amasaman,16.16
2025-08-28 15:00:00+00:00,Amasaman,16.42
2025-08-28 16:00:00+00:00,Amasaman,14.64
2025-08-28 17:00:00+00:00,Amasaman,18.53
2025-08-28 18:00:00+00:00,Amasaman,19.36
2025-08-28 19:00:00+00:00,Amasaman,14.97
2025-08-28 20:00:00+00:00,Amasaman,14.97
2025-08-28 21:00:00+00:00,Amasaman,14.92
2025-08-28 23:00:00+00:00,Amasaman,14.63
2025-08-29 00:00:00+00:00,Amasaman,12.69
2025-08-29 01:00:00+00:00,Amasaman,14.43
2025-08-29 02:00:00+00:00,Amasaman,11.05
2025-08-29 03:00:00+00:00,Amasaman,11.27
2025-08-29 06:00:00+00:00,Amasaman,29.08
2025-08-29 07:00:00+00:00,Amasaman,31.52
2025-08-29 09:00:00+00:00,Amasaman,26.2
2025-08-29 11:00:00+00:00,Amasaman,14.79
2025-08-29 12:00:00+00:00,Amasaman,14.65
2025-08-29 13:00:00+00:00,Amasaman,15.07
2025-08-29 14:00:00+00:00,Amasaman,14.34
2025-08-29 15:00:00+00:00,Amasaman,14.61
2025-08-29 16:00:00+00:00,Amasaman,14.86
2025-08-29 17:00:00+00:00,Amasaman,15.07
2025-08-29 18:00:00+00:00,Amasaman,16.47
2025-08-29 19:00:00+00:00,Amasaman,15.22
2025-08-29 20:00:00+00:00,Amasaman,13.05
2025-08-29 21:00:00+00:00,Amasaman,13.06
2025-08-29 22:00:00+00:00,Amasaman,11.6
2025-08-29 23:00:00+00:00,Amasaman,10.74
2025-08-30 00:00:00+00:00,Amasaman,9.69
2025-08-30 01:00:00+00:00,Amasaman,9.24
2025-08-30 03:00:00+00:00,Amasaman,12.52
2025-08-30 04:00:00+00:00,Amasaman,15.35
2025-08-30 05:00:00+00:00,Amasaman,16.55
2025-08-30 06:00:00+00:00,Amasaman,16.38
2025-08-30 07:00:00+00:00,Amasaman,19.7
2025-08-30 11:00:00+00:00,Amasaman,13.76
2025-08-30 14:00:00+00:00,Amasaman,13.12
2025-08-30 15:00:00+00:00,Amasaman,13.65
2025-08-30 16:00:00+00:00,Amasaman,13.92
2025-08-30 17:00:00+00:00,Amasaman,16.12
2025-08-30 18:00:00+00:00,Amasaman,17.1
2025-08-30 19:00:00+00:00,Amasaman,17.77
2025-08-30 20:00:00+00:00,Amasaman,16.67
2025-08-30 21:00:00+00:00,Amasaman,16.12
2025-08-30 22:00:00+00:00,Amasaman,17.91
2025-08-30 23:00:00+00:00,Amasaman,17.9
2025-08-31 00:00:00+00:00,Amasaman,15.53
2025-08-31 01:00:00+00:00,Amasaman,18.07
2025-08-31 02:00:00+00:00,Amasaman,19.49
2025-08-31 04:00:00+00:00,Amasaman,14.22
2025-08-31 07:00:00+00:00,Amasaman,28.56
2025-08-31 08:00:00+00:00,Amasaman,23.75
2025-08-31 11:00:00+00:00,Amasaman,16.84
2025-08-31 12:00:00+00:00,Amasaman,18.59
2025-08-31 13:00:00+00:00,Amasaman,14.83
2025-08-31 14:00:00+00:00,Amasaman,15.36
2025-08-31 15:00:00+00:00,Amasaman,13.34
2025-08-31 16:00:00+00:00,Amasaman,15.29
2025-08-31 17:00:00+00:00,Amasaman,15.44
2025-08-31 18:00:00+00:00,Amasaman,19.11
2025-08-31 19:00:00+00:00,Amasaman,17.91
2025-08-31 20:00:00+00:00,Amasaman,20.79
2025-08-31 21:00:00+00:00,Amasaman,19.14
2025-08-31 22:00:00+00:00,Amasaman,17.92
2025-08-31 23:00:00+00:00,Amasaman,17.48
2025-08-01 01:00:00+00:00,Ashaley Botwe,9.94
2025-08-01 02:00:00+00:00,Ashaley Botwe,10.91
2025-08-01 03:00:00+00:00,Ashaley Botwe,11.43
2025-08-01 04:00:00+00:00,Ashaley Botwe,11.17
2025-08-01 05:00:00+00:00,Ashaley Botwe,12.84
2025-08-01 06:00:00+00:00,Ashaley Botwe,16.72
2025-08-01 07:00:00+00:00,Ashaley Botwe,18.17
2025-08-01 08:00:00+00:00,Ashaley Botwe,14.09
2025-08-01 09:00:00+00:00,Ashaley Botwe,14.81
2025-08-01 10:00:00+00:00,Ashaley Botwe,15.59
2025-08-01 11:00:00+00:00,Ashaley Botwe,17.48
2025-08-01 12:00:00+00:00,Ashaley Botwe,14.91
2025-08-01 13:00:00+00:00,Ashaley Botwe,14.81
2025-08-01 14:00:00+00:00,Ashaley Botwe,14.79
2025-08-01 15:00:00+00:00,Ashaley Botwe,15.57
2025-08-01 16:00:00+00:00,Ashaley Botwe,16.88
2025-08-01 17:00:00+00:00,Ashaley Botwe,18.21
2025-08-01 18:00:00+00:00,Ashaley Botwe,18.97
2025-08-01 19:00:00+00:00,Ashaley Botwe,16.66
2025-08-01 20:00:00+00:00,Ashaley Botwe,19.19
2025-08-01 21:00:00+00:00,Ashaley Botwe,14.03
2025-08-01 22:00:00+00:00,Ashaley Botwe,13.08
2025-08-01 23:00:00+00:00,Ashaley Botwe,16.51
2025-08-02 00:00:00+00:00,Ashaley Botwe,14.01
2025-08-02 04:00:00+00:00,Ashaley Botwe,16.45
2025-08-02 05:00:00+00:00,Ashaley Botwe,22.6
2025-08-02 06:00:00+00:00,Ashaley Botwe,31.23
2025-08-02 07:00:00+00:00,Ashaley Botwe,23.81
2025-08-02 08:00:00+00:00,Ashaley Botwe,19.14
2025-08-02 10:00:00+00:00,Ashaley Botwe,12.78
2025-08-02 11:00:00+00:00,Ashaley Botwe,12.39
2025-08-02 12:00:00+00:00,Ashaley Botwe,12.74
2025-08-02 13:00:00+00:00,Ashaley Botwe,13.08
2025-08-02 14:00:00+00:00,Ashaley Botwe,12.55
2025-08-02 15:00:00+00:00,Ashaley Botwe,24.3
2025-08-02 16:00:00+00:00,Ashaley Botwe,21.89
2025-08-02 17:00:00+00:00,Ashaley Botwe,19.7
2025-08-02 18:00:00+00:00,Ashaley Botwe,23.46
2025-08-02 19:00:00+00:00,Ashaley Botwe,21.91
2025-08-02 20:00:00+00:00,Ashaley Botwe,17.48
2025-08-02 21:00:00+00:00,Ashaley Botwe,35.04
2025-08-02 23:00:00+00:00,Ashaley Botwe,17.28
2025-08-03 00:00:00+00:00,Ashaley Botwe,17.89
2025-08-03 02:00:00+00:00,Ashaley Botwe,15.12
2025-08-03 03:00:00+00:00,Ashaley Botwe,12.7
2025-08-03 04:00:00+00:00,Ashaley Botwe,13.14
2025-08-03 05:00:00+00:00,Ashaley Botwe,16.28
2025-08-03 06:00:00+00:00,Ashaley Botwe,17.33
2025-08-03 07:00:00+00:00,Ashaley Botwe,34.11
2025-08-03 08:00:00+00:00,Ashaley Botwe,29.48
2025-08-03 10:00:00+00:00,Ashaley Botwe,13.09
2025-08-03 11:00:00+00:00,Ashaley Botwe,12.53
2025-08-03 12:00:00+00:00,Ashaley Botwe,13.0
2025-08-03 13:00:00+00:00,Ashaley Botwe,14.05
2025-08-03 14:00:00+00:00,Ashaley Botwe,14.43
2025-08-03 15:00:00+00:00,Ashaley Botwe,19.6
2025-08-03 16:00:00+00:00,Ashaley Botwe,20.8
2025-08-03 17:00:00+00:00,Ashaley Botwe,18.38
2025-08-03 18:00:00+00:00,Ashaley Botwe,16.2
2025-08-03 20:00:00+00:00,Ashaley Botwe,18.08
2025-08-04 00:00:00+00:00,Ashaley Botwe,12.31
2025-08-04 01:00:00+00:00,Ashaley Botwe,11.7
2025-08-04 02:00:00+00:00,Ashaley Botwe,12.19
2025-08-04 08:00:00+00:00,Ashaley Botwe,27.9
2025-08-04 09:00:00+00:00,Ashaley Botwe,26.24
2025-08-04 10:00:00+00:00,Ashaley Botwe,20.78
2025-08-04 11:00:00+00:00,Ashaley Botwe,18.67
2025-08-04 12:00:00+00:00,Ashaley Botwe,14.19
2025-08-04 13:00:00+00:00,Ashaley Botwe,13.53
2025-08-04 14:00:00+00:00,Ashaley Botwe,18.53
2025-08-04 15:00:00+00:00,Ashaley Botwe,21.17
2025-08-04 16:00:00+00:00,Ashaley Botwe,25.22
2025-08-04 17:00:00+00:00,Ashaley Botwe,24.99
2025-08-04 18:00:00+00:00,Ashaley Botwe,27.61
2025-08-04 19:00:00+00:00,Ashaley Botwe,29.64
2025-08-04 20:00:00+00:00,Ashaley Botwe,21.5
2025-08-04 21:00:00+00:00,Ashaley Botwe,20.23
2025-08-04 22:00:00+00:00,Ashaley Botwe,12.86
2025-08-04 23:00:00+00:00,Ashaley Botwe,13.37
2025-08-05 00:00:00+00:00,Ashaley Botwe,12.34
2025-08-05 01:00:00+00:00,Ashaley Botwe,6.47
2025-08-05 02:00:00+00:00,Ashaley Botwe,6.87
2025-08-05 03:00:00+00:00,Ashaley Botwe,10.78
2025-08-05 04:00:00+00:00,Ashaley Botwe,16.45
2025-08-05 05:00:00+00:00,Ashaley Botwe,13.12
2025-08-05 06:00:00+00:00,Ashaley Botwe,18.48
2025-08-05 07:00:00+00:00,Ashaley Botwe,20.51
2025-08-05 08:00:00+00:00,Ashaley Botwe,19.52
2025-08-05 09:00:00+00:00,Ashaley Botwe,18.06
2025-08-05 10:00:00+00:00,Ashaley Botwe,13.79
2025-08-05 11:00:00+00:00,Ashaley Botwe,11.56
2025-08-05 13:00:00+00:00,Ashaley Botwe,11.87
2025-08-05 14:00:00+00:00,Ashaley Botwe,12.02
2025-08-05 15:00:00+00:00,Ashaley Botwe,14.56
2025-08-05 16:00:00+00:00,Ashaley Botwe,13.16
2025-08-05 17:00:00+00:00,Ashaley Botwe,13.71
2025-08-05 18:00:00+00:00,Ashaley Botwe,18.12
2025-08-05 19:00:00+00:00,Ashaley Botwe,20.37
2025-08-05 20:00:00+00:00,Ashaley Botwe,23.68
2025-08-05 21:00:00+00:00,Ashaley Botwe,20.78
2025-08-05 22:00:00+00:00,Ashaley Botwe,14.97
2025-08-05 23:00:00+00:00,Ashaley Botwe,13.83
2025-08-06 00:00:00+00:00,Ashaley Botwe,16.86
2025-08-06 01:00:00+00:00,Ashaley Botwe,10.69
2025-08-06 02:00:00+00:00,Ashaley Botwe,9.17
2025-08-06 03:00:00+00:00,Ashaley Botwe,8.24
2025-08-06 04:00:00+00:00,Ashaley Botwe,11.18
2025-08-06 05:00:00+00:00,Ashaley Botwe,16.56
2025-08-06 06:00:00+00:00,Ashaley Botwe,20.71
2025-08-06 07:00:00+00:00,Ashaley Botwe,23.31
2025-08-06 08:00:00+00:00,Ashaley Botwe,22.87
2025-08-06 09:00:00+00:00,Ashaley Botwe,19.74
2025-08-06 10:00:00+00:00,Ashaley Botwe,17.1
2025-08-06 11:00:00+00:00,Ashaley Botwe,14.14
2025-08-06 12:00:00+00:00,Ashaley Botwe,13.27
2025-08-06 13:00:00+00:00,Ashaley Botwe,14.25
2025-08-06 14:00:00+00:00,Ashaley Botwe,15.98
2025-08-06 15:00:00+00:00,Ashaley Botwe,16.06
2025-08-06 16:00:00+00:00,Ashaley Botwe,16.52
2025-08-06 17:00:00+00:00,Ashaley Botwe,20.04
2025-08-06 18:00:00+00:00,Ashaley Botwe,21.98
2025-08-06 19:00:00+00:00,Ashaley Botwe,23.77
2025-08-06 20:00:00+00:00,Ashaley Botwe,25.98
2025-08-06 21:00:00+00:00,Ashaley Botwe,23.2
2025-08-06 23:00:00+00:00,Ashaley Botwe,20.74
2025-08-07 00:00:00+00:00,Ashaley Botwe,19.32
2025-08-07 01:00:00+00:00,Ashaley Botwe,24.96
2025-08-07 02:00:00+00:00,Ashaley Botwe,22.88
2025-08-07 03:00:00+00:00,Ashaley Botwe,23.88
2025-08-07 04:00:00+00:00,Ashaley Botwe,22.44
2025-08-07 05:00:00+00:00,Ashaley Botwe,22.7
2025-08-07 06:00:00+00:00,Ashaley Botwe,25.96
2025-08-07 07:00:00+00:00,Ashaley Botwe,32.22
2025-08-07 08:00:00+00:00,Ashaley Botwe,32.22
2025-08-07 09:00:00+00:00,Ashaley Botwe,24.23
2025-08-07 10:00:00+00:00,Ashaley Botwe,20.46
2025-08-07 11:00:00+00:00,Ashaley Botwe,18.67
2025-08-07 12:00:00+00:00,Ashaley Botwe,17.11
2025-08-07 13:00:00+00:00,Ashaley Botwe,17.93
2025-08-07 14:00:00+00:00,Ashaley Botwe,18.52
2025-08-07 15:00:00+00:00,Ashaley Botwe,17.27
2025-08-07 16:00:00+00:00,Ashaley Botwe,18.47
2025-08-07 17:00:00+00:00,Ashaley Botwe,21.86
2025-08-07 18:00:00+00:00,Ashaley Botwe,20.64
2025-08-07 19:00:00+00:00,Ashaley Botwe,20.21
2025-08-07 20:00:00+00:00,Ashaley Botwe,20.51
2025-08-07 21:00:00+00:00,Ashaley Botwe,19.57
2025-08-07 22:00:00+00:00,Ashaley Botwe,21.1
2025-08-07 23:00:00+00:00,Ashaley Botwe,19.41
2025-08-08 00:00:00+00:00,Ashaley Botwe,31.36
2025-08-08 02:00:00+00:00,Ashaley Botwe,22.46
2025-08-08 03:00:00+00:00,Ashaley Botwe,20.36
2025-08-08 04:00:00+00:00,Ashaley Botwe,20.94
2025-08-08 05:00:00+00:00,Ashaley Botwe,20.16
2025-08-08 07:00:00+00:00,Ashaley Botwe,24.21
2025-08-08 08:00:00+00:00,Ashaley Botwe,22.65
2025-08-08 09:00:00+00:00,Ashaley Botwe,22.39
2025-08-08 10:00:00+00:00,Ashaley Botwe,23.61
2025-08-08 11:00:00+00:00,Ashaley Botwe,20.46
2025-08-08 12:00:00+00:00,Ashaley Botwe,21.53
2025-08-08 13:00:00+00:00,Ashaley Botwe,18.25
2025-08-08 14:00:00+00:00,Ashaley Botwe,18.46
2025-08-08 15:00:00+00:00,Ashaley Botwe,16.0
2025-08-08 16:00:00+00:00,Ashaley Botwe,18.21
2025-08-08 17:00:00+00:00,Ashaley Botwe,20.23
2025-08-08 18:00:00+00:00,Ashaley Botwe,23.22
2025-08-08 19:00:00+00:00,Ashaley Botwe,22.77
2025-08-08 20:00:00+00:00,Ashaley Botwe,15.39
2025-08-08 21:00:00+00:00,Ashaley Botwe,14.25
2025-08-08 22:00:00+00:00,Ashaley Botwe,16.36
2025-08-09 00:00:00+00:00,Ashaley Botwe,14.79
2025-08-09 04:00:00+00:00,Ashaley Botwe,16.1
2025-08-09 05:00:00+00:00,Ashaley Botwe,16.11
2025-08-09 06:00:00+00:00,Ashaley Botwe,23.78
2025-08-09 07:00:00+00:00,Ashaley Botwe,23.96
2025-08-09 08:00:00+00:00,Ashaley Botwe,28.7
2025-08-09 09:00:00+00:00,Ashaley Botwe,23.52
2025-08-09 10:00:00+00:00,Ashaley Botwe,18.81
2025-08-09 11:00:00+00:00,Ashaley Botwe,16.69
2025-08-09 12:00:00+00:00,Ashaley Botwe,19.39
2025-08-09 13:00:00+00:00,Ashaley Botwe,15.86
2025-08-09 14:00:00+00:00,Ashaley Botwe,13.1
2025-08-09 15:00:00+00:00,Ashaley Botwe,14.66
2025-08-09 16:00:00+00:00,Ashaley Botwe,12.12
2025-08-09 17:00:00+00:00,Ashaley Botwe,14.09
2025-08-09 18:00:00+00:00,Ashaley Botwe,15.13
2025-08-09 19:00:00+00:00,Ashaley Botwe,18.76
2025-08-09 20:00:00+00:00,Ashaley Botwe,23.07
2025-08-09 21:00:00+00:00,Ashaley Botwe,31.28
2025-08-09 22:00:00+00:00,Ashaley Botwe,23.05
2025-08-09 23:00:00+00:00,Ashaley Botwe,19.92
2025-08-10 00:00:00+00:00,Ashaley Botwe,19.02
2025-08-10 01:00:00+00:00,Ashaley Botwe,18.43
2025-08-10 02:00:00+00:00,Ashaley Botwe,13.72
2025-08-10 03:00:00+00:00,Ashaley Botwe,13.09
2025-08-10 04:00:00+00:00,Ashaley Botwe,13.43
2025-08-10 05:00:00+00:00,Ashaley Botwe,14.93
2025-08-10 06:00:00+00:00,Ashaley Botwe,20.11
2025-08-10 07:00:00+00:00,Ashaley Botwe,30.59
2025-08-10 08:00:00+00:00,Ashaley Botwe,29.31
2025-08-10 09:00:00+00:00,Ashaley Botwe,19.24
2025-08-10 10:00:00+00:00,Ashaley Botwe,13.45
2025-08-10 11:00:00+00:00,Ashaley Botwe,11.94
2025-08-10 12:00:00+00:00,Ashaley Botwe,9.42
2025-08-10 13:00:00+00:00,Ashaley Botwe,9.24
2025-08-10 14:00:00+00:00,Ashaley Botwe,7.51
2025-08-10 15:00:00+00:00,Ashaley Botwe,7.34
2025-08-10 16:00:00+00:00,Ashaley Botwe,7.34
2025-08-10 17:00:00+00:00,Ashaley Botwe,10.19
2025-08-10 18:00:00+00:00,Ashaley Botwe,11.44
2025-08-10 19:00:00+00:00,Ashaley Botwe,13.26
2025-08-10 20:00:00+00:00,Ashaley Botwe,14.66
2025-08-10 21:00:00+00:00,Ashaley Botwe,16.73
2025-08-10 22:00:00+00:00,Ashaley Botwe,17.45
2025-08-11 03:00:00+00:00,Ashaley Botwe,11.19
2025-08-11 04:00:00+00:00,Ashaley Botwe,13.39
2025-08-11 05:00:00+00:00,Ashaley Botwe,10.35
2025-08-11 06:00:00+00:00,Ashaley Botwe,10.69
2025-08-11 07:00:00+00:00,Ashaley Botwe,9.75
2025-08-11 08:00:00+00:00,Ashaley Botwe,7.7
2025-08-11 09:00:00+00:00,Ashaley Botwe,9.12
2025-08-11 10:00:00+00:00,Ashaley Botwe,9.84
2025-08-11 11:00:00+00:00,Ashaley Botwe,7.68
2025-08-11 12:00:00+00:00,Ashaley Botwe,7.42
2025-08-11 13:00:00+00:00,Ashaley Botwe,11.52
2025-08-11 14:00:00+00:00,Ashaley Botwe,15.79
2025-08-11 15:00:00+00:00,Ashaley Botwe,35.32
2025-08-11 16:00:00+00:00,Ashaley Botwe,11.57
2025-08-11 17:00:00+00:00,Ashaley Botwe,13.5
2025-08-11 18:00:00+00:00,Ashaley Botwe,13.54
2025-08-11 19:00:00+00:00,Ashaley Botwe,11.87
2025-08-11 20:00:00+00:00,Ashaley Botwe,9.73
2025-08-11 21:00:00+00:00,Ashaley Botwe,10.03
2025-08-11 22:00:00+00:00,Ashaley Botwe,9.04
2025-08-11 23:00:00+00:00,Ashaley Botwe,7.63
2025-08-12 00:00:00+00:00,Ashaley Botwe,8.92
2025-08-12 01:00:00+00:00,Ashaley Botwe,5.82
2025-08-12 03:00:00+00:00,Ashaley Botwe,7.2
2025-08-12 04:00:00+00:00,Ashaley Botwe,6.29
2025-08-12 05:00:00+00:00,Ashaley Botwe,8.06
2025-08-12 06:00:00+00:00,Ashaley Botwe,10.38
2025-08-12 07:00:00+00:00,Ashaley Botwe,9.42
2025-08-12 08:00:00+00:00,Ashaley Botwe,8.74
2025-08-12 09:00:00+00:00,Ashaley Botwe,10.41
2025-08-12 10:00:00+00:00,Ashaley Botwe,9.66
2025-08-12 15:00:00+00:00,Ashaley Botwe,5.81
2025-08-12 16:00:00+00:00,Ashaley Botwe,6.01
2025-08-12 17:00:00+00:00,Ashaley Botwe,5.95
2025-08-12 18:00:00+00:00,Ashaley Botwe,7.44
2025-08-12 19:00:00+00:00,Ashaley Botwe,9.35
2025-08-12 23:00:00+00:00,Ashaley Botwe,8.17
2025-08-13 00:00:00+00:00,Ashaley Botwe,5.87
2025-08-13 01:00:00+00:00,Ashaley Botwe,6.74
2025-08-13 02:00:00+00:00,Ashaley Botwe,7.21
2025-08-13 03:00:00+00:00,Ashaley Botwe,7.05
2025-08-13 04:00:00+00:00,Ashaley Botwe,6.54
2025-08-13 05:00:00+00:00,Ashaley Botwe,7.69
2025-08-13 06:00:00+00:00,Ashaley Botwe,12.48
2025-08-13 07:00:00+00:00,Ashaley Botwe,12.84
2025-08-13 08:00:00+00:00,Ashaley Botwe,11.13
2025-08-13 18:00:00+00:00,Ashaley Botwe,7.62
2025-08-13 19:00:00+00:00,Ashaley Botwe,7.08
2025-08-13 20:00:00+00:00,Ashaley Botwe,6.02
2025-08-13 21:00:00+00:00,Ashaley Botwe,6.7
2025-08-13 22:00:00+00:00,Ashaley Botwe,8.24
2025-08-13 23:00:00+00:00,Ashaley Botwe,11.21
2025-08-14 04:00:00+00:00,Ashaley Botwe,7.69
2025-08-14 05:00:00+00:00,Ashaley Botwe,7.69
2025-08-14 06:00:00+00:00,Ashaley Botwe,10.82
2025-08-14 07:00:00+00:00,Ashaley Botwe,12.8
2025-08-14 08:00:00+00:00,Ashaley Botwe,11.52
2025-08-14 09:00:00+00:00,Ashaley Botwe,9.59
2025-08-14 16:00:00+00:00,Ashaley Botwe,6.7
2025-08-14 17:00:00+00:00,Ashaley Botwe,7.62
2025-08-14 18:00:00+00:00,Ashaley Botwe,8.97
2025-08-14 19:00:00+00:00,Ashaley Botwe,10.1
2025-08-14 20:00:00+00:00,Ashaley Botwe,10.2
2025-08-14 21:00:00+00:00,Ashaley Botwe,9.46
2025-08-14 22:00:00+00:00,Ashaley Botwe,10.78
2025-08-14 23:00:00+00:00,Ashaley Botwe,8.56
2025-08-15 00:00:00+00:00,Ashaley Botwe,8.94
2025-08-15 01:00:00+00:00,Ashaley Botwe,12.51
2025-08-15 02:00:00+00:00,Ashaley Botwe,21.37
2025-08-15 03:00:00+00:00,Ashaley Botwe,9.82
2025-08-15 04:00:00+00:00,Ashaley Botwe,19.91
2025-08-15 05:00:00+00:00,Ashaley Botwe,21.41
2025-08-15 06:00:00+00:00,Ashaley Botwe,23.4
2025-08-15 07:00:00+00:00,Ashaley Botwe,21.73
2025-08-15 08:00:00+00:00,Ashaley Botwe,10.49
2025-08-15 09:00:00+00:00,Ashaley Botwe,8.35
2025-08-15 10:00:00+00:00,Ashaley Botwe,8.56
2025-08-15 11:00:00+00:00,Ashaley Botwe,8.7
2025-08-15 12:00:00+00:00,Ashaley Botwe,10.18
2025-08-15 13:00:00+00:00,Ashaley Botwe,10.68
2025-08-15 14:00:00+00:00,Ashaley Botwe,11.35
2025-08-15 15:00:00+00:00,Ashaley Botwe,12.82
2025-08-15 16:00:00+00:00,Ashaley Botwe,11.88
2025-08-15 17:00:00+00:00,Ashaley Botwe,12.22
2025-08-15 18:00:00+00:00,Ashaley Botwe,18.8
2025-08-15 19:00:00+00:00,Ashaley Botwe,13.22
2025-08-15 20:00:00+00:00,Ashaley Botwe,11.07
2025-08-15 21:00:00+00:00,Ashaley Botwe,9.78
2025-08-15 22:00:00+00:00,Ashaley Botwe,9.0
2025-08-16 02:00:00+00:00,Ashaley Botwe,7.24
2025-08-16 03:00:00+00:00,Ashaley Botwe,6.78
2025-08-16 05:00:00+00:00,Ashaley Botwe,10.14
2025-08-16 06:00:00+00:00,Ashaley Botwe,10.98
2025-08-16 07:00:00+00:00,Ashaley Botwe,21.03
2025-08-16 08:00:00+00:00,Ashaley Botwe,21.92
2025-08-16 09:00:00+00:00,Ashaley Botwe,12.21
2025-08-16 10:00:00+00:00,Ashaley Botwe,11.56
2025-08-16 11:00:00+00:00,Ashaley Botwe,28.27
2025-08-16 12:00:00+00:00,Ashaley Botwe,28.98
2025-08-16 13:00:00+00:00,Ashaley Botwe,14.41
2025-08-16 14:00:00+00:00,Ashaley Botwe,11.14
2025-08-16 15:00:00+00:00,Ashaley Botwe,11.54
2025-08-16 16:00:00+00:00,Ashaley Botwe,11.79
2025-08-16 17:00:00+00:00,Ashaley Botwe,11.53
2025-08-16 18:00:00+00:00,Ashaley Botwe,10.59
2025-08-16 19:00:00+00:00,Ashaley Botwe,11.26
2025-08-16 20:00:00+00:00,Ashaley Botwe,10.45
2025-08-17 06:00:00+00:00,Ashaley Botwe,11.84
2025-08-17 07:00:00+00:00,Ashaley Botwe,16.44
2025-08-17 08:00:00+00:00,Ashaley Botwe,12.85
2025-08-17 09:00:00+00:00,Ashaley Botwe,10.09
2025-08-17 10:00:00+00:00,Ashaley Botwe,10.56
2025-08-17 11:00:00+00:00,Ashaley Botwe,10.16
2025-08-17 17:00:00+00:00,Ashaley Botwe,14.61
2025-08-17 18:00:00+00:00,Ashaley Botwe,15.17
2025-08-17 19:00:00+00:00,Ashaley Botwe,13.77
2025-08-17 20:00:00+00:00,Ashaley Botwe,13.18
2025-08-17 21:00:00+00:00,Ashaley Botwe,13.12
2025-08-17 22:00:00+00:00,Ashaley Botwe,7.49
2025-08-17 23:00:00+00:00,Ashaley Botwe,9.78
2025-08-18 05:00:00+00:00,Ashaley Botwe,11.33
2025-08-18 06:00:00+00:00,Ashaley Botwe,13.7
2025-08-18 07:00:00+00:00,Ashaley Botwe,14.79
2025-08-18 08:00:00+00:00,Ashaley Botwe,15.44
2025-08-18 11:00:00+00:00,Ashaley Botwe,9.78
2025-08-18 12:00:00+00:00,Ashaley Botwe,9.55
2025-08-18 13:00:00+00:00,Ashaley Botwe,10.24
2025-08-18 14:00:00+00:00,Ashaley Botwe,9.07
2025-08-18 15:00:00+00:00,Ashaley Botwe,8.51
2025-08-18 19:00:00+00:00,Ashaley Botwe,13.64
2025-08-18 20:00:00+00:00,Ashaley Botwe,11.81
2025-08-18 21:00:00+00:00,Ashaley Botwe,12.34
2025-08-18 22:00:00+00:00,Ashaley Botwe,13.02
2025-08-19 01:00:00+00:00,Ashaley Botwe,12.31
2025-08-19 02:00:00+00:00,Ashaley Botwe,9.92
2025-08-19 03:00:00+00:00,Ashaley Botwe,8.04
2025-08-19 05:00:00+00:00,Ashaley Botwe,14.56
2025-08-19 06:00:00+00:00,Ashaley Botwe,18.06
2025-08-19 07:00:00+00:00,Ashaley Botwe,19.69
2025-08-19 08:00:00+00:00,Ashaley Botwe,17.81
2025-08-19 09:00:00+00:00,Ashaley Botwe,15.75
2025-08-19 16:00:00+00:00,Ashaley Botwe,5.3
2025-08-19 17:00:00+00:00,Ashaley Botwe,9.9
2025-08-19 18:00:00+00:00,Ashaley Botwe,12.51
2025-08-19 19:00:00+00:00,Ashaley Botwe,14.06
2025-08-19 20:00:00+00:00,Ashaley Botwe,13.92
2025-08-19 21:00:00+00:00,Ashaley Botwe,14.22
2025-08-19 22:00:00+00:00,Ashaley Botwe,14.45
2025-08-19 23:00:00+00:00,Ashaley Botwe,19.71
2025-08-20 00:00:00+00:00,Ashaley Botwe,18.85
2025-08-20 01:00:00+00:00,Ashaley Botwe,16.01
2025-08-20 02:00:00+00:00,Ashaley Botwe,12.66
2025-08-20 03:00:00+00:00,Ashaley Botwe,14.09
2025-08-20 04:00:00+00:00,Ashaley Botwe,11.47
2025-08-20 05:00:00+00:00,Ashaley Botwe,13.76
2025-08-20 06:00:00+00:00,Ashaley Botwe,26.81
2025-08-20 07:00:00+00:00,Ashaley Botwe,24.91
2025-08-20 08:00:00+00:00,Ashaley Botwe,15.19
2025-08-20 09:00:00+00:00,Ashaley Botwe,13.16
2025-08-20 10:00:00+00:00,Ashaley Botwe,12.28
2025-08-20 11:00:00+00:00,Ashaley Botwe,12.07
2025-08-20 12:00:00+00:00,Ashaley Botwe,10.5
2025-08-20 13:00:00+00:00,Ashaley Botwe,11.48
2025-08-20 14:00:00+00:00,Ashaley Botwe,10.83
2025-08-20 15:00:00+00:00,Ashaley Botwe,10.53
2025-08-20 16:00:00+00:00,Ashaley Botwe,12.18
2025-08-20 17:00:00+00:00,Ashaley Botwe,11.63
2025-08-20 18:00:00+00:00,Ashaley Botwe,11.93
2025-08-20 19:00:00+00:00,Ashaley Botwe,10.25
2025-08-20 20:00:00+00:00,Ashaley Botwe,10.46
2025-08-20 21:00:00+00:00,Ashaley Botwe,18.89
2025-08-21 05:00:00+00:00,Ashaley Botwe,12.79
2025-08-21 06:00:00+00:00,Ashaley Botwe,13.7
2025-08-21 07:00:00+00:00,Ashaley Botwe,17.67
2025-08-21 08:00:00+00:00,Ashaley Botwe,15.31
2025-08-21 09:00:00+00:00,Ashaley Botwe,12.93
2025-08-21 10:00:00+00:00,Ashaley Botwe,12.51
2025-08-21 11:00:00+00:00,Ashaley Botwe,12.92
2025-08-21 12:00:00+00:00,Ashaley Botwe,10.25
2025-08-21 13:00:00+00:00,Ashaley Botwe,9.88
2025-08-21 14:00:00+00:00,Ashaley Botwe,10.39
2025-08-21 15:00:00+00:00,Ashaley Botwe,8.54
2025-08-21 16:00:00+00:00,Ashaley Botwe,13.01
2025-08-21 17:00:00+00:00,Ashaley Botwe,21.46
2025-08-21 18:00:00+00:00,Ashaley Botwe,15.13
2025-08-21 19:00:00+00:00,Ashaley Botwe,11.59
2025-08-22 00:00:00+00:00,Ashaley Botwe,12.58
2025-08-22 04:00:00+00:00,Ashaley Botwe,11.98
2025-08-22 05:00:00+00:00,Ashaley Botwe,17.19
2025-08-22 06:00:00+00:00,Ashaley Botwe,14.66
2025-08-22 07:00:00+00:00,Ashaley Botwe,13.84
2025-08-22 08:00:00+00:00,Ashaley Botwe,14.92
2025-08-22 09:00:00+00:00,Ashaley Botwe,10.49
2025-08-22 10:00:00+00:00,Ashaley Botwe,11.82
2025-08-22 11:00:00+00:00,Ashaley Botwe,13.19
2025-08-22 12:00:00+00:00,Ashaley Botwe,16.4
2025-08-22 13:00:00+00:00,Ashaley Botwe,12.8
2025-08-22 14:00:00+00:00,Ashaley Botwe,14.18
2025-08-22 15:00:00+00:00,Ashaley Botwe,13.81
2025-08-22 16:00:00+00:00,Ashaley Botwe,16.08
2025-08-22 17:00:00+00:00,Ashaley Botwe,16.99
2025-08-22 18:00:00+00:00,Ashaley Botwe,23.67
2025-08-22 19:00:00+00:00,Ashaley Botwe,27.49
2025-08-22 20:00:00+00:00,Ashaley Botwe,24.43
2025-08-22 21:00:00+00:00,Ashaley Botwe,24.73
2025-08-22 22:00:00+00:00,Ashaley Botwe,24.64
2025-08-23 02:00:00+00:00,Ashaley Botwe,11.87
2025-08-23 03:00:00+00:00,Ashaley Botwe,11.26
2025-08-23 04:00:00+00:00,Ashaley Botwe,12.25
2025-08-23 05:00:00+00:00,Ashaley Botwe,14.05
2025-08-23 06:00:00+00:00,Ashaley Botwe,20.56
2025-08-23 07:00:00+00:00,Ashaley Botwe,33.07
2025-08-23 08:00:00+00:00,Ashaley Botwe,24.87
2025-08-23 09:00:00+00:00,Ashaley Botwe,22.34
2025-08-23 10:00:00+00:00,Ashaley Botwe,15.37
2025-08-23 11:00:00+00:00,Ashaley Botwe,15.88
2025-08-23 12:00:00+00:00,Ashaley Botwe,13.34
2025-08-23 13:00:00+00:00,Ashaley Botwe,12.58
2025-08-23 14:00:00+00:00,Ashaley Botwe,12.66
2025-08-23 15:00:00+00:00,Ashaley Botwe,13.14
2025-08-23 16:00:00+00:00,Ashaley Botwe,14.01
2025-08-23 17:00:00+00:00,Ashaley Botwe,16.43
2025-08-23 18:00:00+00:00,Ashaley Botwe,22.96
2025-08-23 19:00:00+00:00,Ashaley Botwe,20.38
2025-08-23 20:00:00+00:00,Ashaley Botwe,19.07
2025-08-23 21:00:00+00:00,Ashaley Botwe,20.85
2025-08-23 22:00:00+00:00,Ashaley Botwe,25.99
2025-08-23 23:00:00+00:00,Ashaley Botwe,26.69
2025-08-24 00:00:00+00:00,Ashaley Botwe,22.9
2025-08-24 01:00:00+00:00,Ashaley Botwe,15.1
2025-08-24 02:00:00+00:00,Ashaley Botwe,11.63
2025-08-24 03:00:00+00:00,Ashaley Botwe,10.56
2025-08-24 04:00:00+00:00,Ashaley Botwe,11.22
2025-08-24 05:00:00+00:00,Ashaley Botwe,16.03
2025-08-24 06:00:00+00:00,Ashaley Botwe,19.67
2025-08-24 07:00:00+00:00,Ashaley Botwe,24.39
2025-08-24 08:00:00+00:00,Ashaley Botwe,23.24
2025-08-24 09:00:00+00:00,Ashaley Botwe,17.09
2025-08-24 10:00:00+00:00,Ashaley Botwe,14.13
2025-08-24 11:00:00+00:00,Ashaley Botwe,16.35
2025-08-24 12:00:00+00:00,Ashaley Botwe,11.73
2025-08-24 13:00:00+00:00,Ashaley Botwe,11.39
2025-08-24 18:00:00+00:00,Ashaley Botwe,14.03
2025-08-24 19:00:00+00:00,Ashaley Botwe,13.19
2025-08-24 20:00:00+00:00,Ashaley Botwe,13.11
2025-08-24 21:00:00+00:00,Ashaley Botwe,12.56
2025-08-24 23:00:00+00:00,Ashaley Botwe,11.94
2025-08-25 00:00:00+00:00,Ashaley Botwe,10.96
2025-08-25 01:00:00+00:00,Ashaley Botwe,12.06
2025-08-25 02:00:00+00:00,Ashaley Botwe,12.14
2025-08-25 03:00:00+00:00,Ashaley Botwe,13.87
2025-08-25 04:00:00+00:00,Ashaley Botwe,14.24
2025-08-25 05:00:00+00:00,Ashaley Botwe,15.35
2025-08-25 06:00:00+00:00,Ashaley Botwe,16.41
2025-08-25 07:00:00+00:00,Ashaley Botwe,20.66
2025-08-25 08:00:00+00:00,Ashaley Botwe,27.28
2025-08-25 10:00:00+00:00,Ashaley Botwe,11.7
2025-08-25 11:00:00+00:00,Ashaley Botwe,11.14
2025-08-25 12:00:00+00:00,Ashaley Botwe,14.29
2025-08-25 13:00:00+00:00,Ashaley Botwe,12.83
2025-08-25 14:00:00+00:00,Ashaley Botwe,18.35
2025-08-25 15:00:00+00:00,Ashaley Botwe,13.54
2025-08-25 17:00:00+00:00,Ashaley Botwe,14.63
2025-08-25 18:00:00+00:00,Ashaley Botwe,13.83
2025-08-25 19:00:00+00:00,Ashaley Botwe,13.06
2025-08-25 20:00:00+00:00,Ashaley Botwe,11.47
2025-08-25 21:00:00+00:00,Ashaley Botwe,11.09
2025-08-25 22:00:00+00:00,Ashaley Botwe,11.7
2025-08-26 01:00:00+00:00,Ashaley Botwe,12.57
2025-08-26 02:00:00+00:00,Ashaley Botwe,11.4
2025-08-26 03:00:00+00:00,Ashaley Botwe,11.2
2025-08-26 04:00:00+00:00,Ashaley Botwe,10.04
2025-08-26 05:00:00+00:00,Ashaley Botwe,11.54
2025-08-26 06:00:00+00:00,Ashaley Botwe,15.56
2025-08-26 07:00:00+00:00,Ashaley Botwe,20.64
2025-08-26 08:00:00+00:00,Ashaley Botwe,17.04
2025-08-26 09:00:00+00:00,Ashaley Botwe,15.28
2025-08-26 10:00:00+00:00,Ashaley Botwe,10.93
2025-08-26 11:00:00+00:00,Ashaley Botwe,10.07
2025-08-26 12:00:00+00:00,Ashaley Botwe,11.92
2025-08-26 13:00:00+00:00,Ashaley Botwe,10.87
2025-08-26 16:00:00+00:00,Ashaley Botwe,14.38
2025-08-26 17:00:00+00:00,Ashaley Botwe,15.79
2025-08-26 18:00:00+00:00,Ashaley Botwe,15.28
2025-08-26 19:00:00+00:00,Ashaley Botwe,15.61
2025-08-26 20:00:00+00:00,Ashaley Botwe,14.54
2025-08-26 21:00:00+00:00,Ashaley Botwe,14.68
2025-08-26 22:00:00+00:00,Ashaley Botwe,14.74
2025-08-26 23:00:00+00:00,Ashaley Botwe,13.36
2025-08-27 00:00:00+00:00,Ashaley Botwe,12.7
2025-08-27 01:00:00+00:00,Ashaley Botwe,14.47
2025-08-27 02:00:00+00:00,Ashaley Botwe,15.61
2025-08-27 03:00:00+00:00,Ashaley Botwe,16.58
2025-08-27 04:00:00+00:00,Ashaley Botwe,17.84
2025-08-27 05:00:00+00:00,Ashaley Botwe,18.37
2025-08-27 08:00:00+00:00,Ashaley Botwe,19.04
2025-08-27 09:00:00+00:00,Ashaley Botwe,16.59
2025-08-27 10:00:00+00:00,Ashaley Botwe,16.74
2025-08-27 13:00:00+00:00,Ashaley Botwe,12.15
2025-08-27 14:00:00+00:00,Ashaley Botwe,11.68
2025-08-27 15:00:00+00:00,Ashaley Botwe,11.68
2025-08-27 16:00:00+00:00,Ashaley Botwe,12.61
2025-08-27 18:00:00+00:00,Ashaley Botwe,13.12
2025-08-27 19:00:00+00:00,Ashaley Botwe,19.8
2025-08-27 20:00:00+00:00,Ashaley Botwe,21.01
2025-08-27 21:00:00+00:00,Ashaley Botwe,28.61
2025-08-27 22:00:00+00:00,Ashaley Botwe,25.53
2025-08-27 23:00:00+00:00,Ashaley Botwe,21.51
2025-08-28 00:00:00+00:00,Ashaley Botwe,22.2
2025-08-28 01:00:00+00:00,Ashaley Botwe,21.01
2025-08-28 02:00:00+00:00,Ashaley Botwe,25.07
2025-08-28 06:00:00+00:00,Ashaley Botwe,33.72
2025-08-28 07:00:00+00:00,Ashaley Botwe,35.19
2025-08-28 09:00:00+00:00,Ashaley Botwe,20.89
2025-08-28 10:00:00+00:00,Ashaley Botwe,18.0
2025-08-28 11:00:00+00:00,Ashaley Botwe,15.13
2025-08-28 12:00:00+00:00,Ashaley Botwe,13.01
2025-08-28 13:00:00+00:00,Ashaley Botwe,12.92
2025-08-28 14:00:00+00:00,Ashaley Botwe,12.1
2025-08-28 15:00:00+00:00,Ashaley Botwe,9.63
2025-08-28 16:00:00+00:00,Ashaley Botwe,9.82
2025-08-28 17:00:00+00:00,Ashaley Botwe,9.52
2025-08-28 18:00:00+00:00,Ashaley Botwe,10.73
2025-08-28 19:00:00+00:00,Ashaley Botwe,11.38
2025-08-28 20:00:00+00:00,Ashaley Botwe,13.33
2025-08-28 21:00:00+00:00,Ashaley Botwe,14.73
2025-08-28 22:00:00+00:00,Ashaley Botwe,11.34
2025-08-28 23:00:00+00:00,Ashaley Botwe,10.64
2025-08-29 00:00:00+00:00,Ashaley Botwe,9.86
2025-08-29 01:00:00+00:00,Ashaley Botwe,9.0
2025-08-29 02:00:00+00:00,Ashaley Botwe,9.97
2025-08-29 03:00:00+00:00,Ashaley Botwe,8.67
2025-08-29 06:00:00+00:00,Ashaley Botwe,13.73
2025-08-29 07:00:00+00:00,Ashaley Botwe,20.03
2025-08-29 08:00:00+00:00,Ashaley Botwe,17.35
2025-08-29 09:00:00+00:00,Ashaley Botwe,13.0
2025-08-29 10:00:00+00:00,Ashaley Botwe,10.31
2025-08-29 11:00:00+00:00,Ashaley Botwe,9.58
2025-08-29 12:00:00+00:00,Ashaley Botwe,10.29
2025-08-29 13:00:00+00:00,Ashaley Botwe,10.81
2025-08-29 14:00:00+00:00,Ashaley Botwe,10.37
2025-08-29 17:00:00+00:00,Ashaley Botwe,12.24
2025-08-29 18:00:00+00:00,Ashaley Botwe,12.63
2025-08-30 04:00:00+00:00,Ashaley Botwe,12.78
2025-08-30 05:00:00+00:00,Ashaley Botwe,12.96
2025-08-30 06:00:00+00:00,Ashaley Botwe,15.89
2025-08-30 07:00:00+00:00,Ashaley Botwe,14.5
2025-08-30 08:00:00+00:00,Ashaley Botwe,12.57
2025-08-30 11:00:00+00:00,Ashaley Botwe,10.1
2025-08-30 12:00:00+00:00,Ashaley Botwe,10.12
2025-08-30 14:00:00+00:00,Ashaley Botwe,10.75
2025-08-30 15:00:00+00:00,Ashaley Botwe,11.77
2025-08-30 16:00:00+00:00,Ashaley Botwe,11.02
2025-08-30 17:00:00+00:00,Ashaley Botwe,10.32
2025-08-30 18:00:00+00:00,Ashaley Botwe,11.96
2025-08-30 19:00:00+00:00,Ashaley Botwe,13.94
2025-08-30 20:00:00+00:00,Ashaley Botwe,15.86
2025-08-30 21:00:00+00:00,Ashaley Botwe,17.08
2025-08-30 22:00:00+00:00,Ashaley Botwe,22.99
2025-08-30 23:00:00+00:00,Ashaley Botwe,15.02
2025-08-31 00:00:00+00:00,Ashaley Botwe,12.92
2025-08-31 01:00:00+00:00,Ashaley Botwe,14.3
2025-08-31 02:00:00+00:00,Ashaley Botwe,11.56
2025-08-31 03:00:00+00:00,Ashaley Botwe,10.96
2025-08-31 04:00:00+00:00,Ashaley Botwe,12.63
2025-08-31 05:00:00+00:00,Ashaley Botwe,12.53
2025-08-31 07:00:00+00:00,Ashaley Botwe,23.39
2025-08-31 08:00:00+00:00,Ashaley Botwe,26.09
2025-08-31 11:00:00+00:00,Ashaley Botwe,11.67
2025-08-31 12:00:00+00:00,Ashaley Botwe,10.75
2025-08-31 13:00:00+00:00,Ashaley Botwe,11.0
2025-08-31 16:00:00+00:00,Ashaley Botwe,10.29
2025-08-31 17:00:00+00:00,Ashaley Botwe,10.6
2025-08-31 18:00:00+00:00,Ashaley Botwe,11.05
2025-08-31 19:00:00+00:00,Ashaley Botwe,14.02
2025-08-31 20:00:00+00:00,Ashaley Botwe,14.69
2025-08-31 21:00:00+00:00,Ashaley Botwe,16.15
2025-08-31 22:00:00+00:00,Ashaley Botwe,12.21
2025-08-31 23:00:00+00:00,Ashaley Botwe,16.56
2025-08-01 00:00:00+00:00,Dansoman Roundabout,14.13
2025-08-01 01:00:00+00:00,Dansoman Roundabout,12.29
2025-08-01 02:00:00+00:00,Dansoman Roundabout,12.6
2025-08-01 03:00:00+00:00,Dansoman Roundabout,16.2
2025-08-01 04:00:00+00:00,Dansoman Roundabout,26.81
2025-08-01 05:00:00+00:00,Dansoman Roundabout,21.02
2025-08-01 06:00:00+00:00,Dansoman Roundabout,20.61
2025-08-01 07:00:00+00:00,Dansoman Roundabout,22.26
2025-08-01 08:00:00+00:00,Dansoman Roundabout,17.92
2025-08-01 09:00:00+00:00,Dansoman Roundabout,17.02
2025-08-01 10:00:00+00:00,Dansoman Roundabout,19.89
2025-08-01 11:00:00+00:00,Dansoman Roundabout,16.9
2025-08-01 12:00:00+00:00,Dansoman Roundabout,16.01
2025-08-01 13:00:00+00:00,Dansoman Roundabout,22.28
2025-08-01 14:00:00+00:00,Dansoman Roundabout,15.71
2025-08-01 15:00:00+00:00,Dansoman Roundabout,21.02
2025-08-01 16:00:00+00:00,Dansoman Roundabout,24.44
2025-08-01 17:00:00+00:00,Dansoman Roundabout,37.0
2025-08-01 18:00:00+00:00,Dansoman Roundabout,25.41
2025-08-01 19:00:00+00:00,Dansoman Roundabout,19.36
2025-08-01 20:00:00+00:00,Dansoman Roundabout,23.81
2025-08-01 21:00:00+00:00,Dansoman Roundabout,22.31
2025-08-01 22:00:00+00:00,Dansoman Roundabout,25.04
2025-08-01 23:00:00+00:00,Dansoman Roundabout,21.73
2025-08-02 01:00:00+00:00,Dansoman Roundabout,24.07
2025-08-02 02:00:00+00:00,Dansoman Roundabout,24.91
2025-08-02 03:00:00+00:00,Dansoman Roundabout,20.29
2025-08-02 04:00:00+00:00,Dansoman Roundabout,21.5
2025-08-02 05:00:00+00:00,Dansoman Roundabout,28.31
2025-08-02 06:00:00+00:00,Dansoman Roundabout,38.01
2025-08-02 07:00:00+00:00,Dansoman Roundabout,26.35
2025-08-02 08:00:00+00:00,Dansoman Roundabout,16.83
2025-08-02 10:00:00+00:00,Dansoman Roundabout,13.66
2025-08-02 11:00:00+00:00,Dansoman Roundabout,13.24
2025-08-02 12:00:00+00:00,Dansoman Roundabout,13.87
2025-08-02 13:00:00+00:00,Dansoman Roundabout,15.68
2025-08-02 14:00:00+00:00,Dansoman Roundabout,14.99
2025-08-02 15:00:00+00:00,Dansoman Roundabout,20.78
2025-08-02 16:00:00+00:00,Dansoman Roundabout,19.62
2025-08-02 17:00:00+00:00,Dansoman Roundabout,26.27
2025-08-02 18:00:00+00:00,Dansoman Roundabout,22.26
2025-08-02 19:00:00+00:00,Dansoman Roundabout,17.73
2025-08-02 20:00:00+00:00,Dansoman Roundabout,27.22
2025-08-02 21:00:00+00:00,Dansoman Roundabout,30.1
2025-08-02 22:00:00+00:00,Dansoman Roundabout,29.57
2025-08-02 23:00:00+00:00,Dansoman Roundabout,21.36
2025-08-03 00:00:00+00:00,Dansoman Roundabout,17.64
2025-08-03 02:00:00+00:00,Dansoman Roundabout,12.91
2025-08-03 03:00:00+00:00,Dansoman Roundabout,14.11
2025-08-03 05:00:00+00:00,Dansoman Roundabout,17.43
2025-08-03 07:00:00+00:00,Dansoman Roundabout,36.43
2025-08-03 10:00:00+00:00,Dansoman Roundabout,13.09
2025-08-03 11:00:00+00:00,Dansoman Roundabout,17.78
2025-08-03 12:00:00+00:00,Dansoman Roundabout,17.77
2025-08-03 13:00:00+00:00,Dansoman Roundabout,20.06
2025-08-03 14:00:00+00:00,Dansoman Roundabout,17.07
2025-08-03 15:00:00+00:00,Dansoman Roundabout,21.88
2025-08-03 17:00:00+00:00,Dansoman Roundabout,27.95
2025-08-03 20:00:00+00:00,Dansoman Roundabout,19.38
2025-08-03 21:00:00+00:00,Dansoman Roundabout,15.43
2025-08-04 00:00:00+00:00,Dansoman Roundabout,23.35
2025-08-04 01:00:00+00:00,Dansoman Roundabout,21.84
2025-08-04 08:00:00+00:00,Dansoman Roundabout,26.8
2025-08-04 09:00:00+00:00,Dansoman Roundabout,27.71
2025-08-04 10:00:00+00:00,Dansoman Roundabout,20.08
2025-08-04 11:00:00+00:00,Dansoman Roundabout,19.93
2025-08-04 12:00:00+00:00,Dansoman Roundabout,23.18
2025-08-04 13:00:00+00:00,Dansoman Roundabout,28.52
2025-08-04 14:00:00+00:00,Dansoman Roundabout,26.35
2025-08-04 16:00:00+00:00,Dansoman Roundabout,29.56
2025-08-04 17:00:00+00:00,Dansoman Roundabout,35.73
2025-08-04 18:00:00+00:00,Dansoman Roundabout,30.64
2025-08-04 19:00:00+00:00,Dansoman Roundabout,35.92
2025-08-04 20:00:00+00:00,Dansoman Roundabout,28.93
2025-08-04 21:00:00+00:00,Dansoman Roundabout,26.68
2025-08-04 22:00:00+00:00,Dansoman Roundabout,22.67
2025-08-04 23:00:00+00:00,Dansoman Roundabout,23.14
2025-08-05 00:00:00+00:00,Dansoman Roundabout,20.77
2025-08-05 01:00:00+00:00,Dansoman Roundabout,15.21
2025-08-05 02:00:00+00:00,Dansoman Roundabout,13.54
2025-08-05 03:00:00+00:00,Dansoman Roundabout,21.81
2025-08-05 04:00:00+00:00,Dansoman Roundabout,23.18
2025-08-05 05:00:00+00:00,Dansoman Roundabout,23.11
2025-08-05 06:00:00+00:00,Dansoman Roundabout,29.5
2025-08-05 07:00:00+00:00,Dansoman Roundabout,31.65
2025-08-05 08:00:00+00:00,Dansoman Roundabout,32.57
2025-08-05 09:00:00+00:00,Dansoman Roundabout,32.04
2025-08-05 10:00:00+00:00,Dansoman Roundabout,20.74
2025-08-05 11:00:00+00:00,Dansoman Roundabout,15.01
2025-08-05 13:00:00+00:00,Dansoman Roundabout,15.75
2025-08-05 14:00:00+00:00,Dansoman Roundabout,17.38
2025-08-05 15:00:00+00:00,Dansoman Roundabout,21.66
2025-08-05 16:00:00+00:00,Dansoman Roundabout,30.91
2025-08-05 17:00:00+00:00,Dansoman Roundabout,15.81
2025-08-05 18:00:00+00:00,Dansoman Roundabout,26.72
2025-08-05 19:00:00+00:00,Dansoman Roundabout,24.4
2025-08-05 20:00:00+00:00,Dansoman Roundabout,28.93
2025-08-05 21:00:00+00:00,Dansoman Roundabout,21.11
2025-08-05 22:00:00+00:00,Dansoman Roundabout,23.1
2025-08-05 23:00:00+00:00,Dansoman Roundabout,24.48
2025-08-06 00:00:00+00:00,Dansoman Roundabout,13.64
2025-08-06 01:00:00+00:00,Dansoman Roundabout,12.94
2025-08-06 02:00:00+00:00,Dansoman Roundabout,12.56
2025-08-06 04:00:00+00:00,Dansoman Roundabout,20.76
2025-08-06 05:00:00+00:00,Dansoman Roundabout,23.64
2025-08-06 06:00:00+00:00,Dansoman Roundabout,26.89
2025-08-06 07:00:00+00:00,Dansoman Roundabout,33.27
2025-08-06 08:00:00+00:00,Dansoman Roundabout,28.66
2025-08-06 09:00:00+00:00,Dansoman Roundabout,22.87
2025-08-06 10:00:00+00:00,Dansoman Roundabout,22.77
2025-08-06 11:00:00+00:00,Dansoman Roundabout,20.92
2025-08-06 12:00:00+00:00,Dansoman Roundabout,19.46
2025-08-06 13:00:00+00:00,Dansoman Roundabout,17.29
2025-08-06 14:00:00+00:00,Dansoman Roundabout,19.7
2025-08-06 15:00:00+00:00,Dansoman Roundabout,22.38
2025-08-06 16:00:00+00:00,Dansoman Roundabout,26.72
2025-08-06 17:00:00+00:00,Dansoman Roundabout,31.34
2025-08-06 18:00:00+00:00,Dansoman Roundabout,36.17
2025-08-06 19:00:00+00:00,Dansoman Roundabout,37.27
2025-08-06 20:00:00+00:00,Dansoman Roundabout,33.66
2025-08-06 23:00:00+00:00,Dansoman Roundabout,32.72
2025-08-07 00:00:00+00:00,Dansoman Roundabout,31.21
2025-08-07 01:00:00+00:00,Dansoman Roundabout,31.69
2025-08-07 02:00:00+00:00,Dansoman Roundabout,29.91
2025-08-07 03:00:00+00:00,Dansoman Roundabout,30.27
2025-08-07 04:00:00+00:00,Dansoman Roundabout,31.73
2025-08-07 06:00:00+00:00,Dansoman Roundabout,31.0
2025-08-07 07:00:00+00:00,Dansoman Roundabout,32.33
2025-08-07 08:00:00+00:00,Dansoman Roundabout,32.2
2025-08-07 09:00:00+00:00,Dansoman Roundabout,32.19
2025-08-07 10:00:00+00:00,Dansoman Roundabout,23.64
2025-08-07 11:00:00+00:00,Dansoman Roundabout,21.15
2025-08-07 12:00:00+00:00,Dansoman Roundabout,23.36
2025-08-07 13:00:00+00:00,Dansoman Roundabout,24.78
2025-08-07 14:00:00+00:00,Dansoman Roundabout,28.53
2025-08-07 15:00:00+00:00,Dansoman Roundabout,24.87
2025-08-07 16:00:00+00:00,Dansoman Roundabout,31.14
2025-08-07 17:00:00+00:00,Dansoman Roundabout,36.91
2025-08-07 18:00:00+00:00,Dansoman Roundabout,30.22
2025-08-07 19:00:00+00:00,Dansoman Roundabout,29.45
2025-08-07 20:00:00+00:00,Dansoman Roundabout,32.21
2025-08-07 21:00:00+00:00,Dansoman Roundabout,30.77
2025-08-07 23:00:00+00:00,Dansoman Roundabout,28.12
2025-08-08 02:00:00+00:00,Dansoman Roundabout,27.16
2025-08-08 03:00:00+00:00,Dansoman Roundabout,27.53
2025-08-08 04:00:00+00:00,Dansoman Roundabout,29.31
2025-08-08 05:00:00+00:00,Dansoman Roundabout,31.73
2025-08-08 07:00:00+00:00,Dansoman Roundabout,33.75
2025-08-08 08:00:00+00:00,Dansoman Roundabout,24.28
2025-08-08 09:00:00+00:00,Dansoman Roundabout,30.53
2025-08-08 10:00:00+00:00,Dansoman Roundabout,25.84
2025-08-08 11:00:00+00:00,Dansoman Roundabout,24.31
2025-08-08 12:00:00+00:00,Dansoman Roundabout,22.13
2025-08-08 13:00:00+00:00,Dansoman Roundabout,21.85
2025-08-08 14:00:00+00:00,Dansoman Roundabout,23.9
2025-08-08 15:00:00+00:00,Dansoman Roundabout,25.0
2025-08-08 16:00:00+00:00,Dansoman Roundabout,34.51
2025-08-08 17:00:00+00:00,Dansoman Roundabout,32.3
2025-08-08 18:00:00+00:00,Dansoman Roundabout,31.67
2025-08-08 19:00:00+00:00,Dansoman Roundabout,31.17
2025-08-08 20:00:00+00:00,Dansoman Roundabout,31.31
2025-08-08 21:00:00+00:00,Dansoman Roundabout,26.02
2025-08-09 00:00:00+00:00,Dansoman Roundabout,20.42
2025-08-09 01:00:00+00:00,Dansoman Roundabout,19.89
2025-08-09 03:00:00+00:00,Dansoman Roundabout,27.57
2025-08-09 04:00:00+00:00,Dansoman Roundabout,25.04
2025-08-09 05:00:00+00:00,Dansoman Roundabout,27.83
2025-08-09 06:00:00+00:00,Dansoman Roundabout,28.79
2025-08-09 07:00:00+00:00,Dansoman Roundabout,32.01
2025-08-09 08:00:00+00:00,Dansoman Roundabout,28.58
2025-08-09 09:00:00+00:00,Dansoman Roundabout,22.96
2025-08-09 10:00:00+00:00,Dansoman Roundabout,20.43
2025-08-09 11:00:00+00:00,Dansoman Roundabout,17.97
2025-08-09 12:00:00+00:00,Dansoman Roundabout,15.2
2025-08-09 13:00:00+00:00,Dansoman Roundabout,18.11
2025-08-09 14:00:00+00:00,Dansoman Roundabout,19.64
2025-08-09 15:00:00+00:00,Dansoman Roundabout,15.45
2025-08-09 16:00:00+00:00,Dansoman Roundabout,21.33
2025-08-09 17:00:00+00:00,Dansoman Roundabout,32.25
2025-08-09 18:00:00+00:00,Dansoman Roundabout,35.38
2025-08-09 19:00:00+00:00,Dansoman Roundabout,38.05
2025-08-09 20:00:00+00:00,Dansoman Roundabout,37.18
2025-08-09 21:00:00+00:00,Dansoman Roundabout,31.59
2025-08-09 22:00:00+00:00,Dansoman Roundabout,27.53
2025-08-10 00:00:00+00:00,Dansoman Roundabout,22.93
2025-08-10 02:00:00+00:00,Dansoman Roundabout,13.71
2025-08-10 04:00:00+00:00,Dansoman Roundabout,13.47
2025-08-10 05:00:00+00:00,Dansoman Roundabout,24.46
2025-08-10 06:00:00+00:00,Dansoman Roundabout,27.73
2025-08-10 07:00:00+00:00,Dansoman Roundabout,27.92
2025-08-10 08:00:00+00:00,Dansoman Roundabout,26.57
2025-08-10 09:00:00+00:00,Dansoman Roundabout,16.87
2025-08-10 10:00:00+00:00,Dansoman Roundabout,11.87
2025-08-10 11:00:00+00:00,Dansoman Roundabout,11.67
2025-08-10 12:00:00+00:00,Dansoman Roundabout,9.65
2025-08-10 13:00:00+00:00,Dansoman Roundabout,11.53
2025-08-10 14:00:00+00:00,Dansoman Roundabout,12.83
2025-08-10 15:00:00+00:00,Dansoman Roundabout,12.19
2025-08-10 16:00:00+00:00,Dansoman Roundabout,13.58
2025-08-10 17:00:00+00:00,Dansoman Roundabout,14.62
2025-08-10 19:00:00+00:00,Dansoman Roundabout,22.66
2025-08-10 20:00:00+00:00,Dansoman Roundabout,25.64
2025-08-10 21:00:00+00:00,Dansoman Roundabout,23.54
2025-08-11 03:00:00+00:00,Dansoman Roundabout,15.12
2025-08-11 05:00:00+00:00,Dansoman Roundabout,16.43
2025-08-11 06:00:00+00:00,Dansoman Roundabout,35.11
2025-08-11 07:00:00+00:00,Dansoman Roundabout,21.84
2025-08-11 08:00:00+00:00,Dansoman Roundabout,20.2
2025-08-11 09:00:00+00:00,Dansoman Roundabout,13.23
2025-08-11 10:00:00+00:00,Dansoman Roundabout,10.39
2025-08-11 11:00:00+00:00,Dansoman Roundabout,9.39
2025-08-11 12:00:00+00:00,Dansoman Roundabout,8.21
2025-08-11 13:00:00+00:00,Dansoman Roundabout,7.58
2025-08-11 14:00:00+00:00,Dansoman Roundabout,8.76
2025-08-11 15:00:00+00:00,Dansoman Roundabout,7.48
2025-08-11 16:00:00+00:00,Dansoman Roundabout,6.4
2025-08-11 17:00:00+00:00,Dansoman Roundabout,12.7
2025-08-11 18:00:00+00:00,Dansoman Roundabout,10.44
2025-08-11 20:00:00+00:00,Dansoman Roundabout,9.53
2025-08-11 22:00:00+00:00,Dansoman Roundabout,9.76
2025-08-11 23:00:00+00:00,Dansoman Roundabout,9.56
2025-08-12 00:00:00+00:00,Dansoman Roundabout,8.52
2025-08-12 03:00:00+00:00,Dansoman Roundabout,10.51
2025-08-12 04:00:00+00:00,Dansoman Roundabout,10.6
2025-08-12 05:00:00+00:00,Dansoman Roundabout,8.49
2025-08-12 06:00:00+00:00,Dansoman Roundabout,9.28
2025-08-12 07:00:00+00:00,Dansoman Roundabout,10.08
2025-08-12 08:00:00+00:00,Dansoman Roundabout,6.84
2025-08-12 09:00:00+00:00,Dansoman Roundabout,5.01
2025-08-12 10:00:00+00:00,Dansoman Roundabout,6.88
2025-08-12 11:00:00+00:00,Dansoman Roundabout,6.07
2025-08-12 12:00:00+00:00,Dansoman Roundabout,5.89
2025-08-12 13:00:00+00:00,Dansoman Roundabout,6.86
2025-08-12 14:00:00+00:00,Dansoman Roundabout,7.21
2025-08-12 15:00:00+00:00,Dansoman Roundabout,5.82
2025-08-12 16:00:00+00:00,Dansoman Roundabout,8.71
2025-08-12 17:00:00+00:00,Dansoman Roundabout,12.86
2025-08-12 18:00:00+00:00,Dansoman Roundabout,11.35
2025-08-12 19:00:00+00:00,Dansoman Roundabout,14.04
2025-08-12 20:00:00+00:00,Dansoman Roundabout,16.9
2025-08-12 21:00:00+00:00,Dansoman Roundabout,8.34
2025-08-12 22:00:00+00:00,Dansoman Roundabout,7.83
2025-08-12 23:00:00+00:00,Dansoman Roundabout,5.89
2025-08-13 00:00:00+00:00,Dansoman Roundabout,4.99
2025-08-13 01:00:00+00:00,Dansoman Roundabout,5.57
2025-08-13 02:00:00+00:00,Dansoman Roundabout,5.23
2025-08-13 03:00:00+00:00,Dansoman Roundabout,6.11
2025-08-13 04:00:00+00:00,Dansoman Roundabout,8.84
2025-08-13 05:00:00+00:00,Dansoman Roundabout,12.34
2025-08-13 07:00:00+00:00,Dansoman Roundabout,9.43
2025-08-13 08:00:00+00:00,Dansoman Roundabout,13.43
2025-08-13 09:00:00+00:00,Dansoman Roundabout,11.47
2025-08-13 10:00:00+00:00,Dansoman Roundabout,7.23
2025-08-13 11:00:00+00:00,Dansoman Roundabout,11.32
2025-08-13 12:00:00+00:00,Dansoman Roundabout,8.21
2025-08-13 13:00:00+00:00,Dansoman Roundabout,8.12
2025-08-13 14:00:00+00:00,Dansoman Roundabout,8.16
2025-08-13 15:00:00+00:00,Dansoman Roundabout,9.26
2025-08-13 16:00:00+00:00,Dansoman Roundabout,14.91
2025-08-13 17:00:00+00:00,Dansoman Roundabout,13.81
2025-08-13 19:00:00+00:00,Dansoman Roundabout,23.16
2025-08-13 21:00:00+00:00,Dansoman Roundabout,5.96
2025-08-13 22:00:00+00:00,Dansoman Roundabout,6.64
2025-08-13 23:00:00+00:00,Dansoman Roundabout,6.85
2025-08-14 00:00:00+00:00,Dansoman Roundabout,6.58
2025-08-14 01:00:00+00:00,Dansoman Roundabout,5.52
2025-08-14 03:00:00+00:00,Dansoman Roundabout,5.55
2025-08-14 04:00:00+00:00,Dansoman Roundabout,6.52
2025-08-14 05:00:00+00:00,Dansoman Roundabout,6.02
2025-08-14 06:00:00+00:00,Dansoman Roundabout,8.76
2025-08-14 07:00:00+00:00,Dansoman Roundabout,9.67
2025-08-14 08:00:00+00:00,Dansoman Roundabout,7.57
2025-08-14 09:00:00+00:00,Dansoman Roundabout,5.51
2025-08-14 10:00:00+00:00,Dansoman Roundabout,7.5
2025-08-14 11:00:00+00:00,Dansoman Roundabout,8.48
2025-08-14 12:00:00+00:00,Dansoman Roundabout,5.84
2025-08-14 13:00:00+00:00,Dansoman Roundabout,7.06
2025-08-14 14:00:00+00:00,Dansoman Roundabout,8.29
2025-08-14 15:00:00+00:00,Dansoman Roundabout,7.05
2025-08-14 16:00:00+00:00,Dansoman Roundabout,6.76
2025-08-14 17:00:00+00:00,Dansoman Roundabout,7.48
2025-08-14 18:00:00+00:00,Dansoman Roundabout,10.64
2025-08-14 19:00:00+00:00,Dansoman Roundabout,12.67
2025-08-14 20:00:00+00:00,Dansoman Roundabout,11.61
2025-08-14 21:00:00+00:00,Dansoman Roundabout,10.27
2025-08-14 22:00:00+00:00,Dansoman Roundabout,10.76
2025-08-14 23:00:00+00:00,Dansoman Roundabout,8.1
2025-08-15 00:00:00+00:00,Dansoman Roundabout,9.84
2025-08-15 02:00:00+00:00,Dansoman Roundabout,7.25
2025-08-15 03:00:00+00:00,Dansoman Roundabout,10.91
2025-08-15 04:00:00+00:00,Dansoman Roundabout,17.85
2025-08-15 05:00:00+00:00,Dansoman Roundabout,29.76
2025-08-15 06:00:00+00:00,Dansoman Roundabout,28.95
2025-08-15 07:00:00+00:00,Dansoman Roundabout,20.2
2025-08-15 08:00:00+00:00,Dansoman Roundabout,13.76
2025-08-15 09:00:00+00:00,Dansoman Roundabout,10.65
2025-08-15 10:00:00+00:00,Dansoman Roundabout,8.48
2025-08-15 11:00:00+00:00,Dansoman Roundabout,10.9
2025-08-15 12:00:00+00:00,Dansoman Roundabout,10.02
2025-08-15 13:00:00+00:00,Dansoman Roundabout,12.47
2025-08-15 14:00:00+00:00,Dansoman Roundabout,11.92
2025-08-15 15:00:00+00:00,Dansoman Roundabout,10.55
2025-08-15 16:00:00+00:00,Dansoman Roundabout,10.39
2025-08-15 17:00:00+00:00,Dansoman Roundabout,15.57
2025-08-15 18:00:00+00:00,Dansoman Roundabout,17.83
2025-08-15 19:00:00+00:00,Dansoman Roundabout,11.46
2025-08-15 20:00:00+00:00,Dansoman Roundabout,14.36
2025-08-15 21:00:00+00:00,Dansoman Roundabout,19.12
2025-08-16 02:00:00+00:00,Dansoman Roundabout,8.69
2025-08-16 03:00:00+00:00,Dansoman Roundabout,9.36
2025-08-16 05:00:00+00:00,Dansoman Roundabout,12.09
2025-08-16 07:00:00+00:00,Dansoman Roundabout,16.57
2025-08-16 08:00:00+00:00,Dansoman Roundabout,24.24
2025-08-16 09:00:00+00:00,Dansoman Roundabout,15.12
2025-08-16 10:00:00+00:00,Dansoman Roundabout,18.42
2025-08-16 11:00:00+00:00,Dansoman Roundabout,11.18
2025-08-16 12:00:00+00:00,Dansoman Roundabout,13.5
2025-08-16 13:00:00+00:00,Dansoman Roundabout,12.3
2025-08-16 14:00:00+00:00,Dansoman Roundabout,16.39
2025-08-16 15:00:00+00:00,Dansoman Roundabout,13.45
2025-08-16 16:00:00+00:00,Dansoman Roundabout,16.22
2025-08-16 17:00:00+00:00,Dansoman Roundabout,19.47
2025-08-16 18:00:00+00:00,Dansoman Roundabout,12.01
2025-08-16 19:00:00+00:00,Dansoman Roundabout,15.88
2025-08-16 20:00:00+00:00,Dansoman Roundabout,16.17
2025-08-16 21:00:00+00:00,Dansoman Roundabout,14.69
2025-08-17 00:00:00+00:00,Dansoman Roundabout,21.4
2025-08-17 01:00:00+00:00,Dansoman Roundabout,19.0
2025-08-17 03:00:00+00:00,Dansoman Roundabout,12.95
2025-08-17 04:00:00+00:00,Dansoman Roundabout,9.66
2025-08-17 05:00:00+00:00,Dansoman Roundabout,13.19
2025-08-17 06:00:00+00:00,Dansoman Roundabout,18.19
2025-08-17 07:00:00+00:00,Dansoman Roundabout,15.32
2025-08-17 08:00:00+00:00,Dansoman Roundabout,13.33
2025-08-17 09:00:00+00:00,Dansoman Roundabout,13.29
2025-08-17 10:00:00+00:00,Dansoman Roundabout,11.12
2025-08-17 11:00:00+00:00,Dansoman Roundabout,10.46
2025-08-17 12:00:00+00:00,Dansoman Roundabout,9.1
2025-08-17 13:00:00+00:00,Dansoman Roundabout,14.01
2025-08-17 14:00:00+00:00,Dansoman Roundabout,10.58
2025-08-17 15:00:00+00:00,Dansoman Roundabout,14.8
2025-08-17 16:00:00+00:00,Dansoman Roundabout,15.14
2025-08-17 17:00:00+00:00,Dansoman Roundabout,15.18
2025-08-17 18:00:00+00:00,Dansoman Roundabout,12.96
2025-08-17 19:00:00+00:00,Dansoman Roundabout,11.38
2025-08-17 20:00:00+00:00,Dansoman Roundabout,15.25
2025-08-17 21:00:00+00:00,Dansoman Roundabout,16.08
2025-08-17 22:00:00+00:00,Dansoman Roundabout,16.42
2025-08-17 23:00:00+00:00,Dansoman Roundabout,13.04
2025-08-18 00:00:00+00:00,Dansoman Roundabout,12.42
2025-08-18 02:00:00+00:00,Dansoman Roundabout,11.21
2025-08-18 03:00:00+00:00,Dansoman Roundabout,14.28
2025-08-18 04:00:00+00:00,Dansoman Roundabout,16.64
2025-08-18 05:00:00+00:00,Dansoman Roundabout,13.74
2025-08-18 06:00:00+00:00,Dansoman Roundabout,17.9
2025-08-18 07:00:00+00:00,Dansoman Roundabout,19.53
2025-08-18 11:00:00+00:00,Dansoman Roundabout,10.75
2025-08-18 13:00:00+00:00,Dansoman Roundabout,13.68
2025-08-18 14:00:00+00:00,Dansoman Roundabout,10.73
2025-08-18 15:00:00+00:00,Dansoman Roundabout,13.28
2025-08-18 19:00:00+00:00,Dansoman Roundabout,17.78
2025-08-18 20:00:00+00:00,Dansoman Roundabout,18.78
2025-08-18 21:00:00+00:00,Dansoman Roundabout,18.23
2025-08-19 01:00:00+00:00,Dansoman Roundabout,13.16
2025-08-19 02:00:00+00:00,Dansoman Roundabout,12.32
2025-08-19 03:00:00+00:00,Dansoman Roundabout,10.85
2025-08-19 05:00:00+00:00,Dansoman Roundabout,14.74
2025-08-19 06:00:00+00:00,Dansoman Roundabout,13.51
2025-08-19 07:00:00+00:00,Dansoman Roundabout,23.0
2025-08-19 08:00:00+00:00,Dansoman Roundabout,20.74
2025-08-19 09:00:00+00:00,Dansoman Roundabout,13.39
2025-08-19 10:00:00+00:00,Dansoman Roundabout,12.67
2025-08-19 11:00:00+00:00,Dansoman Roundabout,12.68
2025-08-19 12:00:00+00:00,Dansoman Roundabout,11.09
2025-08-19 13:00:00+00:00,Dansoman Roundabout,10.72
2025-08-19 14:00:00+00:00,Dansoman Roundabout,10.53
2025-08-19 15:00:00+00:00,Dansoman Roundabout,8.32
2025-08-19 16:00:00+00:00,Dansoman Roundabout,10.99
2025-08-19 17:00:00+00:00,Dansoman Roundabout,27.35
2025-08-19 18:00:00+00:00,Dansoman Roundabout,18.26
2025-08-19 19:00:00+00:00,Dansoman Roundabout,18.61
2025-08-19 20:00:00+00:00,Dansoman Roundabout,14.77
2025-08-19 21:00:00+00:00,Dansoman Roundabout,16.15
2025-08-19 22:00:00+00:00,Dansoman Roundabout,14.29
2025-08-19 23:00:00+00:00,Dansoman Roundabout,11.69
2025-08-20 00:00:00+00:00,Dansoman Roundabout,11.87
2025-08-20 01:00:00+00:00,Dansoman Roundabout,14.57
2025-08-20 02:00:00+00:00,Dansoman Roundabout,14.69
2025-08-20 03:00:00+00:00,Dansoman Roundabout,15.11
2025-08-20 04:00:00+00:00,Dansoman Roundabout,17.55
2025-08-20 05:00:00+00:00,Dansoman Roundabout,16.76
2025-08-20 06:00:00+00:00,Dansoman Roundabout,16.2
2025-08-20 07:00:00+00:00,Dansoman Roundabout,15.76
2025-08-20 08:00:00+00:00,Dansoman Roundabout,14.07
2025-08-20 09:00:00+00:00,Dansoman Roundabout,13.05
2025-08-20 10:00:00+00:00,Dansoman Roundabout,14.61
2025-08-20 11:00:00+00:00,Dansoman Roundabout,8.76
2025-08-20 12:00:00+00:00,Dansoman Roundabout,10.61
2025-08-20 13:00:00+00:00,Dansoman Roundabout,10.51
2025-08-20 14:00:00+00:00,Dansoman Roundabout,9.83
2025-08-20 15:00:00+00:00,Dansoman Roundabout,13.67
2025-08-20 16:00:00+00:00,Dansoman Roundabout,11.51
2025-08-20 17:00:00+00:00,Dansoman Roundabout,15.81
2025-08-20 18:00:00+00:00,Dansoman Roundabout,12.65
2025-08-20 19:00:00+00:00,Dansoman Roundabout,13.4
2025-08-20 20:00:00+00:00,Dansoman Roundabout,17.57
2025-08-20 21:00:00+00:00,Dansoman Roundabout,15.74
2025-08-20 22:00:00+00:00,Dansoman Roundabout,15.63
2025-08-20 23:00:00+00:00,Dansoman Roundabout,11.57
2025-08-21 00:00:00+00:00,Dansoman Roundabout,12.21
2025-08-21 01:00:00+00:00,Dansoman Roundabout,9.79
2025-08-21 02:00:00+00:00,Dansoman Roundabout,10.41
2025-08-21 03:00:00+00:00,Dansoman Roundabout,10.48
2025-08-21 04:00:00+00:00,Dansoman Roundabout,11.0
2025-08-21 05:00:00+00:00,Dansoman Roundabout,12.54
2025-08-21 06:00:00+00:00,Dansoman Roundabout,15.59
2025-08-21 07:00:00+00:00,Dansoman Roundabout,18.18
2025-08-21 09:00:00+00:00,Dansoman Roundabout,13.41
2025-08-21 10:00:00+00:00,Dansoman Roundabout,10.76
2025-08-21 11:00:00+00:00,Dansoman Roundabout,9.51
2025-08-21 12:00:00+00:00,Dansoman Roundabout,8.77
2025-08-21 13:00:00+00:00,Dansoman Roundabout,11.43
2025-08-21 14:00:00+00:00,Dansoman Roundabout,10.05
2025-08-21 15:00:00+00:00,Dansoman Roundabout,7.32
2025-08-21 16:00:00+00:00,Dansoman Roundabout,9.71
2025-08-21 17:00:00+00:00,Dansoman Roundabout,17.08
2025-08-21 18:00:00+00:00,Dansoman Roundabout,10.76
2025-08-21 19:00:00+00:00,Dansoman Roundabout,13.52
2025-08-21 20:00:00+00:00,Dansoman Roundabout,13.9
2025-08-21 21:00:00+00:00,Dansoman Roundabout,13.34
2025-08-21 22:00:00+00:00,Dansoman Roundabout,10.0
2025-08-21 23:00:00+00:00,Dansoman Roundabout,11.53
2025-08-22 00:00:00+00:00,Dansoman Roundabout,9.28
2025-08-22 01:00:00+00:00,Dansoman Roundabout,9.0
2025-08-22 02:00:00+00:00,Dansoman Roundabout,9.55
2025-08-22 03:00:00+00:00,Dansoman Roundabout,8.95
2025-08-22 04:00:00+00:00,Dansoman Roundabout,10.43
2025-08-22 05:00:00+00:00,Dansoman Roundabout,11.5
2025-08-22 06:00:00+00:00,Dansoman Roundabout,18.45
2025-08-22 07:00:00+00:00,Dansoman Roundabout,18.84
2025-08-22 08:00:00+00:00,Dansoman Roundabout,15.75
2025-08-22 09:00:00+00:00,Dansoman Roundabout,10.38
2025-08-22 10:00:00+00:00,Dansoman Roundabout,20.46
2025-08-22 11:00:00+00:00,Dansoman Roundabout,30.55
2025-08-22 12:00:00+00:00,Dansoman Roundabout,16.23
2025-08-22 13:00:00+00:00,Dansoman Roundabout,13.36
2025-08-22 14:00:00+00:00,Dansoman Roundabout,16.6
2025-08-22 15:00:00+00:00,Dansoman Roundabout,17.52
2025-08-22 16:00:00+00:00,Dansoman Roundabout,18.13
2025-08-22 17:00:00+00:00,Dansoman Roundabout,22.44
2025-08-22 18:00:00+00:00,Dansoman Roundabout,25.5
2025-08-22 19:00:00+00:00,Dansoman Roundabout,28.82
2025-08-22 20:00:00+00:00,Dansoman Roundabout,23.03
2025-08-22 22:00:00+00:00,Dansoman Roundabout,30.84
2025-08-23 02:00:00+00:00,Dansoman Roundabout,13.04
2025-08-23 03:00:00+00:00,Dansoman Roundabout,15.22
2025-08-23 04:00:00+00:00,Dansoman Roundabout,18.11
2025-08-23 05:00:00+00:00,Dansoman Roundabout,17.37
2025-08-23 06:00:00+00:00,Dansoman Roundabout,24.19
2025-08-23 07:00:00+00:00,Dansoman Roundabout,29.63
2025-08-23 08:00:00+00:00,Dansoman Roundabout,27.2
2025-08-23 10:00:00+00:00,Dansoman Roundabout,19.21
2025-08-23 11:00:00+00:00,Dansoman Roundabout,13.82
2025-08-23 12:00:00+00:00,Dansoman Roundabout,11.48
2025-08-23 13:00:00+00:00,Dansoman Roundabout,14.91
2025-08-23 14:00:00+00:00,Dansoman Roundabout,15.0
2025-08-23 15:00:00+00:00,Dansoman Roundabout,14.3
2025-08-23 16:00:00+00:00,Dansoman Roundabout,17.46
2025-08-23 17:00:00+00:00,Dansoman Roundabout,21.4
2025-08-23 18:00:00+00:00,Dansoman Roundabout,23.4
2025-08-23 19:00:00+00:00,Dansoman Roundabout,24.08
2025-08-23 20:00:00+00:00,Dansoman Roundabout,22.28
2025-08-23 22:00:00+00:00,Dansoman Roundabout,22.13
2025-08-24 00:00:00+00:00,Dansoman Roundabout,24.3
2025-08-24 01:00:00+00:00,Dansoman Roundabout,15.9
2025-08-24 02:00:00+00:00,Dansoman Roundabout,13.07
2025-08-24 04:00:00+00:00,Dansoman Roundabout,12.15
2025-08-24 05:00:00+00:00,Dansoman Roundabout,15.0
2025-08-24 07:00:00+00:00,Dansoman Roundabout,28.02
2025-08-24 08:00:00+00:00,Dansoman Roundabout,28.26
2025-08-24 09:00:00+00:00,Dansoman Roundabout,23.71
2025-08-24 10:00:00+00:00,Dansoman Roundabout,21.67
2025-08-24 11:00:00+00:00,Dansoman Roundabout,17.84
2025-08-24 12:00:00+00:00,Dansoman Roundabout,17.53
2025-08-24 13:00:00+00:00,Dansoman Roundabout,17.59
2025-08-24 14:00:00+00:00,Dansoman Roundabout,17.87
2025-08-24 15:00:00+00:00,Dansoman Roundabout,16.34
2025-08-24 16:00:00+00:00,Dansoman Roundabout,23.16
2025-08-24 17:00:00+00:00,Dansoman Roundabout,24.19
2025-08-24 18:00:00+00:00,Dansoman Roundabout,23.69
2025-08-24 19:00:00+00:00,Dansoman Roundabout,21.39
2025-08-24 20:00:00+00:00,Dansoman Roundabout,25.07
2025-08-24 21:00:00+00:00,Dansoman Roundabout,15.58
2025-08-24 23:00:00+00:00,Dansoman Roundabout,15.43
2025-08-25 01:00:00+00:00,Dansoman Roundabout,14.43
2025-08-25 02:00:00+00:00,Dansoman Roundabout,14.47
2025-08-25 03:00:00+00:00,Dansoman Roundabout,17.07
2025-08-25 05:00:00+00:00,Dansoman Roundabout,18.79
2025-08-25 07:00:00+00:00,Dansoman Roundabout,27.24
2025-08-25 10:00:00+00:00,Dansoman Roundabout,17.8
2025-08-25 11:00:00+00:00,Dansoman Roundabout,17.89
2025-08-25 12:00:00+00:00,Dansoman Roundabout,19.06
2025-08-25 14:00:00+00:00,Dansoman Roundabout,15.32
2025-08-25 17:00:00+00:00,Dansoman Roundabout,28.47
2025-08-25 18:00:00+00:00,Dansoman Roundabout,23.51
2025-08-25 20:00:00+00:00,Dansoman Roundabout,22.05
2025-08-25 21:00:00+00:00,Dansoman Roundabout,16.03
2025-08-25 22:00:00+00:00,Dansoman Roundabout,15.46
2025-08-26 01:00:00+00:00,Dansoman Roundabout,17.4
2025-08-26 02:00:00+00:00,Dansoman Roundabout,15.26
2025-08-26 04:00:00+00:00,Dansoman Roundabout,11.19
2025-08-26 06:00:00+00:00,Dansoman Roundabout,26.85
2025-08-26 07:00:00+00:00,Dansoman Roundabout,30.72
2025-08-26 08:00:00+00:00,Dansoman Roundabout,32.75
2025-08-26 09:00:00+00:00,Dansoman Roundabout,15.38
2025-08-26 10:00:00+00:00,Dansoman Roundabout,15.5
2025-08-26 11:00:00+00:00,Dansoman Roundabout,12.1
2025-08-26 12:00:00+00:00,Dansoman Roundabout,12.11
2025-08-26 16:00:00+00:00,Dansoman Roundabout,18.11
2025-08-26 17:00:00+00:00,Dansoman Roundabout,30.11
2025-08-26 18:00:00+00:00,Dansoman Roundabout,18.33
2025-08-26 19:00:00+00:00,Dansoman Roundabout,23.07
2025-08-26 20:00:00+00:00,Dansoman Roundabout,18.49
2025-08-26 21:00:00+00:00,Dansoman Roundabout,21.56
2025-08-26 23:00:00+00:00,Dansoman Roundabout,18.53
2025-08-27 00:00:00+00:00,Dansoman Roundabout,17.96
2025-08-27 01:00:00+00:00,Dansoman Roundabout,18.51
2025-08-27 02:00:00+00:00,Dansoman Roundabout,20.19
2025-08-27 03:00:00+00:00,Dansoman Roundabout,21.72
2025-08-27 04:00:00+00:00,Dansoman Roundabout,23.94
2025-08-27 05:00:00+00:00,Dansoman Roundabout,25.33
2025-08-27 08:00:00+00:00,Dansoman Roundabout,21.38
2025-08-27 09:00:00+00:00,Dansoman Roundabout,21.46
2025-08-27 13:00:00+00:00,Dansoman Roundabout,14.0
2025-08-27 14:00:00+00:00,Dansoman Roundabout,19.85
2025-08-27 15:00:00+00:00,Dansoman Roundabout,21.48
2025-08-27 16:00:00+00:00,Dansoman Roundabout,30.21
2025-08-27 17:00:00+00:00,Dansoman Roundabout,36.49
2025-08-27 18:00:00+00:00,Dansoman Roundabout,25.54
2025-08-27 19:00:00+00:00,Dansoman Roundabout,21.83
2025-08-27 20:00:00+00:00,Dansoman Roundabout,24.43
2025-08-27 21:00:00+00:00,Dansoman Roundabout,23.19
2025-08-27 22:00:00+00:00,Dansoman Roundabout,22.52
2025-08-27 23:00:00+00:00,Dansoman Roundabout,19.87
2025-08-28 01:00:00+00:00,Dansoman Roundabout,17.88
2025-08-28 06:00:00+00:00,Dansoman Roundabout,32.6
2025-08-28 09:00:00+00:00,Dansoman Roundabout,13.79
2025-08-28 10:00:00+00:00,Dansoman Roundabout,16.34
2025-08-28 11:00:00+00:00,Dansoman Roundabout,13.74
2025-08-28 12:00:00+00:00,Dansoman Roundabout,10.73
2025-08-28 13:00:00+00:00,Dansoman Roundabout,14.15
2025-08-28 14:00:00+00:00,Dansoman Roundabout,12.38
2025-08-28 15:00:00+00:00,Dansoman Roundabout,13.86
2025-08-28 16:00:00+00:00,Dansoman Roundabout,13.01
2025-08-28 17:00:00+00:00,Dansoman Roundabout,17.01
2025-08-28 18:00:00+00:00,Dansoman Roundabout,19.47
2025-08-28 19:00:00+00:00,Dansoman Roundabout,18.29
2025-08-28 20:00:00+00:00,Dansoman Roundabout,16.79
2025-08-28 21:00:00+00:00,Dansoman Roundabout,17.28
2025-08-28 22:00:00+00:00,Dansoman Roundabout,14.07
2025-08-28 23:00:00+00:00,Dansoman Roundabout,17.64
2025-08-29 00:00:00+00:00,Dansoman Roundabout,12.74
2025-08-29 02:00:00+00:00,Dansoman Roundabout,16.07
2025-08-29 06:00:00+00:00,Dansoman Roundabout,15.73
2025-08-29 07:00:00+00:00,Dansoman Roundabout,18.06
2025-08-29 08:00:00+00:00,Dansoman Roundabout,20.6
2025-08-29 09:00:00+00:00,Dansoman Roundabout,12.69
2025-08-29 10:00:00+00:00,Dansoman Roundabout,26.1
2025-08-29 11:00:00+00:00,Dansoman Roundabout,9.72
2025-08-29 12:00:00+00:00,Dansoman Roundabout,10.58
2025-08-29 13:00:00+00:00,Dansoman Roundabout,10.29
2025-08-29 14:00:00+00:00,Dansoman Roundabout,9.28
2025-08-29 15:00:00+00:00,Dansoman Roundabout,12.35
2025-08-29 16:00:00+00:00,Dansoman Roundabout,16.1
2025-08-29 17:00:00+00:00,Dansoman Roundabout,17.14
2025-08-29 18:00:00+00:00,Dansoman Roundabout,18.77
2025-08-29 19:00:00+00:00,Dansoman Roundabout,19.07
2025-08-29 20:00:00+00:00,Dansoman Roundabout,20.22
2025-08-29 21:00:00+00:00,Dansoman Roundabout,19.29
2025-08-29 22:00:00+00:00,Dansoman Roundabout,14.84
2025-08-29 23:00:00+00:00,Dansoman Roundabout,19.63
2025-08-30 00:00:00+00:00,Dansoman Roundabout,12.77
2025-08-30 01:00:00+00:00,Dansoman Roundabout,12.3
2025-08-30 03:00:00+00:00,Dansoman Roundabout,12.72
2025-08-30 04:00:00+00:00,Dansoman Roundabout,13.24
2025-08-30 05:00:00+00:00,Dansoman Roundabout,14.67
2025-08-30 06:00:00+00:00,Dansoman Roundabout,20.92
2025-08-30 07:00:00+00:00,Dansoman Roundabout,18.99
2025-08-30 11:00:00+00:00,Dansoman Roundabout,11.33
2025-08-30 14:00:00+00:00,Dansoman Roundabout,13.56
2025-08-30 15:00:00+00:00,Dansoman Roundabout,13.25
2025-08-30 16:00:00+00:00,Dansoman Roundabout,16.91
2025-08-30 17:00:00+00:00,Dansoman Roundabout,23.64
2025-08-30 18:00:00+00:00,Dansoman Roundabout,22.1
2025-08-30 19:00:00+00:00,Dansoman Roundabout,21.01
2025-08-30 21:00:00+00:00,Dansoman Roundabout,21.69
2025-08-30 22:00:00+00:00,Dansoman Roundabout,19.4
2025-08-30 23:00:00+00:00,Dansoman Roundabout,18.69
2025-08-31 00:00:00+00:00,Dansoman Roundabout,17.54
2025-08-31 01:00:00+00:00,Dansoman Roundabout,18.78
2025-08-31 02:00:00+00:00,Dansoman Roundabout,17.95
2025-08-31 04:00:00+00:00,Dansoman Roundabout,17.09
2025-08-31 07:00:00+00:00,Dansoman Roundabout,25.06
2025-08-31 08:00:00+00:00,Dansoman Roundabout,25.46
2025-08-31 11:00:00+00:00,Dansoman Roundabout,12.31
2025-08-31 12:00:00+00:00,Dansoman Roundabout,11.53
2025-08-31 13:00:00+00:00,Dansoman Roundabout,10.96
2025-08-31 14:00:00+00:00,Dansoman Roundabout,12.77
2025-08-31 15:00:00+00:00,Dansoman Roundabout,11.81
2025-08-31 16:00:00+00:00,Dansoman Roundabout,14.25
2025-08-31 17:00:00+00:00,Dansoman Roundabout,14.12
2025-08-31 18:00:00+00:00,Dansoman Roundabout,20.62
2025-08-31 19:00:00+00:00,Dansoman Roundabout,20.8
2025-08-31 20:00:00+00:00,Dansoman Roundabout,19.23
2025-08-31 21:00:00+00:00,Dansoman Roundabout,18.38
2025-08-31 22:00:00+00:00,Dansoman Roundabout,18.26
2025-08-31 23:00:00+00:00,Dansoman Roundabout,17.64
2025-08-01 00:00:00+00:00,GSSTI Kwabenya,19.35
2025-08-01 01:00:00+00:00,GSSTI Kwabenya,18.7
2025-08-01 02:00:00+00:00,GSSTI Kwabenya,20.55
2025-08-01 03:00:00+00:00,GSSTI Kwabenya,19.9
2025-08-01 04:00:00+00:00,GSSTI Kwabenya,21.5
2025-08-01 05:00:00+00:00,GSSTI Kwabenya,26.2
2025-08-01 06:00:00+00:00,GSSTI Kwabenya,31.7
2025-08-01 07:00:00+00:00,GSSTI Kwabenya,32.95
2025-08-01 08:00:00+00:00,GSSTI Kwabenya,34.15
2025-08-01 09:00:00+00:00,GSSTI Kwabenya,34.9
2025-08-01 10:00:00+00:00,GSSTI Kwabenya,29.3
2025-08-01 11:00:00+00:00,GSSTI Kwabenya,29.8
2025-08-01 12:00:00+00:00,GSSTI Kwabenya,26.1
2025-08-01 13:00:00+00:00,GSSTI Kwabenya,27.8
2025-08-01 14:00:00+00:00,GSSTI Kwabenya,27.05
2025-08-01 15:00:00+00:00,GSSTI Kwabenya,30.3
2025-08-01 16:00:00+00:00,GSSTI Kwabenya,31.3
2025-08-01 17:00:00+00:00,GSSTI Kwabenya,36.7
2025-08-01 18:00:00+00:00,GSSTI Kwabenya,44.25
2025-08-01 19:00:00+00:00,GSSTI Kwabenya,38.4
2025-08-01 20:00:00+00:00,GSSTI Kwabenya,29.25
2025-08-01 21:00:00+00:00,GSSTI Kwabenya,25.45
2025-08-01 22:00:00+00:00,GSSTI Kwabenya,33.1
2025-08-01 23:00:00+00:00,GSSTI Kwabenya,30.3
2025-08-02 00:00:00+00:00,GSSTI Kwabenya,26.15
2025-08-02 01:00:00+00:00,GSSTI Kwabenya,24.25
2025-08-02 02:00:00+00:00,GSSTI Kwabenya,24.0
2025-08-02 03:00:00+00:00,GSSTI Kwabenya,25.15
2025-08-02 04:00:00+00:00,GSSTI Kwabenya,30.45
2025-08-02 05:00:00+00:00,GSSTI Kwabenya,34.45
2025-08-02 06:00:00+00:00,GSSTI Kwabenya,36.9
2025-08-02 07:00:00+00:00,GSSTI Kwabenya,37.05
2025-08-02 08:00:00+00:00,GSSTI Kwabenya,29.85
2025-08-02 09:00:00+00:00,GSSTI Kwabenya,28.0
2025-08-02 10:00:00+00:00,GSSTI Kwabenya,25.2
2025-08-02 11:00:00+00:00,GSSTI Kwabenya,23.5
2025-08-02 12:00:00+00:00,GSSTI Kwabenya,23.4
2025-08-02 13:00:00+00:00,GSSTI Kwabenya,24.35
2025-08-02 14:00:00+00:00,GSSTI Kwabenya,24.7
2025-08-02 15:00:00+00:00,GSSTI Kwabenya,25.15
2025-08-02 16:00:00+00:00,GSSTI Kwabenya,37.8
2025-08-02 17:00:00+00:00,GSSTI Kwabenya,42.65
2025-08-02 18:00:00+00:00,GSSTI Kwabenya,46.65
2025-08-02 20:00:00+00:00,GSSTI Kwabenya,42.15
2025-08-02 21:00:00+00:00,GSSTI Kwabenya,36.05
2025-08-02 22:00:00+00:00,GSSTI Kwabenya,35.4
2025-08-02 23:00:00+00:00,GSSTI Kwabenya,32.6
2025-08-03 00:00:00+00:00,GSSTI Kwabenya,29.95
2025-08-03 01:00:00+00:00,GSSTI Kwabenya,30.25
2025-08-03 02:00:00+00:00,GSSTI Kwabenya,27.8
2025-08-03 03:00:00+00:00,GSSTI Kwabenya,27.25
2025-08-03 04:00:00+00:00,GSSTI Kwabenya,27.65
2025-08-04 12:00:00+00:00,GSSTI Kwabenya,32.9
2025-08-04 13:00:00+00:00,GSSTI Kwabenya,32.85
2025-08-04 14:00:00+00:00,GSSTI Kwabenya,33.2
2025-08-04 15:00:00+00:00,GSSTI Kwabenya,33.15
2025-08-04 16:00:00+00:00,GSSTI Kwabenya,35.9
2025-08-04 17:00:00+00:00,GSSTI Kwabenya,34.75
2025-08-04 18:00:00+00:00,GSSTI Kwabenya,39.6
2025-08-04 19:00:00+00:00,GSSTI Kwabenya,37.3
2025-08-04 20:00:00+00:00,GSSTI Kwabenya,35.95
2025-08-04 21:00:00+00:00,GSSTI Kwabenya,31.15
2025-08-04 22:00:00+00:00,GSSTI Kwabenya,29.25
2025-08-04 23:00:00+00:00,GSSTI Kwabenya,29.65
2025-08-05 00:00:00+00:00,GSSTI Kwabenya,24.6
2025-08-05 01:00:00+00:00,GSSTI Kwabenya,12.95
2025-08-05 02:00:00+00:00,GSSTI Kwabenya,14.75
2025-08-05 03:00:00+00:00,GSSTI Kwabenya,22.95
2025-08-05 04:00:00+00:00,GSSTI Kwabenya,24.75
2025-08-05 05:00:00+00:00,GSSTI Kwabenya,26.05
2025-08-05 06:00:00+00:00,GSSTI Kwabenya,31.7
2025-08-05 07:00:00+00:00,GSSTI Kwabenya,32.55
2025-08-05 08:00:00+00:00,GSSTI Kwabenya,32.0
2025-08-05 09:00:00+00:00,GSSTI Kwabenya,31.05
2025-08-05 10:00:00+00:00,GSSTI Kwabenya,26.9
2025-08-05 11:00:00+00:00,GSSTI Kwabenya,22.65
2025-08-05 12:00:00+00:00,GSSTI Kwabenya,22.25
2025-08-05 13:00:00+00:00,GSSTI Kwabenya,21.85
2025-08-05 14:00:00+00:00,GSSTI Kwabenya,23.75
2025-08-05 15:00:00+00:00,GSSTI Kwabenya,25.45
2025-08-05 16:00:00+00:00,GSSTI Kwabenya,26.95
2025-08-05 17:00:00+00:00,GSSTI Kwabenya,29.8
2025-08-05 18:00:00+00:00,GSSTI Kwabenya,32.4
2025-08-05 19:00:00+00:00,GSSTI Kwabenya,37.2
2025-08-05 20:00:00+00:00,GSSTI Kwabenya,36.3
2025-08-05 21:00:00+00:00,GSSTI Kwabenya,36.0
2025-08-05 22:00:00+00:00,GSSTI Kwabenya,31.8
2025-08-05 23:00:00+00:00,GSSTI Kwabenya,36.9
2025-08-06 00:00:00+00:00,GSSTI Kwabenya,31.0
2025-08-06 02:00:00+00:00,GSSTI Kwabenya,31.25
2025-08-06 05:00:00+00:00,GSSTI Kwabenya,32.65
2025-08-06 06:00:00+00:00,GSSTI Kwabenya,38.95
2025-08-06 07:00:00+00:00,GSSTI Kwabenya,44.1
2025-08-06 08:00:00+00:00,GSSTI Kwabenya,37.7
2025-08-06 09:00:00+00:00,GSSTI Kwabenya,36.15
2025-08-06 10:00:00+00:00,GSSTI Kwabenya,34.5
2025-08-06 11:00:00+00:00,GSSTI Kwabenya,31.6
2025-08-06 12:00:00+00:00,GSSTI Kwabenya,31.5
2025-08-06 13:00:00+00:00,GSSTI Kwabenya,30.7
2025-08-06 14:00:00+00:00,GSSTI Kwabenya,32.4
2025-08-06 15:00:00+00:00,GSSTI Kwabenya,35.45
2025-08-06 16:00:00+00:00,GSSTI Kwabenya,37.45
2025-08-06 17:00:00+00:00,GSSTI Kwabenya,38.75
2025-08-06 18:00:00+00:00,GSSTI Kwabenya,38.5
2025-08-06 19:00:00+00:00,GSSTI Kwabenya,40.4
2025-08-06 20:00:00+00:00,GSSTI Kwabenya,39.25
2025-08-06 21:00:00+00:00,GSSTI Kwabenya,38.15
2025-08-06 22:00:00+00:00,GSSTI Kwabenya,37.25
2025-08-06 23:00:00+00:00,GSSTI Kwabenya,37.4
2025-08-07 00:00:00+00:00,GSSTI Kwabenya,37.7
2025-08-07 01:00:00+00:00,GSSTI Kwabenya,45.85
2025-08-07 05:00:00+00:00,GSSTI Kwabenya,42.85
2025-08-07 07:00:00+00:00,GSSTI Kwabenya,46.25
2025-08-07 08:00:00+00:00,GSSTI Kwabenya,46.35
2025-08-07 09:00:00+00:00,GSSTI Kwabenya,45.35
2025-08-07 10:00:00+00:00,GSSTI Kwabenya,39.05
2025-08-07 11:00:00+00:00,GSSTI Kwabenya,37.5
2025-08-07 12:00:00+00:00,GSSTI Kwabenya,35.45
2025-08-07 13:00:00+00:00,GSSTI Kwabenya,38.05
2025-08-07 14:00:00+00:00,GSSTI Kwabenya,36.55
2025-08-07 15:00:00+00:00,GSSTI Kwabenya,33.75
2025-08-07 16:00:00+00:00,GSSTI Kwabenya,34.35
2025-08-07 17:00:00+00:00,GSSTI Kwabenya,34.7
2025-08-07 18:00:00+00:00,GSSTI Kwabenya,36.8
2025-08-07 19:00:00+00:00,GSSTI Kwabenya,36.05
2025-08-07 20:00:00+00:00,GSSTI Kwabenya,34.7
2025-08-07 21:00:00+00:00,GSSTI Kwabenya,34.2
2025-08-07 22:00:00+00:00,GSSTI Kwabenya,32.95
2025-08-07 23:00:00+00:00,GSSTI Kwabenya,33.25
2025-08-08 00:00:00+00:00,GSSTI Kwabenya,32.7
2025-08-08 01:00:00+00:00,GSSTI Kwabenya,32.8
2025-08-08 02:00:00+00:00,GSSTI Kwabenya,34.5
2025-08-08 03:00:00+00:00,GSSTI Kwabenya,34.75
2025-08-08 04:00:00+00:00,GSSTI Kwabenya,35.5
2025-08-08 05:00:00+00:00,GSSTI Kwabenya,38.65
2025-08-08 06:00:00+00:00,GSSTI Kwabenya,39.7
2025-08-08 07:00:00+00:00,GSSTI Kwabenya,40.2
2025-08-08 08:00:00+00:00,GSSTI Kwabenya,39.0
2025-08-08 09:00:00+00:00,GSSTI Kwabenya,39.05
2025-08-08 10:00:00+00:00,GSSTI Kwabenya,41.55
2025-08-08 11:00:00+00:00,GSSTI Kwabenya,39.2
2025-08-08 12:00:00+00:00,GSSTI Kwabenya,37.6
2025-08-08 13:00:00+00:00,GSSTI Kwabenya,34.1
2025-08-08 14:00:00+00:00,GSSTI Kwabenya,32.4
2025-08-08 15:00:00+00:00,GSSTI Kwabenya,32.2
2025-08-08 16:00:00+00:00,GSSTI Kwabenya,33.25
2025-08-08 17:00:00+00:00,GSSTI Kwabenya,34.75
2025-08-08 18:00:00+00:00,GSSTI Kwabenya,33.95
2025-08-08 19:00:00+00:00,GSSTI Kwabenya,39.5
2025-08-08 20:00:00+00:00,GSSTI Kwabenya,34.75
2025-08-08 21:00:00+00:00,GSSTI Kwabenya,34.15
2025-08-08 22:00:00+00:00,GSSTI Kwabenya,30.2
2025-08-08 23:00:00+00:00,GSSTI Kwabenya,27.6
2025-08-09 00:00:00+00:00,GSSTI Kwabenya,26.0
2025-08-09 01:00:00+00:00,GSSTI Kwabenya,28.3
2025-08-09 02:00:00+00:00,GSSTI Kwabenya,26.7
2025-08-09 03:00:00+00:00,GSSTI Kwabenya,28.3
2025-08-09 04:00:00+00:00,GSSTI Kwabenya,29.1
2025-08-09 05:00:00+00:00,GSSTI Kwabenya,34.2
2025-08-09 06:00:00+00:00,GSSTI Kwabenya,36.9
2025-08-09 07:00:00+00:00,GSSTI Kwabenya,36.0
2025-08-09 08:00:00+00:00,GSSTI Kwabenya,35.7
2025-08-09 09:00:00+00:00,GSSTI Kwabenya,37.15
2025-08-09 10:00:00+00:00,GSSTI Kwabenya,35.05
2025-08-09 11:00:00+00:00,GSSTI Kwabenya,31.55
2025-08-09 12:00:00+00:00,GSSTI Kwabenya,31.05
2025-08-09 13:00:00+00:00,GSSTI Kwabenya,28.45
2025-08-09 14:00:00+00:00,GSSTI Kwabenya,26.8
2025-08-09 15:00:00+00:00,GSSTI Kwabenya,26.15
2025-08-09 16:00:00+00:00,GSSTI Kwabenya,26.5
2025-08-09 17:00:00+00:00,GSSTI Kwabenya,32.7
2025-08-09 18:00:00+00:00,GSSTI Kwabenya,31.25
2025-08-09 19:00:00+00:00,GSSTI Kwabenya,34.2
2025-08-09 20:00:00+00:00,GSSTI Kwabenya,36.6
2025-08-09 21:00:00+00:00,GSSTI Kwabenya,35.8
2025-08-09 22:00:00+00:00,GSSTI Kwabenya,35.75
2025-08-09 23:00:00+00:00,GSSTI Kwabenya,38.7
2025-08-10 00:00:00+00:00,GSSTI Kwabenya,41.0
2025-08-10 01:00:00+00:00,GSSTI Kwabenya,30.25
2025-08-10 02:00:00+00:00,GSSTI Kwabenya,28.9
2025-08-10 03:00:00+00:00,GSSTI Kwabenya,28.5
2025-08-10 04:00:00+00:00,GSSTI Kwabenya,32.45
2025-08-10 05:00:00+00:00,GSSTI Kwabenya,36.6
2025-08-10 06:00:00+00:00,GSSTI Kwabenya,43.45
2025-08-10 07:00:00+00:00,GSSTI Kwabenya,43.8
2025-08-10 08:00:00+00:00,GSSTI Kwabenya,41.7
2025-08-10 09:00:00+00:00,GSSTI Kwabenya,38.35
2025-08-10 10:00:00+00:00,GSSTI Kwabenya,30.5
2025-08-10 11:00:00+00:00,GSSTI Kwabenya,23.35
2025-08-10 12:00:00+00:00,GSSTI Kwabenya,18.15
2025-08-10 13:00:00+00:00,GSSTI Kwabenya,12.15
2025-08-10 14:00:00+00:00,GSSTI Kwabenya,8.3
2025-08-10 15:00:00+00:00,GSSTI Kwabenya,8.35
2025-08-10 16:00:00+00:00,GSSTI Kwabenya,12.4
2025-08-10 17:00:00+00:00,GSSTI Kwabenya,21.55
2025-08-10 18:00:00+00:00,GSSTI Kwabenya,27.55
2025-08-10 19:00:00+00:00,GSSTI Kwabenya,28.85
2025-08-10 20:00:00+00:00,GSSTI Kwabenya,28.45
2025-08-10 21:00:00+00:00,GSSTI Kwabenya,25.85
2025-08-10 22:00:00+00:00,GSSTI Kwabenya,21.15
2025-08-10 23:00:00+00:00,GSSTI Kwabenya,20.2
2025-08-11 00:00:00+00:00,GSSTI Kwabenya,17.05
2025-08-11 01:00:00+00:00,GSSTI Kwabenya,16.5
2025-08-11 02:00:00+00:00,GSSTI Kwabenya,16.15
2025-08-11 03:00:00+00:00,GSSTI Kwabenya,20.4
2025-08-11 04:00:00+00:00,GSSTI Kwabenya,22.5
2025-08-11 05:00:00+00:00,GSSTI Kwabenya,33.05
2025-08-11 06:00:00+00:00,GSSTI Kwabenya,34.25
2025-08-11 07:00:00+00:00,GSSTI Kwabenya,31.7
2025-08-11 08:00:00+00:00,GSSTI Kwabenya,24.25
2025-08-11 09:00:00+00:00,GSSTI Kwabenya,15.7
2025-08-11 10:00:00+00:00,GSSTI Kwabenya,14.3
2025-08-11 11:00:00+00:00,GSSTI Kwabenya,13.6
2025-08-11 12:00:00+00:00,GSSTI Kwabenya,11.35
2025-08-11 13:00:00+00:00,GSSTI Kwabenya,11.85
2025-08-11 14:00:00+00:00,GSSTI Kwabenya,12.3
2025-08-11 15:00:00+00:00,GSSTI Kwabenya,12.3
2025-08-11 16:00:00+00:00,GSSTI Kwabenya,15.55
2025-08-11 17:00:00+00:00,GSSTI Kwabenya,15.8
2025-08-11 18:00:00+00:00,GSSTI Kwabenya,22.8
2025-08-11 19:00:00+00:00,GSSTI Kwabenya,24.2
2025-08-11 20:00:00+00:00,GSSTI Kwabenya,22.2
2025-08-11 21:00:00+00:00,GSSTI Kwabenya,20.65
2025-08-11 22:00:00+00:00,GSSTI Kwabenya,31.65
2025-08-11 23:00:00+00:00,GSSTI Kwabenya,22.0
2025-08-12 00:00:00+00:00,GSSTI Kwabenya,14.25
2025-08-12 01:00:00+00:00,GSSTI Kwabenya,12.7
2025-08-12 02:00:00+00:00,GSSTI Kwabenya,8.45
2025-08-12 03:00:00+00:00,GSSTI Kwabenya,10.35
2025-08-12 04:00:00+00:00,GSSTI Kwabenya,15.95
2025-08-12 05:00:00+00:00,GSSTI Kwabenya,15.45
2025-08-12 06:00:00+00:00,GSSTI Kwabenya,14.65
2025-08-12 07:00:00+00:00,GSSTI Kwabenya,13.35
2025-08-12 08:00:00+00:00,GSSTI Kwabenya,8.1
2025-08-12 09:00:00+00:00,GSSTI Kwabenya,9.75
2025-08-12 10:00:00+00:00,GSSTI Kwabenya,5.05
2025-08-12 11:00:00+00:00,GSSTI Kwabenya,5.15
2025-08-12 12:00:00+00:00,GSSTI Kwabenya,4.0
2025-08-12 13:00:00+00:00,GSSTI Kwabenya,3.95
2025-08-12 14:00:00+00:00,GSSTI Kwabenya,4.95
2025-08-12 15:00:00+00:00,GSSTI Kwabenya,4.95
2025-08-12 16:00:00+00:00,GSSTI Kwabenya,6.55
2025-08-12 17:00:00+00:00,GSSTI Kwabenya,8.75
2025-08-12 18:00:00+00:00,GSSTI Kwabenya,10.75
2025-08-12 19:00:00+00:00,GSSTI Kwabenya,10.85
2025-08-12 20:00:00+00:00,GSSTI Kwabenya,8.95
2025-08-12 21:00:00+00:00,GSSTI Kwabenya,8.05
2025-08-12 22:00:00+00:00,GSSTI Kwabenya,11.25
2025-08-12 23:00:00+00:00,GSSTI Kwabenya,6.75
2025-08-13 00:00:00+00:00,GSSTI Kwabenya,8.0
2025-08-13 01:00:00+00:00,GSSTI Kwabenya,6.05
2025-08-13 02:00:00+00:00,GSSTI Kwabenya,6.65
2025-08-13 03:00:00+00:00,GSSTI Kwabenya,9.4
2025-08-13 04:00:00+00:00,GSSTI Kwabenya,16.25
2025-08-13 05:00:00+00:00,GSSTI Kwabenya,15.1
2025-08-13 06:00:00+00:00,GSSTI Kwabenya,21.5
2025-08-13 07:00:00+00:00,GSSTI Kwabenya,23.55
2025-08-13 08:00:00+00:00,GSSTI Kwabenya,17.0
2025-08-13 09:00:00+00:00,GSSTI Kwabenya,11.75
2025-08-13 10:00:00+00:00,GSSTI Kwabenya,10.05
2025-08-13 11:00:00+00:00,GSSTI Kwabenya,8.1
2025-08-13 12:00:00+00:00,GSSTI Kwabenya,8.2
2025-08-13 13:00:00+00:00,GSSTI Kwabenya,6.9
2025-08-13 14:00:00+00:00,GSSTI Kwabenya,4.75
2025-08-13 16:00:00+00:00,GSSTI Kwabenya,7.55
2025-08-13 17:00:00+00:00,GSSTI Kwabenya,10.95
2025-08-13 18:00:00+00:00,GSSTI Kwabenya,13.1
2025-08-13 19:00:00+00:00,GSSTI Kwabenya,12.55
2025-08-13 20:00:00+00:00,GSSTI Kwabenya,11.0
2025-08-13 21:00:00+00:00,GSSTI Kwabenya,10.05
2025-08-13 22:00:00+00:00,GSSTI Kwabenya,7.75
2025-08-13 23:00:00+00:00,GSSTI Kwabenya,6.4
2025-08-14 00:00:00+00:00,GSSTI Kwabenya,5.15
2025-08-14 01:00:00+00:00,GSSTI Kwabenya,4.95
2025-08-14 02:00:00+00:00,GSSTI Kwabenya,7.5
2025-08-14 03:00:00+00:00,GSSTI Kwabenya,8.95
2025-08-14 04:00:00+00:00,GSSTI Kwabenya,8.3
2025-08-14 05:00:00+00:00,GSSTI Kwabenya,16.85
2025-08-14 06:00:00+00:00,GSSTI Kwabenya,27.45
2025-08-14 08:00:00+00:00,GSSTI Kwabenya,26.8
2025-08-14 09:00:00+00:00,GSSTI Kwabenya,12.55
2025-08-14 10:00:00+00:00,GSSTI Kwabenya,12.55
2025-08-14 11:00:00+00:00,GSSTI Kwabenya,11.9
2025-08-14 12:00:00+00:00,GSSTI Kwabenya,7.7
2025-08-14 13:00:00+00:00,GSSTI Kwabenya,10.35
2025-08-14 14:00:00+00:00,GSSTI Kwabenya,9.25
2025-08-14 15:00:00+00:00,GSSTI Kwabenya,8.2
2025-08-14 16:00:00+00:00,GSSTI Kwabenya,9.7
2025-08-14 17:00:00+00:00,GSSTI Kwabenya,13.15
2025-08-14 18:00:00+00:00,GSSTI Kwabenya,16.8
2025-08-14 19:00:00+00:00,GSSTI Kwabenya,15.5
2025-08-14 20:00:00+00:00,GSSTI Kwabenya,16.85
2025-08-14 21:00:00+00:00,GSSTI Kwabenya,17.8
2025-08-14 22:00:00+00:00,GSSTI Kwabenya,16.3
2025-08-14 23:00:00+00:00,GSSTI Kwabenya,20.85
2025-08-15 00:00:00+00:00,GSSTI Kwabenya,33.95
2025-08-15 01:00:00+00:00,GSSTI Kwabenya,23.0
2025-08-15 02:00:00+00:00,GSSTI Kwabenya,13.9
2025-08-15 03:00:00+00:00,GSSTI Kwabenya,17.65
2025-08-15 04:00:00+00:00,GSSTI Kwabenya,22.8
2025-08-15 05:00:00+00:00,GSSTI Kwabenya,22.65
2025-08-15 06:00:00+00:00,GSSTI Kwabenya,36.15
2025-08-15 07:00:00+00:00,GSSTI Kwabenya,34.05
2025-08-15 08:00:00+00:00,GSSTI Kwabenya,19.8
2025-08-15 09:00:00+00:00,GSSTI Kwabenya,14.1
2025-08-15 10:00:00+00:00,GSSTI Kwabenya,13.45
2025-08-15 11:00:00+00:00,GSSTI Kwabenya,12.65
2025-08-15 12:00:00+00:00,GSSTI Kwabenya,13.0
2025-08-15 13:00:00+00:00,GSSTI Kwabenya,23.65
2025-08-15 14:00:00+00:00,GSSTI Kwabenya,25.55
2025-08-15 15:00:00+00:00,GSSTI Kwabenya,22.95
2025-08-15 16:00:00+00:00,GSSTI Kwabenya,26.5
2025-08-15 17:00:00+00:00,GSSTI Kwabenya,32.65
2025-08-15 18:00:00+00:00,GSSTI Kwabenya,35.55
2025-08-15 19:00:00+00:00,GSSTI Kwabenya,33.55
2025-08-15 20:00:00+00:00,GSSTI Kwabenya,21.95
2025-08-15 21:00:00+00:00,GSSTI Kwabenya,22.85
2025-08-15 22:00:00+00:00,GSSTI Kwabenya,20.85
2025-08-15 23:00:00+00:00,GSSTI Kwabenya,17.5
2025-08-16 00:00:00+00:00,GSSTI Kwabenya,15.3
2025-08-16 01:00:00+00:00,GSSTI Kwabenya,14.25
2025-08-16 02:00:00+00:00,GSSTI Kwabenya,14.8
2025-08-16 03:00:00+00:00,GSSTI Kwabenya,16.45
2025-08-16 04:00:00+00:00,GSSTI Kwabenya,19.9
2025-08-16 05:00:00+00:00,GSSTI Kwabenya,23.4
2025-08-16 06:00:00+00:00,GSSTI Kwabenya,31.35
2025-08-16 07:00:00+00:00,GSSTI Kwabenya,39.65
2025-08-16 08:00:00+00:00,GSSTI Kwabenya,43.15
2025-08-16 09:00:00+00:00,GSSTI Kwabenya,31.9
2025-08-16 10:00:00+00:00,GSSTI Kwabenya,24.45
2025-08-16 11:00:00+00:00,GSSTI Kwabenya,21.1
2025-08-16 12:00:00+00:00,GSSTI Kwabenya,31.95
2025-08-16 13:00:00+00:00,GSSTI Kwabenya,27.95
2025-08-16 14:00:00+00:00,GSSTI Kwabenya,23.1
2025-08-16 15:00:00+00:00,GSSTI Kwabenya,24.2
2025-08-16 16:00:00+00:00,GSSTI Kwabenya,25.85
2025-08-16 17:00:00+00:00,GSSTI Kwabenya,31.5
2025-08-16 18:00:00+00:00,GSSTI Kwabenya,29.0
2025-08-16 19:00:00+00:00,GSSTI Kwabenya,21.55
2025-08-16 20:00:00+00:00,GSSTI Kwabenya,18.0
2025-08-16 21:00:00+00:00,GSSTI Kwabenya,17.5
2025-08-16 22:00:00+00:00,GSSTI Kwabenya,15.85
2025-08-16 23:00:00+00:00,GSSTI Kwabenya,16.7
2025-08-17 00:00:00+00:00,GSSTI Kwabenya,20.8
2025-08-17 01:00:00+00:00,GSSTI Kwabenya,16.4
2025-08-17 02:00:00+00:00,GSSTI Kwabenya,24.2
2025-08-17 03:00:00+00:00,GSSTI Kwabenya,15.05
2025-08-17 04:00:00+00:00,GSSTI Kwabenya,13.25
2025-08-17 05:00:00+00:00,GSSTI Kwabenya,18.45
2025-08-17 06:00:00+00:00,GSSTI Kwabenya,24.9
2025-08-17 07:00:00+00:00,GSSTI Kwabenya,32.5
2025-08-17 08:00:00+00:00,GSSTI Kwabenya,31.15
2025-08-17 09:00:00+00:00,GSSTI Kwabenya,20.6
2025-08-17 10:00:00+00:00,GSSTI Kwabenya,19.7
2025-08-17 11:00:00+00:00,GSSTI Kwabenya,12.6
2025-08-17 12:00:00+00:00,GSSTI Kwabenya,15.55
2025-08-17 13:00:00+00:00,GSSTI Kwabenya,18.05
2025-08-17 14:00:00+00:00,GSSTI Kwabenya,18.0
2025-08-17 15:00:00+00:00,GSSTI Kwabenya,17.3
2025-08-17 16:00:00+00:00,GSSTI Kwabenya,20.0
2025-08-17 17:00:00+00:00,GSSTI Kwabenya,22.2
2025-08-17 18:00:00+00:00,GSSTI Kwabenya,26.5
2025-08-17 19:00:00+00:00,GSSTI Kwabenya,28.3
2025-08-17 20:00:00+00:00,GSSTI Kwabenya,28.95
2025-08-17 21:00:00+00:00,GSSTI Kwabenya,24.15
2025-08-17 22:00:00+00:00,GSSTI Kwabenya,35.4
2025-08-17 23:00:00+00:00,GSSTI Kwabenya,23.3
2025-08-18 00:00:00+00:00,GSSTI Kwabenya,19.5
2025-08-18 01:00:00+00:00,GSSTI Kwabenya,34.75
2025-08-18 02:00:00+00:00,GSSTI Kwabenya,37.3
2025-08-18 03:00:00+00:00,GSSTI Kwabenya,18.9
2025-08-18 04:00:00+00:00,GSSTI Kwabenya,21.8
2025-08-18 05:00:00+00:00,GSSTI Kwabenya,21.95
2025-08-18 06:00:00+00:00,GSSTI Kwabenya,25.4
2025-08-18 07:00:00+00:00,GSSTI Kwabenya,26.0
2025-08-18 08:00:00+00:00,GSSTI Kwabenya,27.0
2025-08-18 09:00:00+00:00,GSSTI Kwabenya,23.8
2025-08-18 10:00:00+00:00,GSSTI Kwabenya,17.55
2025-08-18 11:00:00+00:00,GSSTI Kwabenya,16.75
2025-08-18 12:00:00+00:00,GSSTI Kwabenya,17.0
2025-08-18 13:00:00+00:00,GSSTI Kwabenya,16.2
2025-08-18 14:00:00+00:00,GSSTI Kwabenya,14.75
2025-08-18 15:00:00+00:00,GSSTI Kwabenya,14.5
2025-08-18 16:00:00+00:00,GSSTI Kwabenya,16.7
2025-08-18 17:00:00+00:00,GSSTI Kwabenya,21.55
2025-08-18 18:00:00+00:00,GSSTI Kwabenya,27.3
2025-08-18 19:00:00+00:00,GSSTI Kwabenya,29.55
2025-08-18 20:00:00+00:00,GSSTI Kwabenya,26.4
2025-08-18 21:00:00+00:00,GSSTI Kwabenya,24.05
2025-08-18 22:00:00+00:00,GSSTI Kwabenya,23.45
2025-08-18 23:00:00+00:00,GSSTI Kwabenya,24.4
2025-08-19 00:00:00+00:00,GSSTI Kwabenya,21.4
2025-08-19 01:00:00+00:00,GSSTI Kwabenya,20.85
2025-08-19 02:00:00+00:00,GSSTI Kwabenya,20.25
2025-08-19 03:00:00+00:00,GSSTI Kwabenya,28.15
2025-08-19 04:00:00+00:00,GSSTI Kwabenya,31.2
2025-08-19 05:00:00+00:00,GSSTI Kwabenya,32.15
2025-08-19 06:00:00+00:00,GSSTI Kwabenya,38.0
2025-08-19 07:00:00+00:00,GSSTI Kwabenya,37.95
2025-08-19 08:00:00+00:00,GSSTI Kwabenya,51.65
2025-08-19 09:00:00+00:00,GSSTI Kwabenya,30.4
2025-08-19 10:00:00+00:00,GSSTI Kwabenya,20.7
2025-08-19 11:00:00+00:00,GSSTI Kwabenya,13.7
2025-08-19 12:00:00+00:00,GSSTI Kwabenya,13.9
2025-08-19 13:00:00+00:00,GSSTI Kwabenya,15.85
2025-08-19 14:00:00+00:00,GSSTI Kwabenya,16.05
2025-08-19 15:00:00+00:00,GSSTI Kwabenya,13.65
2025-08-19 16:00:00+00:00,GSSTI Kwabenya,17.75
2025-08-19 17:00:00+00:00,GSSTI Kwabenya,23.55
2025-08-19 18:00:00+00:00,GSSTI Kwabenya,31.5
2025-08-19 19:00:00+00:00,GSSTI Kwabenya,30.85
2025-08-19 20:00:00+00:00,GSSTI Kwabenya,28.25
2025-08-19 21:00:00+00:00,GSSTI Kwabenya,33.3
2025-08-19 22:00:00+00:00,GSSTI Kwabenya,36.05
2025-08-19 23:00:00+00:00,GSSTI Kwabenya,29.35
2025-08-20 00:00:00+00:00,GSSTI Kwabenya,26.7
2025-08-20 01:00:00+00:00,GSSTI Kwabenya,27.7
2025-08-20 02:00:00+00:00,GSSTI Kwabenya,26.15
2025-08-20 03:00:00+00:00,GSSTI Kwabenya,22.35
2025-08-20 04:00:00+00:00,GSSTI Kwabenya,27.6
2025-08-20 05:00:00+00:00,GSSTI Kwabenya,30.95
2025-08-20 06:00:00+00:00,GSSTI Kwabenya,38.8
2025-08-20 07:00:00+00:00,GSSTI Kwabenya,42.3
2025-08-20 08:00:00+00:00,GSSTI Kwabenya,34.15
2025-08-20 09:00:00+00:00,GSSTI Kwabenya,29.8
2025-08-20 10:00:00+00:00,GSSTI Kwabenya,21.75
2025-08-20 11:00:00+00:00,GSSTI Kwabenya,18.7
2025-08-20 12:00:00+00:00,GSSTI Kwabenya,21.5
2025-08-20 13:00:00+00:00,GSSTI Kwabenya,20.25
2025-08-20 14:00:00+00:00,GSSTI Kwabenya,21.4
2025-08-20 15:00:00+00:00,GSSTI Kwabenya,23.9
2025-08-20 16:00:00+00:00,GSSTI Kwabenya,25.15
2025-08-20 17:00:00+00:00,GSSTI Kwabenya,27.15
2025-08-20 18:00:00+00:00,GSSTI Kwabenya,33.3
2025-08-20 19:00:00+00:00,GSSTI Kwabenya,29.15
2025-08-20 20:00:00+00:00,GSSTI Kwabenya,25.8
2025-08-20 21:00:00+00:00,GSSTI Kwabenya,25.7
2025-08-20 22:00:00+00:00,GSSTI Kwabenya,26.1
2025-08-20 23:00:00+00:00,GSSTI Kwabenya,28.35
2025-08-21 00:00:00+00:00,GSSTI Kwabenya,23.0
2025-08-21 01:00:00+00:00,GSSTI Kwabenya,20.1
2025-08-21 02:00:00+00:00,GSSTI Kwabenya,19.35
2025-08-21 03:00:00+00:00,GSSTI Kwabenya,17.85
2025-08-21 04:00:00+00:00,GSSTI Kwabenya,18.6
2025-08-21 05:00:00+00:00,GSSTI Kwabenya,22.6
2025-08-21 08:00:00+00:00,GSSTI Kwabenya,33.65
2025-08-21 09:00:00+00:00,GSSTI Kwabenya,30.75
2025-08-21 10:00:00+00:00,GSSTI Kwabenya,25.65
2025-08-21 11:00:00+00:00,GSSTI Kwabenya,28.7
2025-08-21 12:00:00+00:00,GSSTI Kwabenya,24.75
2025-08-21 13:00:00+00:00,GSSTI Kwabenya,22.55
2025-08-21 14:00:00+00:00,GSSTI Kwabenya,20.0
2025-08-21 15:00:00+00:00,GSSTI Kwabenya,22.8
2025-08-21 16:00:00+00:00,GSSTI Kwabenya,21.8
2025-08-21 17:00:00+00:00,GSSTI Kwabenya,30.15
2025-08-21 18:00:00+00:00,GSSTI Kwabenya,27.4
2025-08-21 19:00:00+00:00,GSSTI Kwabenya,24.35
2025-08-21 20:00:00+00:00,GSSTI Kwabenya,20.5
2025-08-21 21:00:00+00:00,GSSTI Kwabenya,18.1
2025-08-21 22:00:00+00:00,GSSTI Kwabenya,18.9
2025-08-21 23:00:00+00:00,GSSTI Kwabenya,20.35
2025-08-22 00:00:00+00:00,GSSTI Kwabenya,20.5
2025-08-22 01:00:00+00:00,GSSTI Kwabenya,21.6
2025-08-22 02:00:00+00:00,GSSTI Kwabenya,21.25
2025-08-22 03:00:00+00:00,GSSTI Kwabenya,19.75
2025-08-22 04:00:00+00:00,GSSTI Kwabenya,19.7
2025-08-22 05:00:00+00:00,GSSTI Kwabenya,26.35
2025-08-22 06:00:00+00:00,GSSTI Kwabenya,32.7
2025-08-22 07:00:00+00:00,GSSTI Kwabenya,34.1
2025-08-22 09:00:00+00:00,GSSTI Kwabenya,41.55
2025-08-22 10:00:00+00:00,GSSTI Kwabenya,31.3
2025-08-22 11:00:00+00:00,GSSTI Kwabenya,30.95
2025-08-22 12:00:00+00:00,GSSTI Kwabenya,29.8
2025-08-22 13:00:00+00:00,GSSTI Kwabenya,30.05
2025-08-22 14:00:00+00:00,GSSTI Kwabenya,30.2
2025-08-22 15:00:00+00:00,GSSTI Kwabenya,28.85
2025-08-22 16:00:00+00:00,GSSTI Kwabenya,26.05
2025-08-22 17:00:00+00:00,GSSTI Kwabenya,34.15
2025-08-22 18:00:00+00:00,GSSTI Kwabenya,43.4
2025-08-22 19:00:00+00:00,GSSTI Kwabenya,42.2
2025-08-22 20:00:00+00:00,GSSTI Kwabenya,34.95
2025-08-22 21:00:00+00:00,GSSTI Kwabenya,39.0
2025-08-22 22:00:00+00:00,GSSTI Kwabenya,34.35
2025-08-22 23:00:00+00:00,GSSTI Kwabenya,35.5
2025-08-23 00:00:00+00:00,GSSTI Kwabenya,34.45
2025-08-23 01:00:00+00:00,GSSTI Kwabenya,29.35
2025-08-23 02:00:00+00:00,GSSTI Kwabenya,28.55
2025-08-23 03:00:00+00:00,GSSTI Kwabenya,28.1
2025-08-23 04:00:00+00:00,GSSTI Kwabenya,31.5
2025-08-23 05:00:00+00:00,GSSTI Kwabenya,33.9
2025-08-23 06:00:00+00:00,GSSTI Kwabenya,37.6
2025-08-23 07:00:00+00:00,GSSTI Kwabenya,41.85
2025-08-23 08:00:00+00:00,GSSTI Kwabenya,46.15
2025-08-23 09:00:00+00:00,GSSTI Kwabenya,51.15
2025-08-23 10:00:00+00:00,GSSTI Kwabenya,34.5
2025-08-23 11:00:00+00:00,GSSTI Kwabenya,34.5
2025-08-23 12:00:00+00:00,GSSTI Kwabenya,37.6
2025-08-23 13:00:00+00:00,GSSTI Kwabenya,30.8
2025-08-23 14:00:00+00:00,GSSTI Kwabenya,31.65
2025-08-23 15:00:00+00:00,GSSTI Kwabenya,32.4
2025-08-23 16:00:00+00:00,GSSTI Kwabenya,27.9
2025-08-23 17:00:00+00:00,GSSTI Kwabenya,33.1
2025-08-23 18:00:00+00:00,GSSTI Kwabenya,36.1
2025-08-23 19:00:00+00:00,GSSTI Kwabenya,39.4
2025-08-23 20:00:00+00:00,GSSTI Kwabenya,40.15
2025-08-23 21:00:00+00:00,GSSTI Kwabenya,46.25
2025-08-23 22:00:00+00:00,GSSTI Kwabenya,45.55
2025-08-23 23:00:00+00:00,GSSTI Kwabenya,52.8
2025-08-24 00:00:00+00:00,GSSTI Kwabenya,36.95
2025-08-24 01:00:00+00:00,GSSTI Kwabenya,30.1
2025-08-24 02:00:00+00:00,GSSTI Kwabenya,26.0
2025-08-24 03:00:00+00:00,GSSTI Kwabenya,26.05
2025-08-24 04:00:00+00:00,GSSTI Kwabenya,34.6
2025-08-24 09:00:00+00:00,GSSTI Kwabenya,31.25
2025-08-24 10:00:00+00:00,GSSTI Kwabenya,29.35
2025-08-24 11:00:00+00:00,GSSTI Kwabenya,29.95
2025-08-24 12:00:00+00:00,GSSTI Kwabenya,28.0
2025-08-24 13:00:00+00:00,GSSTI Kwabenya,28.4
2025-08-24 14:00:00+00:00,GSSTI Kwabenya,26.5
2025-08-24 15:00:00+00:00,GSSTI Kwabenya,24.8
2025-08-24 16:00:00+00:00,GSSTI Kwabenya,25.75
2025-08-24 17:00:00+00:00,GSSTI Kwabenya,28.2
2025-08-24 18:00:00+00:00,GSSTI Kwabenya,28.3
2025-08-24 19:00:00+00:00,GSSTI Kwabenya,28.05
2025-08-24 20:00:00+00:00,GSSTI Kwabenya,26.2
2025-08-24 21:00:00+00:00,GSSTI Kwabenya,26.05
2025-08-24 22:00:00+00:00,GSSTI Kwabenya,26.55
2025-08-24 23:00:00+00:00,GSSTI Kwabenya,27.2
2025-08-25 00:00:00+00:00,GSSTI Kwabenya,28.5
2025-08-25 01:00:00+00:00,GSSTI Kwabenya,26.7
2025-08-25 02:00:00+00:00,GSSTI Kwabenya,26.0
2025-08-25 03:00:00+00:00,GSSTI Kwabenya,29.2
2025-08-25 04:00:00+00:00,GSSTI Kwabenya,29.95
2025-08-25 05:00:00+00:00,GSSTI Kwabenya,35.05
2025-08-25 06:00:00+00:00,GSSTI Kwabenya,42.1
2025-08-25 07:00:00+00:00,GSSTI Kwabenya,42.3
2025-08-25 08:00:00+00:00,GSSTI Kwabenya,37.15
2025-08-25 09:00:00+00:00,GSSTI Kwabenya,31.05
2025-08-25 10:00:00+00:00,GSSTI Kwabenya,24.7
2025-08-25 11:00:00+00:00,GSSTI Kwabenya,21.0
2025-08-25 12:00:00+00:00,GSSTI Kwabenya,21.25
2025-08-25 13:00:00+00:00,GSSTI Kwabenya,22.8
2025-08-25 14:00:00+00:00,GSSTI Kwabenya,28.7
2025-08-25 15:00:00+00:00,GSSTI Kwabenya,30.9
2025-08-25 16:00:00+00:00,GSSTI Kwabenya,39.6
2025-08-25 17:00:00+00:00,GSSTI Kwabenya,35.8
2025-08-25 18:00:00+00:00,GSSTI Kwabenya,37.4
2025-08-25 19:00:00+00:00,GSSTI Kwabenya,35.7
2025-08-25 20:00:00+00:00,GSSTI Kwabenya,28.25
2025-08-25 21:00:00+00:00,GSSTI Kwabenya,25.25
2025-08-25 22:00:00+00:00,GSSTI Kwabenya,24.6
2025-08-25 23:00:00+00:00,GSSTI Kwabenya,24.15
2025-08-26 00:00:00+00:00,GSSTI Kwabenya,21.5
2025-08-26 01:00:00+00:00,GSSTI Kwabenya,19.7
2025-08-26 02:00:00+00:00,GSSTI Kwabenya,23.2
2025-08-26 03:00:00+00:00,GSSTI Kwabenya,23.95
2025-08-26 04:00:00+00:00,GSSTI Kwabenya,26.9
2025-08-26 05:00:00+00:00,GSSTI Kwabenya,27.2
2025-08-26 06:00:00+00:00,GSSTI Kwabenya,32.3
2025-08-26 07:00:00+00:00,GSSTI Kwabenya,34.8
2025-08-26 08:00:00+00:00,GSSTI Kwabenya,36.35
2025-08-26 09:00:00+00:00,GSSTI Kwabenya,26.45
2025-08-26 10:00:00+00:00,GSSTI Kwabenya,25.55
2025-08-26 11:00:00+00:00,GSSTI Kwabenya,22.95
2025-08-26 12:00:00+00:00,GSSTI Kwabenya,21.8
2025-08-26 13:00:00+00:00,GSSTI Kwabenya,20.55
2025-08-26 14:00:00+00:00,GSSTI Kwabenya,21.85
2025-08-26 15:00:00+00:00,GSSTI Kwabenya,23.75
2025-08-26 16:00:00+00:00,GSSTI Kwabenya,28.3
2025-08-26 17:00:00+00:00,GSSTI Kwabenya,31.35
2025-08-26 18:00:00+00:00,GSSTI Kwabenya,31.3
2025-08-26 19:00:00+00:00,GSSTI Kwabenya,31.65
2025-08-26 20:00:00+00:00,GSSTI Kwabenya,30.1
2025-08-26 21:00:00+00:00,GSSTI Kwabenya,28.95
2025-08-26 22:00:00+00:00,GSSTI Kwabenya,29.5
2025-08-26 23:00:00+00:00,GSSTI Kwabenya,28.5
2025-08-27 00:00:00+00:00,GSSTI Kwabenya,28.1
2025-08-27 01:00:00+00:00,GSSTI Kwabenya,30.65
2025-08-27 02:00:00+00:00,GSSTI Kwabenya,35.15
2025-08-27 03:00:00+00:00,GSSTI Kwabenya,35.3
2025-08-27 04:00:00+00:00,GSSTI Kwabenya,35.1
2025-08-27 05:00:00+00:00,GSSTI Kwabenya,38.9
2025-08-27 06:00:00+00:00,GSSTI Kwabenya,39.5
2025-08-27 07:00:00+00:00,GSSTI Kwabenya,38.4
2025-08-27 08:00:00+00:00,GSSTI Kwabenya,35.4
2025-08-27 09:00:00+00:00,GSSTI Kwabenya,31.8
2025-08-27 10:00:00+00:00,GSSTI Kwabenya,33.25
2025-08-27 11:00:00+00:00,GSSTI Kwabenya,31.8
2025-08-27 12:00:00+00:00,GSSTI Kwabenya,26.0
2025-08-27 13:00:00+00:00,GSSTI Kwabenya,23.25
2025-08-27 14:00:00+00:00,GSSTI Kwabenya,22.85
2025-08-27 15:00:00+00:00,GSSTI Kwabenya,25.35
2025-08-27 16:00:00+00:00,GSSTI Kwabenya,28.25
2025-08-27 17:00:00+00:00,GSSTI Kwabenya,30.35
2025-08-27 18:00:00+00:00,GSSTI Kwabenya,30.85
2025-08-27 19:00:00+00:00,GSSTI Kwabenya,31.45
2025-08-27 20:00:00+00:00,GSSTI Kwabenya,29.95
2025-08-27 21:00:00+00:00,GSSTI Kwabenya,32.75
2025-08-27 22:00:00+00:00,GSSTI Kwabenya,40.55
2025-08-27 23:00:00+00:00,GSSTI Kwabenya,45.05
2025-08-28 00:00:00+00:00,GSSTI Kwabenya,48.75
2025-08-28 01:00:00+00:00,GSSTI Kwabenya,44.7
2025-08-28 02:00:00+00:00,GSSTI Kwabenya,30.35
2025-08-28 03:00:00+00:00,GSSTI Kwabenya,30.9
2025-08-28 04:00:00+00:00,GSSTI Kwabenya,45.0
2025-08-28 05:00:00+00:00,GSSTI Kwabenya,43.35
2025-08-28 06:00:00+00:00,GSSTI Kwabenya,45.0
2025-08-28 07:00:00+00:00,GSSTI Kwabenya,48.35
2025-08-28 08:00:00+00:00,GSSTI Kwabenya,40.75
2025-08-28 09:00:00+00:00,GSSTI Kwabenya,35.35
2025-08-28 10:00:00+00:00,GSSTI Kwabenya,28.3
2025-08-28 11:00:00+00:00,GSSTI Kwabenya,29.9
2025-08-28 12:00:00+00:00,GSSTI Kwabenya,30.9
2025-08-28 13:00:00+00:00,GSSTI Kwabenya,24.05
2025-08-28 14:00:00+00:00,GSSTI Kwabenya,21.85
2025-08-28 15:00:00+00:00,GSSTI Kwabenya,19.3
2025-08-28 16:00:00+00:00,GSSTI Kwabenya,19.35
2025-08-28 17:00:00+00:00,GSSTI Kwabenya,20.95
2025-08-28 18:00:00+00:00,GSSTI Kwabenya,24.2
2025-08-28 19:00:00+00:00,GSSTI Kwabenya,23.9
2025-08-28 20:00:00+00:00,GSSTI Kwabenya,24.9
2025-08-28 21:00:00+00:00,GSSTI Kwabenya,27.9
2025-08-28 22:00:00+00:00,GSSTI Kwabenya,24.85
2025-08-28 23:00:00+00:00,GSSTI Kwabenya,22.85
2025-08-29 00:00:00+00:00,GSSTI Kwabenya,19.95
2025-08-29 01:00:00+00:00,GSSTI Kwabenya,18.65
2025-08-29 02:00:00+00:00,GSSTI Kwabenya,22.4
2025-08-29 03:00:00+00:00,GSSTI Kwabenya,17.8
2025-08-29 04:00:00+00:00,GSSTI Kwabenya,19.15
2025-08-29 05:00:00+00:00,GSSTI Kwabenya,27.4
2025-08-29 06:00:00+00:00,GSSTI Kwabenya,31.65
2025-08-29 07:00:00+00:00,GSSTI Kwabenya,38.65
2025-08-29 08:00:00+00:00,GSSTI Kwabenya,34.85
2025-08-29 09:00:00+00:00,GSSTI Kwabenya,31.4
2025-08-29 10:00:00+00:00,GSSTI Kwabenya,27.0
2025-08-29 11:00:00+00:00,GSSTI Kwabenya,24.5
2025-08-29 12:00:00+00:00,GSSTI Kwabenya,19.1
2025-08-29 13:00:00+00:00,GSSTI Kwabenya,16.65
2025-08-29 14:00:00+00:00,GSSTI Kwabenya,14.6
2025-08-29 15:00:00+00:00,GSSTI Kwabenya,14.55
2025-08-29 16:00:00+00:00,GSSTI Kwabenya,16.25
2025-08-29 17:00:00+00:00,GSSTI Kwabenya,22.0
2025-08-29 18:00:00+00:00,GSSTI Kwabenya,26.15
2025-08-29 19:00:00+00:00,GSSTI Kwabenya,22.85
2025-08-29 20:00:00+00:00,GSSTI Kwabenya,22.7
2025-08-29 21:00:00+00:00,GSSTI Kwabenya,22.95
2025-08-29 22:00:00+00:00,GSSTI Kwabenya,28.2
2025-08-29 23:00:00+00:00,GSSTI Kwabenya,38.95
2025-08-30 00:00:00+00:00,GSSTI Kwabenya,30.0
2025-08-30 01:00:00+00:00,GSSTI Kwabenya,22.15
2025-08-30 02:00:00+00:00,GSSTI Kwabenya,18.5
2025-08-30 03:00:00+00:00,GSSTI Kwabenya,21.1
2025-08-30 04:00:00+00:00,GSSTI Kwabenya,24.1
2025-08-30 05:00:00+00:00,GSSTI Kwabenya,26.85
2025-08-30 06:00:00+00:00,GSSTI Kwabenya,29.7
2025-08-30 07:00:00+00:00,GSSTI Kwabenya,33.65
2025-08-30 08:00:00+00:00,GSSTI Kwabenya,28.55
2025-08-30 09:00:00+00:00,GSSTI Kwabenya,23.65
2025-08-30 10:00:00+00:00,GSSTI Kwabenya,19.7
2025-08-30 11:00:00+00:00,GSSTI Kwabenya,19.05
2025-08-30 12:00:00+00:00,GSSTI Kwabenya,18.9
2025-08-30 13:00:00+00:00,GSSTI Kwabenya,17.7
2025-08-30 14:00:00+00:00,GSSTI Kwabenya,18.8
2025-08-30 15:00:00+00:00,GSSTI Kwabenya,19.9
2025-08-30 16:00:00+00:00,GSSTI Kwabenya,21.8
2025-08-30 17:00:00+00:00,GSSTI Kwabenya,25.5
2025-08-30 18:00:00+00:00,GSSTI Kwabenya,27.65
2025-08-30 19:00:00+00:00,GSSTI Kwabenya,28.5
2025-08-30 20:00:00+00:00,GSSTI Kwabenya,29.05
2025-08-30 21:00:00+00:00,GSSTI Kwabenya,28.5
2025-08-30 22:00:00+00:00,GSSTI Kwabenya,29.2
2025-08-30 23:00:00+00:00,GSSTI Kwabenya,28.6
2025-08-31 00:00:00+00:00,GSSTI Kwabenya,26.5
2025-08-31 01:00:00+00:00,GSSTI Kwabenya,24.5
2025-08-31 02:00:00+00:00,GSSTI Kwabenya,24.9
2025-08-31 03:00:00+00:00,GSSTI Kwabenya,25.3
2025-08-31 04:00:00+00:00,GSSTI Kwabenya,26.55
2025-08-31 05:00:00+00:00,GSSTI Kwabenya,30.3
2025-08-31 06:00:00+00:00,GSSTI Kwabenya,35.8
2025-08-31 07:00:00+00:00,GSSTI Kwabenya,39.95
2025-08-31 08:00:00+00:00,GSSTI Kwabenya,36.3
2025-08-31 09:00:00+00:00,GSSTI Kwabenya,28.8
2025-08-31 10:00:00+00:00,GSSTI Kwabenya,27.5
2025-08-31 11:00:00+00:00,GSSTI Kwabenya,21.15
2025-08-31 12:00:00+00:00,GSSTI Kwabenya,20.15
2025-08-31 13:00:00+00:00,GSSTI Kwabenya,19.1
2025-08-31 14:00:00+00:00,GSSTI Kwabenya,18.6
2025-08-31 15:00:00+00:00,GSSTI Kwabenya,19.3
2025-08-31 16:00:00+00:00,GSSTI Kwabenya,21.55
2025-08-31 17:00:00+00:00,GSSTI Kwabenya,25.85
2025-08-31 18:00:00+00:00,GSSTI Kwabenya,27.7
2025-08-31 19:00:00+00:00,GSSTI Kwabenya,29.65
2025-08-31 20:00:00+00:00,GSSTI Kwabenya,26.8
2025-08-31 21:00:00+00:00,GSSTI Kwabenya,26.8
2025-08-31 22:00:00+00:00,GSSTI Kwabenya,27.1
2025-08-31 23:00:00+00:00,GSSTI Kwabenya,25.2
2025-08-01 00:00:00+00:00,Graphic Road,11.99
2025-08-01 01:00:00+00:00,Graphic Road,12.7
2025-08-01 02:00:00+00:00,Graphic Road,15.74
2025-08-01 03:00:00+00:00,Graphic Road,16.28
2025-08-01 04:00:00+00:00,Graphic Road,28.13
2025-08-01 05:00:00+00:00,Graphic Road,43.16
2025-08-01 06:00:00+00:00,Graphic Road,39.3
2025-08-01 07:00:00+00:00,Graphic Road,44.28
2025-08-01 08:00:00+00:00,Graphic Road,31.36
2025-08-01 09:00:00+00:00,Graphic Road,16.12
2025-08-01 10:00:00+00:00,Graphic Road,7.4
2025-08-01 11:00:00+00:00,Graphic Road,8.89
2025-08-01 12:00:00+00:00,Graphic Road,9.92
2025-08-01 13:00:00+00:00,Graphic Road,9.7
2025-08-01 14:00:00+00:00,Graphic Road,9.98
2025-08-01 15:00:00+00:00,Graphic Road,16.71
2025-08-01 16:00:00+00:00,Graphic Road,19.19
2025-08-01 17:00:00+00:00,Graphic Road,28.0
2025-08-01 18:00:00+00:00,Graphic Road,16.22
2025-08-01 19:00:00+00:00,Graphic Road,23.1
2025-08-01 20:00:00+00:00,Graphic Road,20.49
2025-08-01 21:00:00+00:00,Graphic Road,22.78
2025-08-01 22:00:00+00:00,Graphic Road,21.94
2025-08-01 23:00:00+00:00,Graphic Road,23.64
2025-08-02 01:00:00+00:00,Graphic Road,27.98
2025-08-02 02:00:00+00:00,Graphic Road,26.38
2025-08-02 03:00:00+00:00,Graphic Road,30.07
2025-08-02 04:00:00+00:00,Graphic Road,44.84
2025-08-02 05:00:00+00:00,Graphic Road,69.01
2025-08-02 06:00:00+00:00,Graphic Road,63.67
2025-08-02 07:00:00+00:00,Graphic Road,35.29
2025-08-02 08:00:00+00:00,Graphic Road,44.0
2025-08-02 10:00:00+00:00,Graphic Road,22.55
2025-08-02 11:00:00+00:00,Graphic Road,21.22
2025-08-02 12:00:00+00:00,Graphic Road,19.02
2025-08-02 13:00:00+00:00,Graphic Road,13.0
2025-08-02 14:00:00+00:00,Graphic Road,8.25
2025-08-02 15:00:00+00:00,Graphic Road,12.73
2025-08-02 16:00:00+00:00,Graphic Road,19.23
2025-08-02 17:00:00+00:00,Graphic Road,16.82
2025-08-02 18:00:00+00:00,Graphic Road,21.53
2025-08-02 19:00:00+00:00,Graphic Road,16.87
2025-08-02 20:00:00+00:00,Graphic Road,18.14
2025-08-02 21:00:00+00:00,Graphic Road,28.39
2025-08-02 22:00:00+00:00,Graphic Road,14.15
2025-08-02 23:00:00+00:00,Graphic Road,20.61
2025-08-03 00:00:00+00:00,Graphic Road,29.72
2025-08-03 02:00:00+00:00,Graphic Road,16.28
2025-08-03 03:00:00+00:00,Graphic Road,15.77
2025-08-03 04:00:00+00:00,Graphic Road,16.11
2025-08-03 05:00:00+00:00,Graphic Road,23.05
2025-08-03 06:00:00+00:00,Graphic Road,37.08
2025-08-03 07:00:00+00:00,Graphic Road,28.65
2025-08-03 10:00:00+00:00,Graphic Road,14.73
2025-08-03 12:00:00+00:00,Graphic Road,10.38
2025-08-03 14:00:00+00:00,Graphic Road,9.66
2025-08-03 15:00:00+00:00,Graphic Road,15.81
2025-08-03 16:00:00+00:00,Graphic Road,11.29
2025-08-03 17:00:00+00:00,Graphic Road,25.07
2025-08-03 18:00:00+00:00,Graphic Road,71.03
2025-08-03 20:00:00+00:00,Graphic Road,100.33
2025-08-04 00:00:00+00:00,Graphic Road,134.47
2025-08-04 01:00:00+00:00,Graphic Road,68.1
2025-08-04 08:00:00+00:00,Graphic Road,57.66
2025-08-04 09:00:00+00:00,Graphic Road,35.41
2025-08-04 10:00:00+00:00,Graphic Road,30.62
2025-08-04 11:00:00+00:00,Graphic Road,31.57
2025-08-04 12:00:00+00:00,Graphic Road,16.85
2025-08-04 13:00:00+00:00,Graphic Road,14.08
2025-08-04 14:00:00+00:00,Graphic Road,13.95
2025-08-04 15:00:00+00:00,Graphic Road,9.66
2025-08-04 16:00:00+00:00,Graphic Road,19.49
2025-08-04 17:00:00+00:00,Graphic Road,13.55
2025-08-04 18:00:00+00:00,Graphic Road,21.03
2025-08-04 19:00:00+00:00,Graphic Road,31.21
2025-08-04 20:00:00+00:00,Graphic Road,43.33
2025-08-04 21:00:00+00:00,Graphic Road,31.63
2025-08-04 22:00:00+00:00,Graphic Road,14.53
2025-08-04 23:00:00+00:00,Graphic Road,25.31
2025-08-05 01:00:00+00:00,Graphic Road,10.29
2025-08-05 02:00:00+00:00,Graphic Road,10.08
2025-08-05 03:00:00+00:00,Graphic Road,16.99
2025-08-05 04:00:00+00:00,Graphic Road,22.29
2025-08-05 05:00:00+00:00,Graphic Road,34.09
2025-08-05 06:00:00+00:00,Graphic Road,29.35
2025-08-05 07:00:00+00:00,Graphic Road,36.03
2025-08-05 08:00:00+00:00,Graphic Road,37.29
2025-08-05 09:00:00+00:00,Graphic Road,22.24
2025-08-05 10:00:00+00:00,Graphic Road,25.96
2025-08-05 11:00:00+00:00,Graphic Road,16.22
2025-08-05 13:00:00+00:00,Graphic Road,11.67
2025-08-05 14:00:00+00:00,Graphic Road,19.39
2025-08-05 15:00:00+00:00,Graphic Road,11.64
2025-08-05 16:00:00+00:00,Graphic Road,23.77
2025-08-05 17:00:00+00:00,Graphic Road,33.5
2025-08-05 18:00:00+00:00,Graphic Road,17.04
2025-08-05 19:00:00+00:00,Graphic Road,26.09
2025-08-05 20:00:00+00:00,Graphic Road,40.62
2025-08-05 22:00:00+00:00,Graphic Road,23.16
2025-08-05 23:00:00+00:00,Graphic Road,27.57
2025-08-06 00:00:00+00:00,Graphic Road,45.26
2025-08-06 01:00:00+00:00,Graphic Road,23.36
2025-08-06 02:00:00+00:00,Graphic Road,12.67
2025-08-06 03:00:00+00:00,Graphic Road,11.58
2025-08-06 04:00:00+00:00,Graphic Road,20.67
2025-08-06 05:00:00+00:00,Graphic Road,40.39
2025-08-06 06:00:00+00:00,Graphic Road,58.31
2025-08-06 07:00:00+00:00,Graphic Road,42.6
2025-08-06 08:00:00+00:00,Graphic Road,48.3
2025-08-06 09:00:00+00:00,Graphic Road,45.93
2025-08-06 10:00:00+00:00,Graphic Road,33.32
2025-08-06 11:00:00+00:00,Graphic Road,9.91
2025-08-06 12:00:00+00:00,Graphic Road,12.58
2025-08-06 13:00:00+00:00,Graphic Road,22.28
2025-08-06 14:00:00+00:00,Graphic Road,17.84
2025-08-06 15:00:00+00:00,Graphic Road,13.7
2025-08-06 16:00:00+00:00,Graphic Road,18.67
2025-08-06 17:00:00+00:00,Graphic Road,15.01
2025-08-06 18:00:00+00:00,Graphic Road,24.33
2025-08-06 19:00:00+00:00,Graphic Road,28.69
2025-08-06 20:00:00+00:00,Graphic Road,30.5
2025-08-06 21:00:00+00:00,Graphic Road,26.23
2025-08-06 23:00:00+00:00,Graphic Road,30.5
2025-08-07 01:00:00+00:00,Graphic Road,62.83
2025-08-07 02:00:00+00:00,Graphic Road,29.87
2025-08-07 03:00:00+00:00,Graphic Road,67.48
2025-08-07 04:00:00+00:00,Graphic Road,69.86
2025-08-07 05:00:00+00:00,Graphic Road,45.28
2025-08-07 06:00:00+00:00,Graphic Road,84.58
2025-08-07 07:00:00+00:00,Graphic Road,51.56
2025-08-07 08:00:00+00:00,Graphic Road,36.62
2025-08-07 09:00:00+00:00,Graphic Road,27.9
2025-08-07 10:00:00+00:00,Graphic Road,20.07
2025-08-07 11:00:00+00:00,Graphic Road,19.56
2025-08-07 12:00:00+00:00,Graphic Road,15.3
2025-08-07 13:00:00+00:00,Graphic Road,14.83
2025-08-07 14:00:00+00:00,Graphic Road,13.88
2025-08-07 15:00:00+00:00,Graphic Road,17.07
2025-08-07 16:00:00+00:00,Graphic Road,21.5
2025-08-07 17:00:00+00:00,Graphic Road,21.11
2025-08-07 18:00:00+00:00,Graphic Road,23.46
2025-08-07 19:00:00+00:00,Graphic Road,27.14
2025-08-07 20:00:00+00:00,Graphic Road,34.86
2025-08-07 21:00:00+00:00,Graphic Road,32.26
2025-08-07 22:00:00+00:00,Graphic Road,24.54
2025-08-07 23:00:00+00:00,Graphic Road,24.77
2025-08-08 00:00:00+00:00,Graphic Road,22.62
2025-08-08 02:00:00+00:00,Graphic Road,23.61
2025-08-08 04:00:00+00:00,Graphic Road,29.93
2025-08-08 07:00:00+00:00,Graphic Road,27.0
2025-08-08 08:00:00+00:00,Graphic Road,21.58
2025-08-08 09:00:00+00:00,Graphic Road,16.98
2025-08-08 10:00:00+00:00,Graphic Road,13.38
2025-08-08 11:00:00+00:00,Graphic Road,12.07
2025-08-08 12:00:00+00:00,Graphic Road,12.01
2025-08-08 13:00:00+00:00,Graphic Road,11.27
2025-08-08 14:00:00+00:00,Graphic Road,10.83
2025-08-08 15:00:00+00:00,Graphic Road,12.61
2025-08-08 16:00:00+00:00,Graphic Road,13.56
2025-08-08 17:00:00+00:00,Graphic Road,16.15
2025-08-08 18:00:00+00:00,Graphic Road,33.25
2025-08-08 19:00:00+00:00,Graphic Road,32.2
2025-08-08 20:00:00+00:00,Graphic Road,45.86
2025-08-08 21:00:00+00:00,Graphic Road,34.46
2025-08-09 00:00:00+00:00,Graphic Road,22.31
2025-08-09 01:00:00+00:00,Graphic Road,31.95
2025-08-09 03:00:00+00:00,Graphic Road,30.43
2025-08-09 04:00:00+00:00,Graphic Road,26.3
2025-08-09 05:00:00+00:00,Graphic Road,41.04
2025-08-09 06:00:00+00:00,Graphic Road,52.42
2025-08-09 07:00:00+00:00,Graphic Road,47.43
2025-08-09 08:00:00+00:00,Graphic Road,46.49
2025-08-09 09:00:00+00:00,Graphic Road,35.13
2025-08-09 10:00:00+00:00,Graphic Road,30.39
2025-08-09 11:00:00+00:00,Graphic Road,29.36
2025-08-09 12:00:00+00:00,Graphic Road,11.21
2025-08-09 13:00:00+00:00,Graphic Road,10.19
2025-08-09 14:00:00+00:00,Graphic Road,17.46
2025-08-09 15:00:00+00:00,Graphic Road,34.12
2025-08-09 16:00:00+00:00,Graphic Road,16.15
2025-08-09 17:00:00+00:00,Graphic Road,22.0
2025-08-09 18:00:00+00:00,Graphic Road,39.63
2025-08-09 20:00:00+00:00,Graphic Road,25.55
2025-08-09 21:00:00+00:00,Graphic Road,22.87
2025-08-09 22:00:00+00:00,Graphic Road,22.34
2025-08-10 00:00:00+00:00,Graphic Road,18.01
2025-08-10 02:00:00+00:00,Graphic Road,27.91
2025-08-10 04:00:00+00:00,Graphic Road,21.99
2025-08-10 05:00:00+00:00,Graphic Road,34.74
2025-08-10 06:00:00+00:00,Graphic Road,43.71
2025-08-10 07:00:00+00:00,Graphic Road,32.27
2025-08-10 08:00:00+00:00,Graphic Road,20.58
2025-08-10 09:00:00+00:00,Graphic Road,10.12
2025-08-10 10:00:00+00:00,Graphic Road,7.65
2025-08-10 11:00:00+00:00,Graphic Road,6.54
2025-08-10 12:00:00+00:00,Graphic Road,6.94
2025-08-10 13:00:00+00:00,Graphic Road,8.08
2025-08-10 14:00:00+00:00,Graphic Road,5.28
2025-08-10 15:00:00+00:00,Graphic Road,6.23
2025-08-10 16:00:00+00:00,Graphic Road,7.15
2025-08-10 17:00:00+00:00,Graphic Road,10.13
2025-08-10 19:00:00+00:00,Graphic Road,18.62
2025-08-10 20:00:00+00:00,Graphic Road,17.79
2025-08-10 21:00:00+00:00,Graphic Road,13.26
2025-08-11 03:00:00+00:00,Graphic Road,24.07
2025-08-11 04:00:00+00:00,Graphic Road,13.57
2025-08-11 05:00:00+00:00,Graphic Road,26.3
2025-08-11 06:00:00+00:00,Graphic Road,34.17
2025-08-11 07:00:00+00:00,Graphic Road,26.04
2025-08-11 08:00:00+00:00,Graphic Road,11.11
2025-08-11 09:00:00+00:00,Graphic Road,12.49
2025-08-11 10:00:00+00:00,Graphic Road,5.58
2025-08-11 11:00:00+00:00,Graphic Road,5.63
2025-08-11 12:00:00+00:00,Graphic Road,4.41
2025-08-11 13:00:00+00:00,Graphic Road,7.99
2025-08-11 14:00:00+00:00,Graphic Road,8.78
2025-08-11 15:00:00+00:00,Graphic Road,11.05
2025-08-11 16:00:00+00:00,Graphic Road,5.69
2025-08-11 17:00:00+00:00,Graphic Road,9.48
2025-08-11 18:00:00+00:00,Graphic Road,10.05
2025-08-11 20:00:00+00:00,Graphic Road,11.89
2025-08-11 22:00:00+00:00,Graphic Road,11.3
2025-08-11 23:00:00+00:00,Graphic Road,6.44
2025-08-12 00:00:00+00:00,Graphic Road,9.29
2025-08-12 03:00:00+00:00,Graphic Road,9.9
2025-08-12 05:00:00+00:00,Graphic Road,29.54
2025-08-12 06:00:00+00:00,Graphic Road,23.33
2025-08-12 07:00:00+00:00,Graphic Road,26.59
2025-08-12 08:00:00+00:00,Graphic Road,8.87
2025-08-12 09:00:00+00:00,Graphic Road,13.72
2025-08-12 10:00:00+00:00,Graphic Road,6.68
2025-08-12 11:00:00+00:00,Graphic Road,5.85
2025-08-12 12:00:00+00:00,Graphic Road,7.08
2025-08-12 13:00:00+00:00,Graphic Road,4.48
2025-08-12 14:00:00+00:00,Graphic Road,4.1
2025-08-12 15:00:00+00:00,Graphic Road,8.19
2025-08-12 16:00:00+00:00,Graphic Road,5.32
2025-08-12 17:00:00+00:00,Graphic Road,7.3
2025-08-12 18:00:00+00:00,Graphic Road,19.52
2025-08-12 19:00:00+00:00,Graphic Road,24.63
2025-08-12 20:00:00+00:00,Graphic Road,12.71
2025-08-12 21:00:00+00:00,Graphic Road,10.03
2025-08-12 22:00:00+00:00,Graphic Road,7.74
2025-08-12 23:00:00+00:00,Graphic Road,7.13
2025-08-13 00:00:00+00:00,Graphic Road,5.71
2025-08-13 01:00:00+00:00,Graphic Road,5.66
2025-08-13 02:00:00+00:00,Graphic Road,6.84
2025-08-13 03:00:00+00:00,Graphic Road,7.6
2025-08-13 04:00:00+00:00,Graphic Road,6.44
2025-08-13 07:00:00+00:00,Graphic Road,8.78
2025-08-13 08:00:00+00:00,Graphic Road,7.21
2025-08-13 09:00:00+00:00,Graphic Road,5.35
2025-08-13 10:00:00+00:00,Graphic Road,4.53
2025-08-13 11:00:00+00:00,Graphic Road,4.57
2025-08-13 12:00:00+00:00,Graphic Road,4.37
2025-08-13 13:00:00+00:00,Graphic Road,4.23
2025-08-13 14:00:00+00:00,Graphic Road,3.59
2025-08-13 15:00:00+00:00,Graphic Road,7.01
2025-08-13 16:00:00+00:00,Graphic Road,7.86
2025-08-13 17:00:00+00:00,Graphic Road,6.46
2025-08-13 18:00:00+00:00,Graphic Road,6.17
2025-08-13 19:00:00+00:00,Graphic Road,8.24
2025-08-13 20:00:00+00:00,Graphic Road,5.52
2025-08-13 21:00:00+00:00,Graphic Road,3.7
2025-08-13 22:00:00+00:00,Graphic Road,6.54
2025-08-13 23:00:00+00:00,Graphic Road,9.39
2025-08-14 00:00:00+00:00,Graphic Road,7.14
2025-08-14 01:00:00+00:00,Graphic Road,5.53
2025-08-14 03:00:00+00:00,Graphic Road,11.63
2025-08-14 04:00:00+00:00,Graphic Road,16.23
2025-08-14 05:00:00+00:00,Graphic Road,30.04
2025-08-14 06:00:00+00:00,Graphic Road,46.25
2025-08-14 07:00:00+00:00,Graphic Road,28.66
2025-08-14 08:00:00+00:00,Graphic Road,8.97
2025-08-14 09:00:00+00:00,Graphic Road,8.09
2025-08-14 10:00:00+00:00,Graphic Road,3.75
2025-08-14 11:00:00+00:00,Graphic Road,3.78
2025-08-14 12:00:00+00:00,Graphic Road,4.36
2025-08-14 13:00:00+00:00,Graphic Road,3.95
2025-08-14 14:00:00+00:00,Graphic Road,5.41
2025-08-14 15:00:00+00:00,Graphic Road,4.02
2025-08-14 16:00:00+00:00,Graphic Road,5.28
2025-08-14 17:00:00+00:00,Graphic Road,7.9
2025-08-14 18:00:00+00:00,Graphic Road,11.71
2025-08-14 19:00:00+00:00,Graphic Road,13.85
2025-08-14 20:00:00+00:00,Graphic Road,11.58
2025-08-14 21:00:00+00:00,Graphic Road,11.83
2025-08-14 23:00:00+00:00,Graphic Road,12.98
2025-08-15 00:00:00+00:00,Graphic Road,10.12
2025-08-15 02:00:00+00:00,Graphic Road,11.66
2025-08-15 03:00:00+00:00,Graphic Road,12.01
2025-08-15 04:00:00+00:00,Graphic Road,40.74
2025-08-15 05:00:00+00:00,Graphic Road,43.34
2025-08-15 06:00:00+00:00,Graphic Road,52.48
2025-08-15 07:00:00+00:00,Graphic Road,30.34
2025-08-15 08:00:00+00:00,Graphic Road,18.93
2025-08-15 09:00:00+00:00,Graphic Road,12.89
2025-08-15 11:00:00+00:00,Graphic Road,11.88
2025-08-15 12:00:00+00:00,Graphic Road,9.25
2025-08-15 13:00:00+00:00,Graphic Road,7.86
2025-08-15 14:00:00+00:00,Graphic Road,12.15
2025-08-15 15:00:00+00:00,Graphic Road,6.61
2025-08-15 16:00:00+00:00,Graphic Road,6.73
2025-08-15 17:00:00+00:00,Graphic Road,29.11
2025-08-15 18:00:00+00:00,Graphic Road,53.82
2025-08-15 19:00:00+00:00,Graphic Road,39.65
2025-08-15 20:00:00+00:00,Graphic Road,41.97
2025-08-15 21:00:00+00:00,Graphic Road,50.74
2025-08-16 02:00:00+00:00,Graphic Road,12.46
2025-08-16 05:00:00+00:00,Graphic Road,33.77
2025-08-16 06:00:00+00:00,Graphic Road,40.55
2025-08-16 07:00:00+00:00,Graphic Road,32.3
2025-08-16 08:00:00+00:00,Graphic Road,25.17
2025-08-16 09:00:00+00:00,Graphic Road,14.4
2025-08-16 10:00:00+00:00,Graphic Road,7.16
2025-08-16 11:00:00+00:00,Graphic Road,9.74
2025-08-16 12:00:00+00:00,Graphic Road,10.86
2025-08-16 13:00:00+00:00,Graphic Road,8.66
2025-08-16 14:00:00+00:00,Graphic Road,6.21
2025-08-16 16:00:00+00:00,Graphic Road,9.01
2025-08-16 17:00:00+00:00,Graphic Road,20.15
2025-08-16 18:00:00+00:00,Graphic Road,30.89
2025-08-16 19:00:00+00:00,Graphic Road,26.9
2025-08-16 20:00:00+00:00,Graphic Road,25.0
2025-08-17 00:00:00+00:00,Graphic Road,15.03
2025-08-17 01:00:00+00:00,Graphic Road,10.44
2025-08-17 02:00:00+00:00,Graphic Road,9.42
2025-08-17 03:00:00+00:00,Graphic Road,13.57
2025-08-17 04:00:00+00:00,Graphic Road,8.86
2025-08-17 05:00:00+00:00,Graphic Road,16.18
2025-08-17 06:00:00+00:00,Graphic Road,19.77
2025-08-17 07:00:00+00:00,Graphic Road,18.82
2025-08-17 08:00:00+00:00,Graphic Road,23.59
2025-08-17 09:00:00+00:00,Graphic Road,20.9
2025-08-17 10:00:00+00:00,Graphic Road,14.98
2025-08-17 11:00:00+00:00,Graphic Road,6.66
2025-08-17 12:00:00+00:00,Graphic Road,11.36
2025-08-17 13:00:00+00:00,Graphic Road,13.32
2025-08-17 14:00:00+00:00,Graphic Road,9.03
2025-08-17 15:00:00+00:00,Graphic Road,10.87
2025-08-17 16:00:00+00:00,Graphic Road,14.36
2025-08-17 17:00:00+00:00,Graphic Road,27.8
2025-08-17 18:00:00+00:00,Graphic Road,21.09
2025-08-17 19:00:00+00:00,Graphic Road,59.35
2025-08-17 20:00:00+00:00,Graphic Road,69.63
2025-08-17 21:00:00+00:00,Graphic Road,56.9
2025-08-17 22:00:00+00:00,Graphic Road,108.98
2025-08-17 23:00:00+00:00,Graphic Road,31.6
2025-08-18 00:00:00+00:00,Graphic Road,28.71
2025-08-18 02:00:00+00:00,Graphic Road,14.11
2025-08-18 03:00:00+00:00,Graphic Road,46.77
2025-08-18 04:00:00+00:00,Graphic Road,49.31
2025-08-18 05:00:00+00:00,Graphic Road,63.55
2025-08-18 06:00:00+00:00,Graphic Road,50.37
2025-08-18 07:00:00+00:00,Graphic Road,38.86
2025-08-18 08:00:00+00:00,Graphic Road,15.87
2025-08-18 11:00:00+00:00,Graphic Road,7.07
2025-08-18 12:00:00+00:00,Graphic Road,6.56
2025-08-18 13:00:00+00:00,Graphic Road,10.45
2025-08-18 14:00:00+00:00,Graphic Road,12.5
2025-08-18 19:00:00+00:00,Graphic Road,33.19
2025-08-18 20:00:00+00:00,Graphic Road,43.97
2025-08-18 21:00:00+00:00,Graphic Road,55.54
2025-08-18 22:00:00+00:00,Graphic Road,60.97
2025-08-19 01:00:00+00:00,Graphic Road,17.48
2025-08-19 02:00:00+00:00,Graphic Road,17.52
2025-08-19 05:00:00+00:00,Graphic Road,35.23
2025-08-19 06:00:00+00:00,Graphic Road,37.2
2025-08-19 07:00:00+00:00,Graphic Road,32.45
2025-08-19 08:00:00+00:00,Graphic Road,17.77
2025-08-19 09:00:00+00:00,Graphic Road,13.49
2025-08-19 10:00:00+00:00,Graphic Road,8.69
2025-08-19 11:00:00+00:00,Graphic Road,9.46
2025-08-19 12:00:00+00:00,Graphic Road,8.41
2025-08-19 13:00:00+00:00,Graphic Road,7.52
2025-08-19 14:00:00+00:00,Graphic Road,8.72
2025-08-19 15:00:00+00:00,Graphic Road,6.45
2025-08-19 16:00:00+00:00,Graphic Road,10.72
2025-08-19 17:00:00+00:00,Graphic Road,16.52
2025-08-19 18:00:00+00:00,Graphic Road,19.99
2025-08-19 19:00:00+00:00,Graphic Road,36.05
2025-08-19 20:00:00+00:00,Graphic Road,21.57
2025-08-19 21:00:00+00:00,Graphic Road,31.9
2025-08-19 22:00:00+00:00,Graphic Road,15.26
2025-08-19 23:00:00+00:00,Graphic Road,11.69
2025-08-20 00:00:00+00:00,Graphic Road,16.2
2025-08-20 01:00:00+00:00,Graphic Road,11.74
2025-08-20 02:00:00+00:00,Graphic Road,14.8
2025-08-20 03:00:00+00:00,Graphic Road,16.01
2025-08-20 04:00:00+00:00,Graphic Road,21.43
2025-08-20 05:00:00+00:00,Graphic Road,32.87
2025-08-20 06:00:00+00:00,Graphic Road,46.16
2025-08-20 07:00:00+00:00,Graphic Road,34.64
2025-08-20 08:00:00+00:00,Graphic Road,28.54
2025-08-20 09:00:00+00:00,Graphic Road,16.02
2025-08-20 10:00:00+00:00,Graphic Road,10.36
2025-08-20 11:00:00+00:00,Graphic Road,7.65
2025-08-20 13:00:00+00:00,Graphic Road,9.08
2025-08-20 14:00:00+00:00,Graphic Road,10.26
2025-08-20 15:00:00+00:00,Graphic Road,8.56
2025-08-20 16:00:00+00:00,Graphic Road,6.41
2025-08-20 17:00:00+00:00,Graphic Road,16.93
2025-08-20 18:00:00+00:00,Graphic Road,10.64
2025-08-20 19:00:00+00:00,Graphic Road,22.53
2025-08-20 20:00:00+00:00,Graphic Road,9.91
2025-08-20 21:00:00+00:00,Graphic Road,13.85
2025-08-20 23:00:00+00:00,Graphic Road,13.92
2025-08-21 00:00:00+00:00,Graphic Road,10.09
2025-08-21 01:00:00+00:00,Graphic Road,9.0
2025-08-21 02:00:00+00:00,Graphic Road,10.05
2025-08-21 03:00:00+00:00,Graphic Road,10.23
2025-08-21 04:00:00+00:00,Graphic Road,20.91
2025-08-21 05:00:00+00:00,Graphic Road,27.5
2025-08-21 06:00:00+00:00,Graphic Road,29.96
2025-08-21 07:00:00+00:00,Graphic Road,33.5
2025-08-21 09:00:00+00:00,Graphic Road,14.84
2025-08-21 10:00:00+00:00,Graphic Road,8.62
2025-08-21 11:00:00+00:00,Graphic Road,12.17
2025-08-21 12:00:00+00:00,Graphic Road,12.04
2025-08-21 13:00:00+00:00,Graphic Road,7.07
2025-08-21 14:00:00+00:00,Graphic Road,8.46
2025-08-21 15:00:00+00:00,Graphic Road,5.44
2025-08-21 16:00:00+00:00,Graphic Road,6.95
2025-08-21 17:00:00+00:00,Graphic Road,7.67
2025-08-21 18:00:00+00:00,Graphic Road,12.3
2025-08-21 19:00:00+00:00,Graphic Road,21.86
2025-08-21 20:00:00+00:00,Graphic Road,23.49
2025-08-21 21:00:00+00:00,Graphic Road,9.54
2025-08-21 22:00:00+00:00,Graphic Road,8.72
2025-08-21 23:00:00+00:00,Graphic Road,25.77
2025-08-22 00:00:00+00:00,Graphic Road,28.61
2025-08-22 01:00:00+00:00,Graphic Road,13.68
2025-08-22 02:00:00+00:00,Graphic Road,15.52
2025-08-22 03:00:00+00:00,Graphic Road,22.24
2025-08-22 04:00:00+00:00,Graphic Road,14.59
2025-08-22 05:00:00+00:00,Graphic Road,32.6
2025-08-22 06:00:00+00:00,Graphic Road,31.37
2025-08-22 07:00:00+00:00,Graphic Road,33.15
2025-08-22 08:00:00+00:00,Graphic Road,22.19
2025-08-22 09:00:00+00:00,Graphic Road,14.31
2025-08-22 10:00:00+00:00,Graphic Road,12.58
2025-08-22 11:00:00+00:00,Graphic Road,8.73
2025-08-22 12:00:00+00:00,Graphic Road,21.57
2025-08-22 13:00:00+00:00,Graphic Road,21.39
2025-08-22 14:00:00+00:00,Graphic Road,15.64
2025-08-22 15:00:00+00:00,Graphic Road,15.72
2025-08-22 16:00:00+00:00,Graphic Road,11.31
2025-08-22 17:00:00+00:00,Graphic Road,26.31
2025-08-22 18:00:00+00:00,Graphic Road,37.86
2025-08-22 19:00:00+00:00,Graphic Road,63.2
2025-08-22 20:00:00+00:00,Graphic Road,32.02
2025-08-22 22:00:00+00:00,Graphic Road,23.16
2025-08-23 02:00:00+00:00,Graphic Road,16.49
2025-08-23 03:00:00+00:00,Graphic Road,16.34
2025-08-23 04:00:00+00:00,Graphic Road,23.51
2025-08-23 05:00:00+00:00,Graphic Road,29.62
2025-08-23 06:00:00+00:00,Graphic Road,37.77
2025-08-23 07:00:00+00:00,Graphic Road,34.03
2025-08-23 08:00:00+00:00,Graphic Road,33.1
2025-08-23 10:00:00+00:00,Graphic Road,14.18
2025-08-23 11:00:00+00:00,Graphic Road,16.68
2025-08-23 12:00:00+00:00,Graphic Road,22.17
2025-08-23 13:00:00+00:00,Graphic Road,41.23
2025-08-23 14:00:00+00:00,Graphic Road,35.58
2025-08-23 15:00:00+00:00,Graphic Road,13.19
2025-08-23 16:00:00+00:00,Graphic Road,40.58
2025-08-23 17:00:00+00:00,Graphic Road,33.48
2025-08-23 18:00:00+00:00,Graphic Road,45.76
2025-08-23 19:00:00+00:00,Graphic Road,37.08
2025-08-23 20:00:00+00:00,Graphic Road,33.16
2025-08-23 22:00:00+00:00,Graphic Road,23.88
2025-08-24 00:00:00+00:00,Graphic Road,25.0
2025-08-24 01:00:00+00:00,Graphic Road,26.35
2025-08-24 02:00:00+00:00,Graphic Road,15.65
2025-08-24 04:00:00+00:00,Graphic Road,16.99
2025-08-24 05:00:00+00:00,Graphic Road,19.14
2025-08-24 06:00:00+00:00,Graphic Road,23.44
2025-08-24 07:00:00+00:00,Graphic Road,27.87
2025-08-24 08:00:00+00:00,Graphic Road,37.22
2025-08-24 09:00:00+00:00,Graphic Road,25.69
2025-08-24 10:00:00+00:00,Graphic Road,20.23
2025-08-24 11:00:00+00:00,Graphic Road,11.68
2025-08-24 12:00:00+00:00,Graphic Road,14.76
2025-08-24 13:00:00+00:00,Graphic Road,13.28
2025-08-24 14:00:00+00:00,Graphic Road,10.82
2025-08-24 15:00:00+00:00,Graphic Road,11.07
2025-08-24 16:00:00+00:00,Graphic Road,15.19
2025-08-24 18:00:00+00:00,Graphic Road,33.06
2025-08-24 20:00:00+00:00,Graphic Road,20.65
2025-08-24 21:00:00+00:00,Graphic Road,15.82
2025-08-24 23:00:00+00:00,Graphic Road,14.94
2025-08-25 01:00:00+00:00,Graphic Road,14.43
2025-08-25 02:00:00+00:00,Graphic Road,18.88
2025-08-25 03:00:00+00:00,Graphic Road,21.73
2025-08-25 05:00:00+00:00,Graphic Road,35.49
2025-08-25 07:00:00+00:00,Graphic Road,39.8
2025-08-25 10:00:00+00:00,Graphic Road,15.67
2025-08-25 11:00:00+00:00,Graphic Road,13.68
2025-08-25 12:00:00+00:00,Graphic Road,13.4
2025-08-25 13:00:00+00:00,Graphic Road,13.9
2025-08-25 14:00:00+00:00,Graphic Road,15.51
2025-08-25 15:00:00+00:00,Graphic Road,9.28
2025-08-25 17:00:00+00:00,Graphic Road,19.52
2025-08-25 18:00:00+00:00,Graphic Road,21.37
2025-08-25 19:00:00+00:00,Graphic Road,16.35
2025-08-25 20:00:00+00:00,Graphic Road,20.92
2025-08-25 21:00:00+00:00,Graphic Road,25.31
2025-08-26 01:00:00+00:00,Graphic Road,18.85
2025-08-26 02:00:00+00:00,Graphic Road,20.21
2025-08-26 03:00:00+00:00,Graphic Road,19.5
2025-08-26 04:00:00+00:00,Graphic Road,41.31
2025-08-26 05:00:00+00:00,Graphic Road,27.44
2025-08-26 06:00:00+00:00,Graphic Road,45.83
2025-08-26 07:00:00+00:00,Graphic Road,35.55
2025-08-26 08:00:00+00:00,Graphic Road,15.26
2025-08-26 09:00:00+00:00,Graphic Road,9.09
2025-08-26 10:00:00+00:00,Graphic Road,9.5
2025-08-26 11:00:00+00:00,Graphic Road,16.29
2025-08-26 12:00:00+00:00,Graphic Road,12.84
2025-08-26 16:00:00+00:00,Graphic Road,42.84
2025-08-26 17:00:00+00:00,Graphic Road,30.43
2025-08-26 18:00:00+00:00,Graphic Road,35.72
2025-08-26 19:00:00+00:00,Graphic Road,22.9
2025-08-26 20:00:00+00:00,Graphic Road,27.37
2025-08-26 21:00:00+00:00,Graphic Road,32.85
2025-08-26 23:00:00+00:00,Graphic Road,29.43
2025-08-27 00:00:00+00:00,Graphic Road,23.46
2025-08-27 01:00:00+00:00,Graphic Road,23.81
2025-08-27 02:00:00+00:00,Graphic Road,21.07
2025-08-27 03:00:00+00:00,Graphic Road,26.89
2025-08-27 04:00:00+00:00,Graphic Road,25.7
2025-08-27 05:00:00+00:00,Graphic Road,34.75
2025-08-27 08:00:00+00:00,Graphic Road,26.35
2025-08-27 09:00:00+00:00,Graphic Road,11.67
2025-08-27 13:00:00+00:00,Graphic Road,8.93
2025-08-27 14:00:00+00:00,Graphic Road,15.7
2025-08-27 15:00:00+00:00,Graphic Road,17.65
2025-08-27 16:00:00+00:00,Graphic Road,13.22
2025-08-27 17:00:00+00:00,Graphic Road,24.81
2025-08-27 18:00:00+00:00,Graphic Road,18.85
2025-08-27 19:00:00+00:00,Graphic Road,30.06
2025-08-27 20:00:00+00:00,Graphic Road,28.06
2025-08-27 21:00:00+00:00,Graphic Road,51.61
2025-08-27 22:00:00+00:00,Graphic Road,19.69
2025-08-27 23:00:00+00:00,Graphic Road,22.2
2025-08-28 01:00:00+00:00,Graphic Road,32.32
2025-08-28 06:00:00+00:00,Graphic Road,51.8
2025-08-28 09:00:00+00:00,Graphic Road,12.76
2025-08-28 10:00:00+00:00,Graphic Road,11.66
2025-08-28 11:00:00+00:00,Graphic Road,9.17
2025-08-28 12:00:00+00:00,Graphic Road,8.81
2025-08-28 13:00:00+00:00,Graphic Road,12.27
2025-08-28 14:00:00+00:00,Graphic Road,8.18
2025-08-28 15:00:00+00:00,Graphic Road,12.82
2025-08-28 16:00:00+00:00,Graphic Road,13.81
2025-08-28 17:00:00+00:00,Graphic Road,21.71
2025-08-28 18:00:00+00:00,Graphic Road,18.66
2025-08-28 19:00:00+00:00,Graphic Road,31.44
2025-08-28 21:00:00+00:00,Graphic Road,18.29
2025-08-28 22:00:00+00:00,Graphic Road,35.94
2025-08-28 23:00:00+00:00,Graphic Road,18.22
2025-08-29 00:00:00+00:00,Graphic Road,13.56
2025-08-29 02:00:00+00:00,Graphic Road,24.5
2025-08-29 06:00:00+00:00,Graphic Road,36.43
2025-08-29 07:00:00+00:00,Graphic Road,33.98
2025-08-29 09:00:00+00:00,Graphic Road,20.67
2025-08-29 11:00:00+00:00,Graphic Road,6.95
2025-08-29 12:00:00+00:00,Graphic Road,6.53
2025-08-29 13:00:00+00:00,Graphic Road,8.41
2025-08-29 14:00:00+00:00,Graphic Road,6.46
2025-08-29 15:00:00+00:00,Graphic Road,12.92
2025-08-29 16:00:00+00:00,Graphic Road,8.41
2025-08-29 17:00:00+00:00,Graphic Road,33.87
2025-08-29 18:00:00+00:00,Graphic Road,12.53
2025-08-29 19:00:00+00:00,Graphic Road,24.54
2025-08-29 20:00:00+00:00,Graphic Road,43.57
2025-08-29 21:00:00+00:00,Graphic Road,19.06
2025-08-29 22:00:00+00:00,Graphic Road,16.14
2025-08-29 23:00:00+00:00,Graphic Road,10.01
2025-08-30 00:00:00+00:00,Graphic Road,31.1
2025-08-30 01:00:00+00:00,Graphic Road,25.41
2025-08-30 03:00:00+00:00,Graphic Road,15.74
2025-08-30 04:00:00+00:00,Graphic Road,17.04
2025-08-30 05:00:00+00:00,Graphic Road,35.03
2025-08-30 06:00:00+00:00,Graphic Road,37.87
2025-08-30 07:00:00+00:00,Graphic Road,14.08
2025-08-30 11:00:00+00:00,Graphic Road,9.4
2025-08-30 14:00:00+00:00,Graphic Road,12.37
2025-08-30 15:00:00+00:00,Graphic Road,13.54
2025-08-30 16:00:00+00:00,Graphic Road,8.95
2025-08-30 17:00:00+00:00,Graphic Road,18.84
2025-08-30 18:00:00+00:00,Graphic Road,12.15
2025-08-30 19:00:00+00:00,Graphic Road,16.2
2025-08-30 21:00:00+00:00,Graphic Road,18.43
2025-08-30 22:00:00+00:00,Graphic Road,23.86
2025-08-30 23:00:00+00:00,Graphic Road,21.01
2025-08-31 01:00:00+00:00,Graphic Road,24.09
2025-08-31 02:00:00+00:00,Graphic Road,14.86
2025-08-31 03:00:00+00:00,Graphic Road,18.79
2025-08-31 04:00:00+00:00,Graphic Road,23.0
2025-08-31 07:00:00+00:00,Graphic Road,20.38
2025-08-31 08:00:00+00:00,Graphic Road,16.9
2025-08-31 11:00:00+00:00,Graphic Road,7.95
2025-08-31 12:00:00+00:00,Graphic Road,7.0
2025-08-31 13:00:00+00:00,Graphic Road,8.11
2025-08-31 14:00:00+00:00,Graphic Road,10.44
2025-08-31 15:00:00+00:00,Graphic Road,8.43
2025-08-31 16:00:00+00:00,Graphic Road,8.17
2025-08-31 17:00:00+00:00,Graphic Road,9.11
2025-08-31 18:00:00+00:00,Graphic Road,11.94
2025-08-31 19:00:00+00:00,Graphic Road,13.8
2025-08-31 20:00:00+00:00,Graphic Road,25.63
2025-08-31 21:00:00+00:00,Graphic Road,34.83
2025-08-31 22:00:00+00:00,Graphic Road,23.2
2025-08-31 23:00:00+00:00,Graphic Road,19.98
2025-08-01 00:00:00+00:00,Kaneshie Market,17.14
2025-08-01 01:00:00+00:00,Kaneshie Market,13.63
2025-08-01 02:00:00+00:00,Kaneshie Market,13.5
2025-08-01 03:00:00+00:00,Kaneshie Market,18.08
2025-08-01 04:00:00+00:00,Kaneshie Market,24.05
2025-08-01 05:00:00+00:00,Kaneshie Market,33.69
2025-08-01 06:00:00+00:00,Kaneshie Market,40.61
2025-08-01 07:00:00+00:00,Kaneshie Market,31.62
2025-08-01 08:00:00+00:00,Kaneshie Market,37.67
2025-08-01 09:00:00+00:00,Kaneshie Market,24.35
2025-08-01 10:00:00+00:00,Kaneshie Market,29.47
2025-08-01 11:00:00+00:00,Kaneshie Market,23.32
2025-08-01 12:00:00+00:00,Kaneshie Market,24.41
2025-08-01 13:00:00+00:00,Kaneshie Market,20.73
2025-08-01 14:00:00+00:00,Kaneshie Market,19.71
2025-08-01 15:00:00+00:00,Kaneshie Market,22.61
2025-08-01 16:00:00+00:00,Kaneshie Market,27.93
2025-08-01 17:00:00+00:00,Kaneshie Market,25.92
2025-08-01 18:00:00+00:00,Kaneshie Market,24.62
2025-08-01 19:00:00+00:00,Kaneshie Market,28.39
2025-08-01 20:00:00+00:00,Kaneshie Market,24.98
2025-08-01 21:00:00+00:00,Kaneshie Market,30.32
2025-08-01 22:00:00+00:00,Kaneshie Market,27.57
2025-08-01 23:00:00+00:00,Kaneshie Market,23.06
2025-08-02 01:00:00+00:00,Kaneshie Market,32.37
2025-08-02 02:00:00+00:00,Kaneshie Market,35.39
2025-08-02 03:00:00+00:00,Kaneshie Market,25.63
2025-08-02 04:00:00+00:00,Kaneshie Market,43.84
2025-08-02 05:00:00+00:00,Kaneshie Market,38.77
2025-08-02 06:00:00+00:00,Kaneshie Market,62.8
2025-08-02 07:00:00+00:00,Kaneshie Market,72.64
2025-08-02 10:00:00+00:00,Kaneshie Market,22.33
2025-08-02 11:00:00+00:00,Kaneshie Market,29.21
2025-08-02 12:00:00+00:00,Kaneshie Market,20.13
2025-08-02 13:00:00+00:00,Kaneshie Market,20.38
2025-08-02 14:00:00+00:00,Kaneshie Market,26.53
2025-08-02 15:00:00+00:00,Kaneshie Market,28.37
2025-08-02 16:00:00+00:00,Kaneshie Market,25.71
2025-08-02 17:00:00+00:00,Kaneshie Market,22.81
2025-08-02 18:00:00+00:00,Kaneshie Market,23.22
2025-08-02 19:00:00+00:00,Kaneshie Market,27.39
2025-08-02 20:00:00+00:00,Kaneshie Market,30.83
2025-08-02 21:00:00+00:00,Kaneshie Market,26.51
2025-08-02 23:00:00+00:00,Kaneshie Market,29.37
2025-08-03 00:00:00+00:00,Kaneshie Market,20.23
2025-08-03 02:00:00+00:00,Kaneshie Market,16.1
2025-08-03 03:00:00+00:00,Kaneshie Market,15.88
2025-08-03 04:00:00+00:00,Kaneshie Market,17.74
2025-08-03 05:00:00+00:00,Kaneshie Market,30.53
2025-08-03 07:00:00+00:00,Kaneshie Market,45.41
2025-08-03 10:00:00+00:00,Kaneshie Market,20.53
2025-08-03 12:00:00+00:00,Kaneshie Market,20.64
2025-08-03 14:00:00+00:00,Kaneshie Market,20.72
2025-08-03 15:00:00+00:00,Kaneshie Market,24.76
2025-08-03 17:00:00+00:00,Kaneshie Market,21.94
2025-08-03 20:00:00+00:00,Kaneshie Market,22.58
2025-08-04 00:00:00+00:00,Kaneshie Market,24.87
2025-08-04 01:00:00+00:00,Kaneshie Market,23.49
2025-08-04 02:00:00+00:00,Kaneshie Market,19.38
2025-08-04 08:00:00+00:00,Kaneshie Market,36.24
2025-08-04 09:00:00+00:00,Kaneshie Market,38.79
2025-08-04 10:00:00+00:00,Kaneshie Market,37.0
2025-08-04 11:00:00+00:00,Kaneshie Market,36.67
2025-08-04 12:00:00+00:00,Kaneshie Market,21.83
2025-08-04 13:00:00+00:00,Kaneshie Market,24.53
2025-08-04 14:00:00+00:00,Kaneshie Market,25.55
2025-08-04 15:00:00+00:00,Kaneshie Market,26.7
2025-08-04 16:00:00+00:00,Kaneshie Market,31.95
2025-08-04 17:00:00+00:00,Kaneshie Market,40.76
2025-08-04 18:00:00+00:00,Kaneshie Market,45.07
2025-08-04 19:00:00+00:00,Kaneshie Market,37.48
2025-08-04 20:00:00+00:00,Kaneshie Market,36.45
2025-08-04 21:00:00+00:00,Kaneshie Market,27.6
2025-08-04 22:00:00+00:00,Kaneshie Market,27.35
2025-08-04 23:00:00+00:00,Kaneshie Market,24.55
2025-08-05 01:00:00+00:00,Kaneshie Market,11.03
2025-08-05 02:00:00+00:00,Kaneshie Market,13.88
2025-08-05 03:00:00+00:00,Kaneshie Market,21.06
2025-08-05 04:00:00+00:00,Kaneshie Market,31.78
2025-08-05 05:00:00+00:00,Kaneshie Market,41.98
2025-08-05 06:00:00+00:00,Kaneshie Market,46.72
2025-08-05 07:00:00+00:00,Kaneshie Market,49.8
2025-08-05 08:00:00+00:00,Kaneshie Market,44.87
2025-08-05 09:00:00+00:00,Kaneshie Market,32.48
2025-08-05 10:00:00+00:00,Kaneshie Market,25.41
2025-08-05 13:00:00+00:00,Kaneshie Market,21.97
2025-08-05 14:00:00+00:00,Kaneshie Market,23.8
2025-08-05 15:00:00+00:00,Kaneshie Market,24.22
2025-08-05 16:00:00+00:00,Kaneshie Market,21.67
2025-08-05 18:00:00+00:00,Kaneshie Market,27.59
2025-08-05 19:00:00+00:00,Kaneshie Market,31.83
2025-08-05 20:00:00+00:00,Kaneshie Market,29.48
2025-08-05 22:00:00+00:00,Kaneshie Market,30.78
2025-08-05 23:00:00+00:00,Kaneshie Market,32.47
2025-08-06 00:00:00+00:00,Kaneshie Market,14.77
2025-08-06 01:00:00+00:00,Kaneshie Market,15.99
2025-08-06 02:00:00+00:00,Kaneshie Market,15.45
2025-08-06 03:00:00+00:00,Kaneshie Market,14.69
2025-08-06 04:00:00+00:00,Kaneshie Market,27.23
2025-08-06 05:00:00+00:00,Kaneshie Market,32.02
2025-08-06 06:00:00+00:00,Kaneshie Market,42.06
2025-08-06 07:00:00+00:00,Kaneshie Market,49.57
2025-08-06 08:00:00+00:00,Kaneshie Market,32.11
2025-08-06 09:00:00+00:00,Kaneshie Market,30.63
2025-08-06 10:00:00+00:00,Kaneshie Market,33.97
2025-08-06 11:00:00+00:00,Kaneshie Market,28.28
2025-08-06 12:00:00+00:00,Kaneshie Market,24.03
2025-08-06 13:00:00+00:00,Kaneshie Market,24.39
2025-08-06 14:00:00+00:00,Kaneshie Market,21.93
2025-08-06 15:00:00+00:00,Kaneshie Market,25.51
2025-08-06 16:00:00+00:00,Kaneshie Market,27.39
2025-08-06 17:00:00+00:00,Kaneshie Market,32.17
2025-08-06 18:00:00+00:00,Kaneshie Market,39.79
2025-08-06 19:00:00+00:00,Kaneshie Market,39.73
2025-08-06 20:00:00+00:00,Kaneshie Market,35.18
2025-08-06 21:00:00+00:00,Kaneshie Market,33.46
2025-08-06 23:00:00+00:00,Kaneshie Market,30.91
2025-08-07 01:00:00+00:00,Kaneshie Market,40.25
2025-08-07 02:00:00+00:00,Kaneshie Market,31.2
2025-08-07 03:00:00+00:00,Kaneshie Market,33.14
2025-08-07 04:00:00+00:00,Kaneshie Market,41.65
2025-08-07 06:00:00+00:00,Kaneshie Market,47.47
2025-08-07 07:00:00+00:00,Kaneshie Market,50.89
2025-08-07 08:00:00+00:00,Kaneshie Market,41.52
2025-08-07 09:00:00+00:00,Kaneshie Market,33.94
2025-08-07 10:00:00+00:00,Kaneshie Market,32.47
2025-08-07 11:00:00+00:00,Kaneshie Market,25.06
2025-08-07 12:00:00+00:00,Kaneshie Market,26.63
2025-08-07 13:00:00+00:00,Kaneshie Market,27.97
2025-08-07 14:00:00+00:00,Kaneshie Market,29.59
2025-08-07 15:00:00+00:00,Kaneshie Market,31.35
2025-08-07 16:00:00+00:00,Kaneshie Market,32.45
2025-08-07 17:00:00+00:00,Kaneshie Market,33.64
2025-08-07 18:00:00+00:00,Kaneshie Market,39.02
2025-08-07 19:00:00+00:00,Kaneshie Market,34.27
2025-08-07 20:00:00+00:00,Kaneshie Market,34.21
2025-08-07 21:00:00+00:00,Kaneshie Market,30.34
2025-08-07 23:00:00+00:00,Kaneshie Market,27.64
2025-08-08 02:00:00+00:00,Kaneshie Market,29.13
2025-08-08 04:00:00+00:00,Kaneshie Market,40.09
2025-08-08 07:00:00+00:00,Kaneshie Market,42.92
2025-08-08 08:00:00+00:00,Kaneshie Market,31.89
2025-08-08 09:00:00+00:00,Kaneshie Market,29.69
2025-08-08 10:00:00+00:00,Kaneshie Market,27.64
2025-08-08 11:00:00+00:00,Kaneshie Market,29.62
2025-08-08 12:00:00+00:00,Kaneshie Market,28.26
2025-08-08 13:00:00+00:00,Kaneshie Market,24.35
2025-08-08 14:00:00+00:00,Kaneshie Market,25.7
2025-08-08 15:00:00+00:00,Kaneshie Market,26.3
2025-08-08 16:00:00+00:00,Kaneshie Market,26.47
2025-08-08 17:00:00+00:00,Kaneshie Market,35.74
2025-08-08 18:00:00+00:00,Kaneshie Market,41.09
2025-08-08 19:00:00+00:00,Kaneshie Market,53.4
2025-08-08 20:00:00+00:00,Kaneshie Market,34.58
2025-08-08 21:00:00+00:00,Kaneshie Market,30.52
2025-08-08 22:00:00+00:00,Kaneshie Market,26.01
2025-08-09 00:00:00+00:00,Kaneshie Market,23.01
2025-08-09 01:00:00+00:00,Kaneshie Market,21.36
2025-08-09 02:00:00+00:00,Kaneshie Market,20.2
2025-08-09 03:00:00+00:00,Kaneshie Market,24.64
2025-08-09 04:00:00+00:00,Kaneshie Market,28.54
2025-08-09 05:00:00+00:00,Kaneshie Market,39.36
2025-08-09 06:00:00+00:00,Kaneshie Market,39.73
2025-08-09 07:00:00+00:00,Kaneshie Market,37.63
2025-08-09 08:00:00+00:00,Kaneshie Market,35.26
2025-08-09 09:00:00+00:00,Kaneshie Market,29.05
2025-08-09 10:00:00+00:00,Kaneshie Market,24.57
2025-08-09 11:00:00+00:00,Kaneshie Market,21.18
2025-08-09 12:00:00+00:00,Kaneshie Market,17.39
2025-08-09 13:00:00+00:00,Kaneshie Market,20.38
2025-08-09 14:00:00+00:00,Kaneshie Market,22.0
2025-08-09 15:00:00+00:00,Kaneshie Market,21.79
2025-08-09 16:00:00+00:00,Kaneshie Market,21.56
2025-08-09 17:00:00+00:00,Kaneshie Market,29.32
2025-08-09 18:00:00+00:00,Kaneshie Market,33.81
2025-08-09 19:00:00+00:00,Kaneshie Market,33.11
2025-08-09 20:00:00+00:00,Kaneshie Market,29.22
2025-08-09 21:00:00+00:00,Kaneshie Market,30.25
2025-08-09 22:00:00+00:00,Kaneshie Market,26.13
2025-08-10 00:00:00+00:00,Kaneshie Market,21.29
2025-08-10 02:00:00+00:00,Kaneshie Market,32.35
2025-08-10 03:00:00+00:00,Kaneshie Market,13.98
2025-08-10 04:00:00+00:00,Kaneshie Market,24.73
2025-08-10 05:00:00+00:00,Kaneshie Market,30.99
2025-08-10 06:00:00+00:00,Kaneshie Market,40.49
2025-08-10 07:00:00+00:00,Kaneshie Market,35.54
2025-08-10 08:00:00+00:00,Kaneshie Market,25.49
2025-08-10 09:00:00+00:00,Kaneshie Market,21.98
2025-08-10 10:00:00+00:00,Kaneshie Market,15.36
2025-08-10 11:00:00+00:00,Kaneshie Market,13.73
2025-08-10 12:00:00+00:00,Kaneshie Market,13.56
2025-08-10 13:00:00+00:00,Kaneshie Market,15.45
2025-08-10 14:00:00+00:00,Kaneshie Market,12.2
2025-08-10 15:00:00+00:00,Kaneshie Market,10.15
2025-08-10 16:00:00+00:00,Kaneshie Market,15.35
2025-08-10 17:00:00+00:00,Kaneshie Market,17.5
2025-08-10 18:00:00+00:00,Kaneshie Market,18.18
2025-08-10 19:00:00+00:00,Kaneshie Market,22.79
2025-08-10 20:00:00+00:00,Kaneshie Market,22.9
2025-08-10 21:00:00+00:00,Kaneshie Market,27.41
2025-08-10 22:00:00+00:00,Kaneshie Market,17.34
2025-08-11 03:00:00+00:00,Kaneshie Market,21.45
2025-08-11 05:00:00+00:00,Kaneshie Market,33.45
2025-08-11 06:00:00+00:00,Kaneshie Market,30.51
2025-08-11 07:00:00+00:00,Kaneshie Market,28.74
2025-08-11 08:00:00+00:00,Kaneshie Market,19.17
2025-08-11 09:00:00+00:00,Kaneshie Market,21.19
2025-08-11 10:00:00+00:00,Kaneshie Market,21.77
2025-08-11 11:00:00+00:00,Kaneshie Market,13.4
2025-08-11 12:00:00+00:00,Kaneshie Market,16.02
2025-08-11 13:00:00+00:00,Kaneshie Market,13.91
2025-08-11 14:00:00+00:00,Kaneshie Market,10.45
2025-08-11 15:00:00+00:00,Kaneshie Market,15.07
2025-08-11 16:00:00+00:00,Kaneshie Market,12.64
2025-08-11 17:00:00+00:00,Kaneshie Market,20.99
2025-08-11 18:00:00+00:00,Kaneshie Market,23.6
2025-08-11 20:00:00+00:00,Kaneshie Market,11.94
2025-08-11 22:00:00+00:00,Kaneshie Market,13.84
2025-08-11 23:00:00+00:00,Kaneshie Market,7.56
2025-08-12 00:00:00+00:00,Kaneshie Market,6.72
2025-08-12 01:00:00+00:00,Kaneshie Market,6.96
2025-08-12 03:00:00+00:00,Kaneshie Market,9.44
2025-08-12 04:00:00+00:00,Kaneshie Market,10.96
2025-08-12 05:00:00+00:00,Kaneshie Market,24.68
2025-08-12 06:00:00+00:00,Kaneshie Market,28.67
2025-08-12 07:00:00+00:00,Kaneshie Market,17.15
2025-08-12 08:00:00+00:00,Kaneshie Market,15.06
2025-08-12 09:00:00+00:00,Kaneshie Market,16.99
2025-08-12 10:00:00+00:00,Kaneshie Market,15.84
2025-08-12 11:00:00+00:00,Kaneshie Market,8.12
2025-08-12 12:00:00+00:00,Kaneshie Market,7.36
2025-08-12 13:00:00+00:00,Kaneshie Market,8.09
2025-08-12 14:00:00+00:00,Kaneshie Market,8.83
2025-08-12 15:00:00+00:00,Kaneshie Market,8.37
2025-08-12 16:00:00+00:00,Kaneshie Market,12.16
2025-08-12 17:00:00+00:00,Kaneshie Market,10.9
2025-08-12 18:00:00+00:00,Kaneshie Market,14.76
2025-08-12 19:00:00+00:00,Kaneshie Market,18.01
2025-08-12 20:00:00+00:00,Kaneshie Market,13.71
2025-08-12 21:00:00+00:00,Kaneshie Market,12.61
2025-08-12 22:00:00+00:00,Kaneshie Market,12.76
2025-08-12 23:00:00+00:00,Kaneshie Market,8.32
2025-08-13 00:00:00+00:00,Kaneshie Market,6.5
2025-08-13 01:00:00+00:00,Kaneshie Market,11.35
2025-08-13 02:00:00+00:00,Kaneshie Market,8.2
2025-08-13 03:00:00+00:00,Kaneshie Market,7.61
2025-08-13 04:00:00+00:00,Kaneshie Market,12.54
2025-08-13 05:00:00+00:00,Kaneshie Market,26.11
2025-08-13 07:00:00+00:00,Kaneshie Market,21.23
2025-08-13 08:00:00+00:00,Kaneshie Market,16.53
2025-08-13 09:00:00+00:00,Kaneshie Market,16.81
2025-08-13 10:00:00+00:00,Kaneshie Market,10.0
2025-08-13 11:00:00+00:00,Kaneshie Market,11.73
2025-08-13 12:00:00+00:00,Kaneshie Market,10.57
2025-08-13 13:00:00+00:00,Kaneshie Market,10.34
2025-08-13 14:00:00+00:00,Kaneshie Market,11.78
2025-08-13 15:00:00+00:00,Kaneshie Market,14.33
2025-08-13 16:00:00+00:00,Kaneshie Market,12.86
2025-08-13 17:00:00+00:00,Kaneshie Market,19.15
2025-08-13 18:00:00+00:00,Kaneshie Market,14.77
2025-08-13 19:00:00+00:00,Kaneshie Market,13.97
2025-08-13 20:00:00+00:00,Kaneshie Market,13.47
2025-08-13 21:00:00+00:00,Kaneshie Market,16.92
2025-08-13 22:00:00+00:00,Kaneshie Market,12.38
2025-08-13 23:00:00+00:00,Kaneshie Market,5.26
2025-08-14 00:00:00+00:00,Kaneshie Market,7.07
2025-08-14 01:00:00+00:00,Kaneshie Market,6.06
2025-08-14 02:00:00+00:00,Kaneshie Market,5.76
2025-08-14 03:00:00+00:00,Kaneshie Market,10.56
2025-08-14 04:00:00+00:00,Kaneshie Market,13.41
2025-08-14 05:00:00+00:00,Kaneshie Market,17.06
2025-08-14 06:00:00+00:00,Kaneshie Market,34.89
2025-08-14 07:00:00+00:00,Kaneshie Market,25.08
2025-08-14 08:00:00+00:00,Kaneshie Market,19.04
2025-08-14 09:00:00+00:00,Kaneshie Market,13.51
2025-08-14 10:00:00+00:00,Kaneshie Market,11.67
2025-08-14 11:00:00+00:00,Kaneshie Market,12.02
2025-08-14 12:00:00+00:00,Kaneshie Market,10.81
2025-08-14 13:00:00+00:00,Kaneshie Market,10.17
2025-08-14 14:00:00+00:00,Kaneshie Market,11.77
2025-08-14 15:00:00+00:00,Kaneshie Market,11.46
2025-08-14 16:00:00+00:00,Kaneshie Market,12.76
2025-08-14 17:00:00+00:00,Kaneshie Market,17.0
2025-08-14 18:00:00+00:00,Kaneshie Market,22.35
2025-08-14 19:00:00+00:00,Kaneshie Market,17.49
2025-08-14 20:00:00+00:00,Kaneshie Market,12.71
2025-08-14 21:00:00+00:00,Kaneshie Market,14.5
2025-08-14 22:00:00+00:00,Kaneshie Market,11.12
2025-08-14 23:00:00+00:00,Kaneshie Market,8.74
2025-08-15 00:00:00+00:00,Kaneshie Market,13.3
2025-08-15 02:00:00+00:00,Kaneshie Market,11.13
2025-08-15 03:00:00+00:00,Kaneshie Market,16.88
2025-08-15 04:00:00+00:00,Kaneshie Market,32.33
2025-08-15 05:00:00+00:00,Kaneshie Market,57.34
2025-08-15 06:00:00+00:00,Kaneshie Market,52.99
2025-08-15 07:00:00+00:00,Kaneshie Market,35.09
2025-08-15 08:00:00+00:00,Kaneshie Market,20.77
2025-08-15 09:00:00+00:00,Kaneshie Market,29.94
2025-08-15 10:00:00+00:00,Kaneshie Market,15.13
2025-08-15 11:00:00+00:00,Kaneshie Market,17.2
2025-08-15 12:00:00+00:00,Kaneshie Market,14.95
2025-08-15 13:00:00+00:00,Kaneshie Market,17.22
2025-08-15 14:00:00+00:00,Kaneshie Market,16.76
2025-08-15 15:00:00+00:00,Kaneshie Market,19.26
2025-08-15 16:00:00+00:00,Kaneshie Market,15.46
2025-08-15 17:00:00+00:00,Kaneshie Market,20.1
2025-08-15 18:00:00+00:00,Kaneshie Market,22.25
2025-08-15 19:00:00+00:00,Kaneshie Market,22.78
2025-08-15 20:00:00+00:00,Kaneshie Market,24.42
2025-08-15 21:00:00+00:00,Kaneshie Market,22.23
2025-08-15 22:00:00+00:00,Kaneshie Market,14.18
2025-08-16 02:00:00+00:00,Kaneshie Market,10.94
2025-08-16 03:00:00+00:00,Kaneshie Market,10.02
2025-08-16 05:00:00+00:00,Kaneshie Market,26.56
2025-08-16 06:00:00+00:00,Kaneshie Market,29.84
2025-08-16 07:00:00+00:00,Kaneshie Market,33.51
2025-08-16 08:00:00+00:00,Kaneshie Market,29.06
2025-08-16 09:00:00+00:00,Kaneshie Market,23.25
2025-08-16 10:00:00+00:00,Kaneshie Market,19.26
2025-08-16 11:00:00+00:00,Kaneshie Market,16.97
2025-08-16 12:00:00+00:00,Kaneshie Market,14.16
2025-08-16 13:00:00+00:00,Kaneshie Market,14.7
2025-08-16 14:00:00+00:00,Kaneshie Market,16.96
2025-08-16 15:00:00+00:00,Kaneshie Market,15.34
2025-08-16 16:00:00+00:00,Kaneshie Market,19.12
2025-08-16 17:00:00+00:00,Kaneshie Market,19.03
2025-08-16 18:00:00+00:00,Kaneshie Market,22.55
2025-08-16 19:00:00+00:00,Kaneshie Market,26.48
2025-08-16 20:00:00+00:00,Kaneshie Market,20.89
2025-08-17 00:00:00+00:00,Kaneshie Market,15.26
2025-08-17 01:00:00+00:00,Kaneshie Market,10.82
2025-08-17 03:00:00+00:00,Kaneshie Market,11.62
2025-08-17 04:00:00+00:00,Kaneshie Market,11.41
2025-08-17 05:00:00+00:00,Kaneshie Market,22.15
2025-08-17 06:00:00+00:00,Kaneshie Market,23.98
2025-08-17 07:00:00+00:00,Kaneshie Market,23.52
2025-08-17 08:00:00+00:00,Kaneshie Market,21.21
2025-08-17 09:00:00+00:00,Kaneshie Market,13.16
2025-08-17 10:00:00+00:00,Kaneshie Market,13.66
2025-08-17 11:00:00+00:00,Kaneshie Market,9.8
2025-08-17 12:00:00+00:00,Kaneshie Market,11.01
2025-08-17 13:00:00+00:00,Kaneshie Market,11.61
2025-08-17 14:00:00+00:00,Kaneshie Market,15.48
2025-08-17 15:00:00+00:00,Kaneshie Market,15.37
2025-08-17 16:00:00+00:00,Kaneshie Market,14.22
2025-08-17 17:00:00+00:00,Kaneshie Market,43.06
2025-08-17 18:00:00+00:00,Kaneshie Market,28.52
2025-08-17 19:00:00+00:00,Kaneshie Market,23.14
2025-08-17 20:00:00+00:00,Kaneshie Market,21.1
2025-08-17 21:00:00+00:00,Kaneshie Market,23.28
2025-08-17 23:00:00+00:00,Kaneshie Market,20.51
2025-08-18 02:00:00+00:00,Kaneshie Market,13.2
2025-08-18 03:00:00+00:00,Kaneshie Market,14.08
2025-08-18 04:00:00+00:00,Kaneshie Market,30.57
2025-08-18 06:00:00+00:00,Kaneshie Market,26.22
2025-08-18 07:00:00+00:00,Kaneshie Market,21.04
2025-08-18 11:00:00+00:00,Kaneshie Market,12.15
2025-08-18 13:00:00+00:00,Kaneshie Market,12.2
2025-08-18 14:00:00+00:00,Kaneshie Market,13.29
2025-08-18 19:00:00+00:00,Kaneshie Market,22.16
2025-08-18 20:00:00+00:00,Kaneshie Market,15.05
2025-08-18 21:00:00+00:00,Kaneshie Market,18.62
2025-08-19 01:00:00+00:00,Kaneshie Market,13.06
2025-08-19 02:00:00+00:00,Kaneshie Market,13.97
2025-08-19 05:00:00+00:00,Kaneshie Market,25.81
2025-08-19 06:00:00+00:00,Kaneshie Market,31.02
2025-08-19 07:00:00+00:00,Kaneshie Market,32.95
2025-08-19 08:00:00+00:00,Kaneshie Market,17.48
2025-08-19 09:00:00+00:00,Kaneshie Market,16.97
2025-08-19 10:00:00+00:00,Kaneshie Market,13.26
2025-08-19 11:00:00+00:00,Kaneshie Market,12.37
2025-08-19 12:00:00+00:00,Kaneshie Market,13.74
2025-08-19 13:00:00+00:00,Kaneshie Market,14.45
2025-08-19 14:00:00+00:00,Kaneshie Market,12.97
2025-08-19 15:00:00+00:00,Kaneshie Market,15.48
2025-08-19 16:00:00+00:00,Kaneshie Market,15.35
2025-08-19 17:00:00+00:00,Kaneshie Market,18.31
2025-08-19 18:00:00+00:00,Kaneshie Market,20.63
2025-08-19 19:00:00+00:00,Kaneshie Market,18.87
2025-08-19 20:00:00+00:00,Kaneshie Market,27.51
2025-08-19 21:00:00+00:00,Kaneshie Market,30.84
2025-08-19 22:00:00+00:00,Kaneshie Market,28.99
2025-08-19 23:00:00+00:00,Kaneshie Market,20.06
2025-08-20 00:00:00+00:00,Kaneshie Market,13.62
2025-08-20 01:00:00+00:00,Kaneshie Market,14.67
2025-08-20 02:00:00+00:00,Kaneshie Market,14.67
2025-08-20 03:00:00+00:00,Kaneshie Market,13.85
2025-08-20 04:00:00+00:00,Kaneshie Market,21.57
2025-08-20 05:00:00+00:00,Kaneshie Market,35.89
2025-08-20 06:00:00+00:00,Kaneshie Market,36.26
2025-08-20 07:00:00+00:00,Kaneshie Market,31.36
2025-08-20 08:00:00+00:00,Kaneshie Market,21.32
2025-08-20 09:00:00+00:00,Kaneshie Market,19.6
2025-08-20 10:00:00+00:00,Kaneshie Market,16.31
2025-08-20 11:00:00+00:00,Kaneshie Market,17.45
2025-08-20 12:00:00+00:00,Kaneshie Market,20.69
2025-08-20 13:00:00+00:00,Kaneshie Market,14.82
2025-08-20 14:00:00+00:00,Kaneshie Market,14.83
2025-08-20 15:00:00+00:00,Kaneshie Market,18.27
2025-08-20 16:00:00+00:00,Kaneshie Market,15.5
2025-08-20 17:00:00+00:00,Kaneshie Market,19.95
2025-08-20 18:00:00+00:00,Kaneshie Market,18.41
2025-08-20 19:00:00+00:00,Kaneshie Market,16.86
2025-08-20 20:00:00+00:00,Kaneshie Market,16.73
2025-08-20 21:00:00+00:00,Kaneshie Market,13.44
2025-08-20 22:00:00+00:00,Kaneshie Market,13.86
2025-08-20 23:00:00+00:00,Kaneshie Market,13.03
2025-08-21 00:00:00+00:00,Kaneshie Market,11.33
2025-08-21 01:00:00+00:00,Kaneshie Market,10.42
2025-08-21 02:00:00+00:00,Kaneshie Market,10.3
2025-08-21 03:00:00+00:00,Kaneshie Market,11.86
2025-08-21 04:00:00+00:00,Kaneshie Market,21.78
2025-08-21 05:00:00+00:00,Kaneshie Market,25.37
2025-08-21 06:00:00+00:00,Kaneshie Market,35.25
2025-08-21 07:00:00+00:00,Kaneshie Market,38.51
2025-08-21 08:00:00+00:00,Kaneshie Market,45.82
2025-08-21 09:00:00+00:00,Kaneshie Market,26.31
2025-08-21 10:00:00+00:00,Kaneshie Market,20.31
2025-08-21 11:00:00+00:00,Kaneshie Market,17.85
2025-08-21 12:00:00+00:00,Kaneshie Market,14.94
2025-08-21 13:00:00+00:00,Kaneshie Market,15.14
2025-08-21 14:00:00+00:00,Kaneshie Market,17.35
2025-08-21 15:00:00+00:00,Kaneshie Market,20.09
2025-08-21 16:00:00+00:00,Kaneshie Market,28.07
2025-08-21 18:00:00+00:00,Kaneshie Market,22.75
2025-08-21 19:00:00+00:00,Kaneshie Market,20.64
2025-08-21 20:00:00+00:00,Kaneshie Market,16.08
2025-08-21 22:00:00+00:00,Kaneshie Market,17.74
2025-08-21 23:00:00+00:00,Kaneshie Market,10.02
2025-08-22 00:00:00+00:00,Kaneshie Market,10.92
2025-08-22 01:00:00+00:00,Kaneshie Market,8.34
2025-08-22 02:00:00+00:00,Kaneshie Market,11.72
2025-08-22 03:00:00+00:00,Kaneshie Market,11.5
2025-08-22 04:00:00+00:00,Kaneshie Market,15.68
2025-08-22 06:00:00+00:00,Kaneshie Market,35.8
2025-08-22 07:00:00+00:00,Kaneshie Market,33.93
2025-08-22 08:00:00+00:00,Kaneshie Market,33.82
2025-08-22 10:00:00+00:00,Kaneshie Market,24.26
2025-08-22 11:00:00+00:00,Kaneshie Market,22.5
2025-08-22 12:00:00+00:00,Kaneshie Market,18.11
2025-08-22 13:00:00+00:00,Kaneshie Market,23.07
2025-08-22 14:00:00+00:00,Kaneshie Market,23.1
2025-08-22 16:00:00+00:00,Kaneshie Market,18.16
2025-08-22 17:00:00+00:00,Kaneshie Market,27.28
2025-08-22 18:00:00+00:00,Kaneshie Market,31.54
2025-08-22 19:00:00+00:00,Kaneshie Market,28.7
2025-08-22 20:00:00+00:00,Kaneshie Market,26.8
2025-08-22 21:00:00+00:00,Kaneshie Market,35.06
2025-08-22 22:00:00+00:00,Kaneshie Market,22.88
2025-08-22 23:00:00+00:00,Kaneshie Market,23.34
2025-08-23 02:00:00+00:00,Kaneshie Market,16.09
2025-08-23 03:00:00+00:00,Kaneshie Market,16.85
2025-08-23 04:00:00+00:00,Kaneshie Market,24.53
2025-08-23 05:00:00+00:00,Kaneshie Market,41.02
2025-08-23 06:00:00+00:00,Kaneshie Market,36.62
2025-08-23 07:00:00+00:00,Kaneshie Market,44.37
2025-08-23 08:00:00+00:00,Kaneshie Market,43.73
2025-08-23 09:00:00+00:00,Kaneshie Market,31.15
2025-08-23 10:00:00+00:00,Kaneshie Market,27.53
2025-08-23 11:00:00+00:00,Kaneshie Market,19.27
2025-08-23 12:00:00+00:00,Kaneshie Market,17.78
2025-08-23 13:00:00+00:00,Kaneshie Market,22.4
2025-08-23 14:00:00+00:00,Kaneshie Market,24.85
2025-08-23 15:00:00+00:00,Kaneshie Market,29.94
2025-08-23 16:00:00+00:00,Kaneshie Market,23.53
2025-08-23 17:00:00+00:00,Kaneshie Market,27.75
2025-08-23 18:00:00+00:00,Kaneshie Market,34.84
2025-08-23 19:00:00+00:00,Kaneshie Market,28.13
2025-08-23 20:00:00+00:00,Kaneshie Market,31.52
2025-08-23 21:00:00+00:00,Kaneshie Market,31.44
2025-08-23 22:00:00+00:00,Kaneshie Market,26.68
2025-08-24 00:00:00+00:00,Kaneshie Market,24.25
2025-08-24 01:00:00+00:00,Kaneshie Market,20.56
2025-08-24 02:00:00+00:00,Kaneshie Market,17.15
2025-08-24 04:00:00+00:00,Kaneshie Market,19.64
2025-08-24 05:00:00+00:00,Kaneshie Market,26.37
2025-08-24 07:00:00+00:00,Kaneshie Market,44.43
2025-08-24 08:00:00+00:00,Kaneshie Market,40.61
2025-08-24 09:00:00+00:00,Kaneshie Market,33.22
2025-08-24 10:00:00+00:00,Kaneshie Market,24.76
2025-08-24 11:00:00+00:00,Kaneshie Market,19.79
2025-08-24 12:00:00+00:00,Kaneshie Market,19.23
2025-08-24 13:00:00+00:00,Kaneshie Market,25.96
2025-08-24 14:00:00+00:00,Kaneshie Market,27.4
2025-08-24 15:00:00+00:00,Kaneshie Market,14.54
2025-08-24 16:00:00+00:00,Kaneshie Market,15.71
2025-08-24 17:00:00+00:00,Kaneshie Market,17.24
2025-08-24 18:00:00+00:00,Kaneshie Market,20.42
2025-08-24 19:00:00+00:00,Kaneshie Market,24.84
2025-08-24 20:00:00+00:00,Kaneshie Market,20.15
2025-08-24 23:00:00+00:00,Kaneshie Market,19.88
2025-08-25 00:00:00+00:00,Kaneshie Market,17.4
2025-08-25 01:00:00+00:00,Kaneshie Market,14.97
2025-08-25 02:00:00+00:00,Kaneshie Market,18.82
2025-08-25 03:00:00+00:00,Kaneshie Market,19.66
2025-08-25 05:00:00+00:00,Kaneshie Market,40.63
2025-08-25 07:00:00+00:00,Kaneshie Market,37.48
2025-08-25 10:00:00+00:00,Kaneshie Market,29.85
2025-08-25 11:00:00+00:00,Kaneshie Market,19.15
2025-08-25 12:00:00+00:00,Kaneshie Market,21.0
2025-08-25 14:00:00+00:00,Kaneshie Market,20.71
2025-08-25 15:00:00+00:00,Kaneshie Market,19.1
2025-08-25 17:00:00+00:00,Kaneshie Market,23.74
2025-08-25 18:00:00+00:00,Kaneshie Market,27.12
2025-08-25 20:00:00+00:00,Kaneshie Market,21.45
2025-08-25 21:00:00+00:00,Kaneshie Market,19.08
2025-08-25 22:00:00+00:00,Kaneshie Market,22.62
2025-08-26 01:00:00+00:00,Kaneshie Market,17.31
2025-08-26 02:00:00+00:00,Kaneshie Market,14.42
2025-08-26 03:00:00+00:00,Kaneshie Market,14.3
2025-08-26 04:00:00+00:00,Kaneshie Market,20.43
2025-08-26 05:00:00+00:00,Kaneshie Market,25.36
2025-08-26 06:00:00+00:00,Kaneshie Market,37.45
2025-08-26 07:00:00+00:00,Kaneshie Market,33.95
2025-08-26 08:00:00+00:00,Kaneshie Market,23.86
2025-08-26 09:00:00+00:00,Kaneshie Market,25.24
2025-08-26 10:00:00+00:00,Kaneshie Market,17.42
2025-08-26 11:00:00+00:00,Kaneshie Market,16.66
2025-08-26 12:00:00+00:00,Kaneshie Market,16.59
2025-08-26 13:00:00+00:00,Kaneshie Market,18.47
2025-08-26 16:00:00+00:00,Kaneshie Market,19.49
2025-08-26 17:00:00+00:00,Kaneshie Market,23.14
2025-08-26 18:00:00+00:00,Kaneshie Market,24.31
2025-08-26 19:00:00+00:00,Kaneshie Market,26.17
2025-08-26 20:00:00+00:00,Kaneshie Market,30.19
2025-08-26 21:00:00+00:00,Kaneshie Market,29.73
2025-08-26 22:00:00+00:00,Kaneshie Market,21.29
2025-08-26 23:00:00+00:00,Kaneshie Market,19.0
2025-08-27 00:00:00+00:00,Kaneshie Market,25.01
2025-08-27 01:00:00+00:00,Kaneshie Market,27.25
2025-08-27 02:00:00+00:00,Kaneshie Market,30.15
2025-08-27 03:00:00+00:00,Kaneshie Market,27.69
2025-08-27 04:00:00+00:00,Kaneshie Market,34.39
2025-08-27 08:00:00+00:00,Kaneshie Market,30.34
2025-08-27 09:00:00+00:00,Kaneshie Market,25.23
2025-08-27 13:00:00+00:00,Kaneshie Market,16.24
2025-08-27 14:00:00+00:00,Kaneshie Market,19.04
2025-08-27 15:00:00+00:00,Kaneshie Market,17.3
2025-08-27 16:00:00+00:00,Kaneshie Market,23.2
2025-08-27 18:00:00+00:00,Kaneshie Market,33.85
2025-08-27 19:00:00+00:00,Kaneshie Market,26.79
2025-08-27 20:00:00+00:00,Kaneshie Market,27.73
2025-08-27 22:00:00+00:00,Kaneshie Market,27.64
2025-08-27 23:00:00+00:00,Kaneshie Market,21.69
2025-08-28 01:00:00+00:00,Kaneshie Market,20.14
2025-08-28 09:00:00+00:00,Kaneshie Market,22.54
2025-08-28 11:00:00+00:00,Kaneshie Market,14.07
2025-08-28 12:00:00+00:00,Kaneshie Market,13.67
2025-08-28 13:00:00+00:00,Kaneshie Market,14.28
2025-08-28 14:00:00+00:00,Kaneshie Market,16.99
2025-08-28 15:00:00+00:00,Kaneshie Market,14.39
2025-08-28 16:00:00+00:00,Kaneshie Market,16.76
2025-08-28 17:00:00+00:00,Kaneshie Market,17.16
2025-08-28 18:00:00+00:00,Kaneshie Market,26.85
2025-08-28 19:00:00+00:00,Kaneshie Market,24.17
2025-08-28 20:00:00+00:00,Kaneshie Market,26.53
2025-08-28 21:00:00+00:00,Kaneshie Market,23.13
2025-08-28 23:00:00+00:00,Kaneshie Market,15.21
2025-08-29 00:00:00+00:00,Kaneshie Market,12.11
2025-08-29 02:00:00+00:00,Kaneshie Market,13.76
2025-08-29 06:00:00+00:00,Kaneshie Market,39.56
2025-08-29 07:00:00+00:00,Kaneshie Market,33.44
2025-08-29 09:00:00+00:00,Kaneshie Market,23.36
2025-08-29 11:00:00+00:00,Kaneshie Market,19.01
2025-08-29 12:00:00+00:00,Kaneshie Market,13.65
2025-08-29 13:00:00+00:00,Kaneshie Market,12.48
2025-08-29 14:00:00+00:00,Kaneshie Market,14.18
2025-08-29 15:00:00+00:00,Kaneshie Market,13.75
2025-08-29 16:00:00+00:00,Kaneshie Market,21.38
2025-08-29 17:00:00+00:00,Kaneshie Market,24.77
2025-08-29 18:00:00+00:00,Kaneshie Market,24.7
2025-08-29 19:00:00+00:00,Kaneshie Market,21.72
2025-08-29 20:00:00+00:00,Kaneshie Market,18.97
2025-08-29 21:00:00+00:00,Kaneshie Market,19.67
2025-08-29 22:00:00+00:00,Kaneshie Market,15.63
2025-08-29 23:00:00+00:00,Kaneshie Market,16.17
2025-08-30 00:00:00+00:00,Kaneshie Market,14.68
2025-08-30 01:00:00+00:00,Kaneshie Market,15.55
2025-08-30 02:00:00+00:00,Kaneshie Market,16.82
2025-08-30 03:00:00+00:00,Kaneshie Market,18.38
2025-08-30 05:00:00+00:00,Kaneshie Market,34.4
2025-08-30 07:00:00+00:00,Kaneshie Market,31.42
2025-08-30 11:00:00+00:00,Kaneshie Market,19.95
2025-08-30 12:00:00+00:00,Kaneshie Market,24.57
2025-08-30 14:00:00+00:00,Kaneshie Market,14.25
2025-08-30 15:00:00+00:00,Kaneshie Market,16.55
2025-08-30 16:00:00+00:00,Kaneshie Market,16.52
2025-08-30 17:00:00+00:00,Kaneshie Market,20.53
2025-08-30 18:00:00+00:00,Kaneshie Market,24.35
2025-08-30 19:00:00+00:00,Kaneshie Market,28.89
2025-08-30 21:00:00+00:00,Kaneshie Market,31.04
2025-08-30 22:00:00+00:00,Kaneshie Market,24.41
2025-08-30 23:00:00+00:00,Kaneshie Market,19.39
2025-08-31 00:00:00+00:00,Kaneshie Market,39.25
2025-08-31 01:00:00+00:00,Kaneshie Market,20.51
2025-08-31 02:00:00+00:00,Kaneshie Market,16.5
2025-08-31 03:00:00+00:00,Kaneshie Market,15.48
2025-08-31 04:00:00+00:00,Kaneshie Market,24.14
2025-08-31 05:00:00+00:00,Kaneshie Market,25.2
2025-08-31 07:00:00+00:00,Kaneshie Market,32.68
2025-08-31 08:00:00+00:00,Kaneshie Market,35.78
2025-08-31 11:00:00+00:00,Kaneshie Market,14.59
2025-08-31 12:00:00+00:00,Kaneshie Market,16.29
2025-08-31 13:00:00+00:00,Kaneshie Market,18.39
2025-08-31 14:00:00+00:00,Kaneshie Market,15.34
2025-08-31 15:00:00+00:00,Kaneshie Market,13.77
2025-08-31 16:00:00+00:00,Kaneshie Market,20.24
2025-08-31 17:00:00+00:00,Kaneshie Market,24.75
2025-08-31 18:00:00+00:00,Kaneshie Market,24.57
2025-08-31 19:00:00+00:00,Kaneshie Market,32.89
2025-08-31 20:00:00+00:00,Kaneshie Market,19.3
2025-08-31 21:00:00+00:00,Kaneshie Market,22.28
2025-08-31 22:00:00+00:00,Kaneshie Market,20.53
2025-08-31 23:00:00+00:00,Kaneshie Market,17.02
2025-08-01 00:00:00+00:00,Kwashieman,10.7
2025-08-01 01:00:00+00:00,Kwashieman,11.4
2025-08-01 02:00:00+00:00,Kwashieman,10.38
2025-08-01 03:00:00+00:00,Kwashieman,11.4
2025-08-01 04:00:00+00:00,Kwashieman,13.94
2025-08-01 05:00:00+00:00,Kwashieman,31.9
2025-08-01 06:00:00+00:00,Kwashieman,25.99
2025-08-01 07:00:00+00:00,Kwashieman,26.53
2025-08-01 08:00:00+00:00,Kwashieman,24.75
2025-08-01 09:00:00+00:00,Kwashieman,16.34
2025-08-01 10:00:00+00:00,Kwashieman,17.42
2025-08-01 11:00:00+00:00,Kwashieman,21.88
2025-08-01 12:00:00+00:00,Kwashieman,14.79
2025-08-01 13:00:00+00:00,Kwashieman,14.08
2025-08-01 14:00:00+00:00,Kwashieman,12.76
2025-08-01 15:00:00+00:00,Kwashieman,14.26
2025-08-01 16:00:00+00:00,Kwashieman,22.13
2025-08-01 17:00:00+00:00,Kwashieman,22.52
2025-08-01 18:00:00+00:00,Kwashieman,23.26
2025-08-01 19:00:00+00:00,Kwashieman,27.69
2025-08-01 20:00:00+00:00,Kwashieman,25.27
2025-08-01 21:00:00+00:00,Kwashieman,31.13
2025-08-01 22:00:00+00:00,Kwashieman,27.86
2025-08-01 23:00:00+00:00,Kwashieman,24.63
2025-08-02 01:00:00+00:00,Kwashieman,18.45
2025-08-02 02:00:00+00:00,Kwashieman,15.78
2025-08-02 03:00:00+00:00,Kwashieman,19.8
2025-08-02 04:00:00+00:00,Kwashieman,29.17
2025-08-02 05:00:00+00:00,Kwashieman,26.45
2025-08-02 07:00:00+00:00,Kwashieman,25.35
2025-08-02 10:00:00+00:00,Kwashieman,12.89
2025-08-02 11:00:00+00:00,Kwashieman,15.58
2025-08-02 12:00:00+00:00,Kwashieman,12.42
2025-08-02 13:00:00+00:00,Kwashieman,12.54
2025-08-02 14:00:00+00:00,Kwashieman,10.83
2025-08-02 15:00:00+00:00,Kwashieman,19.22
2025-08-02 16:00:00+00:00,Kwashieman,23.5
2025-08-02 17:00:00+00:00,Kwashieman,33.77
2025-08-02 18:00:00+00:00,Kwashieman,38.83
2025-08-02 19:00:00+00:00,Kwashieman,36.15
2025-08-02 20:00:00+00:00,Kwashieman,31.3
2025-08-02 21:00:00+00:00,Kwashieman,25.94
2025-08-02 22:00:00+00:00,Kwashieman,21.02
2025-08-02 23:00:00+00:00,Kwashieman,18.04
2025-08-03 00:00:00+00:00,Kwashieman,14.97
2025-08-03 02:00:00+00:00,Kwashieman,11.11
2025-08-03 03:00:00+00:00,Kwashieman,12.66
2025-08-03 04:00:00+00:00,Kwashieman,12.89
2025-08-03 10:00:00+00:00,Kwashieman,12.54
2025-08-03 11:00:00+00:00,Kwashieman,15.6
2025-08-03 12:00:00+00:00,Kwashieman,11.98
2025-08-03 13:00:00+00:00,Kwashieman,15.63
2025-08-03 14:00:00+00:00,Kwashieman,15.71
2025-08-03 15:00:00+00:00,Kwashieman,16.52
2025-08-03 16:00:00+00:00,Kwashieman,14.71
2025-08-03 17:00:00+00:00,Kwashieman,21.94
2025-08-03 18:00:00+00:00,Kwashieman,25.94
2025-08-03 20:00:00+00:00,Kwashieman,28.35
2025-08-03 21:00:00+00:00,Kwashieman,26.85
2025-08-04 00:00:00+00:00,Kwashieman,11.0
2025-08-04 01:00:00+00:00,Kwashieman,17.88
2025-08-04 02:00:00+00:00,Kwashieman,10.95
2025-08-04 08:00:00+00:00,Kwashieman,32.75
2025-08-04 09:00:00+00:00,Kwashieman,27.08
2025-08-04 10:00:00+00:00,Kwashieman,23.98
2025-08-04 11:00:00+00:00,Kwashieman,25.96
2025-08-04 12:00:00+00:00,Kwashieman,24.45
2025-08-04 13:00:00+00:00,Kwashieman,21.14
2025-08-04 14:00:00+00:00,Kwashieman,18.71
2025-08-04 16:00:00+00:00,Kwashieman,23.14
2025-08-04 17:00:00+00:00,Kwashieman,35.53
2025-08-04 18:00:00+00:00,Kwashieman,40.87
2025-08-04 19:00:00+00:00,Kwashieman,43.3
2025-08-04 20:00:00+00:00,Kwashieman,32.62
2025-08-04 21:00:00+00:00,Kwashieman,26.34
2025-08-04 22:00:00+00:00,Kwashieman,20.3
2025-08-04 23:00:00+00:00,Kwashieman,25.99
2025-08-05 01:00:00+00:00,Kwashieman,10.65
2025-08-05 02:00:00+00:00,Kwashieman,11.43
2025-08-05 03:00:00+00:00,Kwashieman,17.89
2025-08-05 04:00:00+00:00,Kwashieman,19.88
2025-08-05 05:00:00+00:00,Kwashieman,25.88
2025-08-05 06:00:00+00:00,Kwashieman,29.96
2025-08-05 07:00:00+00:00,Kwashieman,31.07
2025-08-05 08:00:00+00:00,Kwashieman,31.5
2025-08-05 09:00:00+00:00,Kwashieman,27.12
2025-08-05 10:00:00+00:00,Kwashieman,19.04
2025-08-05 13:00:00+00:00,Kwashieman,13.47
2025-08-05 14:00:00+00:00,Kwashieman,13.91
2025-08-05 15:00:00+00:00,Kwashieman,13.56
2025-08-05 16:00:00+00:00,Kwashieman,16.59
2025-08-05 17:00:00+00:00,Kwashieman,31.43
2025-08-05 18:00:00+00:00,Kwashieman,27.0
2025-08-05 19:00:00+00:00,Kwashieman,31.09
2025-08-05 20:00:00+00:00,Kwashieman,33.74
2025-08-05 21:00:00+00:00,Kwashieman,23.06
2025-08-05 22:00:00+00:00,Kwashieman,22.15
2025-08-05 23:00:00+00:00,Kwashieman,22.35
2025-08-06 00:00:00+00:00,Kwashieman,20.3
2025-08-06 01:00:00+00:00,Kwashieman,8.35
2025-08-06 02:00:00+00:00,Kwashieman,8.29
2025-08-06 03:00:00+00:00,Kwashieman,9.26
2025-08-06 04:00:00+00:00,Kwashieman,16.32
2025-08-06 07:00:00+00:00,Kwashieman,37.05
2025-08-06 08:00:00+00:00,Kwashieman,34.62
2025-08-06 09:00:00+00:00,Kwashieman,34.3
2025-08-06 10:00:00+00:00,Kwashieman,23.31
2025-08-06 11:00:00+00:00,Kwashieman,19.32
2025-08-06 12:00:00+00:00,Kwashieman,18.34
2025-08-06 13:00:00+00:00,Kwashieman,17.88
2025-08-06 14:00:00+00:00,Kwashieman,18.57
2025-08-06 15:00:00+00:00,Kwashieman,22.38
2025-08-06 16:00:00+00:00,Kwashieman,23.67
2025-08-06 17:00:00+00:00,Kwashieman,25.49
2025-08-06 18:00:00+00:00,Kwashieman,26.39
2025-08-06 19:00:00+00:00,Kwashieman,27.13
2025-08-06 20:00:00+00:00,Kwashieman,27.79
2025-08-06 21:00:00+00:00,Kwashieman,28.9
2025-08-06 23:00:00+00:00,Kwashieman,28.21
2025-08-07 01:00:00+00:00,Kwashieman,29.23
2025-08-07 02:00:00+00:00,Kwashieman,30.67
2025-08-07 03:00:00+00:00,Kwashieman,27.15
2025-08-07 04:00:00+00:00,Kwashieman,26.1
2025-08-07 05:00:00+00:00,Kwashieman,25.19
2025-08-07 06:00:00+00:00,Kwashieman,36.94
2025-08-07 07:00:00+00:00,Kwashieman,35.0
2025-08-07 08:00:00+00:00,Kwashieman,34.42
2025-08-07 09:00:00+00:00,Kwashieman,26.91
2025-08-07 10:00:00+00:00,Kwashieman,24.21
2025-08-07 11:00:00+00:00,Kwashieman,22.13
2025-08-07 12:00:00+00:00,Kwashieman,22.32
2025-08-07 13:00:00+00:00,Kwashieman,21.48
2025-08-07 14:00:00+00:00,Kwashieman,20.38
2025-08-07 15:00:00+00:00,Kwashieman,19.68
2025-08-07 16:00:00+00:00,Kwashieman,21.46
2025-08-07 17:00:00+00:00,Kwashieman,21.6
2025-08-07 18:00:00+00:00,Kwashieman,23.1
2025-08-07 19:00:00+00:00,Kwashieman,22.42
2025-08-07 20:00:00+00:00,Kwashieman,20.14
2025-08-07 21:00:00+00:00,Kwashieman,19.38
2025-08-07 22:00:00+00:00,Kwashieman,17.75
2025-08-07 23:00:00+00:00,Kwashieman,18.42
2025-08-08 00:00:00+00:00,Kwashieman,17.18
2025-08-08 02:00:00+00:00,Kwashieman,18.88
2025-08-08 03:00:00+00:00,Kwashieman,18.92
2025-08-08 04:00:00+00:00,Kwashieman,26.79
2025-08-08 07:00:00+00:00,Kwashieman,29.38
2025-08-08 08:00:00+00:00,Kwashieman,32.55
2025-08-08 09:00:00+00:00,Kwashieman,27.91
2025-08-08 10:00:00+00:00,Kwashieman,23.98
2025-08-08 11:00:00+00:00,Kwashieman,22.68
2025-08-08 12:00:00+00:00,Kwashieman,19.69
2025-08-08 13:00:00+00:00,Kwashieman,19.56
2025-08-08 14:00:00+00:00,Kwashieman,21.37
2025-08-08 15:00:00+00:00,Kwashieman,20.44
2025-08-08 16:00:00+00:00,Kwashieman,19.93
2025-08-08 17:00:00+00:00,Kwashieman,22.84
2025-08-08 18:00:00+00:00,Kwashieman,25.32
2025-08-08 19:00:00+00:00,Kwashieman,27.42
2025-08-08 20:00:00+00:00,Kwashieman,23.77
2025-08-08 21:00:00+00:00,Kwashieman,21.12
2025-08-08 22:00:00+00:00,Kwashieman,23.8
2025-08-09 00:00:00+00:00,Kwashieman,13.48
2025-08-09 01:00:00+00:00,Kwashieman,15.25
2025-08-09 03:00:00+00:00,Kwashieman,14.96
2025-08-09 04:00:00+00:00,Kwashieman,23.4
2025-08-09 05:00:00+00:00,Kwashieman,25.17
2025-08-09 06:00:00+00:00,Kwashieman,28.08
2025-08-09 07:00:00+00:00,Kwashieman,35.38
2025-08-09 08:00:00+00:00,Kwashieman,33.08
2025-08-09 09:00:00+00:00,Kwashieman,30.11
2025-08-09 10:00:00+00:00,Kwashieman,18.79
2025-08-09 11:00:00+00:00,Kwashieman,20.59
2025-08-09 12:00:00+00:00,Kwashieman,15.68
2025-08-09 13:00:00+00:00,Kwashieman,13.81
2025-08-09 14:00:00+00:00,Kwashieman,26.44
2025-08-09 15:00:00+00:00,Kwashieman,16.7
2025-08-09 16:00:00+00:00,Kwashieman,17.63
2025-08-09 17:00:00+00:00,Kwashieman,23.49
2025-08-09 18:00:00+00:00,Kwashieman,20.8
2025-08-09 19:00:00+00:00,Kwashieman,27.54
2025-08-09 20:00:00+00:00,Kwashieman,33.32
2025-08-09 21:00:00+00:00,Kwashieman,37.67
2025-08-09 22:00:00+00:00,Kwashieman,34.24
2025-08-10 00:00:00+00:00,Kwashieman,23.52
2025-08-10 02:00:00+00:00,Kwashieman,15.07
2025-08-10 03:00:00+00:00,Kwashieman,18.51
2025-08-10 04:00:00+00:00,Kwashieman,22.53
2025-08-10 05:00:00+00:00,Kwashieman,29.06
2025-08-10 06:00:00+00:00,Kwashieman,37.06
2025-08-10 07:00:00+00:00,Kwashieman,30.68
2025-08-10 08:00:00+00:00,Kwashieman,36.3
2025-08-10 09:00:00+00:00,Kwashieman,19.03
2025-08-10 10:00:00+00:00,Kwashieman,13.64
2025-08-10 11:00:00+00:00,Kwashieman,10.62
2025-08-10 12:00:00+00:00,Kwashieman,8.72
2025-08-10 13:00:00+00:00,Kwashieman,7.79
2025-08-10 14:00:00+00:00,Kwashieman,7.25
2025-08-10 15:00:00+00:00,Kwashieman,8.67
2025-08-10 16:00:00+00:00,Kwashieman,9.23
2025-08-10 17:00:00+00:00,Kwashieman,12.86
2025-08-10 18:00:00+00:00,Kwashieman,12.12
2025-08-10 19:00:00+00:00,Kwashieman,19.38
2025-08-10 20:00:00+00:00,Kwashieman,16.27
2025-08-10 21:00:00+00:00,Kwashieman,13.91
2025-08-10 22:00:00+00:00,Kwashieman,11.71
2025-08-11 03:00:00+00:00,Kwashieman,15.21
2025-08-11 04:00:00+00:00,Kwashieman,12.47
2025-08-11 05:00:00+00:00,Kwashieman,20.96
2025-08-11 06:00:00+00:00,Kwashieman,26.96
2025-08-11 07:00:00+00:00,Kwashieman,26.67
2025-08-11 08:00:00+00:00,Kwashieman,11.58
2025-08-11 09:00:00+00:00,Kwashieman,10.02
2025-08-11 10:00:00+00:00,Kwashieman,11.63
2025-08-11 11:00:00+00:00,Kwashieman,9.75
2025-08-11 12:00:00+00:00,Kwashieman,7.43
2025-08-11 13:00:00+00:00,Kwashieman,8.43
2025-08-11 14:00:00+00:00,Kwashieman,8.14
2025-08-11 15:00:00+00:00,Kwashieman,7.98
2025-08-11 16:00:00+00:00,Kwashieman,8.67
2025-08-11 17:00:00+00:00,Kwashieman,10.54
2025-08-11 18:00:00+00:00,Kwashieman,13.92
2025-08-11 19:00:00+00:00,Kwashieman,10.38
2025-08-11 20:00:00+00:00,Kwashieman,15.62
2025-08-11 21:00:00+00:00,Kwashieman,10.19
2025-08-11 22:00:00+00:00,Kwashieman,30.41
2025-08-11 23:00:00+00:00,Kwashieman,16.53
2025-08-12 00:00:00+00:00,Kwashieman,6.74
2025-08-12 01:00:00+00:00,Kwashieman,7.09
2025-08-12 03:00:00+00:00,Kwashieman,5.45
2025-08-12 05:00:00+00:00,Kwashieman,9.15
2025-08-12 06:00:00+00:00,Kwashieman,19.1
2025-08-12 07:00:00+00:00,Kwashieman,18.24
2025-08-12 08:00:00+00:00,Kwashieman,15.53
2025-08-12 09:00:00+00:00,Kwashieman,8.83
2025-08-12 10:00:00+00:00,Kwashieman,12.86
2025-08-12 11:00:00+00:00,Kwashieman,10.57
2025-08-12 12:00:00+00:00,Kwashieman,8.88
2025-08-12 13:00:00+00:00,Kwashieman,7.86
2025-08-12 14:00:00+00:00,Kwashieman,7.17
2025-08-12 15:00:00+00:00,Kwashieman,6.69
2025-08-12 16:00:00+00:00,Kwashieman,7.44
2025-08-12 17:00:00+00:00,Kwashieman,9.75
2025-08-12 18:00:00+00:00,Kwashieman,11.89
2025-08-12 19:00:00+00:00,Kwashieman,12.04
2025-08-12 20:00:00+00:00,Kwashieman,9.37
2025-08-12 21:00:00+00:00,Kwashieman,8.98
2025-08-12 22:00:00+00:00,Kwashieman,6.37
2025-08-12 23:00:00+00:00,Kwashieman,8.63
2025-08-13 00:00:00+00:00,Kwashieman,7.95
2025-08-13 01:00:00+00:00,Kwashieman,4.99
2025-08-13 02:00:00+00:00,Kwashieman,4.84
2025-08-13 03:00:00+00:00,Kwashieman,7.16
2025-08-13 04:00:00+00:00,Kwashieman,30.18
2025-08-13 05:00:00+00:00,Kwashieman,17.9
2025-08-13 06:00:00+00:00,Kwashieman,13.55
2025-08-13 07:00:00+00:00,Kwashieman,13.36
2025-08-13 08:00:00+00:00,Kwashieman,8.54
2025-08-13 09:00:00+00:00,Kwashieman,9.38
2025-08-13 10:00:00+00:00,Kwashieman,8.58
2025-08-13 11:00:00+00:00,Kwashieman,7.23
2025-08-13 12:00:00+00:00,Kwashieman,7.0
2025-08-13 13:00:00+00:00,Kwashieman,6.85
2025-08-13 14:00:00+00:00,Kwashieman,7.6
2025-08-13 15:00:00+00:00,Kwashieman,8.52
2025-08-13 16:00:00+00:00,Kwashieman,8.86
2025-08-13 17:00:00+00:00,Kwashieman,10.31
2025-08-13 18:00:00+00:00,Kwashieman,8.56
2025-08-13 19:00:00+00:00,Kwashieman,9.35
2025-08-13 20:00:00+00:00,Kwashieman,10.2
2025-08-13 22:00:00+00:00,Kwashieman,6.28
2025-08-13 23:00:00+00:00,Kwashieman,5.47
2025-08-14 00:00:00+00:00,Kwashieman,5.32
2025-08-14 01:00:00+00:00,Kwashieman,5.56
2025-08-14 02:00:00+00:00,Kwashieman,9.35
2025-08-14 03:00:00+00:00,Kwashieman,5.74
2025-08-14 04:00:00+00:00,Kwashieman,7.56
2025-08-14 05:00:00+00:00,Kwashieman,14.19
2025-08-14 06:00:00+00:00,Kwashieman,17.19
2025-08-14 07:00:00+00:00,Kwashieman,16.45
2025-08-14 08:00:00+00:00,Kwashieman,9.31
2025-08-14 09:00:00+00:00,Kwashieman,10.38
2025-08-14 10:00:00+00:00,Kwashieman,7.24
2025-08-14 11:00:00+00:00,Kwashieman,7.68
2025-08-14 12:00:00+00:00,Kwashieman,6.7
2025-08-14 13:00:00+00:00,Kwashieman,6.57
2025-08-14 14:00:00+00:00,Kwashieman,7.08
2025-08-14 15:00:00+00:00,Kwashieman,7.18
2025-08-14 16:00:00+00:00,Kwashieman,10.67
2025-08-14 17:00:00+00:00,Kwashieman,9.33
2025-08-14 18:00:00+00:00,Kwashieman,11.62
2025-08-14 19:00:00+00:00,Kwashieman,11.22
2025-08-14 20:00:00+00:00,Kwashieman,10.61
2025-08-14 21:00:00+00:00,Kwashieman,66.93
2025-08-14 22:00:00+00:00,Kwashieman,32.98
2025-08-14 23:00:00+00:00,Kwashieman,10.01
2025-08-15 00:00:00+00:00,Kwashieman,11.49
2025-08-15 02:00:00+00:00,Kwashieman,7.65
2025-08-15 03:00:00+00:00,Kwashieman,10.11
2025-08-15 04:00:00+00:00,Kwashieman,17.92
2025-08-15 05:00:00+00:00,Kwashieman,36.79
2025-08-15 06:00:00+00:00,Kwashieman,43.66
2025-08-15 07:00:00+00:00,Kwashieman,28.55
2025-08-15 08:00:00+00:00,Kwashieman,11.96
2025-08-15 09:00:00+00:00,Kwashieman,9.81
2025-08-15 10:00:00+00:00,Kwashieman,8.28
2025-08-15 11:00:00+00:00,Kwashieman,7.6
2025-08-15 12:00:00+00:00,Kwashieman,10.24
2025-08-15 13:00:00+00:00,Kwashieman,11.75
2025-08-15 14:00:00+00:00,Kwashieman,11.92
2025-08-15 15:00:00+00:00,Kwashieman,11.72
2025-08-15 16:00:00+00:00,Kwashieman,14.82
2025-08-15 17:00:00+00:00,Kwashieman,19.76
2025-08-15 18:00:00+00:00,Kwashieman,23.64
2025-08-15 19:00:00+00:00,Kwashieman,15.62
2025-08-15 20:00:00+00:00,Kwashieman,13.54
2025-08-15 21:00:00+00:00,Kwashieman,11.55
2025-08-15 22:00:00+00:00,Kwashieman,16.59
2025-08-16 02:00:00+00:00,Kwashieman,8.04
2025-08-16 03:00:00+00:00,Kwashieman,6.76
2025-08-16 05:00:00+00:00,Kwashieman,17.47
2025-08-16 06:00:00+00:00,Kwashieman,19.8
2025-08-16 07:00:00+00:00,Kwashieman,29.64
2025-08-16 08:00:00+00:00,Kwashieman,23.46
2025-08-16 09:00:00+00:00,Kwashieman,16.13
2025-08-16 10:00:00+00:00,Kwashieman,15.91
2025-08-16 11:00:00+00:00,Kwashieman,21.18
2025-08-16 12:00:00+00:00,Kwashieman,18.05
2025-08-16 13:00:00+00:00,Kwashieman,19.01
2025-08-16 14:00:00+00:00,Kwashieman,12.76
2025-08-16 15:00:00+00:00,Kwashieman,9.75
2025-08-16 16:00:00+00:00,Kwashieman,15.37
2025-08-16 17:00:00+00:00,Kwashieman,25.17
2025-08-16 18:00:00+00:00,Kwashieman,51.24
2025-08-16 19:00:00+00:00,Kwashieman,23.93
2025-08-16 20:00:00+00:00,Kwashieman,17.0
2025-08-16 21:00:00+00:00,Kwashieman,12.92
2025-08-17 00:00:00+00:00,Kwashieman,11.16
2025-08-17 01:00:00+00:00,Kwashieman,10.38
2025-08-17 02:00:00+00:00,Kwashieman,8.27
2025-08-17 03:00:00+00:00,Kwashieman,6.81
2025-08-17 04:00:00+00:00,Kwashieman,8.75
2025-08-17 05:00:00+00:00,Kwashieman,16.86
2025-08-17 06:00:00+00:00,Kwashieman,14.73
2025-08-17 07:00:00+00:00,Kwashieman,13.99
2025-08-17 08:00:00+00:00,Kwashieman,11.48
2025-08-17 09:00:00+00:00,Kwashieman,14.13
2025-08-17 10:00:00+00:00,Kwashieman,9.34
2025-08-17 11:00:00+00:00,Kwashieman,7.52
2025-08-17 12:00:00+00:00,Kwashieman,7.83
2025-08-17 13:00:00+00:00,Kwashieman,9.08
2025-08-17 14:00:00+00:00,Kwashieman,10.07
2025-08-17 15:00:00+00:00,Kwashieman,11.06
2025-08-17 16:00:00+00:00,Kwashieman,13.24
2025-08-17 17:00:00+00:00,Kwashieman,15.89
2025-08-17 18:00:00+00:00,Kwashieman,20.29
2025-08-17 19:00:00+00:00,Kwashieman,22.66
2025-08-17 20:00:00+00:00,Kwashieman,17.1
2025-08-17 21:00:00+00:00,Kwashieman,15.89
2025-08-17 23:00:00+00:00,Kwashieman,16.0
2025-08-18 00:00:00+00:00,Kwashieman,24.12
2025-08-18 02:00:00+00:00,Kwashieman,12.48
2025-08-18 03:00:00+00:00,Kwashieman,9.66
2025-08-18 05:00:00+00:00,Kwashieman,18.59
2025-08-18 06:00:00+00:00,Kwashieman,18.92
2025-08-18 07:00:00+00:00,Kwashieman,20.93
2025-08-18 11:00:00+00:00,Kwashieman,9.74
2025-08-18 12:00:00+00:00,Kwashieman,7.73
2025-08-18 13:00:00+00:00,Kwashieman,9.32
2025-08-18 14:00:00+00:00,Kwashieman,8.53
2025-08-18 15:00:00+00:00,Kwashieman,8.64
2025-08-18 19:00:00+00:00,Kwashieman,15.44
2025-08-18 20:00:00+00:00,Kwashieman,13.77
2025-08-18 21:00:00+00:00,Kwashieman,9.98
2025-08-18 22:00:00+00:00,Kwashieman,9.67
2025-08-19 01:00:00+00:00,Kwashieman,9.14
2025-08-19 02:00:00+00:00,Kwashieman,9.04
2025-08-19 03:00:00+00:00,Kwashieman,9.5
2025-08-19 05:00:00+00:00,Kwashieman,32.68
2025-08-19 06:00:00+00:00,Kwashieman,23.84
2025-08-19 07:00:00+00:00,Kwashieman,29.19
2025-08-19 08:00:00+00:00,Kwashieman,20.38
2025-08-19 09:00:00+00:00,Kwashieman,15.31
2025-08-19 10:00:00+00:00,Kwashieman,16.82
2025-08-19 11:00:00+00:00,Kwashieman,11.18
2025-08-19 12:00:00+00:00,Kwashieman,9.27
2025-08-19 13:00:00+00:00,Kwashieman,9.86
2025-08-19 14:00:00+00:00,Kwashieman,9.03
2025-08-19 15:00:00+00:00,Kwashieman,10.9
2025-08-19 16:00:00+00:00,Kwashieman,9.95
2025-08-19 17:00:00+00:00,Kwashieman,12.31
2025-08-19 18:00:00+00:00,Kwashieman,17.48
2025-08-19 19:00:00+00:00,Kwashieman,14.45
2025-08-19 20:00:00+00:00,Kwashieman,12.81
2025-08-19 21:00:00+00:00,Kwashieman,12.52
2025-08-19 22:00:00+00:00,Kwashieman,13.23
2025-08-19 23:00:00+00:00,Kwashieman,19.53
2025-08-20 00:00:00+00:00,Kwashieman,15.4
2025-08-20 01:00:00+00:00,Kwashieman,11.4
2025-08-20 02:00:00+00:00,Kwashieman,11.42
2025-08-20 03:00:00+00:00,Kwashieman,10.58
2025-08-20 04:00:00+00:00,Kwashieman,27.44
2025-08-20 05:00:00+00:00,Kwashieman,21.37
2025-08-20 06:00:00+00:00,Kwashieman,29.81
2025-08-20 07:00:00+00:00,Kwashieman,27.89
2025-08-20 08:00:00+00:00,Kwashieman,19.73
2025-08-20 09:00:00+00:00,Kwashieman,16.37
2025-08-20 10:00:00+00:00,Kwashieman,10.91
2025-08-20 11:00:00+00:00,Kwashieman,10.79
2025-08-20 12:00:00+00:00,Kwashieman,8.52
2025-08-20 13:00:00+00:00,Kwashieman,10.7
2025-08-20 14:00:00+00:00,Kwashieman,11.01
2025-08-20 15:00:00+00:00,Kwashieman,11.11
2025-08-20 16:00:00+00:00,Kwashieman,12.96
2025-08-20 17:00:00+00:00,Kwashieman,17.3
2025-08-20 18:00:00+00:00,Kwashieman,16.23
2025-08-20 19:00:00+00:00,Kwashieman,15.52
2025-08-20 20:00:00+00:00,Kwashieman,11.6
2025-08-20 21:00:00+00:00,Kwashieman,11.66
2025-08-20 22:00:00+00:00,Kwashieman,12.2
2025-08-20 23:00:00+00:00,Kwashieman,11.18
2025-08-21 00:00:00+00:00,Kwashieman,14.07
2025-08-21 01:00:00+00:00,Kwashieman,9.69
2025-08-21 02:00:00+00:00,Kwashieman,8.69
2025-08-21 03:00:00+00:00,Kwashieman,8.5
2025-08-21 04:00:00+00:00,Kwashieman,10.06
2025-08-21 05:00:00+00:00,Kwashieman,15.08
2025-08-21 07:00:00+00:00,Kwashieman,24.07
2025-08-21 09:00:00+00:00,Kwashieman,16.82
2025-08-21 10:00:00+00:00,Kwashieman,13.59
2025-08-21 11:00:00+00:00,Kwashieman,14.28
2025-08-21 12:00:00+00:00,Kwashieman,10.59
2025-08-21 13:00:00+00:00,Kwashieman,12.55
2025-08-21 14:00:00+00:00,Kwashieman,11.97
2025-08-21 15:00:00+00:00,Kwashieman,12.01
2025-08-21 16:00:00+00:00,Kwashieman,10.89
2025-08-21 17:00:00+00:00,Kwashieman,11.2
2025-08-21 18:00:00+00:00,Kwashieman,13.66
2025-08-21 19:00:00+00:00,Kwashieman,11.98
2025-08-21 20:00:00+00:00,Kwashieman,10.22
2025-08-21 21:00:00+00:00,Kwashieman,8.9
2025-08-21 22:00:00+00:00,Kwashieman,9.55
2025-08-21 23:00:00+00:00,Kwashieman,9.34
2025-08-22 00:00:00+00:00,Kwashieman,10.03
2025-08-22 02:00:00+00:00,Kwashieman,8.48
2025-08-22 03:00:00+00:00,Kwashieman,8.77
2025-08-22 04:00:00+00:00,Kwashieman,11.25
2025-08-22 05:00:00+00:00,Kwashieman,12.81
2025-08-22 06:00:00+00:00,Kwashieman,22.07
2025-08-22 07:00:00+00:00,Kwashieman,14.91
2025-08-22 08:00:00+00:00,Kwashieman,17.88
2025-08-22 10:00:00+00:00,Kwashieman,14.1
2025-08-22 11:00:00+00:00,Kwashieman,18.3
2025-08-22 12:00:00+00:00,Kwashieman,17.34
2025-08-22 13:00:00+00:00,Kwashieman,15.38
2025-08-22 14:00:00+00:00,Kwashieman,18.04
2025-08-22 15:00:00+00:00,Kwashieman,14.92
2025-08-22 16:00:00+00:00,Kwashieman,19.71
2025-08-22 17:00:00+00:00,Kwashieman,25.92
2025-08-22 18:00:00+00:00,Kwashieman,25.86
2025-08-22 19:00:00+00:00,Kwashieman,35.53
2025-08-22 20:00:00+00:00,Kwashieman,21.62
2025-08-22 21:00:00+00:00,Kwashieman,21.68
2025-08-22 22:00:00+00:00,Kwashieman,27.08
2025-08-22 23:00:00+00:00,Kwashieman,33.43
2025-08-23 02:00:00+00:00,Kwashieman,18.28
2025-08-23 03:00:00+00:00,Kwashieman,17.56
2025-08-23 04:00:00+00:00,Kwashieman,22.27
2025-08-23 05:00:00+00:00,Kwashieman,20.47
2025-08-23 06:00:00+00:00,Kwashieman,26.95
2025-08-23 07:00:00+00:00,Kwashieman,29.74
2025-08-23 08:00:00+00:00,Kwashieman,30.12
2025-08-23 10:00:00+00:00,Kwashieman,23.1
2025-08-23 11:00:00+00:00,Kwashieman,20.08
2025-08-23 12:00:00+00:00,Kwashieman,16.37
2025-08-23 13:00:00+00:00,Kwashieman,15.45
2025-08-23 14:00:00+00:00,Kwashieman,18.74
2025-08-23 15:00:00+00:00,Kwashieman,18.54
2025-08-23 16:00:00+00:00,Kwashieman,20.44
2025-08-23 17:00:00+00:00,Kwashieman,15.41
2025-08-23 18:00:00+00:00,Kwashieman,18.14
2025-08-23 19:00:00+00:00,Kwashieman,20.01
2025-08-23 20:00:00+00:00,Kwashieman,23.37
2025-08-23 21:00:00+00:00,Kwashieman,22.95
2025-08-23 22:00:00+00:00,Kwashieman,23.42
2025-08-23 23:00:00+00:00,Kwashieman,20.25
2025-08-24 00:00:00+00:00,Kwashieman,14.96
2025-08-24 01:00:00+00:00,Kwashieman,13.36
2025-08-24 02:00:00+00:00,Kwashieman,11.98
2025-08-24 04:00:00+00:00,Kwashieman,13.52
2025-08-24 05:00:00+00:00,Kwashieman,20.24
2025-08-24 07:00:00+00:00,Kwashieman,29.49
2025-08-24 08:00:00+00:00,Kwashieman,27.17
2025-08-24 09:00:00+00:00,Kwashieman,19.88
2025-08-24 10:00:00+00:00,Kwashieman,18.98
2025-08-24 11:00:00+00:00,Kwashieman,17.5
2025-08-24 12:00:00+00:00,Kwashieman,17.15
2025-08-24 13:00:00+00:00,Kwashieman,14.81
2025-08-24 14:00:00+00:00,Kwashieman,12.93
2025-08-24 15:00:00+00:00,Kwashieman,12.15
2025-08-24 16:00:00+00:00,Kwashieman,11.36
2025-08-24 17:00:00+00:00,Kwashieman,13.3
2025-08-24 18:00:00+00:00,Kwashieman,20.31
2025-08-24 19:00:00+00:00,Kwashieman,33.07
2025-08-24 20:00:00+00:00,Kwashieman,13.12
2025-08-24 21:00:00+00:00,Kwashieman,10.25
2025-08-24 23:00:00+00:00,Kwashieman,12.32
2025-08-25 00:00:00+00:00,Kwashieman,11.7
2025-08-25 01:00:00+00:00,Kwashieman,10.85
2025-08-25 02:00:00+00:00,Kwashieman,12.02
2025-08-25 03:00:00+00:00,Kwashieman,13.54
2025-08-25 04:00:00+00:00,Kwashieman,10.96
2025-08-25 05:00:00+00:00,Kwashieman,20.86
2025-08-25 07:00:00+00:00,Kwashieman,22.88
2025-08-25 08:00:00+00:00,Kwashieman,23.48
2025-08-25 10:00:00+00:00,Kwashieman,14.68
2025-08-25 11:00:00+00:00,Kwashieman,12.38
2025-08-25 12:00:00+00:00,Kwashieman,12.12
2025-08-25 13:00:00+00:00,Kwashieman,14.58
2025-08-25 14:00:00+00:00,Kwashieman,14.97
2025-08-25 15:00:00+00:00,Kwashieman,12.94
2025-08-25 17:00:00+00:00,Kwashieman,21.35
2025-08-25 18:00:00+00:00,Kwashieman,28.73
2025-08-25 19:00:00+00:00,Kwashieman,34.42
2025-08-25 20:00:00+00:00,Kwashieman,21.98
2025-08-25 21:00:00+00:00,Kwashieman,11.78
2025-08-25 22:00:00+00:00,Kwashieman,9.98
2025-08-26 01:00:00+00:00,Kwashieman,11.23
2025-08-26 02:00:00+00:00,Kwashieman,12.72
2025-08-26 03:00:00+00:00,Kwashieman,9.12
2025-08-26 04:00:00+00:00,Kwashieman,14.03
2025-08-26 06:00:00+00:00,Kwashieman,27.07
2025-08-26 07:00:00+00:00,Kwashieman,21.53
2025-08-26 08:00:00+00:00,Kwashieman,17.08
2025-08-26 09:00:00+00:00,Kwashieman,14.98
2025-08-26 10:00:00+00:00,Kwashieman,10.56
2025-08-26 11:00:00+00:00,Kwashieman,11.69
2025-08-26 12:00:00+00:00,Kwashieman,11.33
2025-08-26 13:00:00+00:00,Kwashieman,11.1
2025-08-26 16:00:00+00:00,Kwashieman,14.68
2025-08-26 17:00:00+00:00,Kwashieman,16.24
2025-08-26 18:00:00+00:00,Kwashieman,16.52
2025-08-26 19:00:00+00:00,Kwashieman,16.63
2025-08-26 20:00:00+00:00,Kwashieman,15.81
2025-08-26 21:00:00+00:00,Kwashieman,17.63
2025-08-26 22:00:00+00:00,Kwashieman,16.74
2025-08-26 23:00:00+00:00,Kwashieman,15.65
2025-08-27 00:00:00+00:00,Kwashieman,15.1
2025-08-27 01:00:00+00:00,Kwashieman,28.47
2025-08-27 02:00:00+00:00,Kwashieman,35.14
2025-08-27 03:00:00+00:00,Kwashieman,24.66
2025-08-27 04:00:00+00:00,Kwashieman,25.02
2025-08-27 05:00:00+00:00,Kwashieman,31.04
2025-08-27 08:00:00+00:00,Kwashieman,21.92
2025-08-27 09:00:00+00:00,Kwashieman,16.56
2025-08-27 10:00:00+00:00,Kwashieman,12.95
2025-08-27 13:00:00+00:00,Kwashieman,13.09
2025-08-27 14:00:00+00:00,Kwashieman,12.89
2025-08-27 15:00:00+00:00,Kwashieman,12.36
2025-08-27 16:00:00+00:00,Kwashieman,17.72
2025-08-27 17:00:00+00:00,Kwashieman,27.23
2025-08-27 18:00:00+00:00,Kwashieman,23.96
2025-08-27 19:00:00+00:00,Kwashieman,21.62
2025-08-27 20:00:00+00:00,Kwashieman,19.69
2025-08-27 21:00:00+00:00,Kwashieman,14.61
2025-08-27 22:00:00+00:00,Kwashieman,16.17
2025-08-27 23:00:00+00:00,Kwashieman,21.97
2025-08-28 00:00:00+00:00,Kwashieman,25.16
2025-08-28 01:00:00+00:00,Kwashieman,23.85
2025-08-28 02:00:00+00:00,Kwashieman,19.85
2025-08-28 06:00:00+00:00,Kwashieman,42.21
2025-08-28 07:00:00+00:00,Kwashieman,43.48
2025-08-28 09:00:00+00:00,Kwashieman,22.28
2025-08-28 10:00:00+00:00,Kwashieman,19.8
2025-08-28 11:00:00+00:00,Kwashieman,11.75
2025-08-28 12:00:00+00:00,Kwashieman,10.47
2025-08-28 13:00:00+00:00,Kwashieman,11.12
2025-08-28 14:00:00+00:00,Kwashieman,9.97
2025-08-28 15:00:00+00:00,Kwashieman,9.96
2025-08-28 16:00:00+00:00,Kwashieman,10.76
2025-08-28 17:00:00+00:00,Kwashieman,12.67
2025-08-28 18:00:00+00:00,Kwashieman,13.76
2025-08-28 19:00:00+00:00,Kwashieman,17.33
2025-08-28 20:00:00+00:00,Kwashieman,15.61
2025-08-28 21:00:00+00:00,Kwashieman,12.56
2025-08-28 22:00:00+00:00,Kwashieman,10.28
2025-08-28 23:00:00+00:00,Kwashieman,10.4
2025-08-29 00:00:00+00:00,Kwashieman,9.44
2025-08-29 01:00:00+00:00,Kwashieman,10.31
2025-08-29 02:00:00+00:00,Kwashieman,9.04
2025-08-29 03:00:00+00:00,Kwashieman,9.59
2025-08-29 06:00:00+00:00,Kwashieman,17.74
2025-08-29 07:00:00+00:00,Kwashieman,20.8
2025-08-29 08:00:00+00:00,Kwashieman,18.13
2025-08-29 09:00:00+00:00,Kwashieman,17.39
2025-08-29 10:00:00+00:00,Kwashieman,13.06
2025-08-29 11:00:00+00:00,Kwashieman,10.9
2025-08-29 12:00:00+00:00,Kwashieman,8.25
2025-08-29 13:00:00+00:00,Kwashieman,8.65
2025-08-29 14:00:00+00:00,Kwashieman,8.92
2025-08-29 15:00:00+00:00,Kwashieman,9.29
2025-08-29 16:00:00+00:00,Kwashieman,9.34
2025-08-29 17:00:00+00:00,Kwashieman,11.62
2025-08-29 18:00:00+00:00,Kwashieman,16.72
2025-08-29 19:00:00+00:00,Kwashieman,12.82
2025-08-29 20:00:00+00:00,Kwashieman,12.83
2025-08-29 21:00:00+00:00,Kwashieman,11.68
2025-08-29 22:00:00+00:00,Kwashieman,41.01
2025-08-29 23:00:00+00:00,Kwashieman,77.2
2025-08-30 00:00:00+00:00,Kwashieman,55.87
2025-08-30 01:00:00+00:00,Kwashieman,16.08
2025-08-30 02:00:00+00:00,Kwashieman,16.78
2025-08-30 03:00:00+00:00,Kwashieman,12.98
2025-08-30 04:00:00+00:00,Kwashieman,16.45
2025-08-30 05:00:00+00:00,Kwashieman,17.88
2025-08-30 06:00:00+00:00,Kwashieman,28.48
2025-08-30 07:00:00+00:00,Kwashieman,21.61
2025-08-30 11:00:00+00:00,Kwashieman,11.32
2025-08-30 12:00:00+00:00,Kwashieman,10.9
2025-08-30 14:00:00+00:00,Kwashieman,11.45
2025-08-30 15:00:00+00:00,Kwashieman,11.2
2025-08-30 16:00:00+00:00,Kwashieman,11.99
2025-08-30 17:00:00+00:00,Kwashieman,11.78
2025-08-30 18:00:00+00:00,Kwashieman,17.23
2025-08-30 19:00:00+00:00,Kwashieman,16.8
2025-08-30 20:00:00+00:00,Kwashieman,17.07
2025-08-30 21:00:00+00:00,Kwashieman,15.5
2025-08-30 22:00:00+00:00,Kwashieman,15.22
2025-08-30 23:00:00+00:00,Kwashieman,16.98
2025-08-31 00:00:00+00:00,Kwashieman,15.57
2025-08-31 01:00:00+00:00,Kwashieman,11.39
2025-08-31 02:00:00+00:00,Kwashieman,22.0
2025-08-31 03:00:00+00:00,Kwashieman,18.87
2025-08-31 04:00:00+00:00,Kwashieman,13.36
2025-08-31 05:00:00+00:00,Kwashieman,17.89
2025-08-31 07:00:00+00:00,Kwashieman,26.51
2025-08-31 08:00:00+00:00,Kwashieman,19.6
2025-08-31 11:00:00+00:00,Kwashieman,10.99
2025-08-31 12:00:00+00:00,Kwashieman,9.62
2025-08-31 13:00:00+00:00,Kwashieman,9.63
2025-08-31 14:00:00+00:00,Kwashieman,10.57
2025-08-31 15:00:00+00:00,Kwashieman,11.18
2025-08-31 16:00:00+00:00,Kwashieman,13.92
2025-08-31 17:00:00+00:00,Kwashieman,14.76
2025-08-31 18:00:00+00:00,Kwashieman,17.89
2025-08-31 19:00:00+00:00,Kwashieman,20.54
2025-08-31 20:00:00+00:00,Kwashieman,14.79
2025-08-31 21:00:00+00:00,Kwashieman,16.24
2025-08-31 22:00:00+00:00,Kwashieman,13.34
2025-08-31 23:00:00+00:00,Kwashieman,12.35
2025-08-01 00:00:00+00:00,Lapaz Intersection,40.89
2025-08-01 01:00:00+00:00,Lapaz Intersection,14.4
2025-08-01 02:00:00+00:00,Lapaz Intersection,14.19
2025-08-01 03:00:00+00:00,Lapaz Intersection,15.48
2025-08-01 04:00:00+00:00,Lapaz Intersection,24.57
2025-08-01 05:00:00+00:00,Lapaz Intersection,33.65
2025-08-01 06:00:00+00:00,Lapaz Intersection,37.46
2025-08-01 07:00:00+00:00,Lapaz Intersection,37.62
2025-08-01 08:00:00+00:00,Lapaz Intersection,35.1
2025-08-01 09:00:00+00:00,Lapaz Intersection,29.55
2025-08-01 10:00:00+00:00,Lapaz Intersection,26.79
2025-08-01 11:00:00+00:00,Lapaz Intersection,26.1
2025-08-01 12:00:00+00:00,Lapaz Intersection,25.07
2025-08-01 13:00:00+00:00,Lapaz Intersection,22.78
2025-08-01 14:00:00+00:00,Lapaz Intersection,22.17
2025-08-01 15:00:00+00:00,Lapaz Intersection,26.66
2025-08-01 16:00:00+00:00,Lapaz Intersection,39.78
2025-08-01 17:00:00+00:00,Lapaz Intersection,46.79
2025-08-01 18:00:00+00:00,Lapaz Intersection,42.73
2025-08-01 19:00:00+00:00,Lapaz Intersection,45.13
2025-08-01 20:00:00+00:00,Lapaz Intersection,22.79
2025-08-01 21:00:00+00:00,Lapaz Intersection,22.35
2025-08-01 22:00:00+00:00,Lapaz Intersection,22.15
2025-08-01 23:00:00+00:00,Lapaz Intersection,21.85
2025-08-02 00:00:00+00:00,Lapaz Intersection,20.41
2025-08-02 01:00:00+00:00,Lapaz Intersection,17.33
2025-08-02 02:00:00+00:00,Lapaz Intersection,15.43
2025-08-02 03:00:00+00:00,Lapaz Intersection,18.47
2025-08-02 04:00:00+00:00,Lapaz Intersection,23.58
2025-08-02 05:00:00+00:00,Lapaz Intersection,30.53
2025-08-02 06:00:00+00:00,Lapaz Intersection,38.2
2025-08-02 07:00:00+00:00,Lapaz Intersection,30.38
2025-08-02 08:00:00+00:00,Lapaz Intersection,20.25
2025-08-02 10:00:00+00:00,Lapaz Intersection,16.21
2025-08-02 11:00:00+00:00,Lapaz Intersection,14.25
2025-08-02 12:00:00+00:00,Lapaz Intersection,14.43
2025-08-02 13:00:00+00:00,Lapaz Intersection,14.75
2025-08-02 14:00:00+00:00,Lapaz Intersection,13.23
2025-08-02 15:00:00+00:00,Lapaz Intersection,23.36
2025-08-02 16:00:00+00:00,Lapaz Intersection,28.66
2025-08-02 17:00:00+00:00,Lapaz Intersection,41.15
2025-08-02 18:00:00+00:00,Lapaz Intersection,48.24
2025-08-02 19:00:00+00:00,Lapaz Intersection,38.88
2025-08-02 20:00:00+00:00,Lapaz Intersection,45.33
2025-08-02 21:00:00+00:00,Lapaz Intersection,29.82
2025-08-02 22:00:00+00:00,Lapaz Intersection,31.18
2025-08-02 23:00:00+00:00,Lapaz Intersection,22.42
2025-08-03 00:00:00+00:00,Lapaz Intersection,19.76
2025-08-03 02:00:00+00:00,Lapaz Intersection,12.6
2025-08-03 03:00:00+00:00,Lapaz Intersection,12.94
2025-08-03 04:00:00+00:00,Lapaz Intersection,12.13
2025-08-03 05:00:00+00:00,Lapaz Intersection,20.97
2025-08-03 06:00:00+00:00,Lapaz Intersection,24.67
2025-08-03 07:00:00+00:00,Lapaz Intersection,30.81
2025-08-03 08:00:00+00:00,Lapaz Intersection,20.37
2025-08-03 10:00:00+00:00,Lapaz Intersection,15.59
2025-08-03 11:00:00+00:00,Lapaz Intersection,19.96
2025-08-03 12:00:00+00:00,Lapaz Intersection,18.89
2025-08-03 13:00:00+00:00,Lapaz Intersection,26.14
2025-08-03 14:00:00+00:00,Lapaz Intersection,20.24
2025-08-03 15:00:00+00:00,Lapaz Intersection,20.55
2025-08-03 16:00:00+00:00,Lapaz Intersection,24.55
2025-08-03 17:00:00+00:00,Lapaz Intersection,34.16
2025-08-03 18:00:00+00:00,Lapaz Intersection,29.61
2025-08-03 20:00:00+00:00,Lapaz Intersection,44.19
2025-08-03 21:00:00+00:00,Lapaz Intersection,64.15
2025-08-04 00:00:00+00:00,Lapaz Intersection,14.89
2025-08-04 01:00:00+00:00,Lapaz Intersection,19.18
2025-08-04 02:00:00+00:00,Lapaz Intersection,15.66
2025-08-04 08:00:00+00:00,Lapaz Intersection,51.57
2025-08-04 09:00:00+00:00,Lapaz Intersection,44.26
2025-08-04 10:00:00+00:00,Lapaz Intersection,36.66
2025-08-04 11:00:00+00:00,Lapaz Intersection,32.68
2025-08-04 12:00:00+00:00,Lapaz Intersection,28.22
2025-08-04 13:00:00+00:00,Lapaz Intersection,25.02
2025-08-04 14:00:00+00:00,Lapaz Intersection,23.71
2025-08-04 15:00:00+00:00,Lapaz Intersection,27.2
2025-08-04 16:00:00+00:00,Lapaz Intersection,29.89
2025-08-04 17:00:00+00:00,Lapaz Intersection,34.32
2025-08-04 18:00:00+00:00,Lapaz Intersection,36.66
2025-08-04 19:00:00+00:00,Lapaz Intersection,35.7
2025-08-04 20:00:00+00:00,Lapaz Intersection,37.22
2025-08-04 21:00:00+00:00,Lapaz Intersection,31.11
2025-08-04 22:00:00+00:00,Lapaz Intersection,27.54
2025-08-04 23:00:00+00:00,Lapaz Intersection,24.52
2025-08-05 00:00:00+00:00,Lapaz Intersection,15.64
2025-08-05 01:00:00+00:00,Lapaz Intersection,16.83
2025-08-05 02:00:00+00:00,Lapaz Intersection,11.16
2025-08-05 03:00:00+00:00,Lapaz Intersection,21.5
2025-08-05 04:00:00+00:00,Lapaz Intersection,23.4
2025-08-05 05:00:00+00:00,Lapaz Intersection,39.19
2025-08-05 06:00:00+00:00,Lapaz Intersection,38.32
2025-08-05 07:00:00+00:00,Lapaz Intersection,42.91
2025-08-05 08:00:00+00:00,Lapaz Intersection,45.72
2025-08-05 09:00:00+00:00,Lapaz Intersection,34.91
2025-08-05 10:00:00+00:00,Lapaz Intersection,28.84
2025-08-05 13:00:00+00:00,Lapaz Intersection,19.38
2025-08-05 14:00:00+00:00,Lapaz Intersection,23.1
2025-08-05 15:00:00+00:00,Lapaz Intersection,24.37
2025-08-05 16:00:00+00:00,Lapaz Intersection,22.99
2025-08-05 17:00:00+00:00,Lapaz Intersection,36.26
2025-08-05 18:00:00+00:00,Lapaz Intersection,38.42
2025-08-05 19:00:00+00:00,Lapaz Intersection,38.92
2025-08-05 20:00:00+00:00,Lapaz Intersection,35.74
2025-08-05 21:00:00+00:00,Lapaz Intersection,31.31
2025-08-05 22:00:00+00:00,Lapaz Intersection,24.5
2025-08-05 23:00:00+00:00,Lapaz Intersection,23.8
2025-08-06 00:00:00+00:00,Lapaz Intersection,18.97
2025-08-06 01:00:00+00:00,Lapaz Intersection,10.93
2025-08-06 02:00:00+00:00,Lapaz Intersection,7.94
2025-08-06 03:00:00+00:00,Lapaz Intersection,10.13
2025-08-06 04:00:00+00:00,Lapaz Intersection,28.73
2025-08-06 05:00:00+00:00,Lapaz Intersection,32.01
2025-08-06 06:00:00+00:00,Lapaz Intersection,47.25
2025-08-06 07:00:00+00:00,Lapaz Intersection,46.5
2025-08-06 08:00:00+00:00,Lapaz Intersection,46.27
2025-08-06 09:00:00+00:00,Lapaz Intersection,37.03
2025-08-06 10:00:00+00:00,Lapaz Intersection,32.22
2025-08-06 11:00:00+00:00,Lapaz Intersection,27.66
2025-08-06 12:00:00+00:00,Lapaz Intersection,24.98
2025-08-06 13:00:00+00:00,Lapaz Intersection,28.93
2025-08-06 14:00:00+00:00,Lapaz Intersection,31.02
2025-08-06 15:00:00+00:00,Lapaz Intersection,32.42
2025-08-06 16:00:00+00:00,Lapaz Intersection,31.37
2025-08-06 17:00:00+00:00,Lapaz Intersection,38.88
2025-08-06 18:00:00+00:00,Lapaz Intersection,46.71
2025-08-06 19:00:00+00:00,Lapaz Intersection,39.78
2025-08-06 20:00:00+00:00,Lapaz Intersection,47.89
2025-08-06 21:00:00+00:00,Lapaz Intersection,38.32
2025-08-06 23:00:00+00:00,Lapaz Intersection,65.39
2025-08-07 00:00:00+00:00,Lapaz Intersection,31.12
2025-08-07 01:00:00+00:00,Lapaz Intersection,24.71
2025-08-07 02:00:00+00:00,Lapaz Intersection,25.49
2025-08-07 03:00:00+00:00,Lapaz Intersection,29.98
2025-08-07 04:00:00+00:00,Lapaz Intersection,35.09
2025-08-07 05:00:00+00:00,Lapaz Intersection,34.86
2025-08-07 06:00:00+00:00,Lapaz Intersection,43.47
2025-08-07 07:00:00+00:00,Lapaz Intersection,50.86
2025-08-07 08:00:00+00:00,Lapaz Intersection,45.78
2025-08-07 09:00:00+00:00,Lapaz Intersection,38.23
2025-08-07 10:00:00+00:00,Lapaz Intersection,32.81
2025-08-07 11:00:00+00:00,Lapaz Intersection,31.67
2025-08-07 12:00:00+00:00,Lapaz Intersection,27.67
2025-08-07 13:00:00+00:00,Lapaz Intersection,31.13
2025-08-07 14:00:00+00:00,Lapaz Intersection,26.43
2025-08-07 15:00:00+00:00,Lapaz Intersection,26.08
2025-08-07 16:00:00+00:00,Lapaz Intersection,32.0
2025-08-07 17:00:00+00:00,Lapaz Intersection,35.04
2025-08-07 18:00:00+00:00,Lapaz Intersection,36.68
2025-08-07 19:00:00+00:00,Lapaz Intersection,40.72
2025-08-07 20:00:00+00:00,Lapaz Intersection,35.24
2025-08-07 21:00:00+00:00,Lapaz Intersection,32.64
2025-08-07 22:00:00+00:00,Lapaz Intersection,42.72
2025-08-07 23:00:00+00:00,Lapaz Intersection,25.03
2025-08-08 00:00:00+00:00,Lapaz Intersection,28.06
2025-08-08 02:00:00+00:00,Lapaz Intersection,24.55
2025-08-08 03:00:00+00:00,Lapaz Intersection,21.24
2025-08-08 04:00:00+00:00,Lapaz Intersection,32.89
2025-08-08 05:00:00+00:00,Lapaz Intersection,38.92
2025-08-08 07:00:00+00:00,Lapaz Intersection,40.89
2025-08-08 08:00:00+00:00,Lapaz Intersection,38.52
2025-08-08 09:00:00+00:00,Lapaz Intersection,32.57
2025-08-08 10:00:00+00:00,Lapaz Intersection,28.55
2025-08-08 11:00:00+00:00,Lapaz Intersection,26.81
2025-08-08 12:00:00+00:00,Lapaz Intersection,25.19
2025-08-08 13:00:00+00:00,Lapaz Intersection,23.43
2025-08-08 14:00:00+00:00,Lapaz Intersection,21.94
2025-08-08 15:00:00+00:00,Lapaz Intersection,24.55
2025-08-08 16:00:00+00:00,Lapaz Intersection,25.59
2025-08-08 17:00:00+00:00,Lapaz Intersection,38.04
2025-08-08 18:00:00+00:00,Lapaz Intersection,39.73
2025-08-08 19:00:00+00:00,Lapaz Intersection,35.68
2025-08-08 20:00:00+00:00,Lapaz Intersection,36.45
2025-08-08 21:00:00+00:00,Lapaz Intersection,31.82
2025-08-08 22:00:00+00:00,Lapaz Intersection,36.91
2025-08-09 00:00:00+00:00,Lapaz Intersection,22.88
2025-08-09 01:00:00+00:00,Lapaz Intersection,21.99
2025-08-09 02:00:00+00:00,Lapaz Intersection,15.04
2025-08-09 03:00:00+00:00,Lapaz Intersection,24.83
2025-08-09 04:00:00+00:00,Lapaz Intersection,43.37
2025-08-09 05:00:00+00:00,Lapaz Intersection,38.48
2025-08-09 06:00:00+00:00,Lapaz Intersection,40.84
2025-08-09 07:00:00+00:00,Lapaz Intersection,40.84
2025-08-09 08:00:00+00:00,Lapaz Intersection,42.83
2025-08-09 09:00:00+00:00,Lapaz Intersection,33.68
2025-08-09 10:00:00+00:00,Lapaz Intersection,22.16
2025-08-09 11:00:00+00:00,Lapaz Intersection,21.76
2025-08-09 12:00:00+00:00,Lapaz Intersection,19.38
2025-08-09 13:00:00+00:00,Lapaz Intersection,20.14
2025-08-09 14:00:00+00:00,Lapaz Intersection,21.87
2025-08-09 15:00:00+00:00,Lapaz Intersection,22.45
2025-08-09 16:00:00+00:00,Lapaz Intersection,26.67
2025-08-09 17:00:00+00:00,Lapaz Intersection,28.72
2025-08-09 18:00:00+00:00,Lapaz Intersection,37.78
2025-08-09 19:00:00+00:00,Lapaz Intersection,43.38
2025-08-09 20:00:00+00:00,Lapaz Intersection,39.91
2025-08-09 21:00:00+00:00,Lapaz Intersection,39.91
2025-08-09 22:00:00+00:00,Lapaz Intersection,34.83
2025-08-09 23:00:00+00:00,Lapaz Intersection,36.01
2025-08-10 00:00:00+00:00,Lapaz Intersection,34.2
2025-08-10 01:00:00+00:00,Lapaz Intersection,24.01
2025-08-10 02:00:00+00:00,Lapaz Intersection,21.9
2025-08-10 03:00:00+00:00,Lapaz Intersection,21.12
2025-08-10 04:00:00+00:00,Lapaz Intersection,24.25
2025-08-10 05:00:00+00:00,Lapaz Intersection,29.4
2025-08-10 06:00:00+00:00,Lapaz Intersection,31.83
2025-08-10 07:00:00+00:00,Lapaz Intersection,29.41
2025-08-10 08:00:00+00:00,Lapaz Intersection,44.03
2025-08-10 09:00:00+00:00,Lapaz Intersection,27.62
2025-08-10 10:00:00+00:00,Lapaz Intersection,18.54
2025-08-10 11:00:00+00:00,Lapaz Intersection,15.57
2025-08-10 12:00:00+00:00,Lapaz Intersection,14.6
2025-08-10 13:00:00+00:00,Lapaz Intersection,12.9
2025-08-10 14:00:00+00:00,Lapaz Intersection,10.4
2025-08-10 15:00:00+00:00,Lapaz Intersection,11.17
2025-08-10 16:00:00+00:00,Lapaz Intersection,16.59
2025-08-10 17:00:00+00:00,Lapaz Intersection,23.29
2025-08-10 18:00:00+00:00,Lapaz Intersection,29.33
2025-08-10 19:00:00+00:00,Lapaz Intersection,27.11
2025-08-10 20:00:00+00:00,Lapaz Intersection,31.14
2025-08-10 21:00:00+00:00,Lapaz Intersection,20.52
2025-08-10 22:00:00+00:00,Lapaz Intersection,19.59
2025-08-11 03:00:00+00:00,Lapaz Intersection,11.71
2025-08-11 04:00:00+00:00,Lapaz Intersection,14.67
2025-08-11 05:00:00+00:00,Lapaz Intersection,28.24
2025-08-11 06:00:00+00:00,Lapaz Intersection,28.8
2025-08-11 07:00:00+00:00,Lapaz Intersection,22.26
2025-08-11 08:00:00+00:00,Lapaz Intersection,19.91
2025-08-11 09:00:00+00:00,Lapaz Intersection,17.52
2025-08-11 10:00:00+00:00,Lapaz Intersection,13.23
2025-08-11 11:00:00+00:00,Lapaz Intersection,13.11
2025-08-11 12:00:00+00:00,Lapaz Intersection,11.03
2025-08-11 13:00:00+00:00,Lapaz Intersection,9.85
2025-08-11 14:00:00+00:00,Lapaz Intersection,15.43
2025-08-11 15:00:00+00:00,Lapaz Intersection,16.34
2025-08-11 16:00:00+00:00,Lapaz Intersection,15.62
2025-08-11 17:00:00+00:00,Lapaz Intersection,22.07
2025-08-11 18:00:00+00:00,Lapaz Intersection,28.77
2025-08-11 19:00:00+00:00,Lapaz Intersection,13.37
2025-08-11 20:00:00+00:00,Lapaz Intersection,28.22
2025-08-11 21:00:00+00:00,Lapaz Intersection,24.41
2025-08-11 22:00:00+00:00,Lapaz Intersection,16.05
2025-08-11 23:00:00+00:00,Lapaz Intersection,44.27
2025-08-12 00:00:00+00:00,Lapaz Intersection,51.86
2025-08-12 01:00:00+00:00,Lapaz Intersection,31.84
2025-08-12 03:00:00+00:00,Lapaz Intersection,18.08
2025-08-12 04:00:00+00:00,Lapaz Intersection,20.8
2025-08-12 05:00:00+00:00,Lapaz Intersection,14.87
2025-08-12 06:00:00+00:00,Lapaz Intersection,24.08
2025-08-12 07:00:00+00:00,Lapaz Intersection,24.53
2025-08-12 08:00:00+00:00,Lapaz Intersection,16.11
2025-08-12 09:00:00+00:00,Lapaz Intersection,16.73
2025-08-12 10:00:00+00:00,Lapaz Intersection,14.22
2025-08-12 11:00:00+00:00,Lapaz Intersection,11.36
2025-08-12 12:00:00+00:00,Lapaz Intersection,11.12
2025-08-12 13:00:00+00:00,Lapaz Intersection,9.68
2025-08-12 14:00:00+00:00,Lapaz Intersection,11.61
2025-08-12 15:00:00+00:00,Lapaz Intersection,13.85
2025-08-12 16:00:00+00:00,Lapaz Intersection,11.18
2025-08-12 17:00:00+00:00,Lapaz Intersection,17.83
2025-08-12 18:00:00+00:00,Lapaz Intersection,23.14
2025-08-12 19:00:00+00:00,Lapaz Intersection,24.39
2025-08-12 20:00:00+00:00,Lapaz Intersection,21.58
2025-08-12 21:00:00+00:00,Lapaz Intersection,18.77
2025-08-12 22:00:00+00:00,Lapaz Intersection,13.95
2025-08-12 23:00:00+00:00,Lapaz Intersection,11.37
2025-08-13 00:00:00+00:00,Lapaz Intersection,7.82
2025-08-13 01:00:00+00:00,Lapaz Intersection,5.89
2025-08-13 02:00:00+00:00,Lapaz Intersection,6.25
2025-08-13 03:00:00+00:00,Lapaz Intersection,7.81
2025-08-13 04:00:00+00:00,Lapaz Intersection,9.62
2025-08-13 05:00:00+00:00,Lapaz Intersection,16.85
2025-08-13 06:00:00+00:00,Lapaz Intersection,10.91
2025-08-13 07:00:00+00:00,Lapaz Intersection,20.21
2025-08-13 08:00:00+00:00,Lapaz Intersection,19.44
2025-08-13 09:00:00+00:00,Lapaz Intersection,13.89
2025-08-13 10:00:00+00:00,Lapaz Intersection,13.84
2025-08-13 11:00:00+00:00,Lapaz Intersection,9.19
2025-08-13 12:00:00+00:00,Lapaz Intersection,10.08
2025-08-13 13:00:00+00:00,Lapaz Intersection,9.12
2025-08-13 14:00:00+00:00,Lapaz Intersection,11.69
2025-08-13 15:00:00+00:00,Lapaz Intersection,19.58
2025-08-13 16:00:00+00:00,Lapaz Intersection,15.26
2025-08-13 17:00:00+00:00,Lapaz Intersection,19.94
2025-08-13 18:00:00+00:00,Lapaz Intersection,23.6
2025-08-13 19:00:00+00:00,Lapaz Intersection,27.42
2025-08-13 20:00:00+00:00,Lapaz Intersection,25.27
2025-08-13 21:00:00+00:00,Lapaz Intersection,44.15
2025-08-13 22:00:00+00:00,Lapaz Intersection,18.52
2025-08-13 23:00:00+00:00,Lapaz Intersection,22.21
2025-08-14 00:00:00+00:00,Lapaz Intersection,15.83
2025-08-14 01:00:00+00:00,Lapaz Intersection,22.54
2025-08-14 02:00:00+00:00,Lapaz Intersection,5.42
2025-08-14 03:00:00+00:00,Lapaz Intersection,8.35
2025-08-14 04:00:00+00:00,Lapaz Intersection,9.87
2025-08-14 05:00:00+00:00,Lapaz Intersection,11.96
2025-08-14 06:00:00+00:00,Lapaz Intersection,22.58
2025-08-14 07:00:00+00:00,Lapaz Intersection,23.57
2025-08-14 08:00:00+00:00,Lapaz Intersection,18.84
2025-08-14 09:00:00+00:00,Lapaz Intersection,18.87
2025-08-14 10:00:00+00:00,Lapaz Intersection,11.02
2025-08-14 11:00:00+00:00,Lapaz Intersection,10.16
2025-08-14 12:00:00+00:00,Lapaz Intersection,10.65
2025-08-14 13:00:00+00:00,Lapaz Intersection,10.99
2025-08-14 14:00:00+00:00,Lapaz Intersection,12.11
2025-08-14 15:00:00+00:00,Lapaz Intersection,17.21
2025-08-14 16:00:00+00:00,Lapaz Intersection,14.06
2025-08-14 17:00:00+00:00,Lapaz Intersection,19.06
2025-08-14 18:00:00+00:00,Lapaz Intersection,24.22
2025-08-14 19:00:00+00:00,Lapaz Intersection,28.96
2025-08-14 20:00:00+00:00,Lapaz Intersection,25.45
2025-08-14 21:00:00+00:00,Lapaz Intersection,22.11
2025-08-14 22:00:00+00:00,Lapaz Intersection,12.15
2025-08-14 23:00:00+00:00,Lapaz Intersection,12.79
2025-08-15 00:00:00+00:00,Lapaz Intersection,11.33
2025-08-15 01:00:00+00:00,Lapaz Intersection,7.66
2025-08-15 02:00:00+00:00,Lapaz Intersection,25.74
2025-08-15 03:00:00+00:00,Lapaz Intersection,12.68
2025-08-15 04:00:00+00:00,Lapaz Intersection,21.26
2025-08-15 05:00:00+00:00,Lapaz Intersection,32.35
2025-08-15 06:00:00+00:00,Lapaz Intersection,26.05
2025-08-15 07:00:00+00:00,Lapaz Intersection,25.58
2025-08-15 08:00:00+00:00,Lapaz Intersection,11.87
2025-08-15 09:00:00+00:00,Lapaz Intersection,11.14
2025-08-15 10:00:00+00:00,Lapaz Intersection,11.86
2025-08-15 11:00:00+00:00,Lapaz Intersection,10.78
2025-08-15 12:00:00+00:00,Lapaz Intersection,14.1
2025-08-15 13:00:00+00:00,Lapaz Intersection,16.11
2025-08-15 14:00:00+00:00,Lapaz Intersection,17.24
2025-08-15 15:00:00+00:00,Lapaz Intersection,14.95
2025-08-15 16:00:00+00:00,Lapaz Intersection,18.97
2025-08-15 17:00:00+00:00,Lapaz Intersection,27.28
2025-08-15 18:00:00+00:00,Lapaz Intersection,37.63
2025-08-15 19:00:00+00:00,Lapaz Intersection,37.2
2025-08-15 20:00:00+00:00,Lapaz Intersection,30.46
2025-08-15 21:00:00+00:00,Lapaz Intersection,38.84
2025-08-15 22:00:00+00:00,Lapaz Intersection,34.17
2025-08-16 02:00:00+00:00,Lapaz Intersection,9.45
2025-08-16 03:00:00+00:00,Lapaz Intersection,6.74
2025-08-16 05:00:00+00:00,Lapaz Intersection,12.14
2025-08-16 06:00:00+00:00,Lapaz Intersection,12.68
2025-08-16 07:00:00+00:00,Lapaz Intersection,29.21
2025-08-16 08:00:00+00:00,Lapaz Intersection,22.51
2025-08-16 09:00:00+00:00,Lapaz Intersection,20.78
2025-08-16 10:00:00+00:00,Lapaz Intersection,22.46
2025-08-16 11:00:00+00:00,Lapaz Intersection,23.69
2025-08-16 12:00:00+00:00,Lapaz Intersection,19.71
2025-08-16 13:00:00+00:00,Lapaz Intersection,18.77
2025-08-16 14:00:00+00:00,Lapaz Intersection,16.39
2025-08-16 15:00:00+00:00,Lapaz Intersection,23.81
2025-08-16 16:00:00+00:00,Lapaz Intersection,24.27
2025-08-16 17:00:00+00:00,Lapaz Intersection,29.1
2025-08-16 18:00:00+00:00,Lapaz Intersection,33.91
2025-08-16 19:00:00+00:00,Lapaz Intersection,33.56
2025-08-16 20:00:00+00:00,Lapaz Intersection,38.98
2025-08-16 21:00:00+00:00,Lapaz Intersection,23.63
2025-08-17 00:00:00+00:00,Lapaz Intersection,18.97
2025-08-17 01:00:00+00:00,Lapaz Intersection,14.8
2025-08-17 02:00:00+00:00,Lapaz Intersection,10.26
2025-08-17 03:00:00+00:00,Lapaz Intersection,20.69
2025-08-17 04:00:00+00:00,Lapaz Intersection,14.11
2025-08-17 05:00:00+00:00,Lapaz Intersection,22.05
2025-08-17 06:00:00+00:00,Lapaz Intersection,25.28
2025-08-17 07:00:00+00:00,Lapaz Intersection,29.21
2025-08-17 08:00:00+00:00,Lapaz Intersection,28.44
2025-08-17 09:00:00+00:00,Lapaz Intersection,15.21
2025-08-17 10:00:00+00:00,Lapaz Intersection,14.64
2025-08-17 11:00:00+00:00,Lapaz Intersection,12.12
2025-08-17 12:00:00+00:00,Lapaz Intersection,12.12
2025-08-17 13:00:00+00:00,Lapaz Intersection,12.56
2025-08-17 14:00:00+00:00,Lapaz Intersection,12.89
2025-08-17 15:00:00+00:00,Lapaz Intersection,16.76
2025-08-17 16:00:00+00:00,Lapaz Intersection,17.72
2025-08-17 17:00:00+00:00,Lapaz Intersection,18.92
2025-08-17 18:00:00+00:00,Lapaz Intersection,22.5
2025-08-17 19:00:00+00:00,Lapaz Intersection,32.79
2025-08-17 20:00:00+00:00,Lapaz Intersection,29.83
2025-08-17 21:00:00+00:00,Lapaz Intersection,27.18
2025-08-17 22:00:00+00:00,Lapaz Intersection,18.47
2025-08-17 23:00:00+00:00,Lapaz Intersection,33.11
2025-08-18 00:00:00+00:00,Lapaz Intersection,21.05
2025-08-18 02:00:00+00:00,Lapaz Intersection,19.94
2025-08-18 03:00:00+00:00,Lapaz Intersection,16.66
2025-08-18 04:00:00+00:00,Lapaz Intersection,20.82
2025-08-18 05:00:00+00:00,Lapaz Intersection,28.82
2025-08-18 06:00:00+00:00,Lapaz Intersection,32.28
2025-08-18 07:00:00+00:00,Lapaz Intersection,32.39
2025-08-18 08:00:00+00:00,Lapaz Intersection,38.42
2025-08-18 11:00:00+00:00,Lapaz Intersection,16.25
2025-08-18 12:00:00+00:00,Lapaz Intersection,12.11
2025-08-18 13:00:00+00:00,Lapaz Intersection,18.0
2025-08-18 14:00:00+00:00,Lapaz Intersection,13.33
2025-08-18 15:00:00+00:00,Lapaz Intersection,15.56
2025-08-18 19:00:00+00:00,Lapaz Intersection,33.19
2025-08-18 20:00:00+00:00,Lapaz Intersection,36.41
2025-08-18 21:00:00+00:00,Lapaz Intersection,28.21
2025-08-18 22:00:00+00:00,Lapaz Intersection,21.84
2025-08-19 01:00:00+00:00,Lapaz Intersection,12.69
2025-08-19 02:00:00+00:00,Lapaz Intersection,12.55
2025-08-19 03:00:00+00:00,Lapaz Intersection,10.56
2025-08-19 05:00:00+00:00,Lapaz Intersection,22.27
2025-08-19 06:00:00+00:00,Lapaz Intersection,21.86
2025-08-19 07:00:00+00:00,Lapaz Intersection,28.73
2025-08-19 08:00:00+00:00,Lapaz Intersection,32.66
2025-08-19 09:00:00+00:00,Lapaz Intersection,23.76
2025-08-19 10:00:00+00:00,Lapaz Intersection,14.01
2025-08-19 11:00:00+00:00,Lapaz Intersection,17.07
2025-08-19 12:00:00+00:00,Lapaz Intersection,16.52
2025-08-19 13:00:00+00:00,Lapaz Intersection,18.18
2025-08-19 14:00:00+00:00,Lapaz Intersection,17.83
2025-08-19 15:00:00+00:00,Lapaz Intersection,14.96
2025-08-19 16:00:00+00:00,Lapaz Intersection,17.36
2025-08-19 17:00:00+00:00,Lapaz Intersection,26.09
2025-08-19 18:00:00+00:00,Lapaz Intersection,37.42
2025-08-19 19:00:00+00:00,Lapaz Intersection,33.54
2025-08-19 20:00:00+00:00,Lapaz Intersection,35.59
2025-08-19 21:00:00+00:00,Lapaz Intersection,16.24
2025-08-19 22:00:00+00:00,Lapaz Intersection,18.43
2025-08-19 23:00:00+00:00,Lapaz Intersection,18.88
2025-08-20 00:00:00+00:00,Lapaz Intersection,12.33
2025-08-20 01:00:00+00:00,Lapaz Intersection,11.75
2025-08-20 02:00:00+00:00,Lapaz Intersection,11.54
2025-08-20 03:00:00+00:00,Lapaz Intersection,10.49
2025-08-20 04:00:00+00:00,Lapaz Intersection,12.89
2025-08-20 05:00:00+00:00,Lapaz Intersection,22.52
2025-08-20 06:00:00+00:00,Lapaz Intersection,25.09
2025-08-20 07:00:00+00:00,Lapaz Intersection,34.21
2025-08-20 08:00:00+00:00,Lapaz Intersection,24.27
2025-08-20 09:00:00+00:00,Lapaz Intersection,22.95
2025-08-20 10:00:00+00:00,Lapaz Intersection,17.3
2025-08-20 11:00:00+00:00,Lapaz Intersection,15.2
2025-08-20 12:00:00+00:00,Lapaz Intersection,12.48
2025-08-20 13:00:00+00:00,Lapaz Intersection,15.36
2025-08-20 14:00:00+00:00,Lapaz Intersection,16.09
2025-08-20 15:00:00+00:00,Lapaz Intersection,12.94
2025-08-20 16:00:00+00:00,Lapaz Intersection,18.14
2025-08-20 17:00:00+00:00,Lapaz Intersection,23.61
2025-08-20 18:00:00+00:00,Lapaz Intersection,28.45
2025-08-20 19:00:00+00:00,Lapaz Intersection,39.93
2025-08-20 20:00:00+00:00,Lapaz Intersection,31.53
2025-08-20 21:00:00+00:00,Lapaz Intersection,29.78
2025-08-20 22:00:00+00:00,Lapaz Intersection,20.9
2025-08-20 23:00:00+00:00,Lapaz Intersection,18.42
2025-08-21 00:00:00+00:00,Lapaz Intersection,18.03
2025-08-21 01:00:00+00:00,Lapaz Intersection,10.93
2025-08-21 02:00:00+00:00,Lapaz Intersection,10.48
2025-08-21 03:00:00+00:00,Lapaz Intersection,8.87
2025-08-21 04:00:00+00:00,Lapaz Intersection,10.97
2025-08-21 05:00:00+00:00,Lapaz Intersection,12.02
2025-08-21 06:00:00+00:00,Lapaz Intersection,18.19
2025-08-21 07:00:00+00:00,Lapaz Intersection,23.05
2025-08-21 09:00:00+00:00,Lapaz Intersection,20.12
2025-08-21 10:00:00+00:00,Lapaz Intersection,18.17
2025-08-21 11:00:00+00:00,Lapaz Intersection,18.09
2025-08-21 12:00:00+00:00,Lapaz Intersection,17.55
2025-08-21 13:00:00+00:00,Lapaz Intersection,15.92
2025-08-21 14:00:00+00:00,Lapaz Intersection,20.51
2025-08-21 15:00:00+00:00,Lapaz Intersection,13.75
2025-08-21 16:00:00+00:00,Lapaz Intersection,15.62
2025-08-21 17:00:00+00:00,Lapaz Intersection,14.54
2025-08-21 18:00:00+00:00,Lapaz Intersection,28.42
2025-08-21 19:00:00+00:00,Lapaz Intersection,29.69
2025-08-21 20:00:00+00:00,Lapaz Intersection,37.0
2025-08-21 21:00:00+00:00,Lapaz Intersection,19.6
2025-08-21 22:00:00+00:00,Lapaz Intersection,23.05
2025-08-21 23:00:00+00:00,Lapaz Intersection,17.46
2025-08-22 00:00:00+00:00,Lapaz Intersection,11.62
2025-08-22 01:00:00+00:00,Lapaz Intersection,12.13
2025-08-22 02:00:00+00:00,Lapaz Intersection,9.98
2025-08-22 03:00:00+00:00,Lapaz Intersection,9.34
2025-08-22 04:00:00+00:00,Lapaz Intersection,10.18
2025-08-22 05:00:00+00:00,Lapaz Intersection,12.44
2025-08-22 06:00:00+00:00,Lapaz Intersection,19.12
2025-08-22 07:00:00+00:00,Lapaz Intersection,17.8
2025-08-22 08:00:00+00:00,Lapaz Intersection,18.91
2025-08-22 09:00:00+00:00,Lapaz Intersection,18.12
2025-08-22 10:00:00+00:00,Lapaz Intersection,21.46
2025-08-22 11:00:00+00:00,Lapaz Intersection,18.83
2025-08-22 12:00:00+00:00,Lapaz Intersection,23.63
2025-08-22 13:00:00+00:00,Lapaz Intersection,21.63
2025-08-22 14:00:00+00:00,Lapaz Intersection,20.81
2025-08-22 15:00:00+00:00,Lapaz Intersection,14.45
2025-08-22 16:00:00+00:00,Lapaz Intersection,30.37
2025-08-22 17:00:00+00:00,Lapaz Intersection,40.55
2025-08-22 18:00:00+00:00,Lapaz Intersection,38.74
2025-08-22 19:00:00+00:00,Lapaz Intersection,46.93
2025-08-22 20:00:00+00:00,Lapaz Intersection,41.24
2025-08-22 21:00:00+00:00,Lapaz Intersection,55.85
2025-08-22 22:00:00+00:00,Lapaz Intersection,51.66
2025-08-22 23:00:00+00:00,Lapaz Intersection,40.61
2025-08-23 02:00:00+00:00,Lapaz Intersection,15.49
2025-08-23 03:00:00+00:00,Lapaz Intersection,13.08
2025-08-23 04:00:00+00:00,Lapaz Intersection,14.91
2025-08-23 05:00:00+00:00,Lapaz Intersection,17.25
2025-08-23 06:00:00+00:00,Lapaz Intersection,26.1
2025-08-23 07:00:00+00:00,Lapaz Intersection,34.76
2025-08-23 08:00:00+00:00,Lapaz Intersection,33.59
2025-08-23 09:00:00+00:00,Lapaz Intersection,29.04
2025-08-23 10:00:00+00:00,Lapaz Intersection,27.63
2025-08-23 11:00:00+00:00,Lapaz Intersection,28.16
2025-08-23 12:00:00+00:00,Lapaz Intersection,23.56
2025-08-23 13:00:00+00:00,Lapaz Intersection,21.49
2025-08-23 14:00:00+00:00,Lapaz Intersection,25.03
2025-08-23 15:00:00+00:00,Lapaz Intersection,32.37
2025-08-23 16:00:00+00:00,Lapaz Intersection,26.46
2025-08-23 17:00:00+00:00,Lapaz Intersection,35.6
2025-08-23 18:00:00+00:00,Lapaz Intersection,39.36
2025-08-23 19:00:00+00:00,Lapaz Intersection,29.44
2025-08-23 20:00:00+00:00,Lapaz Intersection,39.15
2025-08-23 21:00:00+00:00,Lapaz Intersection,34.93
2025-08-23 22:00:00+00:00,Lapaz Intersection,23.9
2025-08-23 23:00:00+00:00,Lapaz Intersection,27.4
2025-08-24 00:00:00+00:00,Lapaz Intersection,17.99
2025-08-24 01:00:00+00:00,Lapaz Intersection,14.08
2025-08-24 02:00:00+00:00,Lapaz Intersection,12.94
2025-08-24 03:00:00+00:00,Lapaz Intersection,13.82
2025-08-24 04:00:00+00:00,Lapaz Intersection,13.69
2025-08-24 05:00:00+00:00,Lapaz Intersection,18.32
2025-08-24 06:00:00+00:00,Lapaz Intersection,19.51
2025-08-24 07:00:00+00:00,Lapaz Intersection,29.13
2025-08-24 08:00:00+00:00,Lapaz Intersection,34.62
2025-08-24 09:00:00+00:00,Lapaz Intersection,21.54
2025-08-24 10:00:00+00:00,Lapaz Intersection,24.68
2025-08-24 11:00:00+00:00,Lapaz Intersection,30.26
2025-08-24 12:00:00+00:00,Lapaz Intersection,19.45
2025-08-24 13:00:00+00:00,Lapaz Intersection,17.11
2025-08-24 14:00:00+00:00,Lapaz Intersection,18.12
2025-08-24 15:00:00+00:00,Lapaz Intersection,19.36
2025-08-24 16:00:00+00:00,Lapaz Intersection,20.9
2025-08-24 17:00:00+00:00,Lapaz Intersection,25.31
2025-08-24 18:00:00+00:00,Lapaz Intersection,30.62
2025-08-24 19:00:00+00:00,Lapaz Intersection,32.38
2025-08-24 20:00:00+00:00,Lapaz Intersection,29.05
2025-08-24 23:00:00+00:00,Lapaz Intersection,14.08
2025-08-25 00:00:00+00:00,Lapaz Intersection,17.68
2025-08-25 01:00:00+00:00,Lapaz Intersection,12.2
2025-08-25 02:00:00+00:00,Lapaz Intersection,12.23
2025-08-25 03:00:00+00:00,Lapaz Intersection,12.59
2025-08-25 04:00:00+00:00,Lapaz Intersection,11.31
2025-08-25 05:00:00+00:00,Lapaz Intersection,19.56
2025-08-25 07:00:00+00:00,Lapaz Intersection,20.15
2025-08-25 08:00:00+00:00,Lapaz Intersection,33.27
2025-08-25 10:00:00+00:00,Lapaz Intersection,14.6
2025-08-25 11:00:00+00:00,Lapaz Intersection,14.77
2025-08-25 12:00:00+00:00,Lapaz Intersection,19.96
2025-08-25 14:00:00+00:00,Lapaz Intersection,18.9
2025-08-25 15:00:00+00:00,Lapaz Intersection,21.59
2025-08-25 17:00:00+00:00,Lapaz Intersection,40.09
2025-08-25 18:00:00+00:00,Lapaz Intersection,38.29
2025-08-25 19:00:00+00:00,Lapaz Intersection,54.63
2025-08-25 20:00:00+00:00,Lapaz Intersection,34.55
2025-08-25 21:00:00+00:00,Lapaz Intersection,28.3
2025-08-25 22:00:00+00:00,Lapaz Intersection,15.66
2025-08-26 01:00:00+00:00,Lapaz Intersection,13.05
2025-08-26 02:00:00+00:00,Lapaz Intersection,13.31
2025-08-26 03:00:00+00:00,Lapaz Intersection,11.72
2025-08-26 04:00:00+00:00,Lapaz Intersection,20.99
2025-08-26 05:00:00+00:00,Lapaz Intersection,20.07
2025-08-26 06:00:00+00:00,Lapaz Intersection,29.47
2025-08-26 07:00:00+00:00,Lapaz Intersection,35.59
2025-08-26 08:00:00+00:00,Lapaz Intersection,33.47
2025-08-26 09:00:00+00:00,Lapaz Intersection,26.55
2025-08-26 10:00:00+00:00,Lapaz Intersection,16.15
2025-08-26 11:00:00+00:00,Lapaz Intersection,16.45
2025-08-26 12:00:00+00:00,Lapaz Intersection,19.44
2025-08-26 13:00:00+00:00,Lapaz Intersection,14.13
2025-08-26 16:00:00+00:00,Lapaz Intersection,20.36
2025-08-26 17:00:00+00:00,Lapaz Intersection,27.56
2025-08-26 18:00:00+00:00,Lapaz Intersection,31.02
2025-08-26 19:00:00+00:00,Lapaz Intersection,36.51
2025-08-26 20:00:00+00:00,Lapaz Intersection,30.31
2025-08-26 21:00:00+00:00,Lapaz Intersection,28.79
2025-08-26 22:00:00+00:00,Lapaz Intersection,29.39
2025-08-26 23:00:00+00:00,Lapaz Intersection,56.04
2025-08-27 00:00:00+00:00,Lapaz Intersection,42.9
2025-08-27 01:00:00+00:00,Lapaz Intersection,20.08
2025-08-27 02:00:00+00:00,Lapaz Intersection,17.07
2025-08-27 03:00:00+00:00,Lapaz Intersection,17.99
2025-08-27 04:00:00+00:00,Lapaz Intersection,32.98
2025-08-27 05:00:00+00:00,Lapaz Intersection,34.56
2025-08-27 08:00:00+00:00,Lapaz Intersection,25.6
2025-08-27 09:00:00+00:00,Lapaz Intersection,23.45
2025-08-27 10:00:00+00:00,Lapaz Intersection,20.67
2025-08-27 13:00:00+00:00,Lapaz Intersection,17.96
2025-08-27 14:00:00+00:00,Lapaz Intersection,18.25
2025-08-27 15:00:00+00:00,Lapaz Intersection,18.73
2025-08-27 16:00:00+00:00,Lapaz Intersection,21.86
2025-08-27 17:00:00+00:00,Lapaz Intersection,24.14
2025-08-27 18:00:00+00:00,Lapaz Intersection,32.47
2025-08-27 19:00:00+00:00,Lapaz Intersection,34.8
2025-08-27 20:00:00+00:00,Lapaz Intersection,36.01
2025-08-27 21:00:00+00:00,Lapaz Intersection,27.91
2025-08-27 22:00:00+00:00,Lapaz Intersection,23.33
2025-08-27 23:00:00+00:00,Lapaz Intersection,20.16
2025-08-28 00:00:00+00:00,Lapaz Intersection,28.05
2025-08-28 01:00:00+00:00,Lapaz Intersection,20.45
2025-08-28 02:00:00+00:00,Lapaz Intersection,19.82
2025-08-28 06:00:00+00:00,Lapaz Intersection,32.28
2025-08-28 07:00:00+00:00,Lapaz Intersection,31.06
2025-08-28 09:00:00+00:00,Lapaz Intersection,28.59
2025-08-28 10:00:00+00:00,Lapaz Intersection,22.29
2025-08-28 11:00:00+00:00,Lapaz Intersection,23.1
2025-08-28 12:00:00+00:00,Lapaz Intersection,16.18
2025-08-28 13:00:00+00:00,Lapaz Intersection,17.84
2025-08-28 14:00:00+00:00,Lapaz Intersection,14.55
2025-08-28 15:00:00+00:00,Lapaz Intersection,19.53
2025-08-28 16:00:00+00:00,Lapaz Intersection,18.04
2025-08-28 17:00:00+00:00,Lapaz Intersection,25.36
2025-08-28 18:00:00+00:00,Lapaz Intersection,24.33
2025-08-28 19:00:00+00:00,Lapaz Intersection,27.78
2025-08-28 20:00:00+00:00,Lapaz Intersection,31.16
2025-08-28 21:00:00+00:00,Lapaz Intersection,36.19
2025-08-28 22:00:00+00:00,Lapaz Intersection,31.7
2025-08-28 23:00:00+00:00,Lapaz Intersection,20.52
2025-08-29 00:00:00+00:00,Lapaz Intersection,22.16
2025-08-29 01:00:00+00:00,Lapaz Intersection,14.68
2025-08-29 02:00:00+00:00,Lapaz Intersection,11.92
2025-08-29 03:00:00+00:00,Lapaz Intersection,11.28
2025-08-29 06:00:00+00:00,Lapaz Intersection,29.62
2025-08-29 07:00:00+00:00,Lapaz Intersection,28.45
2025-08-29 08:00:00+00:00,Lapaz Intersection,20.95
2025-08-29 09:00:00+00:00,Lapaz Intersection,25.12
2025-08-29 10:00:00+00:00,Lapaz Intersection,30.37
2025-08-29 11:00:00+00:00,Lapaz Intersection,14.55
2025-08-29 12:00:00+00:00,Lapaz Intersection,14.88
2025-08-29 13:00:00+00:00,Lapaz Intersection,10.8
2025-08-29 14:00:00+00:00,Lapaz Intersection,14.87
2025-08-29 15:00:00+00:00,Lapaz Intersection,12.81
2025-08-29 16:00:00+00:00,Lapaz Intersection,17.33
2025-08-29 17:00:00+00:00,Lapaz Intersection,23.97
2025-08-29 18:00:00+00:00,Lapaz Intersection,27.42
2025-08-29 19:00:00+00:00,Lapaz Intersection,30.84
2025-08-29 20:00:00+00:00,Lapaz Intersection,28.57
2025-08-29 21:00:00+00:00,Lapaz Intersection,26.56
2025-08-29 22:00:00+00:00,Lapaz Intersection,23.44
2025-08-29 23:00:00+00:00,Lapaz Intersection,18.28
2025-08-30 00:00:00+00:00,Lapaz Intersection,14.11
2025-08-30 01:00:00+00:00,Lapaz Intersection,11.64
2025-08-30 02:00:00+00:00,Lapaz Intersection,15.92
2025-08-30 03:00:00+00:00,Lapaz Intersection,12.87
2025-08-30 04:00:00+00:00,Lapaz Intersection,17.87
2025-08-30 05:00:00+00:00,Lapaz Intersection,21.85
2025-08-30 06:00:00+00:00,Lapaz Intersection,40.1
2025-08-30 07:00:00+00:00,Lapaz Intersection,23.52
2025-08-30 08:00:00+00:00,Lapaz Intersection,21.9
2025-08-30 11:00:00+00:00,Lapaz Intersection,15.24
2025-08-30 12:00:00+00:00,Lapaz Intersection,19.97
2025-08-30 14:00:00+00:00,Lapaz Intersection,18.95
2025-08-30 15:00:00+00:00,Lapaz Intersection,14.1
2025-08-30 16:00:00+00:00,Lapaz Intersection,19.06
2025-08-30 17:00:00+00:00,Lapaz Intersection,20.23
2025-08-30 18:00:00+00:00,Lapaz Intersection,27.12
2025-08-30 19:00:00+00:00,Lapaz Intersection,31.98
2025-08-30 20:00:00+00:00,Lapaz Intersection,39.87
2025-08-30 21:00:00+00:00,Lapaz Intersection,29.89
2025-08-30 22:00:00+00:00,Lapaz Intersection,34.2
2025-08-30 23:00:00+00:00,Lapaz Intersection,30.5
2025-08-31 00:00:00+00:00,Lapaz Intersection,30.11
2025-08-31 01:00:00+00:00,Lapaz Intersection,17.77
2025-08-31 02:00:00+00:00,Lapaz Intersection,15.32
2025-08-31 03:00:00+00:00,Lapaz Intersection,13.64
2025-08-31 04:00:00+00:00,Lapaz Intersection,20.08
2025-08-31 05:00:00+00:00,Lapaz Intersection,18.42
2025-08-31 07:00:00+00:00,Lapaz Intersection,29.66
2025-08-31 08:00:00+00:00,Lapaz Intersection,28.51
2025-08-31 09:00:00+00:00,Lapaz Intersection,20.67
2025-08-31 11:00:00+00:00,Lapaz Intersection,17.2
2025-08-31 12:00:00+00:00,Lapaz Intersection,14.81
2025-08-31 13:00:00+00:00,Lapaz Intersection,14.89
2025-08-31 14:00:00+00:00,Lapaz Intersection,13.4
2025-08-31 15:00:00+00:00,Lapaz Intersection,14.85
2025-08-31 16:00:00+00:00,Lapaz Intersection,15.73
2025-08-31 17:00:00+00:00,Lapaz Intersection,24.0
2025-08-31 18:00:00+00:00,Lapaz Intersection,22.92
2025-08-31 19:00:00+00:00,Lapaz Intersection,32.0
2025-08-31 20:00:00+00:00,Lapaz Intersection,30.26
2025-08-31 21:00:00+00:00,Lapaz Intersection,30.99
2025-08-31 22:00:00+00:00,Lapaz Intersection,27.87
2025-08-31 23:00:00+00:00,Lapaz Intersection,25.06
2025-08-01 00:00:00+00:00,Madina Zongo,7.91
2025-08-01 01:00:00+00:00,Madina Zongo,14.09
2025-08-01 02:00:00+00:00,Madina Zongo,8.5
2025-08-01 03:00:00+00:00,Madina Zongo,13.59
2025-08-01 04:00:00+00:00,Madina Zongo,15.92
2025-08-01 05:00:00+00:00,Madina Zongo,18.21
2025-08-01 06:00:00+00:00,Madina Zongo,26.89
2025-08-01 07:00:00+00:00,Madina Zongo,36.15
2025-08-01 08:00:00+00:00,Madina Zongo,35.1
2025-08-01 09:00:00+00:00,Madina Zongo,35.45
2025-08-01 10:00:00+00:00,Madina Zongo,28.85
2025-08-01 11:00:00+00:00,Madina Zongo,28.02
2025-08-01 12:00:00+00:00,Madina Zongo,23.51
2025-08-01 13:00:00+00:00,Madina Zongo,25.43
2025-08-01 14:00:00+00:00,Madina Zongo,27.03
2025-08-01 15:00:00+00:00,Madina Zongo,33.06
2025-08-01 16:00:00+00:00,Madina Zongo,36.71
2025-08-01 17:00:00+00:00,Madina Zongo,50.58
2025-08-01 18:00:00+00:00,Madina Zongo,23.51
2025-08-01 19:00:00+00:00,Madina Zongo,35.68
2025-08-01 20:00:00+00:00,Madina Zongo,28.3
2025-08-01 21:00:00+00:00,Madina Zongo,23.83
2025-08-01 22:00:00+00:00,Madina Zongo,19.0
2025-08-01 23:00:00+00:00,Madina Zongo,15.67
2025-08-02 01:00:00+00:00,Madina Zongo,13.07
2025-08-02 02:00:00+00:00,Madina Zongo,12.66
2025-08-02 03:00:00+00:00,Madina Zongo,16.1
2025-08-02 04:00:00+00:00,Madina Zongo,21.38
2025-08-02 05:00:00+00:00,Madina Zongo,22.49
2025-08-02 06:00:00+00:00,Madina Zongo,53.28
2025-08-02 07:00:00+00:00,Madina Zongo,41.0
2025-08-02 08:00:00+00:00,Madina Zongo,25.32
2025-08-02 10:00:00+00:00,Madina Zongo,12.69
2025-08-02 11:00:00+00:00,Madina Zongo,27.9
2025-08-02 12:00:00+00:00,Madina Zongo,18.93
2025-08-02 13:00:00+00:00,Madina Zongo,22.46
2025-08-02 15:00:00+00:00,Madina Zongo,27.41
2025-08-02 16:00:00+00:00,Madina Zongo,33.0
2025-08-02 17:00:00+00:00,Madina Zongo,38.42
2025-08-02 18:00:00+00:00,Madina Zongo,45.38
2025-08-02 19:00:00+00:00,Madina Zongo,45.47
2025-08-02 20:00:00+00:00,Madina Zongo,50.86
2025-08-02 21:00:00+00:00,Madina Zongo,37.01
2025-08-02 23:00:00+00:00,Madina Zongo,22.22
2025-08-03 00:00:00+00:00,Madina Zongo,9.87
2025-08-03 02:00:00+00:00,Madina Zongo,10.75
2025-08-03 03:00:00+00:00,Madina Zongo,14.51
2025-08-03 05:00:00+00:00,Madina Zongo,15.23
2025-08-03 06:00:00+00:00,Madina Zongo,19.63
2025-08-03 07:00:00+00:00,Madina Zongo,28.05
2025-08-03 08:00:00+00:00,Madina Zongo,17.56
2025-08-03 10:00:00+00:00,Madina Zongo,17.79
2025-08-03 12:00:00+00:00,Madina Zongo,18.14
2025-08-03 13:00:00+00:00,Madina Zongo,20.51
2025-08-03 14:00:00+00:00,Madina Zongo,19.15
2025-08-03 15:00:00+00:00,Madina Zongo,24.85
2025-08-03 17:00:00+00:00,Madina Zongo,33.65
2025-08-03 20:00:00+00:00,Madina Zongo,35.81
2025-08-04 00:00:00+00:00,Madina Zongo,10.89
2025-08-04 01:00:00+00:00,Madina Zongo,9.67
2025-08-04 08:00:00+00:00,Madina Zongo,48.95
2025-08-04 09:00:00+00:00,Madina Zongo,51.0
2025-08-04 10:00:00+00:00,Madina Zongo,47.23
2025-08-04 11:00:00+00:00,Madina Zongo,27.37
2025-08-04 12:00:00+00:00,Madina Zongo,26.18
2025-08-04 13:00:00+00:00,Madina Zongo,17.53
2025-08-04 14:00:00+00:00,Madina Zongo,28.25
2025-08-04 15:00:00+00:00,Madina Zongo,34.24
2025-08-04 16:00:00+00:00,Madina Zongo,24.64
2025-08-04 17:00:00+00:00,Madina Zongo,29.4
2025-08-04 18:00:00+00:00,Madina Zongo,36.81
2025-08-04 19:00:00+00:00,Madina Zongo,20.25
2025-08-04 20:00:00+00:00,Madina Zongo,35.05
2025-08-04 21:00:00+00:00,Madina Zongo,19.89
2025-08-04 22:00:00+00:00,Madina Zongo,14.31
2025-08-04 23:00:00+00:00,Madina Zongo,24.53
2025-08-05 01:00:00+00:00,Madina Zongo,5.86
2025-08-05 02:00:00+00:00,Madina Zongo,7.07
2025-08-05 03:00:00+00:00,Madina Zongo,14.33
2025-08-05 04:00:00+00:00,Madina Zongo,21.08
2025-08-05 05:00:00+00:00,Madina Zongo,14.9
2025-08-05 06:00:00+00:00,Madina Zongo,27.3
2025-08-05 07:00:00+00:00,Madina Zongo,38.14
2025-08-05 08:00:00+00:00,Madina Zongo,37.99
2025-08-05 09:00:00+00:00,Madina Zongo,44.85
2025-08-05 10:00:00+00:00,Madina Zongo,24.4
2025-08-05 11:00:00+00:00,Madina Zongo,37.23
2025-08-05 13:00:00+00:00,Madina Zongo,26.44
2025-08-05 14:00:00+00:00,Madina Zongo,23.97
2025-08-05 15:00:00+00:00,Madina Zongo,27.09
2025-08-05 16:00:00+00:00,Madina Zongo,43.12
2025-08-05 18:00:00+00:00,Madina Zongo,37.09
2025-08-05 19:00:00+00:00,Madina Zongo,44.39
2025-08-05 20:00:00+00:00,Madina Zongo,33.1
2025-08-05 21:00:00+00:00,Madina Zongo,31.29
2025-08-05 22:00:00+00:00,Madina Zongo,28.34
2025-08-05 23:00:00+00:00,Madina Zongo,14.7
2025-08-06 00:00:00+00:00,Madina Zongo,15.82
2025-08-06 01:00:00+00:00,Madina Zongo,8.95
2025-08-06 02:00:00+00:00,Madina Zongo,9.37
2025-08-06 04:00:00+00:00,Madina Zongo,16.23
2025-08-06 05:00:00+00:00,Madina Zongo,34.89
2025-08-06 06:00:00+00:00,Madina Zongo,49.67
2025-08-06 07:00:00+00:00,Madina Zongo,38.67
2025-08-06 08:00:00+00:00,Madina Zongo,54.7
2025-08-06 09:00:00+00:00,Madina Zongo,36.41
2025-08-06 10:00:00+00:00,Madina Zongo,28.67
2025-08-06 11:00:00+00:00,Madina Zongo,36.79
2025-08-06 12:00:00+00:00,Madina Zongo,21.15
2025-08-06 13:00:00+00:00,Madina Zongo,31.96
2025-08-06 14:00:00+00:00,Madina Zongo,27.61
2025-08-06 15:00:00+00:00,Madina Zongo,36.81
2025-08-06 16:00:00+00:00,Madina Zongo,31.46
2025-08-06 17:00:00+00:00,Madina Zongo,45.38
2025-08-06 18:00:00+00:00,Madina Zongo,41.88
2025-08-06 19:00:00+00:00,Madina Zongo,37.08
2025-08-06 20:00:00+00:00,Madina Zongo,32.49
2025-08-06 21:00:00+00:00,Madina Zongo,19.99
2025-08-06 23:00:00+00:00,Madina Zongo,20.14
2025-08-07 00:00:00+00:00,Madina Zongo,15.24
2025-08-07 01:00:00+00:00,Madina Zongo,15.77
2025-08-07 02:00:00+00:00,Madina Zongo,17.08
2025-08-07 03:00:00+00:00,Madina Zongo,18.68
2025-08-07 04:00:00+00:00,Madina Zongo,25.45
2025-08-07 06:00:00+00:00,Madina Zongo,37.59
2025-08-07 07:00:00+00:00,Madina Zongo,43.62
2025-08-07 08:00:00+00:00,Madina Zongo,44.83
2025-08-07 09:00:00+00:00,Madina Zongo,47.88
2025-08-07 10:00:00+00:00,Madina Zongo,31.06
2025-08-07 11:00:00+00:00,Madina Zongo,30.87
2025-08-07 12:00:00+00:00,Madina Zongo,23.27
2025-08-07 13:00:00+00:00,Madina Zongo,35.53
2025-08-07 14:00:00+00:00,Madina Zongo,19.46
2025-08-07 15:00:00+00:00,Madina Zongo,37.82
2025-08-07 16:00:00+00:00,Madina Zongo,22.44
2025-08-07 17:00:00+00:00,Madina Zongo,31.37
2025-08-07 18:00:00+00:00,Madina Zongo,23.4
2025-08-07 19:00:00+00:00,Madina Zongo,28.89
2025-08-07 20:00:00+00:00,Madina Zongo,29.44
2025-08-07 21:00:00+00:00,Madina Zongo,27.4
2025-08-07 23:00:00+00:00,Madina Zongo,14.44
2025-08-08 00:00:00+00:00,Madina Zongo,16.99
2025-08-08 02:00:00+00:00,Madina Zongo,13.93
2025-08-08 04:00:00+00:00,Madina Zongo,23.38
2025-08-08 05:00:00+00:00,Madina Zongo,17.92
2025-08-08 07:00:00+00:00,Madina Zongo,35.72
2025-08-08 08:00:00+00:00,Madina Zongo,30.04
2025-08-08 09:00:00+00:00,Madina Zongo,41.26
2025-08-08 10:00:00+00:00,Madina Zongo,36.48
2025-08-08 11:00:00+00:00,Madina Zongo,25.06
2025-08-08 12:00:00+00:00,Madina Zongo,23.97
2025-08-08 13:00:00+00:00,Madina Zongo,34.3
2025-08-08 14:00:00+00:00,Madina Zongo,30.86
2025-08-08 15:00:00+00:00,Madina Zongo,27.81
2025-08-08 16:00:00+00:00,Madina Zongo,29.19
2025-08-08 17:00:00+00:00,Madina Zongo,33.26
2025-08-08 18:00:00+00:00,Madina Zongo,45.74
2025-08-08 19:00:00+00:00,Madina Zongo,31.29
2025-08-08 20:00:00+00:00,Madina Zongo,25.11
2025-08-08 21:00:00+00:00,Madina Zongo,27.09
2025-08-08 22:00:00+00:00,Madina Zongo,18.02
2025-08-09 00:00:00+00:00,Madina Zongo,20.71
2025-08-09 01:00:00+00:00,Madina Zongo,9.35
2025-08-09 02:00:00+00:00,Madina Zongo,10.83
2025-08-09 03:00:00+00:00,Madina Zongo,14.81
2025-08-09 04:00:00+00:00,Madina Zongo,26.12
2025-08-09 05:00:00+00:00,Madina Zongo,27.45
2025-08-09 06:00:00+00:00,Madina Zongo,45.47
2025-08-09 07:00:00+00:00,Madina Zongo,39.71
2025-08-09 08:00:00+00:00,Madina Zongo,52.62
2025-08-09 09:00:00+00:00,Madina Zongo,44.44
2025-08-09 10:00:00+00:00,Madina Zongo,47.04
2025-08-09 11:00:00+00:00,Madina Zongo,32.18
2025-08-09 12:00:00+00:00,Madina Zongo,30.81
2025-08-09 13:00:00+00:00,Madina Zongo,42.03
2025-08-09 14:00:00+00:00,Madina Zongo,27.86
2025-08-09 15:00:00+00:00,Madina Zongo,41.33
2025-08-09 16:00:00+00:00,Madina Zongo,41.03
2025-08-09 17:00:00+00:00,Madina Zongo,55.37
2025-08-09 18:00:00+00:00,Madina Zongo,61.95
2025-08-09 19:00:00+00:00,Madina Zongo,47.83
2025-08-09 20:00:00+00:00,Madina Zongo,44.93
2025-08-09 21:00:00+00:00,Madina Zongo,38.57
2025-08-09 22:00:00+00:00,Madina Zongo,32.44
2025-08-09 23:00:00+00:00,Madina Zongo,31.88
2025-08-10 00:00:00+00:00,Madina Zongo,20.71
2025-08-10 01:00:00+00:00,Madina Zongo,15.1
2025-08-10 02:00:00+00:00,Madina Zongo,11.87
2025-08-10 03:00:00+00:00,Madina Zongo,12.45
2025-08-10 04:00:00+00:00,Madina Zongo,19.36
2025-08-10 05:00:00+00:00,Madina Zongo,23.65
2025-08-10 06:00:00+00:00,Madina Zongo,50.81
2025-08-10 07:00:00+00:00,Madina Zongo,48.63
2025-08-10 08:00:00+00:00,Madina Zongo,44.58
2025-08-10 09:00:00+00:00,Madina Zongo,25.35
2025-08-10 10:00:00+00:00,Madina Zongo,17.36
2025-08-10 11:00:00+00:00,Madina Zongo,11.28
2025-08-10 12:00:00+00:00,Madina Zongo,22.91
2025-08-10 13:00:00+00:00,Madina Zongo,24.16
2025-08-10 14:00:00+00:00,Madina Zongo,19.49
2025-08-10 15:00:00+00:00,Madina Zongo,24.37
2025-08-10 16:00:00+00:00,Madina Zongo,18.17
2025-08-10 17:00:00+00:00,Madina Zongo,22.85
2025-08-10 18:00:00+00:00,Madina Zongo,13.93
2025-08-10 19:00:00+00:00,Madina Zongo,35.72
2025-08-10 20:00:00+00:00,Madina Zongo,39.1
2025-08-10 21:00:00+00:00,Madina Zongo,26.76
2025-08-11 03:00:00+00:00,Madina Zongo,19.35
2025-08-11 04:00:00+00:00,Madina Zongo,14.1
2025-08-11 05:00:00+00:00,Madina Zongo,23.5
2025-08-11 06:00:00+00:00,Madina Zongo,43.76
2025-08-11 07:00:00+00:00,Madina Zongo,35.18
2025-08-11 08:00:00+00:00,Madina Zongo,33.41
2025-08-11 09:00:00+00:00,Madina Zongo,14.76
2025-08-11 10:00:00+00:00,Madina Zongo,21.69
2025-08-11 11:00:00+00:00,Madina Zongo,22.92
2025-08-11 12:00:00+00:00,Madina Zongo,16.63
2025-08-11 13:00:00+00:00,Madina Zongo,13.29
2025-08-11 14:00:00+00:00,Madina Zongo,25.09
2025-08-11 15:00:00+00:00,Madina Zongo,21.88
2025-08-11 16:00:00+00:00,Madina Zongo,25.94
2025-08-11 17:00:00+00:00,Madina Zongo,31.18
2025-08-11 18:00:00+00:00,Madina Zongo,32.06
2025-08-11 20:00:00+00:00,Madina Zongo,29.0
2025-08-11 22:00:00+00:00,Madina Zongo,19.65
2025-08-11 23:00:00+00:00,Madina Zongo,7.71
2025-08-12 00:00:00+00:00,Madina Zongo,18.43
2025-08-12 01:00:00+00:00,Madina Zongo,11.21
2025-08-12 03:00:00+00:00,Madina Zongo,7.86
2025-08-12 05:00:00+00:00,Madina Zongo,17.84
2025-08-12 06:00:00+00:00,Madina Zongo,32.75
2025-08-12 07:00:00+00:00,Madina Zongo,31.43
2025-08-12 08:00:00+00:00,Madina Zongo,14.34
2025-08-12 09:00:00+00:00,Madina Zongo,27.14
2025-08-12 10:00:00+00:00,Madina Zongo,10.01
2025-08-12 11:00:00+00:00,Madina Zongo,16.24
2025-08-12 12:00:00+00:00,Madina Zongo,12.64
2025-08-12 13:00:00+00:00,Madina Zongo,13.34
2025-08-12 14:00:00+00:00,Madina Zongo,12.69
2025-08-12 15:00:00+00:00,Madina Zongo,18.35
2025-08-12 16:00:00+00:00,Madina Zongo,17.62
2025-08-12 17:00:00+00:00,Madina Zongo,42.44
2025-08-12 18:00:00+00:00,Madina Zongo,31.89
2025-08-12 19:00:00+00:00,Madina Zongo,33.93
2025-08-12 20:00:00+00:00,Madina Zongo,24.28
2025-08-12 21:00:00+00:00,Madina Zongo,18.9
2025-08-12 22:00:00+00:00,Madina Zongo,9.78
2025-08-12 23:00:00+00:00,Madina Zongo,6.93
2025-08-13 00:00:00+00:00,Madina Zongo,3.08
2025-08-13 01:00:00+00:00,Madina Zongo,3.11
2025-08-13 02:00:00+00:00,Madina Zongo,5.91
2025-08-13 03:00:00+00:00,Madina Zongo,8.38
2025-08-13 04:00:00+00:00,Madina Zongo,8.72
2025-08-13 05:00:00+00:00,Madina Zongo,19.55
2025-08-13 07:00:00+00:00,Madina Zongo,30.34
2025-08-13 08:00:00+00:00,Madina Zongo,14.89
2025-08-13 09:00:00+00:00,Madina Zongo,25.97
2025-08-13 10:00:00+00:00,Madina Zongo,13.51
2025-08-13 11:00:00+00:00,Madina Zongo,9.8
2025-08-13 12:00:00+00:00,Madina Zongo,19.78
2025-08-13 13:00:00+00:00,Madina Zongo,14.41
2025-08-13 14:00:00+00:00,Madina Zongo,17.95
2025-08-13 15:00:00+00:00,Madina Zongo,15.64
2025-08-13 16:00:00+00:00,Madina Zongo,19.27
2025-08-13 17:00:00+00:00,Madina Zongo,14.6
2025-08-13 18:00:00+00:00,Madina Zongo,27.21
2025-08-13 19:00:00+00:00,Madina Zongo,13.62
2025-08-13 20:00:00+00:00,Madina Zongo,30.17
2025-08-13 21:00:00+00:00,Madina Zongo,33.68
2025-08-13 22:00:00+00:00,Madina Zongo,9.12
2025-08-13 23:00:00+00:00,Madina Zongo,8.47
2025-08-14 00:00:00+00:00,Madina Zongo,4.73
2025-08-14 01:00:00+00:00,Madina Zongo,4.76
2025-08-14 02:00:00+00:00,Madina Zongo,9.5
2025-08-14 03:00:00+00:00,Madina Zongo,9.16
2025-08-14 04:00:00+00:00,Madina Zongo,9.14
2025-08-14 05:00:00+00:00,Madina Zongo,13.98
2025-08-14 08:00:00+00:00,Madina Zongo,24.4
2025-08-14 09:00:00+00:00,Madina Zongo,19.11
2025-08-14 10:00:00+00:00,Madina Zongo,17.34
2025-08-14 11:00:00+00:00,Madina Zongo,12.99
2025-08-14 12:00:00+00:00,Madina Zongo,13.29
2025-08-14 13:00:00+00:00,Madina Zongo,10.03
2025-08-14 14:00:00+00:00,Madina Zongo,13.64
2025-08-14 15:00:00+00:00,Madina Zongo,13.32
2025-08-14 16:00:00+00:00,Madina Zongo,17.45
2025-08-14 17:00:00+00:00,Madina Zongo,29.13
2025-08-14 18:00:00+00:00,Madina Zongo,17.97
2025-08-14 19:00:00+00:00,Madina Zongo,29.63
2025-08-14 20:00:00+00:00,Madina Zongo,27.84
2025-08-14 21:00:00+00:00,Madina Zongo,17.72
2025-08-14 23:00:00+00:00,Madina Zongo,8.78
2025-08-15 00:00:00+00:00,Madina Zongo,13.79
2025-08-15 02:00:00+00:00,Madina Zongo,8.2
2025-08-15 03:00:00+00:00,Madina Zongo,10.62
2025-08-15 04:00:00+00:00,Madina Zongo,16.34
2025-08-15 05:00:00+00:00,Madina Zongo,11.88
2025-08-15 06:00:00+00:00,Madina Zongo,43.09
2025-08-15 07:00:00+00:00,Madina Zongo,25.62
2025-08-15 08:00:00+00:00,Madina Zongo,25.54
2025-08-15 09:00:00+00:00,Madina Zongo,21.74
2025-08-15 10:00:00+00:00,Madina Zongo,13.11
2025-08-15 11:00:00+00:00,Madina Zongo,25.25
2025-08-15 12:00:00+00:00,Madina Zongo,16.42
2025-08-15 13:00:00+00:00,Madina Zongo,19.56
2025-08-15 14:00:00+00:00,Madina Zongo,13.57
2025-08-15 15:00:00+00:00,Madina Zongo,16.99
2025-08-15 16:00:00+00:00,Madina Zongo,19.5
2025-08-15 17:00:00+00:00,Madina Zongo,29.98
2025-08-15 18:00:00+00:00,Madina Zongo,33.21
2025-08-15 19:00:00+00:00,Madina Zongo,20.63
2025-08-15 20:00:00+00:00,Madina Zongo,22.81
2025-08-15 21:00:00+00:00,Madina Zongo,33.91
2025-08-15 22:00:00+00:00,Madina Zongo,9.41
2025-08-16 02:00:00+00:00,Madina Zongo,5.9
2025-08-16 03:00:00+00:00,Madina Zongo,6.71
2025-08-16 05:00:00+00:00,Madina Zongo,17.78
2025-08-16 07:00:00+00:00,Madina Zongo,33.44
2025-08-16 08:00:00+00:00,Madina Zongo,19.24
2025-08-16 09:00:00+00:00,Madina Zongo,27.14
2025-08-16 10:00:00+00:00,Madina Zongo,20.39
2025-08-16 11:00:00+00:00,Madina Zongo,29.45
2025-08-16 12:00:00+00:00,Madina Zongo,29.17
2025-08-16 13:00:00+00:00,Madina Zongo,18.78
2025-08-16 14:00:00+00:00,Madina Zongo,22.42
2025-08-16 15:00:00+00:00,Madina Zongo,15.53
2025-08-16 16:00:00+00:00,Madina Zongo,29.91
2025-08-16 17:00:00+00:00,Madina Zongo,35.49
2025-08-16 18:00:00+00:00,Madina Zongo,21.73
2025-08-16 19:00:00+00:00,Madina Zongo,18.87
2025-08-16 20:00:00+00:00,Madina Zongo,21.38
2025-08-17 00:00:00+00:00,Madina Zongo,6.32
2025-08-17 01:00:00+00:00,Madina Zongo,5.49
2025-08-17 03:00:00+00:00,Madina Zongo,17.23
2025-08-17 04:00:00+00:00,Madina Zongo,9.87
2025-08-17 05:00:00+00:00,Madina Zongo,14.25
2025-08-17 06:00:00+00:00,Madina Zongo,17.13
2025-08-17 07:00:00+00:00,Madina Zongo,12.81
2025-08-17 08:00:00+00:00,Madina Zongo,18.11
2025-08-17 09:00:00+00:00,Madina Zongo,9.82
2025-08-17 10:00:00+00:00,Madina Zongo,17.0
2025-08-17 11:00:00+00:00,Madina Zongo,14.3
2025-08-17 12:00:00+00:00,Madina Zongo,9.07
2025-08-17 13:00:00+00:00,Madina Zongo,18.78
2025-08-17 14:00:00+00:00,Madina Zongo,11.82
2025-08-17 15:00:00+00:00,Madina Zongo,11.34
2025-08-17 16:00:00+00:00,Madina Zongo,28.62
2025-08-17 17:00:00+00:00,Madina Zongo,16.54
2025-08-17 18:00:00+00:00,Madina Zongo,22.63
2025-08-17 19:00:00+00:00,Madina Zongo,28.48
2025-08-17 20:00:00+00:00,Madina Zongo,20.37
2025-08-17 21:00:00+00:00,Madina Zongo,15.46
2025-08-17 23:00:00+00:00,Madina Zongo,11.08
2025-08-18 02:00:00+00:00,Madina Zongo,11.69
2025-08-18 03:00:00+00:00,Madina Zongo,11.32
2025-08-18 04:00:00+00:00,Madina Zongo,8.82
2025-08-18 05:00:00+00:00,Madina Zongo,15.49
2025-08-18 06:00:00+00:00,Madina Zongo,29.17
2025-08-18 07:00:00+00:00,Madina Zongo,31.5
2025-08-18 11:00:00+00:00,Madina Zongo,17.76
2025-08-18 13:00:00+00:00,Madina Zongo,15.91
2025-08-18 14:00:00+00:00,Madina Zongo,22.16
2025-08-18 19:00:00+00:00,Madina Zongo,49.64
2025-08-18 20:00:00+00:00,Madina Zongo,23.9
2025-08-18 21:00:00+00:00,Madina Zongo,23.95
2025-08-19 01:00:00+00:00,Madina Zongo,9.79
2025-08-19 02:00:00+00:00,Madina Zongo,8.24
2025-08-19 05:00:00+00:00,Madina Zongo,28.96
2025-08-19 06:00:00+00:00,Madina Zongo,43.69
2025-08-19 07:00:00+00:00,Madina Zongo,38.42
2025-08-19 08:00:00+00:00,Madina Zongo,26.0
2025-08-19 09:00:00+00:00,Madina Zongo,22.96
2025-08-19 10:00:00+00:00,Madina Zongo,17.96
2025-08-19 11:00:00+00:00,Madina Zongo,18.87
2025-08-19 12:00:00+00:00,Madina Zongo,14.4
2025-08-19 13:00:00+00:00,Madina Zongo,22.61
2025-08-19 14:00:00+00:00,Madina Zongo,20.95
2025-08-19 15:00:00+00:00,Madina Zongo,18.9
2025-08-19 16:00:00+00:00,Madina Zongo,27.08
2025-08-19 17:00:00+00:00,Madina Zongo,27.76
2025-08-19 18:00:00+00:00,Madina Zongo,32.46
2025-08-19 19:00:00+00:00,Madina Zongo,39.63
2025-08-19 20:00:00+00:00,Madina Zongo,41.17
2025-08-19 21:00:00+00:00,Madina Zongo,33.62
2025-08-19 22:00:00+00:00,Madina Zongo,25.95
2025-08-19 23:00:00+00:00,Madina Zongo,16.06
2025-08-20 00:00:00+00:00,Madina Zongo,12.21
2025-08-20 01:00:00+00:00,Madina Zongo,13.34
2025-08-20 02:00:00+00:00,Madina Zongo,12.07
2025-08-20 03:00:00+00:00,Madina Zongo,14.01
2025-08-20 04:00:00+00:00,Madina Zongo,18.59
2025-08-20 05:00:00+00:00,Madina Zongo,24.09
2025-08-20 06:00:00+00:00,Madina Zongo,49.72
2025-08-20 07:00:00+00:00,Madina Zongo,37.87
2025-08-20 08:00:00+00:00,Madina Zongo,38.37
2025-08-20 09:00:00+00:00,Madina Zongo,17.76
2025-08-20 10:00:00+00:00,Madina Zongo,28.35
2025-08-20 11:00:00+00:00,Madina Zongo,17.4
2025-08-20 13:00:00+00:00,Madina Zongo,23.05
2025-08-20 14:00:00+00:00,Madina Zongo,11.85
2025-08-20 15:00:00+00:00,Madina Zongo,19.72
2025-08-20 16:00:00+00:00,Madina Zongo,15.74
2025-08-20 17:00:00+00:00,Madina Zongo,23.32
2025-08-20 18:00:00+00:00,Madina Zongo,27.2
2025-08-20 19:00:00+00:00,Madina Zongo,35.74
2025-08-20 20:00:00+00:00,Madina Zongo,38.48
2025-08-20 21:00:00+00:00,Madina Zongo,12.54
2025-08-20 23:00:00+00:00,Madina Zongo,9.78
2025-08-21 00:00:00+00:00,Madina Zongo,9.28
2025-08-21 01:00:00+00:00,Madina Zongo,7.22
2025-08-21 02:00:00+00:00,Madina Zongo,6.67
2025-08-21 03:00:00+00:00,Madina Zongo,7.77
2025-08-21 04:00:00+00:00,Madina Zongo,9.26
2025-08-21 05:00:00+00:00,Madina Zongo,15.19
2025-08-21 06:00:00+00:00,Madina Zongo,16.02
2025-08-21 07:00:00+00:00,Madina Zongo,31.94
2025-08-21 08:00:00+00:00,Madina Zongo,14.98
2025-08-21 09:00:00+00:00,Madina Zongo,21.59
2025-08-21 10:00:00+00:00,Madina Zongo,22.7
2025-08-21 11:00:00+00:00,Madina Zongo,19.63
2025-08-21 12:00:00+00:00,Madina Zongo,20.74
2025-08-21 13:00:00+00:00,Madina Zongo,16.09
2025-08-21 14:00:00+00:00,Madina Zongo,18.13
2025-08-21 16:00:00+00:00,Madina Zongo,24.65
2025-08-21 18:00:00+00:00,Madina Zongo,18.05
2025-08-21 19:00:00+00:00,Madina Zongo,18.11
2025-08-21 20:00:00+00:00,Madina Zongo,15.99
2025-08-21 21:00:00+00:00,Madina Zongo,9.09
2025-08-21 22:00:00+00:00,Madina Zongo,10.49
2025-08-21 23:00:00+00:00,Madina Zongo,9.28
2025-08-22 00:00:00+00:00,Madina Zongo,8.53
2025-08-22 02:00:00+00:00,Madina Zongo,9.2
2025-08-22 03:00:00+00:00,Madina Zongo,8.7
2025-08-22 04:00:00+00:00,Madina Zongo,9.46
2025-08-22 06:00:00+00:00,Madina Zongo,12.54
2025-08-22 07:00:00+00:00,Madina Zongo,22.97
2025-08-22 08:00:00+00:00,Madina Zongo,27.58
2025-08-22 09:00:00+00:00,Madina Zongo,32.63
2025-08-22 10:00:00+00:00,Madina Zongo,19.06
2025-08-22 11:00:00+00:00,Madina Zongo,49.25
2025-08-22 12:00:00+00:00,Madina Zongo,22.75
2025-08-22 13:00:00+00:00,Madina Zongo,26.73
2025-08-22 14:00:00+00:00,Madina Zongo,26.22
2025-08-22 16:00:00+00:00,Madina Zongo,30.6
2025-08-22 17:00:00+00:00,Madina Zongo,50.75
2025-08-22 18:00:00+00:00,Madina Zongo,53.49
2025-08-22 19:00:00+00:00,Madina Zongo,43.73
2025-08-22 20:00:00+00:00,Madina Zongo,44.0
2025-08-22 21:00:00+00:00,Madina Zongo,28.77
2025-08-22 22:00:00+00:00,Madina Zongo,35.42
2025-08-23 02:00:00+00:00,Madina Zongo,13.08
2025-08-23 03:00:00+00:00,Madina Zongo,10.41
2025-08-23 04:00:00+00:00,Madina Zongo,16.62
2025-08-23 05:00:00+00:00,Madina Zongo,22.22
2025-08-23 06:00:00+00:00,Madina Zongo,30.58
2025-08-23 07:00:00+00:00,Madina Zongo,32.29
2025-08-23 08:00:00+00:00,Madina Zongo,28.62
2025-08-23 09:00:00+00:00,Madina Zongo,37.76
2025-08-23 10:00:00+00:00,Madina Zongo,17.03
2025-08-23 11:00:00+00:00,Madina Zongo,18.88
2025-08-23 12:00:00+00:00,Madina Zongo,27.24
2025-08-23 13:00:00+00:00,Madina Zongo,19.42
2025-08-23 14:00:00+00:00,Madina Zongo,34.29
2025-08-23 15:00:00+00:00,Madina Zongo,24.56
2025-08-23 16:00:00+00:00,Madina Zongo,41.25
2025-08-23 17:00:00+00:00,Madina Zongo,42.55
2025-08-23 18:00:00+00:00,Madina Zongo,39.73
2025-08-23 19:00:00+00:00,Madina Zongo,36.7
2025-08-23 20:00:00+00:00,Madina Zongo,36.54
2025-08-23 22:00:00+00:00,Madina Zongo,40.54
2025-08-24 00:00:00+00:00,Madina Zongo,19.32
2025-08-24 01:00:00+00:00,Madina Zongo,14.88
2025-08-24 02:00:00+00:00,Madina Zongo,9.27
2025-08-24 03:00:00+00:00,Madina Zongo,9.63
2025-08-24 04:00:00+00:00,Madina Zongo,10.93
2025-08-24 05:00:00+00:00,Madina Zongo,28.45
2025-08-24 07:00:00+00:00,Madina Zongo,39.26
2025-08-24 08:00:00+00:00,Madina Zongo,29.16
2025-08-24 09:00:00+00:00,Madina Zongo,22.42
2025-08-24 10:00:00+00:00,Madina Zongo,20.41
2025-08-24 11:00:00+00:00,Madina Zongo,18.37
2025-08-24 12:00:00+00:00,Madina Zongo,16.91
2025-08-24 13:00:00+00:00,Madina Zongo,19.56
2025-08-24 14:00:00+00:00,Madina Zongo,23.33
2025-08-24 15:00:00+00:00,Madina Zongo,18.82
2025-08-24 16:00:00+00:00,Madina Zongo,11.33
2025-08-24 18:00:00+00:00,Madina Zongo,22.19
2025-08-24 19:00:00+00:00,Madina Zongo,21.91
2025-08-24 20:00:00+00:00,Madina Zongo,34.51
2025-08-24 23:00:00+00:00,Madina Zongo,21.67
2025-08-25 01:00:00+00:00,Madina Zongo,12.81
2025-08-25 02:00:00+00:00,Madina Zongo,15.17
2025-08-25 03:00:00+00:00,Madina Zongo,15.28
2025-08-25 05:00:00+00:00,Madina Zongo,27.91
2025-08-25 07:00:00+00:00,Madina Zongo,36.79
2025-08-25 08:00:00+00:00,Madina Zongo,22.68
2025-08-25 10:00:00+00:00,Madina Zongo,14.84
2025-08-25 11:00:00+00:00,Madina Zongo,26.27
2025-08-25 12:00:00+00:00,Madina Zongo,14.49
2025-08-25 13:00:00+00:00,Madina Zongo,15.09
2025-08-25 14:00:00+00:00,Madina Zongo,27.08
2025-08-25 15:00:00+00:00,Madina Zongo,16.82
2025-08-25 17:00:00+00:00,Madina Zongo,28.77
2025-08-25 18:00:00+00:00,Madina Zongo,28.57
2025-08-25 20:00:00+00:00,Madina Zongo,38.86
2025-08-25 21:00:00+00:00,Madina Zongo,20.39
2025-08-26 01:00:00+00:00,Madina Zongo,14.02
2025-08-26 02:00:00+00:00,Madina Zongo,7.54
2025-08-26 03:00:00+00:00,Madina Zongo,8.37
2025-08-26 04:00:00+00:00,Madina Zongo,11.72
2025-08-26 06:00:00+00:00,Madina Zongo,24.01
2025-08-26 07:00:00+00:00,Madina Zongo,42.46
2025-08-26 08:00:00+00:00,Madina Zongo,27.3
2025-08-26 09:00:00+00:00,Madina Zongo,20.08
2025-08-26 10:00:00+00:00,Madina Zongo,15.79
2025-08-26 11:00:00+00:00,Madina Zongo,11.67
2025-08-26 12:00:00+00:00,Madina Zongo,16.35
2025-08-26 13:00:00+00:00,Madina Zongo,18.78
2025-08-26 16:00:00+00:00,Madina Zongo,19.58
2025-08-26 17:00:00+00:00,Madina Zongo,15.75
2025-08-26 18:00:00+00:00,Madina Zongo,34.6
2025-08-26 19:00:00+00:00,Madina Zongo,36.55
2025-08-26 20:00:00+00:00,Madina Zongo,17.26
2025-08-26 21:00:00+00:00,Madina Zongo,24.02
2025-08-26 23:00:00+00:00,Madina Zongo,13.01
2025-08-27 00:00:00+00:00,Madina Zongo,22.69
2025-08-27 01:00:00+00:00,Madina Zongo,12.96
2025-08-27 02:00:00+00:00,Madina Zongo,9.95
2025-08-27 03:00:00+00:00,Madina Zongo,16.74
2025-08-27 04:00:00+00:00,Madina Zongo,18.43
2025-08-27 08:00:00+00:00,Madina Zongo,24.81
2025-08-27 09:00:00+00:00,Madina Zongo,25.67
2025-08-27 13:00:00+00:00,Madina Zongo,25.54
2025-08-27 14:00:00+00:00,Madina Zongo,26.1
2025-08-27 15:00:00+00:00,Madina Zongo,26.27
2025-08-27 16:00:00+00:00,Madina Zongo,22.2
2025-08-27 18:00:00+00:00,Madina Zongo,42.86
2025-08-27 19:00:00+00:00,Madina Zongo,34.5
2025-08-27 20:00:00+00:00,Madina Zongo,35.33
2025-08-27 21:00:00+00:00,Madina Zongo,19.9
2025-08-27 22:00:00+00:00,Madina Zongo,27.62
2025-08-27 23:00:00+00:00,Madina Zongo,37.9
2025-08-28 01:00:00+00:00,Madina Zongo,31.02
2025-08-28 02:00:00+00:00,Madina Zongo,16.87
2025-08-28 06:00:00+00:00,Madina Zongo,48.85
2025-08-28 07:00:00+00:00,Madina Zongo,49.48
2025-08-28 09:00:00+00:00,Madina Zongo,31.34
2025-08-28 11:00:00+00:00,Madina Zongo,32.03
2025-08-28 12:00:00+00:00,Madina Zongo,26.27
2025-08-28 13:00:00+00:00,Madina Zongo,21.41
2025-08-28 14:00:00+00:00,Madina Zongo,20.39
2025-08-28 15:00:00+00:00,Madina Zongo,25.2
2025-08-28 16:00:00+00:00,Madina Zongo,30.37
2025-08-28 17:00:00+00:00,Madina Zongo,30.17
2025-08-28 18:00:00+00:00,Madina Zongo,33.75
2025-08-28 19:00:00+00:00,Madina Zongo,35.39
2025-08-28 20:00:00+00:00,Madina Zongo,34.0
2025-08-28 21:00:00+00:00,Madina Zongo,29.05
2025-08-28 22:00:00+00:00,Madina Zongo,16.69
2025-08-28 23:00:00+00:00,Madina Zongo,12.76
2025-08-29 00:00:00+00:00,Madina Zongo,16.99
2025-08-29 02:00:00+00:00,Madina Zongo,8.55
2025-08-29 06:00:00+00:00,Madina Zongo,30.98
2025-08-29 07:00:00+00:00,Madina Zongo,42.58
2025-08-29 09:00:00+00:00,Madina Zongo,26.71
2025-08-29 10:00:00+00:00,Madina Zongo,22.78
2025-08-29 11:00:00+00:00,Madina Zongo,18.81
2025-08-29 12:00:00+00:00,Madina Zongo,20.83
2025-08-29 13:00:00+00:00,Madina Zongo,11.27
2025-08-29 14:00:00+00:00,Madina Zongo,20.81
2025-08-29 15:00:00+00:00,Madina Zongo,19.66
2025-08-29 16:00:00+00:00,Madina Zongo,18.78
2025-08-29 17:00:00+00:00,Madina Zongo,28.37
2025-08-29 18:00:00+00:00,Madina Zongo,20.42
2025-08-29 19:00:00+00:00,Madina Zongo,29.72
2025-08-29 20:00:00+00:00,Madina Zongo,26.4
2025-08-29 21:00:00+00:00,Madina Zongo,15.1
2025-08-29 22:00:00+00:00,Madina Zongo,28.1
2025-08-29 23:00:00+00:00,Madina Zongo,11.1
2025-08-30 00:00:00+00:00,Madina Zongo,6.83
2025-08-30 01:00:00+00:00,Madina Zongo,7.95
2025-08-30 03:00:00+00:00,Madina Zongo,11.64
2025-08-30 04:00:00+00:00,Madina Zongo,14.72
2025-08-30 05:00:00+00:00,Madina Zongo,16.61
2025-08-30 06:00:00+00:00,Madina Zongo,29.45
2025-08-30 07:00:00+00:00,Madina Zongo,22.35
2025-08-30 11:00:00+00:00,Madina Zongo,15.03
2025-08-30 14:00:00+00:00,Madina Zongo,17.11
2025-08-30 15:00:00+00:00,Madina Zongo,23.73
2025-08-30 16:00:00+00:00,Madina Zongo,24.99
2025-08-30 17:00:00+00:00,Madina Zongo,28.65
2025-08-30 18:00:00+00:00,Madina Zongo,25.95
2025-08-30 19:00:00+00:00,Madina Zongo,23.53
2025-08-30 20:00:00+00:00,Madina Zongo,34.73
2025-08-30 21:00:00+00:00,Madina Zongo,31.85
2025-08-30 22:00:00+00:00,Madina Zongo,21.6
2025-08-30 23:00:00+00:00,Madina Zongo,16.54
2025-08-31 01:00:00+00:00,Madina Zongo,10.93
2025-08-31 02:00:00+00:00,Madina Zongo,11.0
2025-08-31 03:00:00+00:00,Madina Zongo,11.69
2025-08-31 04:00:00+00:00,Madina Zongo,16.2
2025-08-31 07:00:00+00:00,Madina Zongo,37.83
2025-08-31 08:00:00+00:00,Madina Zongo,22.93
2025-08-31 11:00:00+00:00,Madina Zongo,17.18
2025-08-31 12:00:00+00:00,Madina Zongo,18.65
2025-08-31 13:00:00+00:00,Madina Zongo,15.46
2025-08-31 14:00:00+00:00,Madina Zongo,14.98
2025-08-31 15:00:00+00:00,Madina Zongo,19.36
2025-08-31 16:00:00+00:00,Madina Zongo,17.18
2025-08-31 17:00:00+00:00,Madina Zongo,17.99
2025-08-31 18:00:00+00:00,Madina Zongo,28.11
2025-08-31 19:00:00+00:00,Madina Zongo,34.98
2025-08-31 20:00:00+00:00,Madina Zongo,31.14
2025-08-31 21:00:00+00:00,Madina Zongo,20.56
2025-08-31 22:00:00+00:00,Madina Zongo,19.2
2025-08-31 23:00:00+00:00,Madina Zongo,19.68
2025-08-01 00:00:00+00:00,Makola,16.97
2025-08-01 01:00:00+00:00,Makola,18.77
2025-08-01 02:00:00+00:00,Makola,22.62
2025-08-01 03:00:00+00:00,Makola,25.73
2025-08-01 04:00:00+00:00,Makola,32.28
2025-08-01 05:00:00+00:00,Makola,35.75
2025-08-01 06:00:00+00:00,Makola,48.62
2025-08-01 07:00:00+00:00,Makola,34.64
2025-08-01 08:00:00+00:00,Makola,24.36
2025-08-01 09:00:00+00:00,Makola,18.08
2025-08-01 10:00:00+00:00,Makola,19.86
2025-08-01 11:00:00+00:00,Makola,20.13
2025-08-01 12:00:00+00:00,Makola,16.71
2025-08-01 13:00:00+00:00,Makola,16.7
2025-08-01 14:00:00+00:00,Makola,23.11
2025-08-01 15:00:00+00:00,Makola,19.26
2025-08-01 16:00:00+00:00,Makola,24.36
2025-08-01 17:00:00+00:00,Makola,24.71
2025-08-01 18:00:00+00:00,Makola,30.53
2025-08-01 19:00:00+00:00,Makola,28.61
2025-08-01 20:00:00+00:00,Makola,35.74
2025-08-01 21:00:00+00:00,Makola,41.01
2025-08-01 22:00:00+00:00,Makola,33.64
2025-08-01 23:00:00+00:00,Makola,33.64
2025-08-02 01:00:00+00:00,Makola,54.46
2025-08-02 02:00:00+00:00,Makola,44.04
2025-08-02 03:00:00+00:00,Makola,54.26
2025-08-02 04:00:00+00:00,Makola,68.22
2025-08-02 05:00:00+00:00,Makola,108.06
2025-08-02 06:00:00+00:00,Makola,117.08
2025-08-02 07:00:00+00:00,Makola,50.93
2025-08-02 10:00:00+00:00,Makola,24.73
2025-08-02 11:00:00+00:00,Makola,20.51
2025-08-02 12:00:00+00:00,Makola,22.37
2025-08-02 13:00:00+00:00,Makola,20.41
2025-08-02 15:00:00+00:00,Makola,28.09
2025-08-02 16:00:00+00:00,Makola,21.52
2025-08-02 17:00:00+00:00,Makola,22.09
2025-08-02 18:00:00+00:00,Makola,25.19
2025-08-02 19:00:00+00:00,Makola,23.76
2025-08-02 20:00:00+00:00,Makola,23.24
2025-08-02 21:00:00+00:00,Makola,24.77
2025-08-02 22:00:00+00:00,Makola,27.28
2025-08-02 23:00:00+00:00,Makola,37.92
2025-08-03 00:00:00+00:00,Makola,38.66
2025-08-03 02:00:00+00:00,Makola,35.17
2025-08-03 03:00:00+00:00,Makola,36.52
2025-08-03 05:00:00+00:00,Makola,34.35
2025-08-03 07:00:00+00:00,Makola,58.59
2025-08-03 10:00:00+00:00,Makola,21.03
2025-08-03 12:00:00+00:00,Makola,19.48
2025-08-03 14:00:00+00:00,Makola,16.28
2025-08-03 15:00:00+00:00,Makola,18.88
2025-08-03 17:00:00+00:00,Makola,16.74
2025-08-03 20:00:00+00:00,Makola,22.15
2025-08-03 21:00:00+00:00,Makola,23.42
2025-08-04 00:00:00+00:00,Makola,26.8
2025-08-04 01:00:00+00:00,Makola,23.9
2025-08-04 08:00:00+00:00,Makola,35.34
2025-08-04 09:00:00+00:00,Makola,33.47
2025-08-04 10:00:00+00:00,Makola,27.46
2025-08-04 11:00:00+00:00,Makola,25.39
2025-08-04 12:00:00+00:00,Makola,19.67
2025-08-04 13:00:00+00:00,Makola,18.88
2025-08-04 14:00:00+00:00,Makola,22.78
2025-08-04 16:00:00+00:00,Makola,25.53
2025-08-04 17:00:00+00:00,Makola,28.31
2025-08-04 18:00:00+00:00,Makola,28.36
2025-08-04 19:00:00+00:00,Makola,32.67
2025-08-04 20:00:00+00:00,Makola,38.76
2025-08-04 21:00:00+00:00,Makola,28.97
2025-08-04 22:00:00+00:00,Makola,27.58
2025-08-04 23:00:00+00:00,Makola,23.8
2025-08-05 00:00:00+00:00,Makola,30.61
2025-08-05 01:00:00+00:00,Makola,11.71
2025-08-05 02:00:00+00:00,Makola,17.0
2025-08-05 03:00:00+00:00,Makola,31.53
2025-08-05 04:00:00+00:00,Makola,36.36
2025-08-05 05:00:00+00:00,Makola,50.53
2025-08-05 06:00:00+00:00,Makola,45.03
2025-08-05 07:00:00+00:00,Makola,45.82
2025-08-05 08:00:00+00:00,Makola,42.33
2025-08-05 09:00:00+00:00,Makola,33.18
2025-08-05 10:00:00+00:00,Makola,21.08
2025-08-05 13:00:00+00:00,Makola,15.29
2025-08-05 14:00:00+00:00,Makola,19.0
2025-08-05 15:00:00+00:00,Makola,17.57
2025-08-05 16:00:00+00:00,Makola,20.75
2025-08-05 18:00:00+00:00,Makola,28.93
2025-08-05 19:00:00+00:00,Makola,30.53
2025-08-05 20:00:00+00:00,Makola,31.62
2025-08-05 22:00:00+00:00,Makola,34.07
2025-08-05 23:00:00+00:00,Makola,31.77
2025-08-06 00:00:00+00:00,Makola,29.52
2025-08-06 01:00:00+00:00,Makola,20.41
2025-08-06 02:00:00+00:00,Makola,15.22
2025-08-06 03:00:00+00:00,Makola,21.15
2025-08-06 04:00:00+00:00,Makola,36.4
2025-08-06 05:00:00+00:00,Makola,41.45
2025-08-06 06:00:00+00:00,Makola,46.31
2025-08-06 07:00:00+00:00,Makola,45.01
2025-08-06 08:00:00+00:00,Makola,38.14
2025-08-06 09:00:00+00:00,Makola,39.11
2025-08-06 10:00:00+00:00,Makola,24.03
2025-08-06 11:00:00+00:00,Makola,22.13
2025-08-06 12:00:00+00:00,Makola,20.03
2025-08-06 13:00:00+00:00,Makola,22.54
2025-08-06 14:00:00+00:00,Makola,26.0
2025-08-06 15:00:00+00:00,Makola,26.36
2025-08-06 16:00:00+00:00,Makola,30.53
2025-08-06 17:00:00+00:00,Makola,34.06
2025-08-06 18:00:00+00:00,Makola,41.16
2025-08-06 19:00:00+00:00,Makola,43.58
2025-08-06 20:00:00+00:00,Makola,43.01
2025-08-06 21:00:00+00:00,Makola,43.69
2025-08-06 23:00:00+00:00,Makola,34.3
2025-08-07 01:00:00+00:00,Makola,42.89
2025-08-07 02:00:00+00:00,Makola,36.47
2025-08-07 03:00:00+00:00,Makola,48.88
2025-08-07 04:00:00+00:00,Makola,64.09
2025-08-07 05:00:00+00:00,Makola,53.03
2025-08-07 06:00:00+00:00,Makola,63.03
2025-08-07 07:00:00+00:00,Makola,56.71
2025-08-07 08:00:00+00:00,Makola,43.97
2025-08-07 09:00:00+00:00,Makola,32.9
2025-08-07 10:00:00+00:00,Makola,30.16
2025-08-07 11:00:00+00:00,Makola,24.2
2025-08-07 12:00:00+00:00,Makola,26.49
2025-08-07 13:00:00+00:00,Makola,28.09
2025-08-07 14:00:00+00:00,Makola,25.75
2025-08-07 15:00:00+00:00,Makola,26.24
2025-08-07 16:00:00+00:00,Makola,29.47
2025-08-07 17:00:00+00:00,Makola,41.66
2025-08-07 18:00:00+00:00,Makola,39.11
2025-08-07 19:00:00+00:00,Makola,36.31
2025-08-07 20:00:00+00:00,Makola,36.15
2025-08-07 21:00:00+00:00,Makola,46.94
2025-08-07 23:00:00+00:00,Makola,34.02
2025-08-08 02:00:00+00:00,Makola,31.68
2025-08-08 04:00:00+00:00,Makola,44.81
2025-08-08 07:00:00+00:00,Makola,42.45
2025-08-08 08:00:00+00:00,Makola,34.51
2025-08-08 09:00:00+00:00,Makola,29.62
2025-08-08 10:00:00+00:00,Makola,29.89
2025-08-08 11:00:00+00:00,Makola,27.83
2025-08-08 12:00:00+00:00,Makola,24.58
2025-08-08 13:00:00+00:00,Makola,25.98
2025-08-08 14:00:00+00:00,Makola,25.76
2025-08-08 15:00:00+00:00,Makola,28.11
2025-08-08 16:00:00+00:00,Makola,24.7
2025-08-08 17:00:00+00:00,Makola,29.24
2025-08-08 18:00:00+00:00,Makola,27.05
2025-08-08 19:00:00+00:00,Makola,26.72
2025-08-08 20:00:00+00:00,Makola,29.9
2025-08-08 21:00:00+00:00,Makola,26.85
2025-08-08 22:00:00+00:00,Makola,29.22
2025-08-09 00:00:00+00:00,Makola,26.65
2025-08-09 01:00:00+00:00,Makola,24.04
2025-08-09 03:00:00+00:00,Makola,32.59
2025-08-09 04:00:00+00:00,Makola,44.74
2025-08-09 05:00:00+00:00,Makola,38.83
2025-08-09 06:00:00+00:00,Makola,40.63
2025-08-09 07:00:00+00:00,Makola,51.32
2025-08-09 08:00:00+00:00,Makola,55.04
2025-08-09 09:00:00+00:00,Makola,38.83
2025-08-09 10:00:00+00:00,Makola,25.34
2025-08-09 11:00:00+00:00,Makola,15.39
2025-08-09 12:00:00+00:00,Makola,13.5
2025-08-09 13:00:00+00:00,Makola,19.75
2025-08-09 14:00:00+00:00,Makola,12.98
2025-08-09 15:00:00+00:00,Makola,18.88
2025-08-09 16:00:00+00:00,Makola,32.65
2025-08-09 17:00:00+00:00,Makola,35.67
2025-08-09 18:00:00+00:00,Makola,25.59
2025-08-09 19:00:00+00:00,Makola,32.19
2025-08-09 20:00:00+00:00,Makola,34.85
2025-08-09 21:00:00+00:00,Makola,35.56
2025-08-09 22:00:00+00:00,Makola,51.34
2025-08-09 23:00:00+00:00,Makola,56.34
2025-08-10 00:00:00+00:00,Makola,49.45
2025-08-10 01:00:00+00:00,Makola,77.0
2025-08-10 02:00:00+00:00,Makola,54.48
2025-08-10 03:00:00+00:00,Makola,24.78
2025-08-10 04:00:00+00:00,Makola,33.88
2025-08-10 05:00:00+00:00,Makola,60.18
2025-08-10 06:00:00+00:00,Makola,78.68
2025-08-10 07:00:00+00:00,Makola,57.33
2025-08-10 08:00:00+00:00,Makola,19.16
2025-08-10 09:00:00+00:00,Makola,18.68
2025-08-10 10:00:00+00:00,Makola,15.05
2025-08-10 11:00:00+00:00,Makola,10.68
2025-08-10 12:00:00+00:00,Makola,11.25
2025-08-10 13:00:00+00:00,Makola,12.46
2025-08-10 14:00:00+00:00,Makola,12.05
2025-08-10 15:00:00+00:00,Makola,13.28
2025-08-10 16:00:00+00:00,Makola,10.35
2025-08-10 17:00:00+00:00,Makola,11.51
2025-08-10 18:00:00+00:00,Makola,10.82
2025-08-10 19:00:00+00:00,Makola,12.62
2025-08-10 20:00:00+00:00,Makola,16.61
2025-08-10 21:00:00+00:00,Makola,17.87
2025-08-11 03:00:00+00:00,Makola,17.4
2025-08-11 04:00:00+00:00,Makola,17.52
2025-08-11 05:00:00+00:00,Makola,25.2
2025-08-11 06:00:00+00:00,Makola,28.37
2025-08-11 07:00:00+00:00,Makola,25.58
2025-08-11 08:00:00+00:00,Makola,10.18
2025-08-11 09:00:00+00:00,Makola,11.13
2025-08-11 10:00:00+00:00,Makola,9.43
2025-08-11 11:00:00+00:00,Makola,10.78
2025-08-11 12:00:00+00:00,Makola,7.96
2025-08-11 13:00:00+00:00,Makola,7.91
2025-08-11 14:00:00+00:00,Makola,6.69
2025-08-11 15:00:00+00:00,Makola,5.78
2025-08-11 16:00:00+00:00,Makola,7.14
2025-08-11 17:00:00+00:00,Makola,8.55
2025-08-11 18:00:00+00:00,Makola,11.25
2025-08-11 20:00:00+00:00,Makola,13.27
2025-08-11 22:00:00+00:00,Makola,15.98
2025-08-11 23:00:00+00:00,Makola,11.65
2025-08-12 00:00:00+00:00,Makola,10.91
2025-08-12 03:00:00+00:00,Makola,17.85
2025-08-12 04:00:00+00:00,Makola,18.74
2025-08-12 05:00:00+00:00,Makola,24.08
2025-08-12 06:00:00+00:00,Makola,20.35
2025-08-12 07:00:00+00:00,Makola,19.87
2025-08-12 08:00:00+00:00,Makola,13.98
2025-08-12 09:00:00+00:00,Makola,9.4
2025-08-12 10:00:00+00:00,Makola,9.7
2025-08-12 11:00:00+00:00,Makola,5.96
2025-08-12 12:00:00+00:00,Makola,5.92
2025-08-12 13:00:00+00:00,Makola,5.65
2025-08-12 14:00:00+00:00,Makola,5.49
2025-08-12 15:00:00+00:00,Makola,6.2
2025-08-12 16:00:00+00:00,Makola,8.54
2025-08-12 17:00:00+00:00,Makola,10.33
2025-08-12 18:00:00+00:00,Makola,10.61
2025-08-12 19:00:00+00:00,Makola,14.56
2025-08-12 20:00:00+00:00,Makola,14.29
2025-08-12 21:00:00+00:00,Makola,14.97
2025-08-12 22:00:00+00:00,Makola,11.19
2025-08-12 23:00:00+00:00,Makola,13.37
2025-08-13 00:00:00+00:00,Makola,8.25
2025-08-13 01:00:00+00:00,Makola,22.39
2025-08-13 02:00:00+00:00,Makola,9.54
2025-08-13 03:00:00+00:00,Makola,12.33
2025-08-13 04:00:00+00:00,Makola,21.47
2025-08-13 05:00:00+00:00,Makola,28.64
2025-08-13 07:00:00+00:00,Makola,15.78
2025-08-13 08:00:00+00:00,Makola,10.65
2025-08-13 09:00:00+00:00,Makola,8.23
2025-08-13 10:00:00+00:00,Makola,8.72
2025-08-13 11:00:00+00:00,Makola,7.94
2025-08-13 12:00:00+00:00,Makola,6.73
2025-08-13 13:00:00+00:00,Makola,8.24
2025-08-13 14:00:00+00:00,Makola,6.44
2025-08-13 15:00:00+00:00,Makola,7.9
2025-08-13 16:00:00+00:00,Makola,8.17
2025-08-13 17:00:00+00:00,Makola,9.59
2025-08-13 18:00:00+00:00,Makola,8.85
2025-08-13 19:00:00+00:00,Makola,9.74
2025-08-13 20:00:00+00:00,Makola,8.46
2025-08-13 22:00:00+00:00,Makola,5.53
2025-08-13 23:00:00+00:00,Makola,9.56
2025-08-14 00:00:00+00:00,Makola,10.08
2025-08-14 01:00:00+00:00,Makola,9.43
2025-08-14 02:00:00+00:00,Makola,7.35
2025-08-14 03:00:00+00:00,Makola,17.07
2025-08-14 04:00:00+00:00,Makola,32.82
2025-08-14 05:00:00+00:00,Makola,38.28
2025-08-14 06:00:00+00:00,Makola,40.44
2025-08-14 07:00:00+00:00,Makola,23.11
2025-08-14 08:00:00+00:00,Makola,11.1
2025-08-14 09:00:00+00:00,Makola,8.09
2025-08-14 10:00:00+00:00,Makola,7.65
2025-08-14 11:00:00+00:00,Makola,6.79
2025-08-14 12:00:00+00:00,Makola,7.07
2025-08-14 13:00:00+00:00,Makola,7.61
2025-08-14 14:00:00+00:00,Makola,8.49
2025-08-14 15:00:00+00:00,Makola,7.37
2025-08-14 16:00:00+00:00,Makola,7.64
2025-08-14 17:00:00+00:00,Makola,10.22
2025-08-14 18:00:00+00:00,Makola,15.42
2025-08-14 19:00:00+00:00,Makola,13.52
2025-08-14 20:00:00+00:00,Makola,17.36
2025-08-14 21:00:00+00:00,Makola,18.96
2025-08-14 22:00:00+00:00,Makola,31.95
2025-08-14 23:00:00+00:00,Makola,29.16
2025-08-15 00:00:00+00:00,Makola,37.66
2025-08-15 02:00:00+00:00,Makola,28.74
2025-08-15 03:00:00+00:00,Makola,35.02
2025-08-15 04:00:00+00:00,Makola,58.94
2025-08-15 05:00:00+00:00,Makola,54.88
2025-08-15 06:00:00+00:00,Makola,49.29
2025-08-15 07:00:00+00:00,Makola,23.68
2025-08-15 08:00:00+00:00,Makola,21.06
2025-08-15 09:00:00+00:00,Makola,18.72
2025-08-15 11:00:00+00:00,Makola,14.5
2025-08-15 12:00:00+00:00,Makola,10.84
2025-08-15 13:00:00+00:00,Makola,12.76
2025-08-15 14:00:00+00:00,Makola,12.43
2025-08-15 15:00:00+00:00,Makola,13.51
2025-08-15 16:00:00+00:00,Makola,11.22
2025-08-15 17:00:00+00:00,Makola,14.15
2025-08-15 18:00:00+00:00,Makola,15.22
2025-08-15 19:00:00+00:00,Makola,22.26
2025-08-15 20:00:00+00:00,Makola,16.74
2025-08-15 21:00:00+00:00,Makola,23.82
2025-08-16 02:00:00+00:00,Makola,27.85
2025-08-16 03:00:00+00:00,Makola,49.59
2025-08-16 05:00:00+00:00,Makola,56.25
2025-08-16 07:00:00+00:00,Makola,37.03
2025-08-16 08:00:00+00:00,Makola,27.1
2025-08-16 09:00:00+00:00,Makola,21.24
2025-08-16 10:00:00+00:00,Makola,16.48
2025-08-16 11:00:00+00:00,Makola,16.36
2025-08-16 12:00:00+00:00,Makola,17.8
2025-08-16 13:00:00+00:00,Makola,14.72
2025-08-16 14:00:00+00:00,Makola,12.46
2025-08-16 15:00:00+00:00,Makola,12.53
2025-08-16 16:00:00+00:00,Makola,13.49
2025-08-16 17:00:00+00:00,Makola,18.62
2025-08-16 18:00:00+00:00,Makola,17.61
2025-08-16 19:00:00+00:00,Makola,33.66
2025-08-16 20:00:00+00:00,Makola,23.76
2025-08-16 21:00:00+00:00,Makola,17.27
2025-08-17 00:00:00+00:00,Makola,25.89
2025-08-17 01:00:00+00:00,Makola,17.34
2025-08-17 03:00:00+00:00,Makola,17.83
2025-08-17 04:00:00+00:00,Makola,22.54
2025-08-17 05:00:00+00:00,Makola,20.03
2025-08-17 06:00:00+00:00,Makola,37.35
2025-08-17 07:00:00+00:00,Makola,29.83
2025-08-17 08:00:00+00:00,Makola,23.46
2025-08-17 09:00:00+00:00,Makola,15.99
2025-08-17 10:00:00+00:00,Makola,15.0
2025-08-17 11:00:00+00:00,Makola,9.34
2025-08-17 12:00:00+00:00,Makola,9.54
2025-08-17 13:00:00+00:00,Makola,10.61
2025-08-17 14:00:00+00:00,Makola,10.44
2025-08-17 15:00:00+00:00,Makola,19.81
2025-08-17 16:00:00+00:00,Makola,13.81
2025-08-17 17:00:00+00:00,Makola,13.83
2025-08-17 18:00:00+00:00,Makola,14.85
2025-08-17 19:00:00+00:00,Makola,27.0
2025-08-17 20:00:00+00:00,Makola,16.58
2025-08-17 21:00:00+00:00,Makola,19.29
2025-08-17 23:00:00+00:00,Makola,32.5
2025-08-18 02:00:00+00:00,Makola,22.72
2025-08-18 03:00:00+00:00,Makola,30.2
2025-08-18 05:00:00+00:00,Makola,33.46
2025-08-18 06:00:00+00:00,Makola,30.46
2025-08-18 07:00:00+00:00,Makola,28.97
2025-08-18 11:00:00+00:00,Makola,12.2
2025-08-18 12:00:00+00:00,Makola,13.79
2025-08-18 13:00:00+00:00,Makola,11.51
2025-08-18 14:00:00+00:00,Makola,14.36
2025-08-18 19:00:00+00:00,Makola,28.09
2025-08-18 20:00:00+00:00,Makola,25.85
2025-08-18 21:00:00+00:00,Makola,23.2
2025-08-18 22:00:00+00:00,Makola,21.81
2025-08-19 01:00:00+00:00,Makola,18.12
2025-08-19 02:00:00+00:00,Makola,19.47
2025-08-19 05:00:00+00:00,Makola,53.79
2025-08-19 06:00:00+00:00,Makola,49.13
2025-08-19 07:00:00+00:00,Makola,31.17
2025-08-19 08:00:00+00:00,Makola,18.26
2025-08-19 09:00:00+00:00,Makola,12.81
2025-08-19 10:00:00+00:00,Makola,9.75
2025-08-19 11:00:00+00:00,Makola,10.95
2025-08-19 12:00:00+00:00,Makola,11.52
2025-08-19 13:00:00+00:00,Makola,11.65
2025-08-19 14:00:00+00:00,Makola,8.86
2025-08-19 15:00:00+00:00,Makola,9.19
2025-08-19 16:00:00+00:00,Makola,11.24
2025-08-19 17:00:00+00:00,Makola,14.06
2025-08-19 18:00:00+00:00,Makola,15.26
2025-08-19 19:00:00+00:00,Makola,17.91
2025-08-19 20:00:00+00:00,Makola,19.84
2025-08-19 21:00:00+00:00,Makola,23.67
2025-08-19 22:00:00+00:00,Makola,27.03
2025-08-19 23:00:00+00:00,Makola,35.62
2025-08-20 00:00:00+00:00,Makola,62.2
2025-08-20 01:00:00+00:00,Makola,32.89
2025-08-20 02:00:00+00:00,Makola,20.98
2025-08-20 03:00:00+00:00,Makola,32.67
2025-08-20 04:00:00+00:00,Makola,47.26
2025-08-20 05:00:00+00:00,Makola,30.37
2025-08-20 07:00:00+00:00,Makola,21.73
2025-08-20 08:00:00+00:00,Makola,13.81
2025-08-20 09:00:00+00:00,Makola,12.13
2025-08-20 10:00:00+00:00,Makola,12.16
2025-08-20 11:00:00+00:00,Makola,10.5
2025-08-20 13:00:00+00:00,Makola,11.99
2025-08-20 14:00:00+00:00,Makola,10.86
2025-08-20 15:00:00+00:00,Makola,10.08
2025-08-20 16:00:00+00:00,Makola,10.16
2025-08-20 17:00:00+00:00,Makola,10.79
2025-08-20 18:00:00+00:00,Makola,11.85
2025-08-20 19:00:00+00:00,Makola,13.22
2025-08-20 20:00:00+00:00,Makola,16.55
2025-08-20 21:00:00+00:00,Makola,15.96
2025-08-20 22:00:00+00:00,Makola,13.03
2025-08-20 23:00:00+00:00,Makola,12.92
2025-08-21 00:00:00+00:00,Makola,47.12
2025-08-21 01:00:00+00:00,Makola,25.12
2025-08-21 02:00:00+00:00,Makola,30.14
2025-08-21 03:00:00+00:00,Makola,23.73
2025-08-21 04:00:00+00:00,Makola,29.89
2025-08-21 05:00:00+00:00,Makola,37.46
2025-08-21 06:00:00+00:00,Makola,45.94
2025-08-21 07:00:00+00:00,Makola,31.84
2025-08-21 09:00:00+00:00,Makola,14.6
2025-08-21 10:00:00+00:00,Makola,13.43
2025-08-21 11:00:00+00:00,Makola,12.62
2025-08-21 12:00:00+00:00,Makola,11.34
2025-08-21 13:00:00+00:00,Makola,9.54
2025-08-21 14:00:00+00:00,Makola,10.71
2025-08-21 16:00:00+00:00,Makola,13.31
2025-08-21 18:00:00+00:00,Makola,10.88
2025-08-21 19:00:00+00:00,Makola,11.01
2025-08-21 20:00:00+00:00,Makola,10.89
2025-08-21 22:00:00+00:00,Makola,9.58
2025-08-21 23:00:00+00:00,Makola,13.6
2025-08-22 00:00:00+00:00,Makola,12.24
2025-08-22 02:00:00+00:00,Makola,19.86
2025-08-22 03:00:00+00:00,Makola,18.59
2025-08-22 04:00:00+00:00,Makola,31.93
2025-08-22 06:00:00+00:00,Makola,49.9
2025-08-22 07:00:00+00:00,Makola,42.38
2025-08-22 08:00:00+00:00,Makola,27.45
2025-08-22 09:00:00+00:00,Makola,25.9
2025-08-22 10:00:00+00:00,Makola,15.76
2025-08-22 11:00:00+00:00,Makola,17.06
2025-08-22 12:00:00+00:00,Makola,18.63
2025-08-22 13:00:00+00:00,Makola,18.41
2025-08-22 14:00:00+00:00,Makola,20.2
2025-08-22 15:00:00+00:00,Makola,16.56
2025-08-22 16:00:00+00:00,Makola,14.98
2025-08-22 17:00:00+00:00,Makola,23.88
2025-08-22 18:00:00+00:00,Makola,27.61
2025-08-22 19:00:00+00:00,Makola,30.77
2025-08-22 20:00:00+00:00,Makola,26.86
2025-08-22 22:00:00+00:00,Makola,21.76
2025-08-23 02:00:00+00:00,Makola,29.57
2025-08-23 03:00:00+00:00,Makola,27.55
2025-08-23 04:00:00+00:00,Makola,38.25
2025-08-23 05:00:00+00:00,Makola,39.65
2025-08-23 06:00:00+00:00,Makola,49.59
2025-08-23 07:00:00+00:00,Makola,50.08
2025-08-23 08:00:00+00:00,Makola,37.86
2025-08-23 10:00:00+00:00,Makola,18.34
2025-08-23 11:00:00+00:00,Makola,14.15
2025-08-23 12:00:00+00:00,Makola,15.9
2025-08-23 13:00:00+00:00,Makola,15.79
2025-08-23 14:00:00+00:00,Makola,13.91
2025-08-23 15:00:00+00:00,Makola,14.58
2025-08-23 16:00:00+00:00,Makola,17.92
2025-08-23 17:00:00+00:00,Makola,16.84
2025-08-23 18:00:00+00:00,Makola,21.08
2025-08-23 19:00:00+00:00,Makola,27.37
2025-08-23 20:00:00+00:00,Makola,32.48
2025-08-23 22:00:00+00:00,Makola,29.39
2025-08-24 00:00:00+00:00,Makola,35.72
2025-08-24 01:00:00+00:00,Makola,49.66
2025-08-24 02:00:00+00:00,Makola,70.93
2025-08-24 03:00:00+00:00,Makola,58.38
2025-08-24 04:00:00+00:00,Makola,38.03
2025-08-24 05:00:00+00:00,Makola,54.45
2025-08-24 07:00:00+00:00,Makola,67.01
2025-08-24 08:00:00+00:00,Makola,38.39
2025-08-24 09:00:00+00:00,Makola,30.41
2025-08-24 10:00:00+00:00,Makola,19.78
2025-08-24 11:00:00+00:00,Makola,12.4
2025-08-24 12:00:00+00:00,Makola,11.87
2025-08-24 13:00:00+00:00,Makola,13.06
2025-08-24 14:00:00+00:00,Makola,12.37
2025-08-24 15:00:00+00:00,Makola,13.02
2025-08-24 16:00:00+00:00,Makola,12.53
2025-08-24 17:00:00+00:00,Makola,11.63
2025-08-24 18:00:00+00:00,Makola,18.28
2025-08-24 19:00:00+00:00,Makola,23.08
2025-08-24 20:00:00+00:00,Makola,25.43
2025-08-24 21:00:00+00:00,Makola,24.71
2025-08-24 23:00:00+00:00,Makola,27.16
2025-08-25 01:00:00+00:00,Makola,41.78
2025-08-25 02:00:00+00:00,Makola,54.46
2025-08-25 03:00:00+00:00,Makola,55.83
2025-08-25 07:00:00+00:00,Makola,35.72
2025-08-25 10:00:00+00:00,Makola,16.96
2025-08-25 11:00:00+00:00,Makola,16.78
2025-08-25 12:00:00+00:00,Makola,14.3
2025-08-25 14:00:00+00:00,Makola,13.72
2025-08-25 17:00:00+00:00,Makola,17.24
2025-08-25 18:00:00+00:00,Makola,21.03
2025-08-25 20:00:00+00:00,Makola,30.62
2025-08-25 21:00:00+00:00,Makola,33.05
2025-08-25 22:00:00+00:00,Makola,22.44
2025-08-26 01:00:00+00:00,Makola,17.52
2025-08-26 02:00:00+00:00,Makola,30.05
2025-08-26 04:00:00+00:00,Makola,29.6
2025-08-26 06:00:00+00:00,Makola,43.39
2025-08-26 08:00:00+00:00,Makola,17.36
2025-08-26 09:00:00+00:00,Makola,15.37
2025-08-26 10:00:00+00:00,Makola,12.24
2025-08-26 11:00:00+00:00,Makola,12.16
2025-08-26 12:00:00+00:00,Makola,12.46
2025-08-26 13:00:00+00:00,Makola,12.06
2025-08-26 16:00:00+00:00,Makola,16.14
2025-08-26 17:00:00+00:00,Makola,19.05
2025-08-26 19:00:00+00:00,Makola,26.04
2025-08-26 20:00:00+00:00,Makola,24.92
2025-08-26 21:00:00+00:00,Makola,27.23
2025-08-26 22:00:00+00:00,Makola,29.1
2025-08-26 23:00:00+00:00,Makola,22.7
2025-08-27 00:00:00+00:00,Makola,19.39
2025-08-27 01:00:00+00:00,Makola,27.54
2025-08-27 02:00:00+00:00,Makola,26.48
2025-08-27 03:00:00+00:00,Makola,33.38
2025-08-27 04:00:00+00:00,Makola,46.07
2025-08-27 08:00:00+00:00,Makola,27.29
2025-08-27 09:00:00+00:00,Makola,24.96
2025-08-27 10:00:00+00:00,Makola,20.83
2025-08-27 13:00:00+00:00,Makola,20.77
2025-08-27 14:00:00+00:00,Makola,20.83
2025-08-27 15:00:00+00:00,Makola,23.66
2025-08-27 16:00:00+00:00,Makola,19.19
2025-08-27 18:00:00+00:00,Makola,24.85
2025-08-27 19:00:00+00:00,Makola,26.9
2025-08-27 20:00:00+00:00,Makola,30.77
2025-08-27 22:00:00+00:00,Makola,38.54
2025-08-27 23:00:00+00:00,Makola,36.95
2025-08-28 00:00:00+00:00,Makola,28.27
2025-08-28 01:00:00+00:00,Makola,42.6
2025-08-28 02:00:00+00:00,Makola,34.29
2025-08-28 06:00:00+00:00,Makola,63.56
2025-08-28 09:00:00+00:00,Makola,14.76
2025-08-28 10:00:00+00:00,Makola,13.84
2025-08-28 11:00:00+00:00,Makola,16.83
2025-08-28 12:00:00+00:00,Makola,16.32
2025-08-28 13:00:00+00:00,Makola,12.41
2025-08-28 14:00:00+00:00,Makola,12.33
2025-08-28 15:00:00+00:00,Makola,12.74
2025-08-28 16:00:00+00:00,Makola,15.16
2025-08-28 17:00:00+00:00,Makola,16.67
2025-08-28 18:00:00+00:00,Makola,18.53
2025-08-28 19:00:00+00:00,Makola,18.87
2025-08-28 20:00:00+00:00,Makola,25.06
2025-08-28 21:00:00+00:00,Makola,28.57
2025-08-28 23:00:00+00:00,Makola,22.87
2025-08-29 00:00:00+00:00,Makola,22.72
2025-08-29 01:00:00+00:00,Makola,22.89
2025-08-29 02:00:00+00:00,Makola,17.82
2025-08-29 03:00:00+00:00,Makola,16.61
2025-08-29 06:00:00+00:00,Makola,32.08
2025-08-29 07:00:00+00:00,Makola,20.44
2025-08-29 09:00:00+00:00,Makola,16.81
2025-08-29 11:00:00+00:00,Makola,11.37
2025-08-29 12:00:00+00:00,Makola,12.09
2025-08-29 13:00:00+00:00,Makola,12.15
2025-08-29 14:00:00+00:00,Makola,12.95
2025-08-29 15:00:00+00:00,Makola,13.49
2025-08-29 16:00:00+00:00,Makola,12.59
2025-08-29 17:00:00+00:00,Makola,13.62
2025-08-29 18:00:00+00:00,Makola,20.93
2025-08-29 19:00:00+00:00,Makola,26.86
2025-08-29 20:00:00+00:00,Makola,23.72
2025-08-29 21:00:00+00:00,Makola,19.75
2025-08-29 22:00:00+00:00,Makola,22.23
2025-08-29 23:00:00+00:00,Makola,13.14
2025-08-30 00:00:00+00:00,Makola,19.11
2025-08-30 01:00:00+00:00,Makola,14.77
2025-08-30 03:00:00+00:00,Makola,21.96
2025-08-30 04:00:00+00:00,Makola,18.65
2025-08-30 05:00:00+00:00,Makola,38.58
2025-08-30 07:00:00+00:00,Makola,23.11
2025-08-30 11:00:00+00:00,Makola,11.84
2025-08-30 14:00:00+00:00,Makola,12.7
2025-08-30 15:00:00+00:00,Makola,12.51
2025-08-30 16:00:00+00:00,Makola,15.26
2025-08-30 17:00:00+00:00,Makola,16.86
2025-08-30 18:00:00+00:00,Makola,17.52
2025-08-30 19:00:00+00:00,Makola,20.51
2025-08-30 21:00:00+00:00,Makola,21.13
2025-08-30 22:00:00+00:00,Makola,29.82
2025-08-30 23:00:00+00:00,Makola,27.44
2025-08-31 00:00:00+00:00,Makola,29.42
2025-08-31 01:00:00+00:00,Makola,22.27
2025-08-31 02:00:00+00:00,Makola,20.44
2025-08-31 04:00:00+00:00,Makola,49.08
2025-08-31 07:00:00+00:00,Makola,24.29
2025-08-31 08:00:00+00:00,Makola,19.95
2025-08-31 11:00:00+00:00,Makola,14.85
2025-08-31 12:00:00+00:00,Makola,10.93
2025-08-31 13:00:00+00:00,Makola,11.36
2025-08-31 14:00:00+00:00,Makola,11.28
2025-08-31 15:00:00+00:00,Makola,12.73
2025-08-31 16:00:00+00:00,Makola,11.9
2025-08-31 17:00:00+00:00,Makola,15.17
2025-08-31 18:00:00+00:00,Makola,20.64
2025-08-31 19:00:00+00:00,Makola,20.04
2025-08-31 20:00:00+00:00,Makola,21.55
2025-08-31 21:00:00+00:00,Makola,23.44
2025-08-31 22:00:00+00:00,Makola,43.62
2025-08-31 23:00:00+00:00,Makola,39.55
2025-08-01 00:00:00+00:00,Nima Market,20.3
2025-08-01 01:00:00+00:00,Nima Market,14.12
2025-08-01 02:00:00+00:00,Nima Market,17.73
2025-08-01 03:00:00+00:00,Nima Market,16.18
2025-08-01 04:00:00+00:00,Nima Market,17.56
2025-08-01 05:00:00+00:00,Nima Market,26.15
2025-08-01 06:00:00+00:00,Nima Market,27.1
2025-08-01 07:00:00+00:00,Nima Market,23.33
2025-08-01 08:00:00+00:00,Nima Market,21.69
2025-08-01 09:00:00+00:00,Nima Market,23.62
2025-08-01 10:00:00+00:00,Nima Market,22.79
2025-08-01 11:00:00+00:00,Nima Market,30.54
2025-08-01 12:00:00+00:00,Nima Market,26.92
2025-08-01 13:00:00+00:00,Nima Market,25.18
2025-08-01 14:00:00+00:00,Nima Market,39.01
2025-08-01 15:00:00+00:00,Nima Market,36.72
2025-08-01 16:00:00+00:00,Nima Market,20.04
2025-08-01 17:00:00+00:00,Nima Market,22.07
2025-08-01 18:00:00+00:00,Nima Market,25.7
2025-08-01 19:00:00+00:00,Nima Market,21.1
2025-08-01 20:00:00+00:00,Nima Market,19.4
2025-08-01 21:00:00+00:00,Nima Market,18.03
2025-08-01 22:00:00+00:00,Nima Market,22.63
2025-08-01 23:00:00+00:00,Nima Market,22.07
2025-08-02 01:00:00+00:00,Nima Market,19.53
2025-08-02 02:00:00+00:00,Nima Market,18.35
2025-08-02 03:00:00+00:00,Nima Market,20.58
2025-08-02 04:00:00+00:00,Nima Market,28.42
2025-08-02 05:00:00+00:00,Nima Market,37.25
2025-08-02 06:00:00+00:00,Nima Market,34.51
2025-08-02 07:00:00+00:00,Nima Market,29.34
2025-08-02 08:00:00+00:00,Nima Market,24.58
2025-08-02 10:00:00+00:00,Nima Market,17.24
2025-08-02 11:00:00+00:00,Nima Market,17.55
2025-08-02 12:00:00+00:00,Nima Market,18.75
2025-08-02 13:00:00+00:00,Nima Market,23.89
2025-08-02 14:00:00+00:00,Nima Market,26.69
2025-08-02 15:00:00+00:00,Nima Market,29.54
2025-08-02 16:00:00+00:00,Nima Market,26.74
2025-08-02 17:00:00+00:00,Nima Market,25.54
2025-08-02 18:00:00+00:00,Nima Market,21.96
2025-08-02 19:00:00+00:00,Nima Market,22.35
2025-08-02 20:00:00+00:00,Nima Market,20.88
2025-08-02 21:00:00+00:00,Nima Market,20.08
2025-08-02 22:00:00+00:00,Nima Market,19.61
2025-08-02 23:00:00+00:00,Nima Market,21.33
2025-08-03 00:00:00+00:00,Nima Market,19.61
2025-08-03 02:00:00+00:00,Nima Market,16.09
2025-08-03 03:00:00+00:00,Nima Market,19.27
2025-08-03 04:00:00+00:00,Nima Market,19.55
2025-08-03 05:00:00+00:00,Nima Market,21.24
2025-08-03 06:00:00+00:00,Nima Market,26.74
2025-08-03 07:00:00+00:00,Nima Market,26.77
2025-08-03 08:00:00+00:00,Nima Market,24.78
2025-08-03 10:00:00+00:00,Nima Market,16.04
2025-08-03 12:00:00+00:00,Nima Market,23.3
2025-08-03 14:00:00+00:00,Nima Market,26.62
2025-08-03 15:00:00+00:00,Nima Market,31.22
2025-08-03 16:00:00+00:00,Nima Market,23.51
2025-08-03 17:00:00+00:00,Nima Market,24.86
2025-08-03 18:00:00+00:00,Nima Market,22.19
2025-08-03 20:00:00+00:00,Nima Market,28.77
2025-08-04 00:00:00+00:00,Nima Market,28.4
2025-08-04 01:00:00+00:00,Nima Market,34.72
2025-08-04 02:00:00+00:00,Nima Market,19.57
2025-08-04 08:00:00+00:00,Nima Market,25.72
2025-08-04 09:00:00+00:00,Nima Market,20.76
2025-08-04 10:00:00+00:00,Nima Market,21.63
2025-08-04 11:00:00+00:00,Nima Market,22.21
2025-08-04 12:00:00+00:00,Nima Market,20.06
2025-08-04 13:00:00+00:00,Nima Market,22.69
2025-08-04 14:00:00+00:00,Nima Market,19.7
2025-08-04 16:00:00+00:00,Nima Market,43.72
2025-08-04 17:00:00+00:00,Nima Market,43.58
2025-08-04 18:00:00+00:00,Nima Market,34.06
2025-08-04 19:00:00+00:00,Nima Market,40.97
2025-08-04 20:00:00+00:00,Nima Market,49.96
2025-08-04 21:00:00+00:00,Nima Market,28.35
2025-08-04 22:00:00+00:00,Nima Market,24.43
2025-08-04 23:00:00+00:00,Nima Market,18.5
2025-08-05 00:00:00+00:00,Nima Market,18.32
2025-08-05 01:00:00+00:00,Nima Market,7.94
2025-08-05 02:00:00+00:00,Nima Market,13.3
2025-08-05 03:00:00+00:00,Nima Market,19.04
2025-08-05 04:00:00+00:00,Nima Market,26.21
2025-08-05 05:00:00+00:00,Nima Market,24.82
2025-08-05 06:00:00+00:00,Nima Market,34.36
2025-08-05 07:00:00+00:00,Nima Market,33.35
2025-08-05 08:00:00+00:00,Nima Market,33.42
2025-08-05 09:00:00+00:00,Nima Market,29.0
2025-08-05 10:00:00+00:00,Nima Market,18.95
2025-08-05 13:00:00+00:00,Nima Market,20.64
2025-08-05 14:00:00+00:00,Nima Market,30.2
2025-08-05 15:00:00+00:00,Nima Market,28.48
2025-08-05 16:00:00+00:00,Nima Market,30.47
2025-08-05 18:00:00+00:00,Nima Market,35.32
2025-08-05 19:00:00+00:00,Nima Market,33.93
2025-08-05 20:00:00+00:00,Nima Market,32.39
2025-08-05 22:00:00+00:00,Nima Market,38.68
2025-08-05 23:00:00+00:00,Nima Market,24.87
2025-08-06 00:00:00+00:00,Nima Market,29.1
2025-08-06 01:00:00+00:00,Nima Market,19.23
2025-08-06 02:00:00+00:00,Nima Market,14.37
2025-08-06 04:00:00+00:00,Nima Market,20.78
2025-08-06 05:00:00+00:00,Nima Market,27.26
2025-08-06 06:00:00+00:00,Nima Market,27.53
2025-08-06 07:00:00+00:00,Nima Market,28.83
2025-08-06 08:00:00+00:00,Nima Market,29.86
2025-08-06 09:00:00+00:00,Nima Market,28.28
2025-08-06 10:00:00+00:00,Nima Market,20.55
2025-08-06 11:00:00+00:00,Nima Market,25.9
2025-08-06 12:00:00+00:00,Nima Market,22.38
2025-08-06 13:00:00+00:00,Nima Market,23.83
2025-08-06 14:00:00+00:00,Nima Market,23.26
2025-08-06 15:00:00+00:00,Nima Market,21.98
2025-08-06 16:00:00+00:00,Nima Market,26.67
2025-08-06 17:00:00+00:00,Nima Market,28.76
2025-08-06 18:00:00+00:00,Nima Market,25.84
2025-08-06 19:00:00+00:00,Nima Market,28.23
2025-08-06 20:00:00+00:00,Nima Market,25.83
2025-08-06 23:00:00+00:00,Nima Market,25.22
2025-08-07 00:00:00+00:00,Nima Market,29.86
2025-08-07 01:00:00+00:00,Nima Market,26.63
2025-08-07 02:00:00+00:00,Nima Market,28.82
2025-08-07 03:00:00+00:00,Nima Market,30.21
2025-08-07 04:00:00+00:00,Nima Market,26.32
2025-08-07 06:00:00+00:00,Nima Market,30.52
2025-08-07 07:00:00+00:00,Nima Market,29.84
2025-08-07 08:00:00+00:00,Nima Market,27.63
2025-08-07 09:00:00+00:00,Nima Market,29.11
2025-08-07 10:00:00+00:00,Nima Market,23.35
2025-08-07 11:00:00+00:00,Nima Market,24.56
2025-08-07 12:00:00+00:00,Nima Market,23.33
2025-08-07 13:00:00+00:00,Nima Market,27.98
2025-08-07 14:00:00+00:00,Nima Market,26.83
2025-08-07 15:00:00+00:00,Nima Market,31.98
2025-08-07 16:00:00+00:00,Nima Market,31.89
2025-08-07 17:00:00+00:00,Nima Market,28.01
2025-08-07 18:00:00+00:00,Nima Market,25.88
2025-08-07 19:00:00+00:00,Nima Market,29.67
2025-08-07 20:00:00+00:00,Nima Market,25.14
2025-08-07 21:00:00+00:00,Nima Market,30.93
2025-08-07 22:00:00+00:00,Nima Market,24.15
2025-08-07 23:00:00+00:00,Nima Market,22.48
2025-08-08 00:00:00+00:00,Nima Market,21.66
2025-08-08 02:00:00+00:00,Nima Market,26.44
2025-08-08 04:00:00+00:00,Nima Market,25.42
2025-08-08 07:00:00+00:00,Nima Market,28.77
2025-08-08 08:00:00+00:00,Nima Market,24.53
2025-08-08 09:00:00+00:00,Nima Market,26.84
2025-08-08 10:00:00+00:00,Nima Market,30.31
2025-08-08 11:00:00+00:00,Nima Market,30.58
2025-08-08 12:00:00+00:00,Nima Market,24.3
2025-08-08 13:00:00+00:00,Nima Market,25.54
2025-08-08 14:00:00+00:00,Nima Market,33.19
2025-08-08 15:00:00+00:00,Nima Market,32.8
2025-08-08 16:00:00+00:00,Nima Market,28.74
2025-08-08 17:00:00+00:00,Nima Market,34.93
2025-08-08 18:00:00+00:00,Nima Market,56.51
2025-08-08 19:00:00+00:00,Nima Market,34.27
2025-08-08 20:00:00+00:00,Nima Market,30.44
2025-08-08 21:00:00+00:00,Nima Market,30.0
2025-08-09 00:00:00+00:00,Nima Market,18.06
2025-08-09 01:00:00+00:00,Nima Market,18.18
2025-08-09 03:00:00+00:00,Nima Market,19.37
2025-08-09 04:00:00+00:00,Nima Market,22.03
2025-08-09 05:00:00+00:00,Nima Market,24.2
2025-08-09 06:00:00+00:00,Nima Market,25.81
2025-08-09 07:00:00+00:00,Nima Market,28.85
2025-08-09 08:00:00+00:00,Nima Market,25.12
2025-08-09 09:00:00+00:00,Nima Market,25.16
2025-08-09 10:00:00+00:00,Nima Market,26.51
2025-08-09 11:00:00+00:00,Nima Market,32.83
2025-08-09 12:00:00+00:00,Nima Market,19.07
2025-08-09 13:00:00+00:00,Nima Market,20.18
2025-08-09 14:00:00+00:00,Nima Market,28.41
2025-08-09 15:00:00+00:00,Nima Market,28.57
2025-08-09 16:00:00+00:00,Nima Market,24.45
2025-08-09 17:00:00+00:00,Nima Market,26.19
2025-08-09 18:00:00+00:00,Nima Market,28.21
2025-08-09 19:00:00+00:00,Nima Market,30.74
2025-08-09 20:00:00+00:00,Nima Market,50.44
2025-08-09 21:00:00+00:00,Nima Market,30.45
2025-08-09 22:00:00+00:00,Nima Market,37.75
2025-08-09 23:00:00+00:00,Nima Market,38.15
2025-08-10 00:00:00+00:00,Nima Market,20.25
2025-08-10 01:00:00+00:00,Nima Market,16.6
2025-08-10 02:00:00+00:00,Nima Market,17.32
2025-08-10 03:00:00+00:00,Nima Market,32.4
2025-08-10 04:00:00+00:00,Nima Market,19.85
2025-08-10 05:00:00+00:00,Nima Market,25.02
2025-08-10 06:00:00+00:00,Nima Market,26.38
2025-08-10 07:00:00+00:00,Nima Market,25.24
2025-08-10 08:00:00+00:00,Nima Market,21.35
2025-08-10 09:00:00+00:00,Nima Market,21.71
2025-08-10 10:00:00+00:00,Nima Market,16.34
2025-08-10 11:00:00+00:00,Nima Market,16.1
2025-08-10 12:00:00+00:00,Nima Market,16.0
2025-08-10 13:00:00+00:00,Nima Market,16.8
2025-08-10 14:00:00+00:00,Nima Market,21.04
2025-08-10 15:00:00+00:00,Nima Market,13.4
2025-08-10 16:00:00+00:00,Nima Market,12.85
2025-08-10 17:00:00+00:00,Nima Market,20.35
2025-08-10 19:00:00+00:00,Nima Market,28.84
2025-08-10 20:00:00+00:00,Nima Market,24.36
2025-08-10 21:00:00+00:00,Nima Market,25.07
2025-08-11 03:00:00+00:00,Nima Market,20.97
2025-08-11 05:00:00+00:00,Nima Market,26.06
2025-08-11 07:00:00+00:00,Nima Market,19.64
2025-08-11 08:00:00+00:00,Nima Market,20.57
2025-08-11 09:00:00+00:00,Nima Market,20.71
2025-08-11 10:00:00+00:00,Nima Market,16.49
2025-08-11 11:00:00+00:00,Nima Market,16.87
2025-08-11 12:00:00+00:00,Nima Market,14.62
2025-08-11 13:00:00+00:00,Nima Market,13.5
2025-08-11 14:00:00+00:00,Nima Market,23.47
2025-08-11 15:00:00+00:00,Nima Market,16.25
2025-08-11 16:00:00+00:00,Nima Market,20.96
2025-08-11 17:00:00+00:00,Nima Market,30.3
2025-08-11 18:00:00+00:00,Nima Market,26.19
2025-08-11 19:00:00+00:00,Nima Market,25.74
2025-08-11 20:00:00+00:00,Nima Market,17.18
2025-08-11 21:00:00+00:00,Nima Market,28.7
2025-08-11 22:00:00+00:00,Nima Market,12.89
2025-08-11 23:00:00+00:00,Nima Market,8.89
2025-08-12 00:00:00+00:00,Nima Market,9.0
2025-08-12 01:00:00+00:00,Nima Market,9.72
2025-08-12 03:00:00+00:00,Nima Market,10.51
2025-08-12 04:00:00+00:00,Nima Market,15.17
2025-08-12 05:00:00+00:00,Nima Market,18.15
2025-08-12 06:00:00+00:00,Nima Market,25.47
2025-08-12 07:00:00+00:00,Nima Market,20.34
2025-08-12 08:00:00+00:00,Nima Market,17.88
2025-08-12 09:00:00+00:00,Nima Market,19.27
2025-08-12 10:00:00+00:00,Nima Market,16.5
2025-08-12 11:00:00+00:00,Nima Market,12.03
2025-08-12 12:00:00+00:00,Nima Market,8.77
2025-08-12 13:00:00+00:00,Nima Market,10.15
2025-08-12 14:00:00+00:00,Nima Market,19.67
2025-08-12 15:00:00+00:00,Nima Market,16.75
2025-08-12 16:00:00+00:00,Nima Market,15.4
2025-08-12 17:00:00+00:00,Nima Market,18.12
2025-08-12 18:00:00+00:00,Nima Market,15.9
2025-08-12 19:00:00+00:00,Nima Market,18.23
2025-08-12 20:00:00+00:00,Nima Market,13.03
2025-08-12 21:00:00+00:00,Nima Market,15.13
2025-08-12 22:00:00+00:00,Nima Market,13.69
2025-08-12 23:00:00+00:00,Nima Market,12.57
2025-08-13 00:00:00+00:00,Nima Market,13.35
2025-08-13 01:00:00+00:00,Nima Market,8.93
2025-08-13 02:00:00+00:00,Nima Market,12.87
2025-08-13 03:00:00+00:00,Nima Market,11.4
2025-08-13 04:00:00+00:00,Nima Market,15.1
2025-08-13 05:00:00+00:00,Nima Market,15.73
2025-08-13 06:00:00+00:00,Nima Market,18.09
2025-08-13 07:00:00+00:00,Nima Market,17.19
2025-08-13 08:00:00+00:00,Nima Market,13.07
2025-08-13 09:00:00+00:00,Nima Market,14.17
2025-08-13 10:00:00+00:00,Nima Market,11.86
2025-08-13 11:00:00+00:00,Nima Market,17.26
2025-08-13 12:00:00+00:00,Nima Market,17.46
2025-08-13 13:00:00+00:00,Nima Market,21.89
2025-08-13 14:00:00+00:00,Nima Market,14.49
2025-08-13 15:00:00+00:00,Nima Market,12.9
2025-08-13 16:00:00+00:00,Nima Market,14.25
2025-08-13 17:00:00+00:00,Nima Market,14.94
2025-08-13 18:00:00+00:00,Nima Market,16.72
2025-08-13 19:00:00+00:00,Nima Market,17.66
2025-08-13 20:00:00+00:00,Nima Market,15.8
2025-08-13 22:00:00+00:00,Nima Market,12.82
2025-08-13 23:00:00+00:00,Nima Market,6.09
2025-08-14 00:00:00+00:00,Nima Market,7.05
2025-08-14 01:00:00+00:00,Nima Market,5.52
2025-08-14 02:00:00+00:00,Nima Market,7.73
2025-08-14 03:00:00+00:00,Nima Market,9.1
2025-08-14 04:00:00+00:00,Nima Market,14.28
2025-08-14 05:00:00+00:00,Nima Market,19.3
2025-08-14 06:00:00+00:00,Nima Market,18.14
2025-08-14 07:00:00+00:00,Nima Market,18.52
2025-08-14 08:00:00+00:00,Nima Market,10.71
2025-08-14 09:00:00+00:00,Nima Market,9.88
2025-08-14 10:00:00+00:00,Nima Market,12.15
2025-08-14 11:00:00+00:00,Nima Market,14.59
2025-08-14 12:00:00+00:00,Nima Market,10.64
2025-08-14 13:00:00+00:00,Nima Market,12.26
2025-08-14 14:00:00+00:00,Nima Market,18.8
2025-08-14 15:00:00+00:00,Nima Market,10.98
2025-08-14 16:00:00+00:00,Nima Market,12.63
2025-08-14 17:00:00+00:00,Nima Market,11.73
2025-08-14 18:00:00+00:00,Nima Market,11.68
2025-08-14 19:00:00+00:00,Nima Market,11.9
2025-08-14 20:00:00+00:00,Nima Market,9.79
2025-08-14 21:00:00+00:00,Nima Market,9.37
2025-08-14 22:00:00+00:00,Nima Market,9.84
2025-08-14 23:00:00+00:00,Nima Market,9.09
2025-08-15 00:00:00+00:00,Nima Market,9.47
2025-08-15 02:00:00+00:00,Nima Market,10.67
2025-08-15 03:00:00+00:00,Nima Market,16.34
2025-08-15 04:00:00+00:00,Nima Market,29.59
2025-08-15 05:00:00+00:00,Nima Market,29.86
2025-08-15 06:00:00+00:00,Nima Market,37.19
2025-08-15 07:00:00+00:00,Nima Market,23.1
2025-08-15 08:00:00+00:00,Nima Market,16.38
2025-08-15 09:00:00+00:00,Nima Market,11.87
2025-08-15 10:00:00+00:00,Nima Market,11.16
2025-08-15 11:00:00+00:00,Nima Market,17.39
2025-08-15 12:00:00+00:00,Nima Market,18.93
2025-08-15 13:00:00+00:00,Nima Market,26.13
2025-08-15 14:00:00+00:00,Nima Market,19.71
2025-08-15 15:00:00+00:00,Nima Market,18.77
2025-08-15 16:00:00+00:00,Nima Market,34.46
2025-08-15 17:00:00+00:00,Nima Market,32.29
2025-08-15 18:00:00+00:00,Nima Market,41.81
2025-08-15 19:00:00+00:00,Nima Market,59.13
2025-08-15 20:00:00+00:00,Nima Market,68.32
2025-08-15 21:00:00+00:00,Nima Market,14.28
2025-08-16 02:00:00+00:00,Nima Market,13.23
2025-08-16 05:00:00+00:00,Nima Market,17.92
2025-08-16 06:00:00+00:00,Nima Market,18.31
2025-08-16 07:00:00+00:00,Nima Market,23.36
2025-08-16 08:00:00+00:00,Nima Market,20.14
2025-08-16 09:00:00+00:00,Nima Market,16.31
2025-08-16 10:00:00+00:00,Nima Market,15.56
2025-08-16 11:00:00+00:00,Nima Market,13.83
2025-08-16 12:00:00+00:00,Nima Market,14.1
2025-08-16 13:00:00+00:00,Nima Market,14.27
2025-08-16 14:00:00+00:00,Nima Market,22.43
2025-08-16 16:00:00+00:00,Nima Market,17.89
2025-08-16 17:00:00+00:00,Nima Market,20.56
2025-08-16 18:00:00+00:00,Nima Market,24.27
2025-08-16 19:00:00+00:00,Nima Market,22.59
2025-08-16 20:00:00+00:00,Nima Market,17.21
2025-08-17 00:00:00+00:00,Nima Market,19.11
2025-08-17 01:00:00+00:00,Nima Market,12.11
2025-08-17 02:00:00+00:00,Nima Market,9.52
2025-08-17 03:00:00+00:00,Nima Market,16.16
2025-08-17 04:00:00+00:00,Nima Market,12.78
2025-08-17 05:00:00+00:00,Nima Market,19.2
2025-08-17 06:00:00+00:00,Nima Market,20.13
2025-08-17 07:00:00+00:00,Nima Market,22.83
2025-08-17 08:00:00+00:00,Nima Market,21.25
2025-08-17 09:00:00+00:00,Nima Market,13.85
2025-08-17 10:00:00+00:00,Nima Market,15.26
2025-08-17 11:00:00+00:00,Nima Market,14.51
2025-08-17 12:00:00+00:00,Nima Market,12.6
2025-08-17 13:00:00+00:00,Nima Market,16.44
2025-08-17 14:00:00+00:00,Nima Market,29.12
2025-08-17 15:00:00+00:00,Nima Market,21.74
2025-08-17 16:00:00+00:00,Nima Market,28.0
2025-08-17 17:00:00+00:00,Nima Market,27.29
2025-08-17 18:00:00+00:00,Nima Market,28.73
2025-08-17 19:00:00+00:00,Nima Market,32.61
2025-08-17 20:00:00+00:00,Nima Market,30.56
2025-08-17 21:00:00+00:00,Nima Market,28.43
2025-08-17 22:00:00+00:00,Nima Market,22.88
2025-08-17 23:00:00+00:00,Nima Market,26.31
2025-08-18 00:00:00+00:00,Nima Market,17.98
2025-08-18 02:00:00+00:00,Nima Market,22.15
2025-08-18 03:00:00+00:00,Nima Market,18.04
2025-08-18 04:00:00+00:00,Nima Market,17.69
2025-08-18 05:00:00+00:00,Nima Market,22.76
2025-08-18 06:00:00+00:00,Nima Market,28.01
2025-08-18 07:00:00+00:00,Nima Market,23.13
2025-08-18 08:00:00+00:00,Nima Market,24.76
2025-08-18 11:00:00+00:00,Nima Market,17.33
2025-08-18 12:00:00+00:00,Nima Market,16.36
2025-08-18 13:00:00+00:00,Nima Market,21.53
2025-08-18 14:00:00+00:00,Nima Market,25.67
2025-08-18 19:00:00+00:00,Nima Market,27.61
2025-08-18 20:00:00+00:00,Nima Market,18.86
2025-08-18 21:00:00+00:00,Nima Market,14.01
2025-08-18 22:00:00+00:00,Nima Market,16.19
2025-08-19 01:00:00+00:00,Nima Market,14.75
2025-08-19 02:00:00+00:00,Nima Market,16.03
2025-08-19 05:00:00+00:00,Nima Market,18.61
2025-08-19 06:00:00+00:00,Nima Market,21.91
2025-08-19 07:00:00+00:00,Nima Market,19.11
2025-08-19 08:00:00+00:00,Nima Market,17.19
2025-08-19 09:00:00+00:00,Nima Market,14.78
2025-08-19 10:00:00+00:00,Nima Market,17.14
2025-08-19 11:00:00+00:00,Nima Market,16.87
2025-08-19 12:00:00+00:00,Nima Market,17.35
2025-08-19 13:00:00+00:00,Nima Market,18.58
2025-08-19 14:00:00+00:00,Nima Market,18.27
2025-08-19 15:00:00+00:00,Nima Market,16.83
2025-08-19 16:00:00+00:00,Nima Market,12.54
2025-08-19 17:00:00+00:00,Nima Market,13.71
2025-08-19 18:00:00+00:00,Nima Market,16.49
2025-08-19 19:00:00+00:00,Nima Market,17.04
2025-08-19 20:00:00+00:00,Nima Market,14.43
2025-08-19 21:00:00+00:00,Nima Market,14.54
2025-08-19 22:00:00+00:00,Nima Market,20.09
2025-08-19 23:00:00+00:00,Nima Market,14.63
2025-08-20 00:00:00+00:00,Nima Market,16.13
2025-08-20 01:00:00+00:00,Nima Market,13.24
2025-08-20 02:00:00+00:00,Nima Market,16.62
2025-08-20 03:00:00+00:00,Nima Market,18.58
2025-08-20 04:00:00+00:00,Nima Market,25.17
2025-08-20 05:00:00+00:00,Nima Market,23.97
2025-08-20 06:00:00+00:00,Nima Market,23.38
2025-08-20 07:00:00+00:00,Nima Market,22.37
2025-08-20 08:00:00+00:00,Nima Market,23.06
2025-08-20 09:00:00+00:00,Nima Market,13.03
2025-08-20 10:00:00+00:00,Nima Market,15.9
2025-08-20 11:00:00+00:00,Nima Market,20.56
2025-08-20 13:00:00+00:00,Nima Market,17.43
2025-08-20 14:00:00+00:00,Nima Market,25.49
2025-08-20 15:00:00+00:00,Nima Market,15.17
2025-08-20 16:00:00+00:00,Nima Market,16.33
2025-08-20 17:00:00+00:00,Nima Market,15.48
2025-08-20 18:00:00+00:00,Nima Market,17.56
2025-08-20 19:00:00+00:00,Nima Market,15.15
2025-08-20 20:00:00+00:00,Nima Market,19.18
2025-08-20 21:00:00+00:00,Nima Market,14.76
2025-08-20 23:00:00+00:00,Nima Market,12.59
2025-08-21 00:00:00+00:00,Nima Market,13.56
2025-08-21 01:00:00+00:00,Nima Market,12.68
2025-08-21 02:00:00+00:00,Nima Market,17.07
2025-08-21 03:00:00+00:00,Nima Market,14.42
2025-08-21 04:00:00+00:00,Nima Market,20.27
2025-08-21 05:00:00+00:00,Nima Market,20.94
2025-08-21 06:00:00+00:00,Nima Market,20.65
2025-08-21 07:00:00+00:00,Nima Market,21.64
2025-08-21 09:00:00+00:00,Nima Market,17.09
2025-08-21 10:00:00+00:00,Nima Market,18.78
2025-08-21 11:00:00+00:00,Nima Market,17.77
2025-08-21 12:00:00+00:00,Nima Market,13.15
2025-08-21 13:00:00+00:00,Nima Market,16.94
2025-08-21 14:00:00+00:00,Nima Market,13.9
2025-08-21 15:00:00+00:00,Nima Market,15.96
2025-08-21 16:00:00+00:00,Nima Market,15.53
2025-08-21 17:00:00+00:00,Nima Market,14.31
2025-08-21 18:00:00+00:00,Nima Market,14.48
2025-08-21 19:00:00+00:00,Nima Market,16.88
2025-08-21 20:00:00+00:00,Nima Market,19.65
2025-08-21 21:00:00+00:00,Nima Market,18.25
2025-08-21 22:00:00+00:00,Nima Market,16.0
2025-08-21 23:00:00+00:00,Nima Market,13.0
2025-08-22 00:00:00+00:00,Nima Market,10.2
2025-08-22 01:00:00+00:00,Nima Market,8.58
2025-08-22 02:00:00+00:00,Nima Market,9.88
2025-08-22 03:00:00+00:00,Nima Market,13.25
2025-08-22 04:00:00+00:00,Nima Market,17.18
2025-08-22 05:00:00+00:00,Nima Market,15.69
2025-08-22 06:00:00+00:00,Nima Market,22.99
2025-08-22 07:00:00+00:00,Nima Market,21.7
2025-08-22 08:00:00+00:00,Nima Market,18.76
2025-08-22 09:00:00+00:00,Nima Market,17.36
2025-08-22 10:00:00+00:00,Nima Market,23.7
2025-08-22 11:00:00+00:00,Nima Market,16.88
2025-08-22 12:00:00+00:00,Nima Market,15.64
2025-08-22 13:00:00+00:00,Nima Market,15.6
2025-08-22 14:00:00+00:00,Nima Market,18.66
2025-08-22 16:00:00+00:00,Nima Market,16.78
2025-08-22 17:00:00+00:00,Nima Market,21.42
2025-08-22 18:00:00+00:00,Nima Market,24.16
2025-08-22 19:00:00+00:00,Nima Market,25.91
2025-08-22 20:00:00+00:00,Nima Market,23.3
2025-08-22 22:00:00+00:00,Nima Market,17.41
2025-08-23 02:00:00+00:00,Nima Market,16.41
2025-08-23 03:00:00+00:00,Nima Market,18.07
2025-08-23 04:00:00+00:00,Nima Market,19.34
2025-08-23 05:00:00+00:00,Nima Market,23.09
2025-08-23 06:00:00+00:00,Nima Market,26.02
2025-08-23 07:00:00+00:00,Nima Market,27.79
2025-08-23 08:00:00+00:00,Nima Market,25.57
2025-08-23 10:00:00+00:00,Nima Market,22.64
2025-08-23 11:00:00+00:00,Nima Market,18.46
2025-08-23 12:00:00+00:00,Nima Market,18.06
2025-08-23 13:00:00+00:00,Nima Market,20.98
2025-08-23 14:00:00+00:00,Nima Market,21.57
2025-08-23 15:00:00+00:00,Nima Market,18.04
2025-08-23 16:00:00+00:00,Nima Market,18.81
2025-08-23 17:00:00+00:00,Nima Market,23.85
2025-08-23 18:00:00+00:00,Nima Market,25.56
2025-08-23 19:00:00+00:00,Nima Market,22.06
2025-08-23 20:00:00+00:00,Nima Market,18.21
2025-08-23 22:00:00+00:00,Nima Market,20.69
2025-08-24 00:00:00+00:00,Nima Market,21.16
2025-08-24 01:00:00+00:00,Nima Market,17.1
2025-08-24 02:00:00+00:00,Nima Market,16.36
2025-08-24 04:00:00+00:00,Nima Market,18.83
2025-08-24 05:00:00+00:00,Nima Market,19.54
2025-08-24 07:00:00+00:00,Nima Market,25.03
2025-08-24 08:00:00+00:00,Nima Market,26.22
2025-08-24 09:00:00+00:00,Nima Market,22.33
2025-08-24 10:00:00+00:00,Nima Market,26.07
2025-08-24 11:00:00+00:00,Nima Market,18.94
2025-08-24 12:00:00+00:00,Nima Market,15.86
2025-08-24 13:00:00+00:00,Nima Market,17.87
2025-08-24 14:00:00+00:00,Nima Market,18.43
2025-08-24 15:00:00+00:00,Nima Market,21.52
2025-08-24 16:00:00+00:00,Nima Market,17.58
2025-08-24 18:00:00+00:00,Nima Market,22.44
2025-08-24 19:00:00+00:00,Nima Market,26.07
2025-08-24 20:00:00+00:00,Nima Market,19.84
2025-08-24 23:00:00+00:00,Nima Market,16.61
2025-08-25 00:00:00+00:00,Nima Market,16.58
2025-08-25 01:00:00+00:00,Nima Market,16.35
2025-08-25 02:00:00+00:00,Nima Market,19.05
2025-08-25 03:00:00+00:00,Nima Market,20.08
2025-08-25 04:00:00+00:00,Nima Market,18.6
2025-08-25 05:00:00+00:00,Nima Market,22.67
2025-08-25 06:00:00+00:00,Nima Market,24.32
2025-08-25 07:00:00+00:00,Nima Market,23.07
2025-08-25 10:00:00+00:00,Nima Market,19.75
2025-08-25 11:00:00+00:00,Nima Market,19.24
2025-08-25 12:00:00+00:00,Nima Market,22.73
2025-08-25 14:00:00+00:00,Nima Market,29.5
2025-08-25 17:00:00+00:00,Nima Market,26.87
2025-08-25 18:00:00+00:00,Nima Market,27.11
2025-08-25 20:00:00+00:00,Nima Market,26.46
2025-08-25 21:00:00+00:00,Nima Market,31.94
2025-08-25 22:00:00+00:00,Nima Market,29.3
2025-08-26 01:00:00+00:00,Nima Market,16.51
2025-08-26 02:00:00+00:00,Nima Market,14.91
2025-08-26 04:00:00+00:00,Nima Market,15.85
2025-08-26 06:00:00+00:00,Nima Market,21.57
2025-08-26 07:00:00+00:00,Nima Market,20.73
2025-08-26 08:00:00+00:00,Nima Market,16.64
2025-08-26 09:00:00+00:00,Nima Market,16.46
2025-08-26 10:00:00+00:00,Nima Market,17.69
2025-08-26 11:00:00+00:00,Nima Market,15.03
2025-08-26 12:00:00+00:00,Nima Market,16.33
2025-08-26 16:00:00+00:00,Nima Market,20.37
2025-08-26 17:00:00+00:00,Nima Market,19.83
2025-08-26 18:00:00+00:00,Nima Market,24.07
2025-08-26 19:00:00+00:00,Nima Market,21.84
2025-08-26 20:00:00+00:00,Nima Market,23.23
2025-08-26 21:00:00+00:00,Nima Market,27.19
2025-08-26 22:00:00+00:00,Nima Market,19.61
2025-08-26 23:00:00+00:00,Nima Market,23.43
2025-08-27 00:00:00+00:00,Nima Market,20.35
2025-08-27 01:00:00+00:00,Nima Market,23.24
2025-08-27 02:00:00+00:00,Nima Market,20.2
2025-08-27 03:00:00+00:00,Nima Market,29.17
2025-08-27 04:00:00+00:00,Nima Market,21.52
2025-08-27 08:00:00+00:00,Nima Market,23.16
2025-08-27 09:00:00+00:00,Nima Market,20.74
2025-08-27 10:00:00+00:00,Nima Market,21.98
2025-08-27 13:00:00+00:00,Nima Market,19.84
2025-08-27 14:00:00+00:00,Nima Market,22.15
2025-08-27 15:00:00+00:00,Nima Market,21.53
2025-08-27 16:00:00+00:00,Nima Market,21.29
2025-08-27 18:00:00+00:00,Nima Market,20.28
2025-08-27 19:00:00+00:00,Nima Market,19.99
2025-08-27 20:00:00+00:00,Nima Market,18.51
2025-08-27 22:00:00+00:00,Nima Market,22.01
2025-08-27 23:00:00+00:00,Nima Market,17.0
2025-08-28 00:00:00+00:00,Nima Market,17.73
2025-08-28 01:00:00+00:00,Nima Market,19.47
2025-08-28 06:00:00+00:00,Nima Market,29.37
2025-08-28 09:00:00+00:00,Nima Market,22.76
2025-08-28 11:00:00+00:00,Nima Market,23.32
2025-08-28 12:00:00+00:00,Nima Market,15.34
2025-08-28 13:00:00+00:00,Nima Market,19.21
2025-08-28 14:00:00+00:00,Nima Market,28.08
2025-08-28 15:00:00+00:00,Nima Market,14.8
2025-08-28 16:00:00+00:00,Nima Market,19.38
2025-08-28 17:00:00+00:00,Nima Market,22.59
2025-08-28 18:00:00+00:00,Nima Market,27.4
2025-08-28 19:00:00+00:00,Nima Market,26.07
2025-08-28 20:00:00+00:00,Nima Market,28.4
2025-08-28 21:00:00+00:00,Nima Market,18.21
2025-08-28 23:00:00+00:00,Nima Market,14.11
2025-08-29 00:00:00+00:00,Nima Market,12.88
2025-08-29 02:00:00+00:00,Nima Market,13.74
2025-08-29 06:00:00+00:00,Nima Market,21.27
2025-08-29 07:00:00+00:00,Nima Market,24.36
2025-08-29 09:00:00+00:00,Nima Market,17.16
2025-08-29 11:00:00+00:00,Nima Market,17.62
2025-08-29 12:00:00+00:00,Nima Market,14.85
2025-08-29 13:00:00+00:00,Nima Market,17.38
2025-08-29 14:00:00+00:00,Nima Market,21.62
2025-08-29 15:00:00+00:00,Nima Market,20.23
2025-08-29 16:00:00+00:00,Nima Market,17.73
2025-08-29 17:00:00+00:00,Nima Market,20.05
2025-08-29 18:00:00+00:00,Nima Market,24.36
2025-08-29 19:00:00+00:00,Nima Market,24.37
2025-08-29 20:00:00+00:00,Nima Market,20.92
2025-08-29 21:00:00+00:00,Nima Market,22.54
2025-08-29 22:00:00+00:00,Nima Market,20.74
2025-08-29 23:00:00+00:00,Nima Market,21.15
2025-08-30 00:00:00+00:00,Nima Market,15.63
2025-08-30 01:00:00+00:00,Nima Market,16.34
2025-08-30 03:00:00+00:00,Nima Market,19.62
2025-08-30 04:00:00+00:00,Nima Market,22.53
2025-08-30 05:00:00+00:00,Nima Market,18.19
2025-08-30 06:00:00+00:00,Nima Market,22.77
2025-08-30 07:00:00+00:00,Nima Market,25.29
2025-08-30 11:00:00+00:00,Nima Market,18.62
2025-08-30 14:00:00+00:00,Nima Market,18.81
2025-08-30 15:00:00+00:00,Nima Market,19.22
2025-08-30 16:00:00+00:00,Nima Market,18.28
2025-08-30 17:00:00+00:00,Nima Market,19.01
2025-08-30 18:00:00+00:00,Nima Market,24.78
2025-08-30 19:00:00+00:00,Nima Market,25.02
2025-08-30 21:00:00+00:00,Nima Market,36.35
2025-08-30 22:00:00+00:00,Nima Market,26.47
2025-08-30 23:00:00+00:00,Nima Market,23.37
2025-08-31 01:00:00+00:00,Nima Market,18.73
2025-08-31 02:00:00+00:00,Nima Market,19.3
2025-08-31 03:00:00+00:00,Nima Market,15.6
2025-08-31 04:00:00+00:00,Nima Market,19.25
2025-08-31 05:00:00+00:00,Nima Market,22.11
2025-08-31 07:00:00+00:00,Nima Market,28.64
2025-08-31 08:00:00+00:00,Nima Market,23.26
2025-08-31 09:00:00+00:00,Nima Market,19.69
2025-08-31 11:00:00+00:00,Nima Market,18.3
2025-08-31 12:00:00+00:00,Nima Market,16.13
2025-08-31 13:00:00+00:00,Nima Market,23.42
2025-08-31 14:00:00+00:00,Nima Market,27.18
2025-08-31 15:00:00+00:00,Nima Market,22.91
2025-08-31 16:00:00+00:00,Nima Market,20.19
2025-08-31 17:00:00+00:00,Nima Market,21.12
2025-08-31 18:00:00+00:00,Nima Market,23.56
2025-08-31 19:00:00+00:00,Nima Market,22.98
2025-08-31 20:00:00+00:00,Nima Market,23.4
2025-08-31 21:00:00+00:00,Nima Market,21.91
2025-08-31 22:00:00+00:00,Nima Market,22.52
2025-08-31 23:00:00+00:00,Nima Market,22.6
2025-08-01 00:00:00+00:00,Osu Oxford Street,11.77
2025-08-01 01:00:00+00:00,Osu Oxford Street,13.8
2025-08-01 02:00:00+00:00,Osu Oxford Street,15.11
2025-08-01 03:00:00+00:00,Osu Oxford Street,14.88
2025-08-01 04:00:00+00:00,Osu Oxford Street,15.99
2025-08-01 05:00:00+00:00,Osu Oxford Street,23.45
2025-08-01 06:00:00+00:00,Osu Oxford Street,28.57
2025-08-01 07:00:00+00:00,Osu Oxford Street,22.24
2025-08-01 08:00:00+00:00,Osu Oxford Street,25.51
2025-08-01 09:00:00+00:00,Osu Oxford Street,21.06
2025-08-01 10:00:00+00:00,Osu Oxford Street,13.6
2025-08-01 11:00:00+00:00,Osu Oxford Street,13.33
2025-08-01 12:00:00+00:00,Osu Oxford Street,15.23
2025-08-01 13:00:00+00:00,Osu Oxford Street,13.62
2025-08-01 14:00:00+00:00,Osu Oxford Street,16.94
2025-08-01 15:00:00+00:00,Osu Oxford Street,19.14
2025-08-01 16:00:00+00:00,Osu Oxford Street,18.85
2025-08-01 17:00:00+00:00,Osu Oxford Street,20.82
2025-08-01 18:00:00+00:00,Osu Oxford Street,24.68
2025-08-01 19:00:00+00:00,Osu Oxford Street,18.03
2025-08-01 20:00:00+00:00,Osu Oxford Street,19.14
2025-08-01 21:00:00+00:00,Osu Oxford Street,21.87
2025-08-01 22:00:00+00:00,Osu Oxford Street,19.7
2025-08-01 23:00:00+00:00,Osu Oxford Street,19.59
2025-08-02 01:00:00+00:00,Osu Oxford Street,24.86
2025-08-02 02:00:00+00:00,Osu Oxford Street,21.67
2025-08-02 03:00:00+00:00,Osu Oxford Street,18.86
2025-08-02 04:00:00+00:00,Osu Oxford Street,28.38
2025-08-02 05:00:00+00:00,Osu Oxford Street,26.59
2025-08-02 06:00:00+00:00,Osu Oxford Street,38.89
2025-08-02 07:00:00+00:00,Osu Oxford Street,24.71
2025-08-02 10:00:00+00:00,Osu Oxford Street,18.35
2025-08-02 11:00:00+00:00,Osu Oxford Street,17.3
2025-08-02 12:00:00+00:00,Osu Oxford Street,18.26
2025-08-02 13:00:00+00:00,Osu Oxford Street,15.79
2025-08-02 14:00:00+00:00,Osu Oxford Street,20.84
2025-08-02 15:00:00+00:00,Osu Oxford Street,19.98
2025-08-02 16:00:00+00:00,Osu Oxford Street,16.99
2025-08-02 17:00:00+00:00,Osu Oxford Street,21.66
2025-08-02 18:00:00+00:00,Osu Oxford Street,20.74
2025-08-02 19:00:00+00:00,Osu Oxford Street,20.05
2025-08-02 20:00:00+00:00,Osu Oxford Street,18.79
2025-08-02 21:00:00+00:00,Osu Oxford Street,16.81
2025-08-02 22:00:00+00:00,Osu Oxford Street,18.83
2025-08-02 23:00:00+00:00,Osu Oxford Street,25.57
2025-08-03 00:00:00+00:00,Osu Oxford Street,23.62
2025-08-03 02:00:00+00:00,Osu Oxford Street,17.0
2025-08-03 03:00:00+00:00,Osu Oxford Street,14.77
2025-08-03 05:00:00+00:00,Osu Oxford Street,23.81
2025-08-03 07:00:00+00:00,Osu Oxford Street,37.58
2025-08-03 10:00:00+00:00,Osu Oxford Street,23.36
2025-08-03 11:00:00+00:00,Osu Oxford Street,14.13
2025-08-03 12:00:00+00:00,Osu Oxford Street,13.96
2025-08-03 13:00:00+00:00,Osu Oxford Street,13.88
2025-08-03 14:00:00+00:00,Osu Oxford Street,14.13
2025-08-03 15:00:00+00:00,Osu Oxford Street,15.89
2025-08-03 17:00:00+00:00,Osu Oxford Street,16.47
2025-08-03 20:00:00+00:00,Osu Oxford Street,16.69
2025-08-04 00:00:00+00:00,Osu Oxford Street,18.85
2025-08-04 01:00:00+00:00,Osu Oxford Street,16.38
2025-08-04 02:00:00+00:00,Osu Oxford Street,16.98
2025-08-04 08:00:00+00:00,Osu Oxford Street,27.54
2025-08-04 09:00:00+00:00,Osu Oxford Street,22.57
2025-08-04 10:00:00+00:00,Osu Oxford Street,22.74
2025-08-04 11:00:00+00:00,Osu Oxford Street,19.58
2025-08-04 12:00:00+00:00,Osu Oxford Street,16.72
2025-08-04 13:00:00+00:00,Osu Oxford Street,19.18
2025-08-04 14:00:00+00:00,Osu Oxford Street,20.55
2025-08-04 15:00:00+00:00,Osu Oxford Street,17.34
2025-08-04 16:00:00+00:00,Osu Oxford Street,23.15
2025-08-04 17:00:00+00:00,Osu Oxford Street,22.86
2025-08-04 18:00:00+00:00,Osu Oxford Street,29.55
2025-08-04 19:00:00+00:00,Osu Oxford Street,20.12
2025-08-04 20:00:00+00:00,Osu Oxford Street,21.91
2025-08-04 21:00:00+00:00,Osu Oxford Street,19.17
2025-08-04 22:00:00+00:00,Osu Oxford Street,17.38
2025-08-04 23:00:00+00:00,Osu Oxford Street,17.1
2025-08-05 01:00:00+00:00,Osu Oxford Street,9.28
2025-08-05 02:00:00+00:00,Osu Oxford Street,12.54
2025-08-05 03:00:00+00:00,Osu Oxford Street,16.07
2025-08-05 04:00:00+00:00,Osu Oxford Street,20.2
2025-08-05 05:00:00+00:00,Osu Oxford Street,22.46
2025-08-05 06:00:00+00:00,Osu Oxford Street,22.76
2025-08-05 07:00:00+00:00,Osu Oxford Street,21.71
2025-08-05 08:00:00+00:00,Osu Oxford Street,22.38
2025-08-05 09:00:00+00:00,Osu Oxford Street,19.93
2025-08-05 10:00:00+00:00,Osu Oxford Street,16.59
2025-08-05 13:00:00+00:00,Osu Oxford Street,14.4
2025-08-05 14:00:00+00:00,Osu Oxford Street,15.96
2025-08-05 15:00:00+00:00,Osu Oxford Street,16.05
2025-08-05 16:00:00+00:00,Osu Oxford Street,19.21
2025-08-05 18:00:00+00:00,Osu Oxford Street,23.26
2025-08-05 19:00:00+00:00,Osu Oxford Street,20.92
2025-08-05 20:00:00+00:00,Osu Oxford Street,20.41
2025-08-05 22:00:00+00:00,Osu Oxford Street,20.17
2025-08-05 23:00:00+00:00,Osu Oxford Street,18.99
2025-08-06 00:00:00+00:00,Osu Oxford Street,17.71
2025-08-06 01:00:00+00:00,Osu Oxford Street,17.51
2025-08-06 02:00:00+00:00,Osu Oxford Street,10.67
2025-08-06 03:00:00+00:00,Osu Oxford Street,12.39
2025-08-06 04:00:00+00:00,Osu Oxford Street,17.89
2025-08-06 05:00:00+00:00,Osu Oxford Street,20.44
2025-08-06 06:00:00+00:00,Osu Oxford Street,24.22
2025-08-06 07:00:00+00:00,Osu Oxford Street,28.14
2025-08-06 08:00:00+00:00,Osu Oxford Street,28.41
2025-08-06 09:00:00+00:00,Osu Oxford Street,27.52
2025-08-06 10:00:00+00:00,Osu Oxford Street,20.06
2025-08-06 11:00:00+00:00,Osu Oxford Street,17.39
2025-08-06 12:00:00+00:00,Osu Oxford Street,18.66
2025-08-06 13:00:00+00:00,Osu Oxford Street,17.74
2025-08-06 14:00:00+00:00,Osu Oxford Street,18.74
2025-08-06 15:00:00+00:00,Osu Oxford Street,19.38
2025-08-06 16:00:00+00:00,Osu Oxford Street,24.07
2025-08-06 17:00:00+00:00,Osu Oxford Street,24.81
2025-08-06 18:00:00+00:00,Osu Oxford Street,28.97
2025-08-06 19:00:00+00:00,Osu Oxford Street,40.6
2025-08-06 20:00:00+00:00,Osu Oxford Street,27.02
2025-08-06 23:00:00+00:00,Osu Oxford Street,22.75
2025-08-07 01:00:00+00:00,Osu Oxford Street,23.78
2025-08-07 02:00:00+00:00,Osu Oxford Street,21.5
2025-08-07 03:00:00+00:00,Osu Oxford Street,23.34
2025-08-07 04:00:00+00:00,Osu Oxford Street,25.69
2025-08-07 05:00:00+00:00,Osu Oxford Street,25.98
2025-08-07 06:00:00+00:00,Osu Oxford Street,27.71
2025-08-07 07:00:00+00:00,Osu Oxford Street,28.34
2025-08-07 08:00:00+00:00,Osu Oxford Street,25.53
2025-08-07 09:00:00+00:00,Osu Oxford Street,24.77
2025-08-07 10:00:00+00:00,Osu Oxford Street,22.47
2025-08-07 11:00:00+00:00,Osu Oxford Street,21.36
2025-08-07 12:00:00+00:00,Osu Oxford Street,21.23
2025-08-07 13:00:00+00:00,Osu Oxford Street,22.21
2025-08-07 14:00:00+00:00,Osu Oxford Street,23.09
2025-08-07 15:00:00+00:00,Osu Oxford Street,21.86
2025-08-07 16:00:00+00:00,Osu Oxford Street,25.39
2025-08-07 17:00:00+00:00,Osu Oxford Street,22.61
2025-08-07 18:00:00+00:00,Osu Oxford Street,25.98
2025-08-07 19:00:00+00:00,Osu Oxford Street,23.45
2025-08-07 20:00:00+00:00,Osu Oxford Street,20.62
2025-08-07 21:00:00+00:00,Osu Oxford Street,19.91
2025-08-07 23:00:00+00:00,Osu Oxford Street,19.65
2025-08-08 02:00:00+00:00,Osu Oxford Street,20.0
2025-08-08 04:00:00+00:00,Osu Oxford Street,24.72
2025-08-08 07:00:00+00:00,Osu Oxford Street,25.75
2025-08-08 08:00:00+00:00,Osu Oxford Street,22.13
2025-08-08 09:00:00+00:00,Osu Oxford Street,24.81
2025-08-08 10:00:00+00:00,Osu Oxford Street,22.61
2025-08-08 11:00:00+00:00,Osu Oxford Street,22.56
2025-08-08 12:00:00+00:00,Osu Oxford Street,19.32
2025-08-08 13:00:00+00:00,Osu Oxford Street,19.97
2025-08-08 14:00:00+00:00,Osu Oxford Street,21.51
2025-08-08 15:00:00+00:00,Osu Oxford Street,18.08
2025-08-08 16:00:00+00:00,Osu Oxford Street,23.82
2025-08-08 17:00:00+00:00,Osu Oxford Street,22.68
2025-08-08 18:00:00+00:00,Osu Oxford Street,34.19
2025-08-08 20:00:00+00:00,Osu Oxford Street,18.73
2025-08-08 21:00:00+00:00,Osu Oxford Street,18.03
2025-08-08 22:00:00+00:00,Osu Oxford Street,20.49
2025-08-09 00:00:00+00:00,Osu Oxford Street,14.44
2025-08-09 01:00:00+00:00,Osu Oxford Street,17.24
2025-08-09 03:00:00+00:00,Osu Oxford Street,16.91
2025-08-09 04:00:00+00:00,Osu Oxford Street,20.84
2025-08-09 05:00:00+00:00,Osu Oxford Street,22.72
2025-08-09 06:00:00+00:00,Osu Oxford Street,24.43
2025-08-09 07:00:00+00:00,Osu Oxford Street,24.72
2025-08-09 08:00:00+00:00,Osu Oxford Street,27.75
2025-08-09 09:00:00+00:00,Osu Oxford Street,22.65
2025-08-09 10:00:00+00:00,Osu Oxford Street,18.32
2025-08-09 11:00:00+00:00,Osu Oxford Street,16.37
2025-08-09 12:00:00+00:00,Osu Oxford Street,14.2
2025-08-09 13:00:00+00:00,Osu Oxford Street,15.08
2025-08-09 14:00:00+00:00,Osu Oxford Street,16.14
2025-08-09 15:00:00+00:00,Osu Oxford Street,19.51
2025-08-09 16:00:00+00:00,Osu Oxford Street,16.38
2025-08-09 17:00:00+00:00,Osu Oxford Street,17.6
2025-08-09 18:00:00+00:00,Osu Oxford Street,18.01
2025-08-09 19:00:00+00:00,Osu Oxford Street,20.18
2025-08-09 20:00:00+00:00,Osu Oxford Street,22.87
2025-08-09 21:00:00+00:00,Osu Oxford Street,20.43
2025-08-09 22:00:00+00:00,Osu Oxford Street,18.08
2025-08-09 23:00:00+00:00,Osu Oxford Street,20.1
2025-08-10 00:00:00+00:00,Osu Oxford Street,21.8
2025-08-10 01:00:00+00:00,Osu Oxford Street,29.91
2025-08-10 02:00:00+00:00,Osu Oxford Street,30.25
2025-08-10 04:00:00+00:00,Osu Oxford Street,22.32
2025-08-10 05:00:00+00:00,Osu Oxford Street,17.99
2025-08-10 06:00:00+00:00,Osu Oxford Street,28.13
2025-08-10 07:00:00+00:00,Osu Oxford Street,33.09
2025-08-10 08:00:00+00:00,Osu Oxford Street,21.25
2025-08-10 09:00:00+00:00,Osu Oxford Street,18.53
2025-08-10 10:00:00+00:00,Osu Oxford Street,14.36
2025-08-10 11:00:00+00:00,Osu Oxford Street,11.46
2025-08-10 12:00:00+00:00,Osu Oxford Street,8.84
2025-08-10 13:00:00+00:00,Osu Oxford Street,9.08
2025-08-10 14:00:00+00:00,Osu Oxford Street,9.12
2025-08-10 15:00:00+00:00,Osu Oxford Street,10.33
2025-08-10 16:00:00+00:00,Osu Oxford Street,7.69
2025-08-10 17:00:00+00:00,Osu Oxford Street,9.36
2025-08-10 19:00:00+00:00,Osu Oxford Street,11.05
2025-08-10 20:00:00+00:00,Osu Oxford Street,12.23
2025-08-10 21:00:00+00:00,Osu Oxford Street,14.49
2025-08-11 03:00:00+00:00,Osu Oxford Street,12.38
2025-08-11 05:00:00+00:00,Osu Oxford Street,19.93
2025-08-11 06:00:00+00:00,Osu Oxford Street,16.18
2025-08-11 07:00:00+00:00,Osu Oxford Street,11.8
2025-08-11 08:00:00+00:00,Osu Oxford Street,9.88
2025-08-11 09:00:00+00:00,Osu Oxford Street,14.37
2025-08-11 10:00:00+00:00,Osu Oxford Street,12.84
2025-08-11 11:00:00+00:00,Osu Oxford Street,10.08
2025-08-11 12:00:00+00:00,Osu Oxford Street,8.57
2025-08-11 13:00:00+00:00,Osu Oxford Street,7.78
2025-08-11 14:00:00+00:00,Osu Oxford Street,6.41
2025-08-11 15:00:00+00:00,Osu Oxford Street,8.2
2025-08-11 16:00:00+00:00,Osu Oxford Street,9.41
2025-08-11 17:00:00+00:00,Osu Oxford Street,11.62
2025-08-11 20:00:00+00:00,Osu Oxford Street,11.3
2025-08-11 21:00:00+00:00,Osu Oxford Street,18.05
2025-08-11 22:00:00+00:00,Osu Oxford Street,8.27
2025-08-11 23:00:00+00:00,Osu Oxford Street,8.48
2025-08-12 00:00:00+00:00,Osu Oxford Street,6.08
2025-08-12 01:00:00+00:00,Osu Oxford Street,6.8
2025-08-12 03:00:00+00:00,Osu Oxford Street,8.06
2025-08-12 05:00:00+00:00,Osu Oxford Street,15.86
2025-08-12 06:00:00+00:00,Osu Oxford Street,16.12
2025-08-12 07:00:00+00:00,Osu Oxford Street,13.95
2025-08-12 08:00:00+00:00,Osu Oxford Street,10.02
2025-08-12 09:00:00+00:00,Osu Oxford Street,10.75
2025-08-12 10:00:00+00:00,Osu Oxford Street,7.14
2025-08-12 11:00:00+00:00,Osu Oxford Street,5.83
2025-08-12 12:00:00+00:00,Osu Oxford Street,4.0
2025-08-12 13:00:00+00:00,Osu Oxford Street,6.4
2025-08-12 14:00:00+00:00,Osu Oxford Street,6.64
2025-08-12 15:00:00+00:00,Osu Oxford Street,5.29
2025-08-12 16:00:00+00:00,Osu Oxford Street,6.09
2025-08-12 17:00:00+00:00,Osu Oxford Street,6.85
2025-08-12 19:00:00+00:00,Osu Oxford Street,8.57
2025-08-12 20:00:00+00:00,Osu Oxford Street,6.22
2025-08-12 21:00:00+00:00,Osu Oxford Street,6.98
2025-08-12 22:00:00+00:00,Osu Oxford Street,8.76
2025-08-12 23:00:00+00:00,Osu Oxford Street,8.67
2025-08-13 00:00:00+00:00,Osu Oxford Street,5.42
2025-08-13 01:00:00+00:00,Osu Oxford Street,10.61
2025-08-13 02:00:00+00:00,Osu Oxford Street,8.97
2025-08-13 03:00:00+00:00,Osu Oxford Street,13.24
2025-08-13 04:00:00+00:00,Osu Oxford Street,9.58
2025-08-13 05:00:00+00:00,Osu Oxford Street,14.13
2025-08-13 06:00:00+00:00,Osu Oxford Street,17.92
2025-08-13 07:00:00+00:00,Osu Oxford Street,18.54
2025-08-13 08:00:00+00:00,Osu Oxford Street,16.68
2025-08-13 09:00:00+00:00,Osu Oxford Street,9.01
2025-08-13 10:00:00+00:00,Osu Oxford Street,5.88
2025-08-13 11:00:00+00:00,Osu Oxford Street,7.51
2025-08-13 12:00:00+00:00,Osu Oxford Street,6.19
2025-08-13 13:00:00+00:00,Osu Oxford Street,6.43
2025-08-13 14:00:00+00:00,Osu Oxford Street,6.42
2025-08-13 15:00:00+00:00,Osu Oxford Street,7.49
2025-08-13 16:00:00+00:00,Osu Oxford Street,6.63
2025-08-13 17:00:00+00:00,Osu Oxford Street,12.34
2025-08-13 19:00:00+00:00,Osu Oxford Street,7.68
2025-08-13 20:00:00+00:00,Osu Oxford Street,9.86
2025-08-13 21:00:00+00:00,Osu Oxford Street,9.9
2025-08-13 22:00:00+00:00,Osu Oxford Street,5.63
2025-08-13 23:00:00+00:00,Osu Oxford Street,9.32
2025-08-14 00:00:00+00:00,Osu Oxford Street,7.57
2025-08-14 01:00:00+00:00,Osu Oxford Street,7.54
2025-08-14 03:00:00+00:00,Osu Oxford Street,8.0
2025-08-14 04:00:00+00:00,Osu Oxford Street,14.0
2025-08-14 05:00:00+00:00,Osu Oxford Street,18.09
2025-08-14 06:00:00+00:00,Osu Oxford Street,19.24
2025-08-14 07:00:00+00:00,Osu Oxford Street,20.71
2025-08-14 08:00:00+00:00,Osu Oxford Street,19.96
2025-08-14 09:00:00+00:00,Osu Oxford Street,11.61
2025-08-14 10:00:00+00:00,Osu Oxford Street,6.41
2025-08-14 11:00:00+00:00,Osu Oxford Street,6.96
2025-08-14 12:00:00+00:00,Osu Oxford Street,5.38
2025-08-14 13:00:00+00:00,Osu Oxford Street,6.25
2025-08-14 14:00:00+00:00,Osu Oxford Street,6.57
2025-08-14 15:00:00+00:00,Osu Oxford Street,6.36
2025-08-14 16:00:00+00:00,Osu Oxford Street,10.85
2025-08-14 17:00:00+00:00,Osu Oxford Street,8.61
2025-08-14 18:00:00+00:00,Osu Oxford Street,13.82
2025-08-14 19:00:00+00:00,Osu Oxford Street,11.33
2025-08-14 20:00:00+00:00,Osu Oxford Street,12.92
2025-08-14 21:00:00+00:00,Osu Oxford Street,10.54
2025-08-14 23:00:00+00:00,Osu Oxford Street,14.02
2025-08-15 00:00:00+00:00,Osu Oxford Street,17.12
2025-08-15 01:00:00+00:00,Osu Oxford Street,13.93
2025-08-15 02:00:00+00:00,Osu Oxford Street,15.91
2025-08-15 03:00:00+00:00,Osu Oxford Street,19.27
2025-08-15 04:00:00+00:00,Osu Oxford Street,16.76
2025-08-15 05:00:00+00:00,Osu Oxford Street,20.29
2025-08-15 06:00:00+00:00,Osu Oxford Street,22.81
2025-08-15 07:00:00+00:00,Osu Oxford Street,19.15
2025-08-15 08:00:00+00:00,Osu Oxford Street,11.34
2025-08-15 09:00:00+00:00,Osu Oxford Street,12.44
2025-08-15 11:00:00+00:00,Osu Oxford Street,10.81
2025-08-15 12:00:00+00:00,Osu Oxford Street,10.5
2025-08-15 13:00:00+00:00,Osu Oxford Street,10.24
2025-08-15 14:00:00+00:00,Osu Oxford Street,9.39
2025-08-15 15:00:00+00:00,Osu Oxford Street,10.47
2025-08-15 16:00:00+00:00,Osu Oxford Street,13.88
2025-08-15 17:00:00+00:00,Osu Oxford Street,16.05
2025-08-15 18:00:00+00:00,Osu Oxford Street,14.45
2025-08-15 19:00:00+00:00,Osu Oxford Street,26.65
2025-08-15 20:00:00+00:00,Osu Oxford Street,23.06
2025-08-15 21:00:00+00:00,Osu Oxford Street,13.1
2025-08-16 02:00:00+00:00,Osu Oxford Street,14.62
2025-08-16 05:00:00+00:00,Osu Oxford Street,22.3
2025-08-16 06:00:00+00:00,Osu Oxford Street,23.79
2025-08-16 07:00:00+00:00,Osu Oxford Street,26.32
2025-08-16 08:00:00+00:00,Osu Oxford Street,23.32
2025-08-16 09:00:00+00:00,Osu Oxford Street,28.7
2025-08-16 10:00:00+00:00,Osu Oxford Street,16.47
2025-08-16 11:00:00+00:00,Osu Oxford Street,16.54
2025-08-16 12:00:00+00:00,Osu Oxford Street,13.82
2025-08-16 13:00:00+00:00,Osu Oxford Street,11.42
2025-08-16 14:00:00+00:00,Osu Oxford Street,10.07
2025-08-16 16:00:00+00:00,Osu Oxford Street,10.42
2025-08-16 17:00:00+00:00,Osu Oxford Street,15.23
2025-08-16 18:00:00+00:00,Osu Oxford Street,23.56
2025-08-16 19:00:00+00:00,Osu Oxford Street,16.6
2025-08-16 20:00:00+00:00,Osu Oxford Street,23.91
2025-08-16 21:00:00+00:00,Osu Oxford Street,17.51
2025-08-17 00:00:00+00:00,Osu Oxford Street,10.05
2025-08-17 01:00:00+00:00,Osu Oxford Street,14.42
2025-08-17 03:00:00+00:00,Osu Oxford Street,11.3
2025-08-17 04:00:00+00:00,Osu Oxford Street,12.74
2025-08-17 05:00:00+00:00,Osu Oxford Street,11.08
2025-08-17 06:00:00+00:00,Osu Oxford Street,27.3
2025-08-17 07:00:00+00:00,Osu Oxford Street,28.08
2025-08-17 08:00:00+00:00,Osu Oxford Street,22.95
2025-08-17 09:00:00+00:00,Osu Oxford Street,15.56
2025-08-17 10:00:00+00:00,Osu Oxford Street,10.67
2025-08-17 11:00:00+00:00,Osu Oxford Street,8.84
2025-08-17 12:00:00+00:00,Osu Oxford Street,8.05
2025-08-17 13:00:00+00:00,Osu Oxford Street,8.15
2025-08-17 14:00:00+00:00,Osu Oxford Street,13.76
2025-08-17 15:00:00+00:00,Osu Oxford Street,12.29
2025-08-17 16:00:00+00:00,Osu Oxford Street,23.35
2025-08-17 17:00:00+00:00,Osu Oxford Street,16.33
2025-08-17 18:00:00+00:00,Osu Oxford Street,24.38
2025-08-17 19:00:00+00:00,Osu Oxford Street,21.56
2025-08-17 20:00:00+00:00,Osu Oxford Street,18.86
2025-08-17 21:00:00+00:00,Osu Oxford Street,12.66
2025-08-17 22:00:00+00:00,Osu Oxford Street,9.0
2025-08-17 23:00:00+00:00,Osu Oxford Street,12.58
2025-08-18 00:00:00+00:00,Osu Oxford Street,16.71
2025-08-18 02:00:00+00:00,Osu Oxford Street,11.59
2025-08-18 03:00:00+00:00,Osu Oxford Street,14.33
2025-08-18 04:00:00+00:00,Osu Oxford Street,15.09
2025-08-18 05:00:00+00:00,Osu Oxford Street,20.02
2025-08-18 06:00:00+00:00,Osu Oxford Street,20.28
2025-08-18 07:00:00+00:00,Osu Oxford Street,19.13
2025-08-18 11:00:00+00:00,Osu Oxford Street,8.64
2025-08-18 13:00:00+00:00,Osu Oxford Street,10.07
2025-08-18 14:00:00+00:00,Osu Oxford Street,9.34
2025-08-18 15:00:00+00:00,Osu Oxford Street,10.23
2025-08-18 19:00:00+00:00,Osu Oxford Street,17.99
2025-08-18 20:00:00+00:00,Osu Oxford Street,20.77
2025-08-18 21:00:00+00:00,Osu Oxford Street,17.32
2025-08-18 22:00:00+00:00,Osu Oxford Street,15.89
2025-08-19 01:00:00+00:00,Osu Oxford Street,12.07
2025-08-19 02:00:00+00:00,Osu Oxford Street,12.89
2025-08-19 05:00:00+00:00,Osu Oxford Street,24.99
2025-08-19 06:00:00+00:00,Osu Oxford Street,23.13
2025-08-19 07:00:00+00:00,Osu Oxford Street,20.83
2025-08-19 08:00:00+00:00,Osu Oxford Street,18.84
2025-08-19 09:00:00+00:00,Osu Oxford Street,13.13
2025-08-19 10:00:00+00:00,Osu Oxford Street,9.34
2025-08-19 11:00:00+00:00,Osu Oxford Street,9.76
2025-08-19 12:00:00+00:00,Osu Oxford Street,9.13
2025-08-19 13:00:00+00:00,Osu Oxford Street,10.66
2025-08-19 14:00:00+00:00,Osu Oxford Street,8.71
2025-08-19 15:00:00+00:00,Osu Oxford Street,9.56
2025-08-19 16:00:00+00:00,Osu Oxford Street,12.43
2025-08-19 17:00:00+00:00,Osu Oxford Street,13.97
2025-08-19 18:00:00+00:00,Osu Oxford Street,12.41
2025-08-19 19:00:00+00:00,Osu Oxford Street,14.35
2025-08-19 20:00:00+00:00,Osu Oxford Street,14.55
2025-08-19 21:00:00+00:00,Osu Oxford Street,21.19
2025-08-19 22:00:00+00:00,Osu Oxford Street,15.53
2025-08-19 23:00:00+00:00,Osu Oxford Street,17.47
2025-08-20 00:00:00+00:00,Osu Oxford Street,17.36
2025-08-20 01:00:00+00:00,Osu Oxford Street,15.23
2025-08-20 02:00:00+00:00,Osu Oxford Street,15.55
2025-08-20 03:00:00+00:00,Osu Oxford Street,17.94
2025-08-20 04:00:00+00:00,Osu Oxford Street,18.06
2025-08-20 05:00:00+00:00,Osu Oxford Street,19.52
2025-08-20 06:00:00+00:00,Osu Oxford Street,21.95
2025-08-20 07:00:00+00:00,Osu Oxford Street,21.76
2025-08-20 08:00:00+00:00,Osu Oxford Street,19.11
2025-08-20 09:00:00+00:00,Osu Oxford Street,12.99
2025-08-20 10:00:00+00:00,Osu Oxford Street,12.31
2025-08-20 11:00:00+00:00,Osu Oxford Street,9.78
2025-08-20 13:00:00+00:00,Osu Oxford Street,10.27
2025-08-20 14:00:00+00:00,Osu Oxford Street,10.08
2025-08-20 15:00:00+00:00,Osu Oxford Street,10.67
2025-08-20 16:00:00+00:00,Osu Oxford Street,11.28
2025-08-20 17:00:00+00:00,Osu Oxford Street,12.65
2025-08-20 18:00:00+00:00,Osu Oxford Street,15.36
2025-08-20 19:00:00+00:00,Osu Oxford Street,23.37
2025-08-20 20:00:00+00:00,Osu Oxford Street,21.3
2025-08-20 21:00:00+00:00,Osu Oxford Street,16.47
2025-08-20 22:00:00+00:00,Osu Oxford Street,20.97
2025-08-20 23:00:00+00:00,Osu Oxford Street,9.61
2025-08-21 00:00:00+00:00,Osu Oxford Street,15.42
2025-08-21 01:00:00+00:00,Osu Oxford Street,11.85
2025-08-21 02:00:00+00:00,Osu Oxford Street,13.38
2025-08-21 03:00:00+00:00,Osu Oxford Street,15.82
2025-08-21 04:00:00+00:00,Osu Oxford Street,13.73
2025-08-21 05:00:00+00:00,Osu Oxford Street,17.4
2025-08-21 06:00:00+00:00,Osu Oxford Street,17.45
2025-08-21 07:00:00+00:00,Osu Oxford Street,19.65
2025-08-21 09:00:00+00:00,Osu Oxford Street,15.76
2025-08-21 10:00:00+00:00,Osu Oxford Street,11.63
2025-08-21 11:00:00+00:00,Osu Oxford Street,10.99
2025-08-21 12:00:00+00:00,Osu Oxford Street,11.35
2025-08-21 13:00:00+00:00,Osu Oxford Street,10.4
2025-08-21 14:00:00+00:00,Osu Oxford Street,11.03
2025-08-21 16:00:00+00:00,Osu Oxford Street,12.43
2025-08-21 19:00:00+00:00,Osu Oxford Street,13.34
2025-08-21 20:00:00+00:00,Osu Oxford Street,9.65
2025-08-21 22:00:00+00:00,Osu Oxford Street,11.01
2025-08-21 23:00:00+00:00,Osu Oxford Street,12.57
2025-08-22 00:00:00+00:00,Osu Oxford Street,9.23
2025-08-22 02:00:00+00:00,Osu Oxford Street,12.1
2025-08-22 03:00:00+00:00,Osu Oxford Street,16.48
2025-08-22 04:00:00+00:00,Osu Oxford Street,14.48
2025-08-22 06:00:00+00:00,Osu Oxford Street,19.29
2025-08-22 07:00:00+00:00,Osu Oxford Street,18.28
2025-08-22 08:00:00+00:00,Osu Oxford Street,20.81
2025-08-22 09:00:00+00:00,Osu Oxford Street,14.47
2025-08-22 10:00:00+00:00,Osu Oxford Street,13.64
2025-08-22 11:00:00+00:00,Osu Oxford Street,12.83
2025-08-22 12:00:00+00:00,Osu Oxford Street,13.52
2025-08-22 13:00:00+00:00,Osu Oxford Street,16.58
2025-08-22 14:00:00+00:00,Osu Oxford Street,16.03
2025-08-22 15:00:00+00:00,Osu Oxford Street,20.62
2025-08-22 16:00:00+00:00,Osu Oxford Street,14.47
2025-08-22 17:00:00+00:00,Osu Oxford Street,16.43
2025-08-22 19:00:00+00:00,Osu Oxford Street,20.91
2025-08-22 20:00:00+00:00,Osu Oxford Street,19.16
2025-08-22 22:00:00+00:00,Osu Oxford Street,28.27
2025-08-22 23:00:00+00:00,Osu Oxford Street,25.72
2025-08-23 02:00:00+00:00,Osu Oxford Street,20.75
2025-08-23 03:00:00+00:00,Osu Oxford Street,15.53
2025-08-23 04:00:00+00:00,Osu Oxford Street,24.41
2025-08-23 05:00:00+00:00,Osu Oxford Street,23.57
2025-08-23 06:00:00+00:00,Osu Oxford Street,18.58
2025-08-23 07:00:00+00:00,Osu Oxford Street,26.44
2025-08-23 08:00:00+00:00,Osu Oxford Street,28.63
2025-08-23 10:00:00+00:00,Osu Oxford Street,18.42
2025-08-23 11:00:00+00:00,Osu Oxford Street,16.34
2025-08-23 12:00:00+00:00,Osu Oxford Street,12.96
2025-08-23 13:00:00+00:00,Osu Oxford Street,12.8
2025-08-23 14:00:00+00:00,Osu Oxford Street,12.78
2025-08-23 15:00:00+00:00,Osu Oxford Street,12.67
2025-08-23 16:00:00+00:00,Osu Oxford Street,14.11
2025-08-23 17:00:00+00:00,Osu Oxford Street,16.47
2025-08-23 18:00:00+00:00,Osu Oxford Street,25.83
2025-08-23 19:00:00+00:00,Osu Oxford Street,26.61
2025-08-23 20:00:00+00:00,Osu Oxford Street,19.42
2025-08-23 22:00:00+00:00,Osu Oxford Street,23.45
2025-08-24 00:00:00+00:00,Osu Oxford Street,38.66
2025-08-24 01:00:00+00:00,Osu Oxford Street,23.23
2025-08-24 02:00:00+00:00,Osu Oxford Street,18.04
2025-08-24 04:00:00+00:00,Osu Oxford Street,25.54
2025-08-24 05:00:00+00:00,Osu Oxford Street,31.75
2025-08-24 07:00:00+00:00,Osu Oxford Street,28.75
2025-08-24 08:00:00+00:00,Osu Oxford Street,27.89
2025-08-24 09:00:00+00:00,Osu Oxford Street,24.98
2025-08-24 10:00:00+00:00,Osu Oxford Street,18.07
2025-08-24 11:00:00+00:00,Osu Oxford Street,14.95
2025-08-24 12:00:00+00:00,Osu Oxford Street,13.92
2025-08-24 13:00:00+00:00,Osu Oxford Street,13.01
2025-08-24 14:00:00+00:00,Osu Oxford Street,13.17
2025-08-24 15:00:00+00:00,Osu Oxford Street,13.73
2025-08-24 16:00:00+00:00,Osu Oxford Street,19.41
2025-08-24 18:00:00+00:00,Osu Oxford Street,17.67
2025-08-24 19:00:00+00:00,Osu Oxford Street,18.38
2025-08-24 20:00:00+00:00,Osu Oxford Street,21.6
2025-08-24 21:00:00+00:00,Osu Oxford Street,14.45
2025-08-24 23:00:00+00:00,Osu Oxford Street,16.31
2025-08-25 01:00:00+00:00,Osu Oxford Street,20.04
2025-08-25 02:00:00+00:00,Osu Oxford Street,17.36
2025-08-25 03:00:00+00:00,Osu Oxford Street,23.6
2025-08-25 05:00:00+00:00,Osu Oxford Street,20.49
2025-08-25 07:00:00+00:00,Osu Oxford Street,31.02
2025-08-25 10:00:00+00:00,Osu Oxford Street,32.11
2025-08-25 11:00:00+00:00,Osu Oxford Street,34.19
2025-08-25 12:00:00+00:00,Osu Oxford Street,26.26
2025-08-25 13:00:00+00:00,Osu Oxford Street,31.93
2025-08-25 14:00:00+00:00,Osu Oxford Street,23.89
2025-08-25 17:00:00+00:00,Osu Oxford Street,30.24
2025-08-25 18:00:00+00:00,Osu Oxford Street,27.27
2025-08-25 20:00:00+00:00,Osu Oxford Street,49.07
2025-08-25 21:00:00+00:00,Osu Oxford Street,28.72
2025-08-25 22:00:00+00:00,Osu Oxford Street,21.58
2025-08-26 01:00:00+00:00,Osu Oxford Street,15.43
2025-08-26 02:00:00+00:00,Osu Oxford Street,19.54
2025-08-26 03:00:00+00:00,Osu Oxford Street,23.14
2025-08-26 04:00:00+00:00,Osu Oxford Street,26.8
2025-08-26 05:00:00+00:00,Osu Oxford Street,19.18
2025-08-26 06:00:00+00:00,Osu Oxford Street,34.05
2025-08-26 07:00:00+00:00,Osu Oxford Street,33.81
2025-08-26 08:00:00+00:00,Osu Oxford Street,41.54
2025-08-26 09:00:00+00:00,Osu Oxford Street,32.72
2025-08-26 10:00:00+00:00,Osu Oxford Street,29.11
2025-08-26 11:00:00+00:00,Osu Oxford Street,23.47
2025-08-26 12:00:00+00:00,Osu Oxford Street,15.89
2025-08-26 13:00:00+00:00,Osu Oxford Street,11.64
2025-08-26 16:00:00+00:00,Osu Oxford Street,16.33
2025-08-26 17:00:00+00:00,Osu Oxford Street,17.09
2025-08-26 19:00:00+00:00,Osu Oxford Street,16.6
2025-08-26 20:00:00+00:00,Osu Oxford Street,17.82
2025-08-26 21:00:00+00:00,Osu Oxford Street,17.39
2025-08-26 23:00:00+00:00,Osu Oxford Street,16.73
2025-08-27 00:00:00+00:00,Osu Oxford Street,15.57
2025-08-27 01:00:00+00:00,Osu Oxford Street,17.12
2025-08-27 02:00:00+00:00,Osu Oxford Street,17.77
2025-08-27 03:00:00+00:00,Osu Oxford Street,18.72
2025-08-27 04:00:00+00:00,Osu Oxford Street,21.26
2025-08-27 08:00:00+00:00,Osu Oxford Street,24.61
2025-08-27 09:00:00+00:00,Osu Oxford Street,19.3
2025-08-27 10:00:00+00:00,Osu Oxford Street,17.68
2025-08-27 13:00:00+00:00,Osu Oxford Street,15.48
2025-08-27 14:00:00+00:00,Osu Oxford Street,20.89
2025-08-27 15:00:00+00:00,Osu Oxford Street,17.45
2025-08-27 16:00:00+00:00,Osu Oxford Street,14.93
2025-08-27 18:00:00+00:00,Osu Oxford Street,20.11
2025-08-27 19:00:00+00:00,Osu Oxford Street,22.11
2025-08-27 20:00:00+00:00,Osu Oxford Street,21.65
2025-08-27 21:00:00+00:00,Osu Oxford Street,19.86
2025-08-27 22:00:00+00:00,Osu Oxford Street,21.13
2025-08-27 23:00:00+00:00,Osu Oxford Street,20.59
2025-08-28 01:00:00+00:00,Osu Oxford Street,30.96
2025-08-28 06:00:00+00:00,Osu Oxford Street,35.35
2025-08-28 09:00:00+00:00,Osu Oxford Street,19.63
2025-08-28 10:00:00+00:00,Osu Oxford Street,17.35
2025-08-28 11:00:00+00:00,Osu Oxford Street,13.39
2025-08-28 12:00:00+00:00,Osu Oxford Street,15.48
2025-08-28 13:00:00+00:00,Osu Oxford Street,18.61
2025-08-28 14:00:00+00:00,Osu Oxford Street,11.46
2025-08-28 15:00:00+00:00,Osu Oxford Street,11.3
2025-08-28 16:00:00+00:00,Osu Oxford Street,11.2
2025-08-28 17:00:00+00:00,Osu Oxford Street,14.11
2025-08-28 18:00:00+00:00,Osu Oxford Street,16.26
2025-08-28 19:00:00+00:00,Osu Oxford Street,13.4
2025-08-28 20:00:00+00:00,Osu Oxford Street,16.72
2025-08-28 21:00:00+00:00,Osu Oxford Street,18.62
2025-08-28 23:00:00+00:00,Osu Oxford Street,16.02
2025-08-29 00:00:00+00:00,Osu Oxford Street,14.02
2025-08-29 01:00:00+00:00,Osu Oxford Street,14.65
2025-08-29 02:00:00+00:00,Osu Oxford Street,12.27
2025-08-29 03:00:00+00:00,Osu Oxford Street,13.73
2025-08-29 06:00:00+00:00,Osu Oxford Street,25.85
2025-08-29 07:00:00+00:00,Osu Oxford Street,23.38
2025-08-29 09:00:00+00:00,Osu Oxford Street,17.62
2025-08-29 11:00:00+00:00,Osu Oxford Street,10.33
2025-08-29 12:00:00+00:00,Osu Oxford Street,8.38
2025-08-29 13:00:00+00:00,Osu Oxford Street,11.53
2025-08-29 14:00:00+00:00,Osu Oxford Street,11.48
2025-08-29 15:00:00+00:00,Osu Oxford Street,11.02
2025-08-29 16:00:00+00:00,Osu Oxford Street,13.16
2025-08-29 17:00:00+00:00,Osu Oxford Street,15.23
2025-08-29 18:00:00+00:00,Osu Oxford Street,19.87
2025-08-29 19:00:00+00:00,Osu Oxford Street,22.05
2025-08-29 20:00:00+00:00,Osu Oxford Street,14.77
2025-08-29 21:00:00+00:00,Osu Oxford Street,13.79
2025-08-29 22:00:00+00:00,Osu Oxford Street,12.17
2025-08-29 23:00:00+00:00,Osu Oxford Street,11.82
2025-08-30 00:00:00+00:00,Osu Oxford Street,11.15
2025-08-30 01:00:00+00:00,Osu Oxford Street,11.24
2025-08-30 03:00:00+00:00,Osu Oxford Street,19.57
2025-08-30 04:00:00+00:00,Osu Oxford Street,19.58
2025-08-30 05:00:00+00:00,Osu Oxford Street,20.66
2025-08-30 06:00:00+00:00,Osu Oxford Street,26.08
2025-08-30 07:00:00+00:00,Osu Oxford Street,22.91
2025-08-30 11:00:00+00:00,Osu Oxford Street,11.81
2025-08-30 14:00:00+00:00,Osu Oxford Street,10.9
2025-08-30 15:00:00+00:00,Osu Oxford Street,11.48
2025-08-30 16:00:00+00:00,Osu Oxford Street,13.1
2025-08-30 17:00:00+00:00,Osu Oxford Street,12.48
2025-08-30 18:00:00+00:00,Osu Oxford Street,15.79
2025-08-30 19:00:00+00:00,Osu Oxford Street,20.4
2025-08-30 20:00:00+00:00,Osu Oxford Street,19.87
2025-08-30 21:00:00+00:00,Osu Oxford Street,15.75
2025-08-30 22:00:00+00:00,Osu Oxford Street,29.32
2025-08-30 23:00:00+00:00,Osu Oxford Street,17.5
2025-08-31 00:00:00+00:00,Osu Oxford Street,17.14
2025-08-31 01:00:00+00:00,Osu Oxford Street,15.04
2025-08-31 02:00:00+00:00,Osu Oxford Street,13.4
2025-08-31 04:00:00+00:00,Osu Oxford Street,25.97
2025-08-31 05:00:00+00:00,Osu Oxford Street,25.68
2025-08-31 07:00:00+00:00,Osu Oxford Street,22.69
2025-08-31 08:00:00+00:00,Osu Oxford Street,16.19
2025-08-31 09:00:00+00:00,Osu Oxford Street,18.84
2025-08-31 11:00:00+00:00,Osu Oxford Street,13.09
2025-08-31 12:00:00+00:00,Osu Oxford Street,11.36
2025-08-31 13:00:00+00:00,Osu Oxford Street,11.38
2025-08-31 14:00:00+00:00,Osu Oxford Street,11.19
2025-08-31 15:00:00+00:00,Osu Oxford Street,11.29
2025-08-31 16:00:00+00:00,Osu Oxford Street,10.9
2025-08-31 17:00:00+00:00,Osu Oxford Street,12.34
2025-08-31 18:00:00+00:00,Osu Oxford Street,16.67
2025-08-31 19:00:00+00:00,Osu Oxford Street,18.91
2025-08-31 20:00:00+00:00,Osu Oxford Street,15.16
2025-08-31 21:00:00+00:00,Osu Oxford Street,18.86
2025-08-31 22:00:00+00:00,Osu Oxford Street,14.82
2025-08-31 23:00:00+00:00,Osu Oxford Street,16.16
2025-08-01 00:00:00+00:00,Osu Presby School,12.46
2025-08-01 01:00:00+00:00,Osu Presby School,15.61
2025-08-01 02:00:00+00:00,Osu Presby School,13.13
2025-08-01 04:00:00+00:00,Osu Presby School,63.98
2025-08-01 05:00:00+00:00,Osu Presby School,15.37
2025-08-01 09:00:00+00:00,Osu Presby School,15.95
2025-08-01 10:00:00+00:00,Osu Presby School,16.8
2025-08-01 11:00:00+00:00,Osu Presby School,11.3
2025-08-01 12:00:00+00:00,Osu Presby School,16.41
2025-08-01 13:00:00+00:00,Osu Presby School,15.53
2025-08-01 14:00:00+00:00,Osu Presby School,45.64
2025-08-01 15:00:00+00:00,Osu Presby School,31.03
2025-08-01 17:00:00+00:00,Osu Presby School,36.39
2025-08-01 19:00:00+00:00,Osu Presby School,51.52
2025-08-01 20:00:00+00:00,Osu Presby School,20.62
2025-08-01 21:00:00+00:00,Osu Presby School,16.72
2025-08-01 22:00:00+00:00,Osu Presby School,14.05
2025-08-01 23:00:00+00:00,Osu Presby School,48.04
2025-08-02 00:00:00+00:00,Osu Presby School,15.47
2025-08-02 08:00:00+00:00,Osu Presby School,14.12
2025-08-02 09:00:00+00:00,Osu Presby School,14.53
2025-08-02 10:00:00+00:00,Osu Presby School,22.12
2025-08-02 11:00:00+00:00,Osu Presby School,20.15
2025-08-02 12:00:00+00:00,Osu Presby School,19.12
2025-08-02 13:00:00+00:00,Osu Presby School,22.29
2025-08-02 14:00:00+00:00,Osu Presby School,14.47
2025-08-02 15:00:00+00:00,Osu Presby School,13.31
2025-08-02 16:00:00+00:00,Osu Presby School,16.7
2025-08-02 18:00:00+00:00,Osu Presby School,51.51
2025-08-02 19:00:00+00:00,Osu Presby School,17.44
2025-08-02 20:00:00+00:00,Osu Presby School,52.97
2025-08-02 22:00:00+00:00,Osu Presby School,9.14
2025-08-02 23:00:00+00:00,Osu Presby School,47.1
2025-08-03 00:00:00+00:00,Osu Presby School,12.92
2025-08-03 01:00:00+00:00,Osu Presby School,20.47
2025-08-03 02:00:00+00:00,Osu Presby School,15.57
2025-08-03 03:00:00+00:00,Osu Presby School,20.84
2025-08-03 04:00:00+00:00,Osu Presby School,30.58
2025-08-03 05:00:00+00:00,Osu Presby School,15.36
2025-08-03 08:00:00+00:00,Osu Presby School,50.13
2025-08-03 09:00:00+00:00,Osu Presby School,13.62
2025-08-03 10:00:00+00:00,Osu Presby School,40.49
2025-08-03 11:00:00+00:00,Osu Presby School,15.0
2025-08-03 12:00:00+00:00,Osu Presby School,30.73
2025-08-03 13:00:00+00:00,Osu Presby School,16.7
2025-08-03 14:00:00+00:00,Osu Presby School,52.04
2025-08-03 15:00:00+00:00,Osu Presby School,33.22
2025-08-03 16:00:00+00:00,Osu Presby School,22.14
2025-08-03 17:00:00+00:00,Osu Presby School,65.18
2025-08-03 18:00:00+00:00,Osu Presby School,82.19
2025-08-03 19:00:00+00:00,Osu Presby School,64.41
2025-08-03 20:00:00+00:00,Osu Presby School,42.63
2025-08-03 21:00:00+00:00,Osu Presby School,15.14
2025-08-03 22:00:00+00:00,Osu Presby School,45.01
2025-08-03 23:00:00+00:00,Osu Presby School,68.21
2025-08-04 00:00:00+00:00,Osu Presby School,14.9
2025-08-04 01:00:00+00:00,Osu Presby School,11.2
2025-08-04 02:00:00+00:00,Osu Presby School,49.45
2025-08-04 03:00:00+00:00,Osu Presby School,24.79
2025-08-04 04:00:00+00:00,Osu Presby School,27.7
2025-08-04 05:00:00+00:00,Osu Presby School,14.49
2025-08-04 09:00:00+00:00,Osu Presby School,14.47
2025-08-04 10:00:00+00:00,Osu Presby School,19.11
2025-08-04 11:00:00+00:00,Osu Presby School,20.98
2025-08-04 12:00:00+00:00,Osu Presby School,27.21
2025-08-04 13:00:00+00:00,Osu Presby School,33.55
2025-08-04 14:00:00+00:00,Osu Presby School,38.39
2025-08-04 15:00:00+00:00,Osu Presby School,34.45
2025-08-04 16:00:00+00:00,Osu Presby School,31.21
2025-08-04 17:00:00+00:00,Osu Presby School,14.97
2025-08-04 18:00:00+00:00,Osu Presby School,21.58
2025-08-04 19:00:00+00:00,Osu Presby School,18.3
2025-08-04 21:00:00+00:00,Osu Presby School,26.85
2025-08-05 08:00:00+00:00,Osu Presby School,16.74
2025-08-05 09:00:00+00:00,Osu Presby School,17.95
2025-08-05 10:00:00+00:00,Osu Presby School,17.01
2025-08-05 11:00:00+00:00,Osu Presby School,27.08
2025-08-05 12:00:00+00:00,Osu Presby School,17.7
2025-08-05 13:00:00+00:00,Osu Presby School,13.64
2025-08-05 16:00:00+00:00,Osu Presby School,14.04
2025-08-05 17:00:00+00:00,Osu Presby School,15.55
2025-08-05 18:00:00+00:00,Osu Presby School,16.3
2025-08-05 19:00:00+00:00,Osu Presby School,19.34
2025-08-05 20:00:00+00:00,Osu Presby School,19.45
2025-08-05 21:00:00+00:00,Osu Presby School,19.04
2025-08-05 23:00:00+00:00,Osu Presby School,19.27
2025-08-06 00:00:00+00:00,Osu Presby School,12.33
2025-08-06 01:00:00+00:00,Osu Presby School,12.08
2025-08-06 02:00:00+00:00,Osu Presby School,12.38
2025-08-06 03:00:00+00:00,Osu Presby School,12.36
2025-08-06 04:00:00+00:00,Osu Presby School,14.93
2025-08-06 10:00:00+00:00,Osu Presby School,18.0
2025-08-06 11:00:00+00:00,Osu Presby School,15.52
2025-08-06 12:00:00+00:00,Osu Presby School,14.96
2025-08-06 13:00:00+00:00,Osu Presby School,15.53
2025-08-06 14:00:00+00:00,Osu Presby School,16.87
2025-08-06 15:00:00+00:00,Osu Presby School,18.89
2025-08-06 16:00:00+00:00,Osu Presby School,18.34
2025-08-06 17:00:00+00:00,Osu Presby School,18.77
2025-08-06 18:00:00+00:00,Osu Presby School,18.41
2025-08-06 19:00:00+00:00,Osu Presby School,19.31
2025-08-06 20:00:00+00:00,Osu Presby School,19.06
2025-08-06 21:00:00+00:00,Osu Presby School,19.19
2025-08-06 22:00:00+00:00,Osu Presby School,18.91
2025-08-06 23:00:00+00:00,Osu Presby School,26.38
2025-08-07 00:00:00+00:00,Osu Presby School,16.68
2025-08-07 01:00:00+00:00,Osu Presby School,8.92
2025-08-07 02:00:00+00:00,Osu Presby School,21.21
2025-08-07 04:00:00+00:00,Osu Presby School,11.92
2025-08-07 05:00:00+00:00,Osu Presby School,17.99
2025-08-07 09:00:00+00:00,Osu Presby School,29.25
2025-08-07 10:00:00+00:00,Osu Presby School,22.73
2025-08-07 11:00:00+00:00,Osu Presby School,22.29
2025-08-07 12:00:00+00:00,Osu Presby School,17.47
2025-08-07 13:00:00+00:00,Osu Presby School,20.33
2025-08-08 02:00:00+00:00,Osu Presby School,42.62
2025-08-08 04:00:00+00:00,Osu Presby School,16.87
2025-08-08 05:00:00+00:00,Osu Presby School,20.35
2025-08-08 08:00:00+00:00,Osu Presby School,41.77
2025-08-08 09:00:00+00:00,Osu Presby School,26.92
2025-08-08 12:00:00+00:00,Osu Presby School,17.99
2025-08-08 13:00:00+00:00,Osu Presby School,48.12
2025-08-08 14:00:00+00:00,Osu Presby School,19.02
2025-08-08 15:00:00+00:00,Osu Presby School,43.86
2025-08-08 16:00:00+00:00,Osu Presby School,26.56
2025-08-08 18:00:00+00:00,Osu Presby School,19.37
2025-08-08 19:00:00+00:00,Osu Presby School,18.05
2025-08-08 20:00:00+00:00,Osu Presby School,15.53
2025-08-08 21:00:00+00:00,Osu Presby School,17.75
2025-08-08 22:00:00+00:00,Osu Presby School,15.59
2025-08-08 23:00:00+00:00,Osu Presby School,28.61
2025-08-09 00:00:00+00:00,Osu Presby School,14.32
2025-08-09 01:00:00+00:00,Osu Presby School,13.77
2025-08-09 02:00:00+00:00,Osu Presby School,16.69
2025-08-09 03:00:00+00:00,Osu Presby School,14.53
2025-08-09 04:00:00+00:00,Osu Presby School,19.44
2025-08-09 10:00:00+00:00,Osu Presby School,12.91
2025-08-09 11:00:00+00:00,Osu Presby School,20.77
2025-08-09 12:00:00+00:00,Osu Presby School,49.31
2025-08-09 13:00:00+00:00,Osu Presby School,43.34
2025-08-09 14:00:00+00:00,Osu Presby School,50.35
2025-08-09 15:00:00+00:00,Osu Presby School,25.16
2025-08-09 16:00:00+00:00,Osu Presby School,39.94
2025-08-09 17:00:00+00:00,Osu Presby School,18.5
2025-08-09 18:00:00+00:00,Osu Presby School,17.4
2025-08-09 21:00:00+00:00,Osu Presby School,18.67
2025-08-09 22:00:00+00:00,Osu Presby School,21.16
2025-08-09 23:00:00+00:00,Osu Presby School,14.95
2025-08-10 00:00:00+00:00,Osu Presby School,38.9
2025-08-10 01:00:00+00:00,Osu Presby School,50.76
2025-08-10 02:00:00+00:00,Osu Presby School,16.13
2025-08-10 03:00:00+00:00,Osu Presby School,6.61
2025-08-10 09:00:00+00:00,Osu Presby School,14.84
2025-08-10 10:00:00+00:00,Osu Presby School,48.34
2025-08-10 11:00:00+00:00,Osu Presby School,15.69
2025-08-10 12:00:00+00:00,Osu Presby School,23.7
2025-08-10 13:00:00+00:00,Osu Presby School,15.65
2025-08-10 14:00:00+00:00,Osu Presby School,17.31
2025-08-10 15:00:00+00:00,Osu Presby School,13.59
2025-08-10 16:00:00+00:00,Osu Presby School,14.6
2025-08-10 17:00:00+00:00,Osu Presby School,64.52
2025-08-10 19:00:00+00:00,Osu Presby School,15.02
2025-08-10 20:00:00+00:00,Osu Presby School,30.23
2025-08-10 21:00:00+00:00,Osu Presby School,85.16
2025-08-10 23:00:00+00:00,Osu Presby School,49.76
2025-08-11 01:00:00+00:00,Osu Presby School,40.51
2025-08-11 02:00:00+00:00,Osu Presby School,16.05
2025-08-11 04:00:00+00:00,Osu Presby School,22.97
2025-08-11 05:00:00+00:00,Osu Presby School,13.92
2025-08-11 08:00:00+00:00,Osu Presby School,12.81
2025-08-11 09:00:00+00:00,Osu Presby School,36.37
2025-08-11 10:00:00+00:00,Osu Presby School,14.25
2025-08-11 11:00:00+00:00,Osu Presby School,29.33
2025-08-11 12:00:00+00:00,Osu Presby School,10.34
2025-08-11 13:00:00+00:00,Osu Presby School,12.93
2025-08-11 14:00:00+00:00,Osu Presby School,47.06
2025-08-11 15:00:00+00:00,Osu Presby School,28.06
2025-08-11 16:00:00+00:00,Osu Presby School,12.09
2025-08-11 17:00:00+00:00,Osu Presby School,77.77
2025-08-11 18:00:00+00:00,Osu Presby School,14.27
2025-08-11 19:00:00+00:00,Osu Presby School,34.59
2025-08-11 20:00:00+00:00,Osu Presby School,30.29
2025-08-11 21:00:00+00:00,Osu Presby School,59.09
2025-08-11 22:00:00+00:00,Osu Presby School,13.71
2025-08-11 23:00:00+00:00,Osu Presby School,13.9
2025-08-12 00:00:00+00:00,Osu Presby School,8.82
2025-08-12 01:00:00+00:00,Osu Presby School,49.05
2025-08-12 02:00:00+00:00,Osu Presby School,30.51
2025-08-12 03:00:00+00:00,Osu Presby School,65.23
2025-08-12 04:00:00+00:00,Osu Presby School,30.43
2025-08-12 08:00:00+00:00,Osu Presby School,41.86
2025-08-12 09:00:00+00:00,Osu Presby School,21.91
2025-08-12 10:00:00+00:00,Osu Presby School,42.26
2025-08-12 11:00:00+00:00,Osu Presby School,49.44
2025-08-12 12:00:00+00:00,Osu Presby School,25.41
2025-08-12 13:00:00+00:00,Osu Presby School,77.53
2025-08-12 14:00:00+00:00,Osu Presby School,13.75
2025-08-12 15:00:00+00:00,Osu Presby School,12.7
2025-08-12 16:00:00+00:00,Osu Presby School,84.45
2025-08-12 17:00:00+00:00,Osu Presby School,40.11
2025-08-12 18:00:00+00:00,Osu Presby School,47.45
2025-08-12 20:00:00+00:00,Osu Presby School,16.99
2025-08-12 21:00:00+00:00,Osu Presby School,54.89
2025-08-12 22:00:00+00:00,Osu Presby School,10.89
2025-08-12 23:00:00+00:00,Osu Presby School,28.15
2025-08-13 00:00:00+00:00,Osu Presby School,4.37
2025-08-13 02:00:00+00:00,Osu Presby School,42.25
2025-08-13 03:00:00+00:00,Osu Presby School,7.89
2025-08-13 04:00:00+00:00,Osu Presby School,17.17
2025-08-13 05:00:00+00:00,Osu Presby School,19.67
2025-08-13 07:00:00+00:00,Osu Presby School,47.66
2025-08-13 08:00:00+00:00,Osu Presby School,24.31
2025-08-13 09:00:00+00:00,Osu Presby School,18.45
2025-08-13 10:00:00+00:00,Osu Presby School,12.68
2025-08-13 11:00:00+00:00,Osu Presby School,34.7
2025-08-13 12:00:00+00:00,Osu Presby School,12.92
2025-08-13 13:00:00+00:00,Osu Presby School,17.67
2025-08-13 14:00:00+00:00,Osu Presby School,13.04
2025-08-13 15:00:00+00:00,Osu Presby School,31.68
2025-08-13 16:00:00+00:00,Osu Presby School,34.45
2025-08-13 17:00:00+00:00,Osu Presby School,36.35
2025-08-13 18:00:00+00:00,Osu Presby School,26.36
2025-08-13 19:00:00+00:00,Osu Presby School,3.44
2025-08-13 20:00:00+00:00,Osu Presby School,30.28
2025-08-13 21:00:00+00:00,Osu Presby School,30.75
2025-08-13 22:00:00+00:00,Osu Presby School,18.31
2025-08-13 23:00:00+00:00,Osu Presby School,13.88
2025-08-14 01:00:00+00:00,Osu Presby School,6.97
2025-08-14 03:00:00+00:00,Osu Presby School,17.97
2025-08-14 05:00:00+00:00,Osu Presby School,19.38
2025-08-14 08:00:00+00:00,Osu Presby School,15.91
2025-08-14 09:00:00+00:00,Osu Presby School,27.95
2025-08-14 10:00:00+00:00,Osu Presby School,15.15
2025-08-14 11:00:00+00:00,Osu Presby School,16.15
2025-08-14 12:00:00+00:00,Osu Presby School,15.05
2025-08-14 13:00:00+00:00,Osu Presby School,23.15
2025-08-14 14:00:00+00:00,Osu Presby School,27.34
2025-08-14 15:00:00+00:00,Osu Presby School,20.8
2025-08-14 16:00:00+00:00,Osu Presby School,17.09
2025-08-14 18:00:00+00:00,Osu Presby School,15.21
2025-08-14 19:00:00+00:00,Osu Presby School,17.1
2025-08-14 20:00:00+00:00,Osu Presby School,8.98
2025-08-14 22:00:00+00:00,Osu Presby School,7.97
2025-08-14 23:00:00+00:00,Osu Presby School,46.39
2025-08-15 00:00:00+00:00,Osu Presby School,30.69
2025-08-15 01:00:00+00:00,Osu Presby School,44.37
2025-08-15 02:00:00+00:00,Osu Presby School,13.12
2025-08-15 03:00:00+00:00,Osu Presby School,12.56
2025-08-15 05:00:00+00:00,Osu Presby School,10.71
2025-08-15 07:00:00+00:00,Osu Presby School,26.41
2025-08-15 08:00:00+00:00,Osu Presby School,16.59
2025-08-15 09:00:00+00:00,Osu Presby School,24.58
2025-08-15 10:00:00+00:00,Osu Presby School,9.58
2025-08-15 11:00:00+00:00,Osu Presby School,21.74
2025-08-15 12:00:00+00:00,Osu Presby School,15.02
2025-08-15 13:00:00+00:00,Osu Presby School,9.24
2025-08-15 14:00:00+00:00,Osu Presby School,21.7
2025-08-15 15:00:00+00:00,Osu Presby School,19.29
2025-08-15 16:00:00+00:00,Osu Presby School,8.11
2025-08-15 17:00:00+00:00,Osu Presby School,21.18
2025-08-15 18:00:00+00:00,Osu Presby School,14.7
2025-08-15 20:00:00+00:00,Osu Presby School,38.32
2025-08-15 21:00:00+00:00,Osu Presby School,46.72
2025-08-15 22:00:00+00:00,Osu Presby School,37.97
2025-08-15 23:00:00+00:00,Osu Presby School,36.66
2025-08-16 00:00:00+00:00,Osu Presby School,7.41
2025-08-16 01:00:00+00:00,Osu Presby School,9.39
2025-08-16 02:00:00+00:00,Osu Presby School,14.04
2025-08-16 03:00:00+00:00,Osu Presby School,43.12
2025-08-16 04:00:00+00:00,Osu Presby School,40.4
2025-08-16 05:00:00+00:00,Osu Presby School,10.06
2025-08-16 09:00:00+00:00,Osu Presby School,13.12
2025-08-16 10:00:00+00:00,Osu Presby School,35.32
2025-08-16 11:00:00+00:00,Osu Presby School,17.77
2025-08-16 12:00:00+00:00,Osu Presby School,22.99
2025-08-16 13:00:00+00:00,Osu Presby School,14.94
2025-08-16 14:00:00+00:00,Osu Presby School,29.0
2025-08-16 15:00:00+00:00,Osu Presby School,19.66
2025-08-16 16:00:00+00:00,Osu Presby School,25.65
2025-08-16 17:00:00+00:00,Osu Presby School,9.49
2025-08-16 18:00:00+00:00,Osu Presby School,13.54
2025-08-16 20:00:00+00:00,Osu Presby School,12.24
2025-08-16 23:00:00+00:00,Osu Presby School,53.61
2025-08-17 00:00:00+00:00,Osu Presby School,22.31
2025-08-17 01:00:00+00:00,Osu Presby School,18.28
2025-08-17 02:00:00+00:00,Osu Presby School,19.08
2025-08-17 03:00:00+00:00,Osu Presby School,16.34
2025-08-17 09:00:00+00:00,Osu Presby School,13.61
2025-08-17 10:00:00+00:00,Osu Presby School,21.38
2025-08-17 11:00:00+00:00,Osu Presby School,34.15
2025-08-17 12:00:00+00:00,Osu Presby School,12.51
2025-08-17 13:00:00+00:00,Osu Presby School,8.07
2025-08-17 14:00:00+00:00,Osu Presby School,26.73
2025-08-17 15:00:00+00:00,Osu Presby School,4.76
2025-08-17 16:00:00+00:00,Osu Presby School,22.62
2025-08-17 17:00:00+00:00,Osu Presby School,27.3
2025-08-17 18:00:00+00:00,Osu Presby School,16.92
2025-08-17 19:00:00+00:00,Osu Presby School,30.64
2025-08-17 20:00:00+00:00,Osu Presby School,30.51
2025-08-17 21:00:00+00:00,Osu Presby School,36.35
2025-08-17 22:00:00+00:00,Osu Presby School,10.66
2025-08-17 23:00:00+00:00,Osu Presby School,16.61
2025-08-18 00:00:00+00:00,Osu Presby School,10.81
2025-08-18 01:00:00+00:00,Osu Presby School,9.43
2025-08-18 02:00:00+00:00,Osu Presby School,18.05
2025-08-18 03:00:00+00:00,Osu Presby School,14.04
2025-08-18 04:00:00+00:00,Osu Presby School,17.07
2025-08-18 08:00:00+00:00,Osu Presby School,26.29
2025-08-18 09:00:00+00:00,Osu Presby School,16.36
2025-08-18 10:00:00+00:00,Osu Presby School,27.22
2025-08-18 11:00:00+00:00,Osu Presby School,29.47
2025-08-18 12:00:00+00:00,Osu Presby School,12.71
2025-08-18 13:00:00+00:00,Osu Presby School,8.16
2025-08-18 14:00:00+00:00,Osu Presby School,12.24
2025-08-18 15:00:00+00:00,Osu Presby School,34.58
2025-08-18 16:00:00+00:00,Osu Presby School,15.38
2025-08-18 17:00:00+00:00,Osu Presby School,35.88
2025-08-18 18:00:00+00:00,Osu Presby School,11.36
2025-08-18 19:00:00+00:00,Osu Presby School,13.35
2025-08-18 21:00:00+00:00,Osu Presby School,18.35
2025-08-18 22:00:00+00:00,Osu Presby School,14.92
2025-08-18 23:00:00+00:00,Osu Presby School,9.55
2025-08-19 00:00:00+00:00,Osu Presby School,16.91
2025-08-19 01:00:00+00:00,Osu Presby School,21.76
2025-08-19 02:00:00+00:00,Osu Presby School,35.54
2025-08-19 04:00:00+00:00,Osu Presby School,23.44
2025-08-19 08:00:00+00:00,Osu Presby School,53.75
2025-08-19 09:00:00+00:00,Osu Presby School,21.13
2025-08-19 10:00:00+00:00,Osu Presby School,12.66
2025-08-19 11:00:00+00:00,Osu Presby School,17.15
2025-08-19 12:00:00+00:00,Osu Presby School,31.95
2025-08-19 13:00:00+00:00,Osu Presby School,17.93
2025-08-19 14:00:00+00:00,Osu Presby School,37.38
2025-08-19 15:00:00+00:00,Osu Presby School,28.58
2025-08-19 16:00:00+00:00,Osu Presby School,8.11
2025-08-19 17:00:00+00:00,Osu Presby School,52.64
2025-08-19 18:00:00+00:00,Osu Presby School,14.55
2025-08-19 19:00:00+00:00,Osu Presby School,16.26
2025-08-19 20:00:00+00:00,Osu Presby School,69.12
2025-08-19 21:00:00+00:00,Osu Presby School,17.45
2025-08-19 23:00:00+00:00,Osu Presby School,16.92
2025-08-20 00:00:00+00:00,Osu Presby School,60.26
2025-08-20 01:00:00+00:00,Osu Presby School,10.63
2025-08-20 05:00:00+00:00,Osu Presby School,16.84
2025-08-20 08:00:00+00:00,Osu Presby School,38.49
2025-08-20 09:00:00+00:00,Osu Presby School,16.64
2025-08-20 10:00:00+00:00,Osu Presby School,20.01
2025-08-20 11:00:00+00:00,Osu Presby School,21.28
2025-08-20 12:00:00+00:00,Osu Presby School,16.91
2025-08-20 13:00:00+00:00,Osu Presby School,35.68
2025-08-20 14:00:00+00:00,Osu Presby School,5.16
2025-08-20 16:00:00+00:00,Osu Presby School,14.11
2025-08-20 17:00:00+00:00,Osu Presby School,36.0
2025-08-20 18:00:00+00:00,Osu Presby School,16.76
2025-08-20 19:00:00+00:00,Osu Presby School,63.43
2025-08-20 20:00:00+00:00,Osu Presby School,36.75
2025-08-20 21:00:00+00:00,Osu Presby School,15.01
2025-08-20 22:00:00+00:00,Osu Presby School,55.54
2025-08-20 23:00:00+00:00,Osu Presby School,10.29
2025-08-21 00:00:00+00:00,Osu Presby School,35.8
2025-08-21 01:00:00+00:00,Osu Presby School,11.14
2025-08-21 02:00:00+00:00,Osu Presby School,14.88
2025-08-21 03:00:00+00:00,Osu Presby School,21.89
2025-08-21 04:00:00+00:00,Osu Presby School,67.36
2025-08-21 09:00:00+00:00,Osu Presby School,37.71
2025-08-21 10:00:00+00:00,Osu Presby School,53.59
2025-08-21 19:00:00+00:00,Osu Presby School,64.27
2025-08-21 20:00:00+00:00,Osu Presby School,24.59
2025-08-21 22:00:00+00:00,Osu Presby School,35.0
2025-08-21 23:00:00+00:00,Osu Presby School,12.83
2025-08-22 00:00:00+00:00,Osu Presby School,12.7
2025-08-22 01:00:00+00:00,Osu Presby School,4.54
2025-08-22 02:00:00+00:00,Osu Presby School,51.8
2025-08-22 03:00:00+00:00,Osu Presby School,30.18
2025-08-22 08:00:00+00:00,Osu Presby School,13.59
2025-08-22 09:00:00+00:00,Osu Presby School,64.03
2025-08-22 10:00:00+00:00,Osu Presby School,34.22
2025-08-22 11:00:00+00:00,Osu Presby School,7.86
2025-08-22 12:00:00+00:00,Osu Presby School,15.1
2025-08-22 13:00:00+00:00,Osu Presby School,11.67
2025-08-22 14:00:00+00:00,Osu Presby School,14.63
2025-08-22 15:00:00+00:00,Osu Presby School,16.43
2025-08-22 16:00:00+00:00,Osu Presby School,31.05
2025-08-22 19:00:00+00:00,Osu Presby School,57.77
2025-08-22 21:00:00+00:00,Osu Presby School,29.5
2025-08-22 22:00:00+00:00,Osu Presby School,47.41
2025-08-22 23:00:00+00:00,Osu Presby School,13.19
2025-08-23 09:00:00+00:00,Osu Presby School,47.55
2025-08-23 10:00:00+00:00,Osu Presby School,18.14
2025-08-23 11:00:00+00:00,Osu Presby School,31.26
2025-08-23 12:00:00+00:00,Osu Presby School,12.87
2025-08-23 13:00:00+00:00,Osu Presby School,14.97
2025-08-23 14:00:00+00:00,Osu Presby School,16.98
2025-08-23 15:00:00+00:00,Osu Presby School,63.64
2025-08-23 16:00:00+00:00,Osu Presby School,62.7
2025-08-23 17:00:00+00:00,Osu Presby School,14.8
2025-08-23 19:00:00+00:00,Osu Presby School,11.91
2025-08-23 22:00:00+00:00,Osu Presby School,59.2
2025-08-23 23:00:00+00:00,Osu Presby School,16.33
2025-08-24 00:00:00+00:00,Osu Presby School,20.88
2025-08-24 01:00:00+00:00,Osu Presby School,20.54
2025-08-24 02:00:00+00:00,Osu Presby School,17.71
2025-08-24 03:00:00+00:00,Osu Presby School,13.76
2025-08-24 04:00:00+00:00,Osu Presby School,44.09
2025-08-24 08:00:00+00:00,Osu Presby School,21.47
2025-08-24 09:00:00+00:00,Osu Presby School,23.39
2025-08-24 10:00:00+00:00,Osu Presby School,9.49
2025-08-24 11:00:00+00:00,Osu Presby School,39.0
2025-08-24 12:00:00+00:00,Osu Presby School,14.16
2025-08-24 14:00:00+00:00,Osu Presby School,22.22
2025-08-24 15:00:00+00:00,Osu Presby School,53.24
2025-08-24 16:00:00+00:00,Osu Presby School,12.33
2025-08-24 18:00:00+00:00,Osu Presby School,18.05
2025-08-24 20:00:00+00:00,Osu Presby School,21.28
2025-08-24 21:00:00+00:00,Osu Presby School,8.42
2025-08-24 22:00:00+00:00,Osu Presby School,6.77
2025-08-24 23:00:00+00:00,Osu Presby School,15.09
2025-08-25 00:00:00+00:00,Osu Presby School,10.53
2025-08-25 01:00:00+00:00,Osu Presby School,13.41
2025-08-25 02:00:00+00:00,Osu Presby School,6.24
2025-08-25 03:00:00+00:00,Osu Presby School,9.75
2025-08-25 04:00:00+00:00,Osu Presby School,36.54
2025-08-25 10:00:00+00:00,Osu Presby School,39.79
2025-08-25 11:00:00+00:00,Osu Presby School,36.61
2025-08-25 12:00:00+00:00,Osu Presby School,12.73
2025-08-25 13:00:00+00:00,Osu Presby School,20.16
2025-08-25 14:00:00+00:00,Osu Presby School,15.03
2025-08-25 15:00:00+00:00,Osu Presby School,17.65
2025-08-25 16:00:00+00:00,Osu Presby School,49.01
2025-08-25 17:00:00+00:00,Osu Presby School,16.23
2025-08-25 18:00:00+00:00,Osu Presby School,9.24
2025-08-25 21:00:00+00:00,Osu Presby School,16.73
2025-08-25 22:00:00+00:00,Osu Presby School,11.97
2025-08-25 23:00:00+00:00,Osu Presby School,15.65
2025-08-26 00:00:00+00:00,Osu Presby School,24.86
2025-08-26 02:00:00+00:00,Osu Presby School,43.09
2025-08-26 03:00:00+00:00,Osu Presby School,24.58
2025-08-26 04:00:00+00:00,Osu Presby School,33.37
2025-08-26 08:00:00+00:00,Osu Presby School,16.95
2025-08-26 09:00:00+00:00,Osu Presby School,21.22
2025-08-26 10:00:00+00:00,Osu Presby School,29.35
2025-08-26 11:00:00+00:00,Osu Presby School,9.12
2025-08-26 12:00:00+00:00,Osu Presby School,9.97
2025-08-26 14:00:00+00:00,Osu Presby School,20.18
2025-08-26 15:00:00+00:00,Osu Presby School,25.07
2025-08-26 16:00:00+00:00,Osu Presby School,18.69
2025-08-26 17:00:00+00:00,Osu Presby School,11.36
2025-08-26 18:00:00+00:00,Osu Presby School,28.9
2025-08-26 19:00:00+00:00,Osu Presby School,9.39
2025-08-26 20:00:00+00:00,Osu Presby School,16.4
2025-08-26 21:00:00+00:00,Osu Presby School,16.91
2025-08-26 22:00:00+00:00,Osu Presby School,18.51
2025-08-26 23:00:00+00:00,Osu Presby School,17.21
2025-08-27 00:00:00+00:00,Osu Presby School,39.78
2025-08-27 01:00:00+00:00,Osu Presby School,10.51
2025-08-27 02:00:00+00:00,Osu Presby School,25.64
2025-08-27 03:00:00+00:00,Osu Presby School,33.52
2025-08-27 04:00:00+00:00,Osu Presby School,16.65
2025-08-27 08:00:00+00:00,Osu Presby School,17.99
2025-08-27 09:00:00+00:00,Osu Presby School,31.64
2025-08-27 10:00:00+00:00,Osu Presby School,13.17
2025-08-27 11:00:00+00:00,Osu Presby School,34.42
2025-08-27 12:00:00+00:00,Osu Presby School,21.13
2025-08-27 13:00:00+00:00,Osu Presby School,16.62
2025-08-27 14:00:00+00:00,Osu Presby School,63.66
2025-08-27 15:00:00+00:00,Osu Presby School,48.72
2025-08-27 16:00:00+00:00,Osu Presby School,29.73
2025-08-27 18:00:00+00:00,Osu Presby School,21.61
2025-08-27 19:00:00+00:00,Osu Presby School,29.49
2025-08-27 20:00:00+00:00,Osu Presby School,42.14
2025-08-27 21:00:00+00:00,Osu Presby School,17.91
2025-08-27 22:00:00+00:00,Osu Presby School,65.92
2025-08-27 23:00:00+00:00,Osu Presby School,17.06
2025-08-28 00:00:00+00:00,Osu Presby School,32.81
2025-08-28 01:00:00+00:00,Osu Presby School,63.39
2025-08-28 02:00:00+00:00,Osu Presby School,8.12
2025-08-28 04:00:00+00:00,Osu Presby School,43.71
2025-08-28 05:00:00+00:00,Osu Presby School,34.52
2025-08-28 07:00:00+00:00,Osu Presby School,24.5
2025-08-28 08:00:00+00:00,Osu Presby School,14.69
2025-08-28 09:00:00+00:00,Osu Presby School,13.62
2025-08-28 10:00:00+00:00,Osu Presby School,14.35
2025-08-28 11:00:00+00:00,Osu Presby School,7.85
2025-08-28 12:00:00+00:00,Osu Presby School,9.78
2025-08-28 13:00:00+00:00,Osu Presby School,12.9
2025-08-28 14:00:00+00:00,Osu Presby School,12.13
2025-08-28 15:00:00+00:00,Osu Presby School,32.84
2025-08-28 17:00:00+00:00,Osu Presby School,13.07
2025-08-28 18:00:00+00:00,Osu Presby School,41.01
2025-08-28 20:00:00+00:00,Osu Presby School,28.75
2025-08-28 21:00:00+00:00,Osu Presby School,11.62
2025-08-28 22:00:00+00:00,Osu Presby School,14.22
2025-08-28 23:00:00+00:00,Osu Presby School,13.61
2025-08-29 00:00:00+00:00,Osu Presby School,6.52
2025-08-29 03:00:00+00:00,Osu Presby School,15.08
2025-08-29 04:00:00+00:00,Osu Presby School,36.24
2025-08-29 05:00:00+00:00,Osu Presby School,23.94
2025-08-29 09:00:00+00:00,Osu Presby School,16.51
2025-08-29 10:00:00+00:00,Osu Presby School,36.31
2025-08-29 11:00:00+00:00,Osu Presby School,13.85
2025-08-29 12:00:00+00:00,Osu Presby School,13.92
2025-08-29 13:00:00+00:00,Osu Presby School,17.86
2025-08-29 14:00:00+00:00,Osu Presby School,19.05
2025-08-29 15:00:00+00:00,Osu Presby School,14.83
2025-08-29 16:00:00+00:00,Osu Presby School,11.04
2025-08-29 17:00:00+00:00,Osu Presby School,47.09
2025-08-29 18:00:00+00:00,Osu Presby School,15.67
2025-08-29 19:00:00+00:00,Osu Presby School,42.67
2025-08-29 20:00:00+00:00,Osu Presby School,18.15
2025-08-29 21:00:00+00:00,Osu Presby School,13.55
2025-08-30 01:00:00+00:00,Osu Presby School,30.39
2025-08-30 02:00:00+00:00,Osu Presby School,35.25
2025-08-30 04:00:00+00:00,Osu Presby School,50.68
2025-08-30 05:00:00+00:00,Osu Presby School,15.64
2025-08-30 08:00:00+00:00,Osu Presby School,24.12
2025-08-30 09:00:00+00:00,Osu Presby School,22.81
2025-08-30 10:00:00+00:00,Osu Presby School,15.39
2025-08-30 11:00:00+00:00,Osu Presby School,16.87
2025-08-30 12:00:00+00:00,Osu Presby School,18.05
2025-08-30 13:00:00+00:00,Osu Presby School,17.87
2025-08-30 14:00:00+00:00,Osu Presby School,16.81
2025-08-30 15:00:00+00:00,Osu Presby School,36.45
2025-08-30 16:00:00+00:00,Osu Presby School,25.39
2025-08-30 17:00:00+00:00,Osu Presby School,11.18
2025-08-30 18:00:00+00:00,Osu Presby School,15.44
2025-08-30 19:00:00+00:00,Osu Presby School,17.32
2025-08-30 21:00:00+00:00,Osu Presby School,16.58
2025-08-30 23:00:00+00:00,Osu Presby School,13.18
2025-08-31 00:00:00+00:00,Osu Presby School,17.75
2025-08-31 01:00:00+00:00,Osu Presby School,11.47
2025-08-31 02:00:00+00:00,Osu Presby School,13.15
2025-08-31 04:00:00+00:00,Osu Presby School,12.54
2025-08-31 05:00:00+00:00,Osu Presby School,19.8
2025-08-31 09:00:00+00:00,Osu Presby School,17.85
2025-08-31 11:00:00+00:00,Osu Presby School,17.65
2025-08-31 12:00:00+00:00,Osu Presby School,10.86
2025-08-31 13:00:00+00:00,Osu Presby School,14.35
2025-08-31 14:00:00+00:00,Osu Presby School,14.89
2025-08-31 15:00:00+00:00,Osu Presby School,13.7
2025-08-31 16:00:00+00:00,Osu Presby School,12.76
2025-08-31 17:00:00+00:00,Osu Presby School,11.93
2025-08-31 18:00:00+00:00,Osu Presby School,17.05
2025-08-31 19:00:00+00:00,Osu Presby School,18.97
2025-08-31 21:00:00+00:00,Osu Presby School,12.22
2025-08-31 23:00:00+00:00,Osu Presby School,14.82
2025-08-01 00:00:00+00:00,Tetteh Quarshie,12.84
2025-08-01 01:00:00+00:00,Tetteh Quarshie,10.48
2025-08-01 02:00:00+00:00,Tetteh Quarshie,12.47
2025-08-01 03:00:00+00:00,Tetteh Quarshie,11.01
2025-08-01 04:00:00+00:00,Tetteh Quarshie,13.84
2025-08-01 05:00:00+00:00,Tetteh Quarshie,16.89
2025-08-01 06:00:00+00:00,Tetteh Quarshie,22.87
2025-08-01 07:00:00+00:00,Tetteh Quarshie,20.03
2025-08-01 08:00:00+00:00,Tetteh Quarshie,15.1
2025-08-01 09:00:00+00:00,Tetteh Quarshie,15.33
2025-08-01 10:00:00+00:00,Tetteh Quarshie,16.25
2025-08-01 11:00:00+00:00,Tetteh Quarshie,17.97
2025-08-01 12:00:00+00:00,Tetteh Quarshie,13.38
2025-08-01 13:00:00+00:00,Tetteh Quarshie,13.14
2025-08-01 14:00:00+00:00,Tetteh Quarshie,13.75
2025-08-01 15:00:00+00:00,Tetteh Quarshie,18.62
2025-08-01 16:00:00+00:00,Tetteh Quarshie,19.42
2025-08-01 17:00:00+00:00,Tetteh Quarshie,19.49
2025-08-01 18:00:00+00:00,Tetteh Quarshie,17.71
2025-08-01 19:00:00+00:00,Tetteh Quarshie,19.47
2025-08-01 20:00:00+00:00,Tetteh Quarshie,19.52
2025-08-01 21:00:00+00:00,Tetteh Quarshie,19.0
2025-08-01 22:00:00+00:00,Tetteh Quarshie,24.67
2025-08-01 23:00:00+00:00,Tetteh Quarshie,25.98
2025-08-02 00:00:00+00:00,Tetteh Quarshie,22.34
2025-08-02 01:00:00+00:00,Tetteh Quarshie,19.74
2025-08-02 02:00:00+00:00,Tetteh Quarshie,19.66
2025-08-02 03:00:00+00:00,Tetteh Quarshie,18.52
2025-08-02 04:00:00+00:00,Tetteh Quarshie,25.98
2025-08-02 05:00:00+00:00,Tetteh Quarshie,30.18
2025-08-02 08:00:00+00:00,Tetteh Quarshie,19.21
2025-08-02 10:00:00+00:00,Tetteh Quarshie,12.16
2025-08-02 11:00:00+00:00,Tetteh Quarshie,11.88
2025-08-02 12:00:00+00:00,Tetteh Quarshie,11.95
2025-08-02 13:00:00+00:00,Tetteh Quarshie,11.29
2025-08-02 14:00:00+00:00,Tetteh Quarshie,12.5
2025-08-02 15:00:00+00:00,Tetteh Quarshie,23.51
2025-08-02 16:00:00+00:00,Tetteh Quarshie,17.23
2025-08-02 17:00:00+00:00,Tetteh Quarshie,17.36
2025-08-02 18:00:00+00:00,Tetteh Quarshie,18.39
2025-08-02 19:00:00+00:00,Tetteh Quarshie,17.11
2025-08-02 20:00:00+00:00,Tetteh Quarshie,18.56
2025-08-02 21:00:00+00:00,Tetteh Quarshie,22.88
2025-08-02 23:00:00+00:00,Tetteh Quarshie,21.67
2025-08-03 02:00:00+00:00,Tetteh Quarshie,13.98
2025-08-03 03:00:00+00:00,Tetteh Quarshie,13.48
2025-08-03 05:00:00+00:00,Tetteh Quarshie,18.41
2025-08-03 07:00:00+00:00,Tetteh Quarshie,26.24
2025-08-03 10:00:00+00:00,Tetteh Quarshie,13.73
2025-08-03 11:00:00+00:00,Tetteh Quarshie,10.98
2025-08-03 12:00:00+00:00,Tetteh Quarshie,11.58
2025-08-03 13:00:00+00:00,Tetteh Quarshie,12.78
2025-08-03 14:00:00+00:00,Tetteh Quarshie,13.89
2025-08-03 15:00:00+00:00,Tetteh Quarshie,13.6
2025-08-03 17:00:00+00:00,Tetteh Quarshie,15.52
2025-08-03 20:00:00+00:00,Tetteh Quarshie,17.36
2025-08-04 00:00:00+00:00,Tetteh Quarshie,13.49
2025-08-04 01:00:00+00:00,Tetteh Quarshie,19.65
2025-08-04 02:00:00+00:00,Tetteh Quarshie,20.42
2025-08-04 08:00:00+00:00,Tetteh Quarshie,25.22
2025-08-04 09:00:00+00:00,Tetteh Quarshie,23.82
2025-08-04 10:00:00+00:00,Tetteh Quarshie,30.57
2025-08-04 11:00:00+00:00,Tetteh Quarshie,21.13
2025-08-04 12:00:00+00:00,Tetteh Quarshie,15.92
2025-08-04 13:00:00+00:00,Tetteh Quarshie,16.89
2025-08-04 14:00:00+00:00,Tetteh Quarshie,18.38
2025-08-04 16:00:00+00:00,Tetteh Quarshie,25.2
2025-08-04 17:00:00+00:00,Tetteh Quarshie,22.89
2025-08-04 18:00:00+00:00,Tetteh Quarshie,31.09
2025-08-04 19:00:00+00:00,Tetteh Quarshie,34.37
2025-08-04 20:00:00+00:00,Tetteh Quarshie,33.22
2025-08-04 21:00:00+00:00,Tetteh Quarshie,36.49
2025-08-04 22:00:00+00:00,Tetteh Quarshie,26.35
2025-08-04 23:00:00+00:00,Tetteh Quarshie,28.63
2025-08-05 00:00:00+00:00,Tetteh Quarshie,20.4
2025-08-05 01:00:00+00:00,Tetteh Quarshie,5.12
2025-08-05 02:00:00+00:00,Tetteh Quarshie,8.78
2025-08-05 03:00:00+00:00,Tetteh Quarshie,15.11
2025-08-05 04:00:00+00:00,Tetteh Quarshie,21.05
2025-08-05 05:00:00+00:00,Tetteh Quarshie,18.62
2025-08-05 06:00:00+00:00,Tetteh Quarshie,27.31
2025-08-05 07:00:00+00:00,Tetteh Quarshie,31.94
2025-08-05 08:00:00+00:00,Tetteh Quarshie,28.81
2025-08-05 09:00:00+00:00,Tetteh Quarshie,25.88
2025-08-05 10:00:00+00:00,Tetteh Quarshie,18.63
2025-08-05 13:00:00+00:00,Tetteh Quarshie,11.71
2025-08-05 14:00:00+00:00,Tetteh Quarshie,13.94
2025-08-05 15:00:00+00:00,Tetteh Quarshie,15.9
2025-08-05 16:00:00+00:00,Tetteh Quarshie,16.15
2025-08-05 18:00:00+00:00,Tetteh Quarshie,19.98
2025-08-05 19:00:00+00:00,Tetteh Quarshie,24.32
2025-08-05 20:00:00+00:00,Tetteh Quarshie,29.86
2025-08-05 21:00:00+00:00,Tetteh Quarshie,28.19
2025-08-05 22:00:00+00:00,Tetteh Quarshie,24.09
2025-08-05 23:00:00+00:00,Tetteh Quarshie,26.29
2025-08-06 00:00:00+00:00,Tetteh Quarshie,20.55
2025-08-06 01:00:00+00:00,Tetteh Quarshie,14.72
2025-08-06 02:00:00+00:00,Tetteh Quarshie,10.38
2025-08-06 03:00:00+00:00,Tetteh Quarshie,15.52
2025-08-06 04:00:00+00:00,Tetteh Quarshie,19.49
2025-08-06 05:00:00+00:00,Tetteh Quarshie,24.98
2025-08-06 06:00:00+00:00,Tetteh Quarshie,27.07
2025-08-06 07:00:00+00:00,Tetteh Quarshie,31.48
2025-08-06 08:00:00+00:00,Tetteh Quarshie,28.17
2025-08-06 09:00:00+00:00,Tetteh Quarshie,24.78
2025-08-06 10:00:00+00:00,Tetteh Quarshie,16.58
2025-08-06 11:00:00+00:00,Tetteh Quarshie,15.24
2025-08-06 12:00:00+00:00,Tetteh Quarshie,14.5
2025-08-06 13:00:00+00:00,Tetteh Quarshie,14.36
2025-08-06 14:00:00+00:00,Tetteh Quarshie,16.42
2025-08-06 15:00:00+00:00,Tetteh Quarshie,16.25
2025-08-06 16:00:00+00:00,Tetteh Quarshie,19.42
2025-08-06 17:00:00+00:00,Tetteh Quarshie,20.94
2025-08-06 18:00:00+00:00,Tetteh Quarshie,23.79
2025-08-06 19:00:00+00:00,Tetteh Quarshie,25.04
2025-08-06 20:00:00+00:00,Tetteh Quarshie,25.13
2025-08-06 21:00:00+00:00,Tetteh Quarshie,24.61
2025-08-06 23:00:00+00:00,Tetteh Quarshie,23.0
2025-08-07 01:00:00+00:00,Tetteh Quarshie,28.09
2025-08-07 02:00:00+00:00,Tetteh Quarshie,30.04
2025-08-07 03:00:00+00:00,Tetteh Quarshie,28.07
2025-08-07 04:00:00+00:00,Tetteh Quarshie,27.2
2025-08-07 06:00:00+00:00,Tetteh Quarshie,32.99
2025-08-07 07:00:00+00:00,Tetteh Quarshie,37.14
2025-08-07 08:00:00+00:00,Tetteh Quarshie,33.48
2025-08-07 09:00:00+00:00,Tetteh Quarshie,24.57
2025-08-07 10:00:00+00:00,Tetteh Quarshie,20.63
2025-08-07 11:00:00+00:00,Tetteh Quarshie,16.9
2025-08-07 12:00:00+00:00,Tetteh Quarshie,15.83
2025-08-07 13:00:00+00:00,Tetteh Quarshie,22.65
2025-08-07 14:00:00+00:00,Tetteh Quarshie,17.91
2025-08-07 15:00:00+00:00,Tetteh Quarshie,18.85
2025-08-07 16:00:00+00:00,Tetteh Quarshie,19.36
2025-08-07 17:00:00+00:00,Tetteh Quarshie,21.76
2025-08-07 18:00:00+00:00,Tetteh Quarshie,21.16
2025-08-07 19:00:00+00:00,Tetteh Quarshie,22.87
2025-08-07 20:00:00+00:00,Tetteh Quarshie,22.69
2025-08-07 21:00:00+00:00,Tetteh Quarshie,22.3
2025-08-07 22:00:00+00:00,Tetteh Quarshie,24.35
2025-08-07 23:00:00+00:00,Tetteh Quarshie,22.59
2025-08-08 00:00:00+00:00,Tetteh Quarshie,20.29
2025-08-08 02:00:00+00:00,Tetteh Quarshie,21.51
2025-08-08 04:00:00+00:00,Tetteh Quarshie,25.07
2025-08-08 07:00:00+00:00,Tetteh Quarshie,26.72
2025-08-08 08:00:00+00:00,Tetteh Quarshie,23.38
2025-08-08 09:00:00+00:00,Tetteh Quarshie,20.35
2025-08-08 10:00:00+00:00,Tetteh Quarshie,20.54
2025-08-08 11:00:00+00:00,Tetteh Quarshie,19.98
2025-08-08 12:00:00+00:00,Tetteh Quarshie,19.8
2025-08-08 13:00:00+00:00,Tetteh Quarshie,19.58
2025-08-08 14:00:00+00:00,Tetteh Quarshie,19.81
2025-08-08 15:00:00+00:00,Tetteh Quarshie,21.2
2025-08-08 16:00:00+00:00,Tetteh Quarshie,22.58
2025-08-08 17:00:00+00:00,Tetteh Quarshie,28.49
2025-08-08 18:00:00+00:00,Tetteh Quarshie,27.76
2025-08-08 19:00:00+00:00,Tetteh Quarshie,30.96
2025-08-08 20:00:00+00:00,Tetteh Quarshie,19.15
2025-08-08 21:00:00+00:00,Tetteh Quarshie,24.74
2025-08-09 00:00:00+00:00,Tetteh Quarshie,13.59
2025-08-09 01:00:00+00:00,Tetteh Quarshie,14.87
2025-08-09 03:00:00+00:00,Tetteh Quarshie,15.07
2025-08-09 04:00:00+00:00,Tetteh Quarshie,18.06
2025-08-09 05:00:00+00:00,Tetteh Quarshie,21.72
2025-08-09 06:00:00+00:00,Tetteh Quarshie,25.81
2025-08-09 07:00:00+00:00,Tetteh Quarshie,26.1
2025-08-09 08:00:00+00:00,Tetteh Quarshie,25.22
2025-08-09 09:00:00+00:00,Tetteh Quarshie,23.2
2025-08-09 10:00:00+00:00,Tetteh Quarshie,16.72
2025-08-09 11:00:00+00:00,Tetteh Quarshie,15.41
2025-08-09 12:00:00+00:00,Tetteh Quarshie,13.45
2025-08-09 13:00:00+00:00,Tetteh Quarshie,13.19
2025-08-09 14:00:00+00:00,Tetteh Quarshie,15.86
2025-08-09 15:00:00+00:00,Tetteh Quarshie,14.34
2025-08-09 16:00:00+00:00,Tetteh Quarshie,15.36
2025-08-09 17:00:00+00:00,Tetteh Quarshie,20.37
2025-08-09 18:00:00+00:00,Tetteh Quarshie,20.66
2025-08-09 19:00:00+00:00,Tetteh Quarshie,21.89
2025-08-09 20:00:00+00:00,Tetteh Quarshie,27.37
2025-08-09 21:00:00+00:00,Tetteh Quarshie,24.34
2025-08-09 22:00:00+00:00,Tetteh Quarshie,20.87
2025-08-10 00:00:00+00:00,Tetteh Quarshie,18.32
2025-08-10 02:00:00+00:00,Tetteh Quarshie,13.56
2025-08-10 04:00:00+00:00,Tetteh Quarshie,15.01
2025-08-10 05:00:00+00:00,Tetteh Quarshie,19.43
2025-08-10 06:00:00+00:00,Tetteh Quarshie,31.17
2025-08-10 07:00:00+00:00,Tetteh Quarshie,31.08
2025-08-10 08:00:00+00:00,Tetteh Quarshie,22.35
2025-08-10 09:00:00+00:00,Tetteh Quarshie,19.48
2025-08-10 10:00:00+00:00,Tetteh Quarshie,11.74
2025-08-10 11:00:00+00:00,Tetteh Quarshie,9.68
2025-08-10 12:00:00+00:00,Tetteh Quarshie,10.23
2025-08-10 13:00:00+00:00,Tetteh Quarshie,8.86
2025-08-10 14:00:00+00:00,Tetteh Quarshie,8.92
2025-08-10 15:00:00+00:00,Tetteh Quarshie,8.03
2025-08-10 16:00:00+00:00,Tetteh Quarshie,7.37
2025-08-10 17:00:00+00:00,Tetteh Quarshie,11.41
2025-08-10 18:00:00+00:00,Tetteh Quarshie,13.02
2025-08-10 19:00:00+00:00,Tetteh Quarshie,18.37
2025-08-10 20:00:00+00:00,Tetteh Quarshie,16.99
2025-08-10 21:00:00+00:00,Tetteh Quarshie,16.34
2025-08-11 03:00:00+00:00,Tetteh Quarshie,15.32
2025-08-11 05:00:00+00:00,Tetteh Quarshie,19.38
2025-08-11 06:00:00+00:00,Tetteh Quarshie,18.44
2025-08-11 07:00:00+00:00,Tetteh Quarshie,10.01
2025-08-11 08:00:00+00:00,Tetteh Quarshie,12.41
2025-08-11 09:00:00+00:00,Tetteh Quarshie,10.02
2025-08-11 10:00:00+00:00,Tetteh Quarshie,10.92
2025-08-11 11:00:00+00:00,Tetteh Quarshie,8.63
2025-08-11 12:00:00+00:00,Tetteh Quarshie,7.76
2025-08-11 13:00:00+00:00,Tetteh Quarshie,8.29
2025-08-11 14:00:00+00:00,Tetteh Quarshie,7.87
2025-08-11 15:00:00+00:00,Tetteh Quarshie,8.4
2025-08-11 16:00:00+00:00,Tetteh Quarshie,9.7
2025-08-11 17:00:00+00:00,Tetteh Quarshie,16.91
2025-08-11 18:00:00+00:00,Tetteh Quarshie,16.34
2025-08-11 19:00:00+00:00,Tetteh Quarshie,10.83
2025-08-11 20:00:00+00:00,Tetteh Quarshie,7.42
2025-08-11 21:00:00+00:00,Tetteh Quarshie,7.53
2025-08-11 22:00:00+00:00,Tetteh Quarshie,7.84
2025-08-11 23:00:00+00:00,Tetteh Quarshie,5.86
2025-08-12 00:00:00+00:00,Tetteh Quarshie,5.3
2025-08-12 01:00:00+00:00,Tetteh Quarshie,4.87
2025-08-12 03:00:00+00:00,Tetteh Quarshie,6.0
2025-08-12 05:00:00+00:00,Tetteh Quarshie,11.66
2025-08-12 06:00:00+00:00,Tetteh Quarshie,9.68
2025-08-12 07:00:00+00:00,Tetteh Quarshie,10.27
2025-08-12 08:00:00+00:00,Tetteh Quarshie,9.36
2025-08-12 09:00:00+00:00,Tetteh Quarshie,7.57
2025-08-12 10:00:00+00:00,Tetteh Quarshie,5.63
2025-08-12 11:00:00+00:00,Tetteh Quarshie,5.3
2025-08-12 12:00:00+00:00,Tetteh Quarshie,6.01
2025-08-12 13:00:00+00:00,Tetteh Quarshie,6.09
2025-08-12 14:00:00+00:00,Tetteh Quarshie,5.05
2025-08-12 15:00:00+00:00,Tetteh Quarshie,6.64
2025-08-12 16:00:00+00:00,Tetteh Quarshie,6.92
2025-08-12 17:00:00+00:00,Tetteh Quarshie,11.2
2025-08-12 18:00:00+00:00,Tetteh Quarshie,8.99
2025-08-12 19:00:00+00:00,Tetteh Quarshie,9.41
2025-08-12 20:00:00+00:00,Tetteh Quarshie,6.01
2025-08-12 21:00:00+00:00,Tetteh Quarshie,6.96
2025-08-12 22:00:00+00:00,Tetteh Quarshie,8.12
2025-08-12 23:00:00+00:00,Tetteh Quarshie,4.87
2025-08-13 00:00:00+00:00,Tetteh Quarshie,4.65
2025-08-13 01:00:00+00:00,Tetteh Quarshie,4.67
2025-08-13 02:00:00+00:00,Tetteh Quarshie,5.25
2025-08-13 03:00:00+00:00,Tetteh Quarshie,5.9
2025-08-13 04:00:00+00:00,Tetteh Quarshie,7.83
2025-08-13 05:00:00+00:00,Tetteh Quarshie,10.31
2025-08-13 06:00:00+00:00,Tetteh Quarshie,11.18
2025-08-13 07:00:00+00:00,Tetteh Quarshie,7.33
2025-08-13 08:00:00+00:00,Tetteh Quarshie,8.32
2025-08-13 09:00:00+00:00,Tetteh Quarshie,6.19
2025-08-13 10:00:00+00:00,Tetteh Quarshie,7.41
2025-08-13 11:00:00+00:00,Tetteh Quarshie,7.45
2025-08-13 12:00:00+00:00,Tetteh Quarshie,7.5
2025-08-13 13:00:00+00:00,Tetteh Quarshie,6.52
2025-08-13 14:00:00+00:00,Tetteh Quarshie,6.42
2025-08-13 15:00:00+00:00,Tetteh Quarshie,5.68
2025-08-13 16:00:00+00:00,Tetteh Quarshie,6.36
2025-08-13 17:00:00+00:00,Tetteh Quarshie,7.85
2025-08-13 18:00:00+00:00,Tetteh Quarshie,9.95
2025-08-13 19:00:00+00:00,Tetteh Quarshie,6.87
2025-08-13 20:00:00+00:00,Tetteh Quarshie,10.67
2025-08-13 22:00:00+00:00,Tetteh Quarshie,7.48
2025-08-13 23:00:00+00:00,Tetteh Quarshie,5.51
2025-08-14 00:00:00+00:00,Tetteh Quarshie,4.11
2025-08-14 01:00:00+00:00,Tetteh Quarshie,3.85
2025-08-14 02:00:00+00:00,Tetteh Quarshie,5.35
2025-08-14 03:00:00+00:00,Tetteh Quarshie,5.93
2025-08-14 04:00:00+00:00,Tetteh Quarshie,7.57
2025-08-14 05:00:00+00:00,Tetteh Quarshie,8.57
2025-08-14 06:00:00+00:00,Tetteh Quarshie,14.94
2025-08-14 07:00:00+00:00,Tetteh Quarshie,12.26
2025-08-14 08:00:00+00:00,Tetteh Quarshie,7.65
2025-08-14 09:00:00+00:00,Tetteh Quarshie,5.22
2025-08-14 10:00:00+00:00,Tetteh Quarshie,5.16
2025-08-14 11:00:00+00:00,Tetteh Quarshie,6.35
2025-08-14 12:00:00+00:00,Tetteh Quarshie,5.73
2025-08-14 13:00:00+00:00,Tetteh Quarshie,7.15
2025-08-14 14:00:00+00:00,Tetteh Quarshie,6.58
2025-08-14 15:00:00+00:00,Tetteh Quarshie,5.15
2025-08-14 16:00:00+00:00,Tetteh Quarshie,5.5
2025-08-14 17:00:00+00:00,Tetteh Quarshie,6.51
2025-08-14 18:00:00+00:00,Tetteh Quarshie,6.85
2025-08-14 19:00:00+00:00,Tetteh Quarshie,8.04
2025-08-14 20:00:00+00:00,Tetteh Quarshie,9.76
2025-08-14 21:00:00+00:00,Tetteh Quarshie,8.17
2025-08-14 22:00:00+00:00,Tetteh Quarshie,7.3
2025-08-14 23:00:00+00:00,Tetteh Quarshie,7.22
2025-08-15 00:00:00+00:00,Tetteh Quarshie,9.21
2025-08-15 02:00:00+00:00,Tetteh Quarshie,7.43
2025-08-15 03:00:00+00:00,Tetteh Quarshie,9.91
2025-08-15 04:00:00+00:00,Tetteh Quarshie,16.82
2025-08-15 05:00:00+00:00,Tetteh Quarshie,20.86
2025-08-15 06:00:00+00:00,Tetteh Quarshie,26.75
2025-08-15 07:00:00+00:00,Tetteh Quarshie,20.64
2025-08-15 08:00:00+00:00,Tetteh Quarshie,11.98
2025-08-15 09:00:00+00:00,Tetteh Quarshie,9.03
2025-08-15 10:00:00+00:00,Tetteh Quarshie,10.48
2025-08-15 11:00:00+00:00,Tetteh Quarshie,7.83
2025-08-15 12:00:00+00:00,Tetteh Quarshie,9.93
2025-08-15 13:00:00+00:00,Tetteh Quarshie,10.23
2025-08-15 14:00:00+00:00,Tetteh Quarshie,8.98
2025-08-15 15:00:00+00:00,Tetteh Quarshie,8.33
2025-08-15 16:00:00+00:00,Tetteh Quarshie,8.61
2025-08-15 17:00:00+00:00,Tetteh Quarshie,10.05
2025-08-15 19:00:00+00:00,Tetteh Quarshie,10.5
2025-08-15 20:00:00+00:00,Tetteh Quarshie,10.61
2025-08-15 21:00:00+00:00,Tetteh Quarshie,9.56
2025-08-15 22:00:00+00:00,Tetteh Quarshie,8.94
2025-08-16 02:00:00+00:00,Tetteh Quarshie,7.54
2025-08-16 05:00:00+00:00,Tetteh Quarshie,20.08
2025-08-16 06:00:00+00:00,Tetteh Quarshie,18.82
2025-08-16 07:00:00+00:00,Tetteh Quarshie,14.58
2025-08-16 08:00:00+00:00,Tetteh Quarshie,17.58
2025-08-16 09:00:00+00:00,Tetteh Quarshie,12.61
2025-08-16 10:00:00+00:00,Tetteh Quarshie,11.3
2025-08-16 11:00:00+00:00,Tetteh Quarshie,8.73
2025-08-16 12:00:00+00:00,Tetteh Quarshie,10.63
2025-08-16 13:00:00+00:00,Tetteh Quarshie,7.85
2025-08-16 14:00:00+00:00,Tetteh Quarshie,9.56
2025-08-16 15:00:00+00:00,Tetteh Quarshie,9.41
2025-08-16 16:00:00+00:00,Tetteh Quarshie,8.91
2025-08-16 17:00:00+00:00,Tetteh Quarshie,8.99
2025-08-16 18:00:00+00:00,Tetteh Quarshie,9.86
2025-08-16 19:00:00+00:00,Tetteh Quarshie,11.35
2025-08-16 20:00:00+00:00,Tetteh Quarshie,12.45
2025-08-16 21:00:00+00:00,Tetteh Quarshie,12.63
2025-08-17 00:00:00+00:00,Tetteh Quarshie,9.49
2025-08-17 01:00:00+00:00,Tetteh Quarshie,8.49
2025-08-17 03:00:00+00:00,Tetteh Quarshie,8.73
2025-08-17 04:00:00+00:00,Tetteh Quarshie,8.42
2025-08-17 05:00:00+00:00,Tetteh Quarshie,9.59
2025-08-17 06:00:00+00:00,Tetteh Quarshie,15.68
2025-08-17 07:00:00+00:00,Tetteh Quarshie,12.49
2025-08-17 08:00:00+00:00,Tetteh Quarshie,10.72
2025-08-17 09:00:00+00:00,Tetteh Quarshie,8.87
2025-08-17 10:00:00+00:00,Tetteh Quarshie,7.15
2025-08-17 11:00:00+00:00,Tetteh Quarshie,6.96
2025-08-17 12:00:00+00:00,Tetteh Quarshie,6.66
2025-08-17 13:00:00+00:00,Tetteh Quarshie,7.32
2025-08-17 14:00:00+00:00,Tetteh Quarshie,7.95
2025-08-17 15:00:00+00:00,Tetteh Quarshie,10.19
2025-08-17 16:00:00+00:00,Tetteh Quarshie,10.29
2025-08-17 17:00:00+00:00,Tetteh Quarshie,11.66
2025-08-17 18:00:00+00:00,Tetteh Quarshie,14.62
2025-08-17 19:00:00+00:00,Tetteh Quarshie,17.95
2025-08-17 20:00:00+00:00,Tetteh Quarshie,16.04
2025-08-17 21:00:00+00:00,Tetteh Quarshie,21.29
2025-08-17 22:00:00+00:00,Tetteh Quarshie,7.81
2025-08-17 23:00:00+00:00,Tetteh Quarshie,17.15
2025-08-18 00:00:00+00:00,Tetteh Quarshie,11.01
2025-08-18 02:00:00+00:00,Tetteh Quarshie,10.78
2025-08-18 03:00:00+00:00,Tetteh Quarshie,12.06
2025-08-18 04:00:00+00:00,Tetteh Quarshie,9.62
2025-08-18 05:00:00+00:00,Tetteh Quarshie,13.44
2025-08-18 06:00:00+00:00,Tetteh Quarshie,19.59
2025-08-18 07:00:00+00:00,Tetteh Quarshie,17.23
2025-08-18 08:00:00+00:00,Tetteh Quarshie,11.43
2025-08-18 11:00:00+00:00,Tetteh Quarshie,10.35
2025-08-18 12:00:00+00:00,Tetteh Quarshie,9.75
2025-08-18 13:00:00+00:00,Tetteh Quarshie,9.06
2025-08-18 14:00:00+00:00,Tetteh Quarshie,8.39
2025-08-18 19:00:00+00:00,Tetteh Quarshie,11.19
2025-08-18 20:00:00+00:00,Tetteh Quarshie,10.2
2025-08-18 21:00:00+00:00,Tetteh Quarshie,10.38
2025-08-18 22:00:00+00:00,Tetteh Quarshie,10.09
2025-08-19 01:00:00+00:00,Tetteh Quarshie,8.92
2025-08-19 02:00:00+00:00,Tetteh Quarshie,9.61
2025-08-19 03:00:00+00:00,Tetteh Quarshie,8.59
2025-08-19 05:00:00+00:00,Tetteh Quarshie,16.53
2025-08-19 06:00:00+00:00,Tetteh Quarshie,19.37
2025-08-19 07:00:00+00:00,Tetteh Quarshie,19.71
2025-08-19 08:00:00+00:00,Tetteh Quarshie,13.77
2025-08-19 09:00:00+00:00,Tetteh Quarshie,9.2
2025-08-19 10:00:00+00:00,Tetteh Quarshie,8.79
2025-08-19 11:00:00+00:00,Tetteh Quarshie,7.12
2025-08-19 12:00:00+00:00,Tetteh Quarshie,8.18
2025-08-19 13:00:00+00:00,Tetteh Quarshie,7.18
2025-08-19 14:00:00+00:00,Tetteh Quarshie,6.74
2025-08-19 15:00:00+00:00,Tetteh Quarshie,7.12
2025-08-19 16:00:00+00:00,Tetteh Quarshie,5.91
2025-08-19 17:00:00+00:00,Tetteh Quarshie,8.73
2025-08-19 18:00:00+00:00,Tetteh Quarshie,8.49
2025-08-19 19:00:00+00:00,Tetteh Quarshie,10.28
2025-08-19 20:00:00+00:00,Tetteh Quarshie,10.89
2025-08-19 21:00:00+00:00,Tetteh Quarshie,16.05
2025-08-19 22:00:00+00:00,Tetteh Quarshie,19.91
2025-08-19 23:00:00+00:00,Tetteh Quarshie,15.05
2025-08-20 00:00:00+00:00,Tetteh Quarshie,21.51
2025-08-20 01:00:00+00:00,Tetteh Quarshie,18.13
2025-08-20 02:00:00+00:00,Tetteh Quarshie,11.91
2025-08-20 03:00:00+00:00,Tetteh Quarshie,13.51
2025-08-20 04:00:00+00:00,Tetteh Quarshie,13.46
2025-08-20 05:00:00+00:00,Tetteh Quarshie,18.81
2025-08-20 06:00:00+00:00,Tetteh Quarshie,27.46
2025-08-20 07:00:00+00:00,Tetteh Quarshie,30.07
2025-08-20 08:00:00+00:00,Tetteh Quarshie,11.18
2025-08-20 09:00:00+00:00,Tetteh Quarshie,9.76
2025-08-20 10:00:00+00:00,Tetteh Quarshie,10.23
2025-08-20 11:00:00+00:00,Tetteh Quarshie,10.67
2025-08-20 12:00:00+00:00,Tetteh Quarshie,12.62
2025-08-20 13:00:00+00:00,Tetteh Quarshie,10.4
2025-08-20 14:00:00+00:00,Tetteh Quarshie,9.55
2025-08-20 15:00:00+00:00,Tetteh Quarshie,8.38
2025-08-20 16:00:00+00:00,Tetteh Quarshie,9.07
2025-08-20 17:00:00+00:00,Tetteh Quarshie,10.85
2025-08-20 18:00:00+00:00,Tetteh Quarshie,10.94
2025-08-20 19:00:00+00:00,Tetteh Quarshie,9.7
2025-08-20 20:00:00+00:00,Tetteh Quarshie,9.85
2025-08-20 21:00:00+00:00,Tetteh Quarshie,14.07
2025-08-20 22:00:00+00:00,Tetteh Quarshie,12.92
2025-08-20 23:00:00+00:00,Tetteh Quarshie,13.04
2025-08-21 00:00:00+00:00,Tetteh Quarshie,12.98
2025-08-21 01:00:00+00:00,Tetteh Quarshie,9.64
2025-08-21 02:00:00+00:00,Tetteh Quarshie,8.85
2025-08-21 03:00:00+00:00,Tetteh Quarshie,9.23
2025-08-21 04:00:00+00:00,Tetteh Quarshie,11.22
2025-08-21 05:00:00+00:00,Tetteh Quarshie,10.81
2025-08-21 06:00:00+00:00,Tetteh Quarshie,19.83
2025-08-21 07:00:00+00:00,Tetteh Quarshie,16.32
2025-08-21 09:00:00+00:00,Tetteh Quarshie,14.55
2025-08-21 10:00:00+00:00,Tetteh Quarshie,13.07
2025-08-21 11:00:00+00:00,Tetteh Quarshie,10.22
2025-08-21 12:00:00+00:00,Tetteh Quarshie,8.97
2025-08-21 13:00:00+00:00,Tetteh Quarshie,8.12
2025-08-21 14:00:00+00:00,Tetteh Quarshie,8.63
2025-08-21 15:00:00+00:00,Tetteh Quarshie,7.6
2025-08-21 16:00:00+00:00,Tetteh Quarshie,11.4
2025-08-21 18:00:00+00:00,Tetteh Quarshie,11.51
2025-08-21 19:00:00+00:00,Tetteh Quarshie,8.86
2025-08-21 20:00:00+00:00,Tetteh Quarshie,7.99
2025-08-21 21:00:00+00:00,Tetteh Quarshie,6.75
2025-08-21 22:00:00+00:00,Tetteh Quarshie,8.37
2025-08-21 23:00:00+00:00,Tetteh Quarshie,10.55
2025-08-22 00:00:00+00:00,Tetteh Quarshie,9.58
2025-08-22 02:00:00+00:00,Tetteh Quarshie,8.87
2025-08-22 03:00:00+00:00,Tetteh Quarshie,7.77
2025-08-22 04:00:00+00:00,Tetteh Quarshie,9.8
2025-08-22 05:00:00+00:00,Tetteh Quarshie,11.8
2025-08-22 06:00:00+00:00,Tetteh Quarshie,15.41
2025-08-22 07:00:00+00:00,Tetteh Quarshie,14.97
2025-08-22 08:00:00+00:00,Tetteh Quarshie,12.0
2025-08-22 09:00:00+00:00,Tetteh Quarshie,11.09
2025-08-22 10:00:00+00:00,Tetteh Quarshie,15.57
2025-08-22 12:00:00+00:00,Tetteh Quarshie,15.31
2025-08-22 13:00:00+00:00,Tetteh Quarshie,15.06
2025-08-22 14:00:00+00:00,Tetteh Quarshie,14.64
2025-08-22 16:00:00+00:00,Tetteh Quarshie,13.07
2025-08-22 17:00:00+00:00,Tetteh Quarshie,16.07
2025-08-22 18:00:00+00:00,Tetteh Quarshie,18.35
2025-08-22 19:00:00+00:00,Tetteh Quarshie,25.91
2025-08-22 20:00:00+00:00,Tetteh Quarshie,27.44
2025-08-22 22:00:00+00:00,Tetteh Quarshie,22.76
2025-08-23 02:00:00+00:00,Tetteh Quarshie,12.09
2025-08-23 03:00:00+00:00,Tetteh Quarshie,10.7
2025-08-23 04:00:00+00:00,Tetteh Quarshie,13.08
2025-08-23 05:00:00+00:00,Tetteh Quarshie,15.83
2025-08-23 06:00:00+00:00,Tetteh Quarshie,19.12
2025-08-23 07:00:00+00:00,Tetteh Quarshie,23.41
2025-08-23 08:00:00+00:00,Tetteh Quarshie,24.36
2025-08-23 10:00:00+00:00,Tetteh Quarshie,18.81
2025-08-23 11:00:00+00:00,Tetteh Quarshie,15.11
2025-08-23 12:00:00+00:00,Tetteh Quarshie,13.34
2025-08-23 13:00:00+00:00,Tetteh Quarshie,10.4
2025-08-23 14:00:00+00:00,Tetteh Quarshie,12.33
2025-08-23 15:00:00+00:00,Tetteh Quarshie,12.55
2025-08-23 16:00:00+00:00,Tetteh Quarshie,12.79
2025-08-23 17:00:00+00:00,Tetteh Quarshie,15.71
2025-08-23 18:00:00+00:00,Tetteh Quarshie,24.66
2025-08-23 19:00:00+00:00,Tetteh Quarshie,20.09
2025-08-23 20:00:00+00:00,Tetteh Quarshie,21.13
2025-08-23 21:00:00+00:00,Tetteh Quarshie,28.51
2025-08-23 22:00:00+00:00,Tetteh Quarshie,19.34
2025-08-23 23:00:00+00:00,Tetteh Quarshie,22.67
2025-08-24 00:00:00+00:00,Tetteh Quarshie,28.41
2025-08-24 01:00:00+00:00,Tetteh Quarshie,15.24
2025-08-24 02:00:00+00:00,Tetteh Quarshie,11.78
2025-08-24 03:00:00+00:00,Tetteh Quarshie,12.19
2025-08-24 04:00:00+00:00,Tetteh Quarshie,11.14
2025-08-24 05:00:00+00:00,Tetteh Quarshie,13.37
2025-08-24 07:00:00+00:00,Tetteh Quarshie,21.59
2025-08-24 08:00:00+00:00,Tetteh Quarshie,25.58
2025-08-24 09:00:00+00:00,Tetteh Quarshie,20.33
2025-08-24 10:00:00+00:00,Tetteh Quarshie,16.06
2025-08-24 11:00:00+00:00,Tetteh Quarshie,12.68
2025-08-24 12:00:00+00:00,Tetteh Quarshie,10.56
2025-08-24 13:00:00+00:00,Tetteh Quarshie,10.49
2025-08-24 14:00:00+00:00,Tetteh Quarshie,9.08
2025-08-24 15:00:00+00:00,Tetteh Quarshie,9.54
2025-08-24 16:00:00+00:00,Tetteh Quarshie,9.62
2025-08-24 17:00:00+00:00,Tetteh Quarshie,9.95
2025-08-24 18:00:00+00:00,Tetteh Quarshie,11.71
2025-08-24 19:00:00+00:00,Tetteh Quarshie,16.82
2025-08-24 20:00:00+00:00,Tetteh Quarshie,13.01
2025-08-24 23:00:00+00:00,Tetteh Quarshie,13.83
2025-08-25 00:00:00+00:00,Tetteh Quarshie,19.64
2025-08-25 01:00:00+00:00,Tetteh Quarshie,13.94
2025-08-25 02:00:00+00:00,Tetteh Quarshie,15.53
2025-08-25 03:00:00+00:00,Tetteh Quarshie,18.11
2025-08-25 04:00:00+00:00,Tetteh Quarshie,21.48
2025-08-25 05:00:00+00:00,Tetteh Quarshie,18.11
2025-08-25 07:00:00+00:00,Tetteh Quarshie,22.06
2025-08-25 08:00:00+00:00,Tetteh Quarshie,15.65
2025-08-25 10:00:00+00:00,Tetteh Quarshie,12.59
2025-08-25 11:00:00+00:00,Tetteh Quarshie,12.11
2025-08-25 12:00:00+00:00,Tetteh Quarshie,12.82
2025-08-25 14:00:00+00:00,Tetteh Quarshie,13.36
2025-08-25 17:00:00+00:00,Tetteh Quarshie,14.61
2025-08-25 18:00:00+00:00,Tetteh Quarshie,14.97
2025-08-25 20:00:00+00:00,Tetteh Quarshie,11.71
2025-08-25 21:00:00+00:00,Tetteh Quarshie,11.9
2025-08-26 01:00:00+00:00,Tetteh Quarshie,12.21
2025-08-26 02:00:00+00:00,Tetteh Quarshie,11.39
2025-08-26 04:00:00+00:00,Tetteh Quarshie,11.61
2025-08-26 06:00:00+00:00,Tetteh Quarshie,16.51
2025-08-26 07:00:00+00:00,Tetteh Quarshie,17.58
2025-08-26 08:00:00+00:00,Tetteh Quarshie,12.49
2025-08-26 09:00:00+00:00,Tetteh Quarshie,10.15
2025-08-26 10:00:00+00:00,Tetteh Quarshie,9.16
2025-08-26 11:00:00+00:00,Tetteh Quarshie,11.03
2025-08-26 12:00:00+00:00,Tetteh Quarshie,11.1
2025-08-26 16:00:00+00:00,Tetteh Quarshie,12.56
2025-08-26 17:00:00+00:00,Tetteh Quarshie,14.48
2025-08-26 18:00:00+00:00,Tetteh Quarshie,17.34
2025-08-26 19:00:00+00:00,Tetteh Quarshie,13.88
2025-08-26 20:00:00+00:00,Tetteh Quarshie,19.38
2025-08-26 21:00:00+00:00,Tetteh Quarshie,19.14
2025-08-26 22:00:00+00:00,Tetteh Quarshie,16.48
2025-08-26 23:00:00+00:00,Tetteh Quarshie,15.61
2025-08-27 00:00:00+00:00,Tetteh Quarshie,16.52
2025-08-27 01:00:00+00:00,Tetteh Quarshie,18.56
2025-08-27 02:00:00+00:00,Tetteh Quarshie,19.46
2025-08-27 03:00:00+00:00,Tetteh Quarshie,21.78
2025-08-27 04:00:00+00:00,Tetteh Quarshie,23.21
2025-08-27 08:00:00+00:00,Tetteh Quarshie,21.18
2025-08-27 09:00:00+00:00,Tetteh Quarshie,17.64
2025-08-27 10:00:00+00:00,Tetteh Quarshie,17.93
2025-08-27 13:00:00+00:00,Tetteh Quarshie,12.18
2025-08-27 14:00:00+00:00,Tetteh Quarshie,13.85
2025-08-27 15:00:00+00:00,Tetteh Quarshie,12.05
2025-08-27 16:00:00+00:00,Tetteh Quarshie,14.7
2025-08-27 18:00:00+00:00,Tetteh Quarshie,17.86
2025-08-27 19:00:00+00:00,Tetteh Quarshie,18.06
2025-08-27 20:00:00+00:00,Tetteh Quarshie,17.01
2025-08-27 21:00:00+00:00,Tetteh Quarshie,26.54
2025-08-27 22:00:00+00:00,Tetteh Quarshie,19.33
2025-08-27 23:00:00+00:00,Tetteh Quarshie,22.57
2025-08-28 01:00:00+00:00,Tetteh Quarshie,20.88
2025-08-28 06:00:00+00:00,Tetteh Quarshie,31.0
2025-08-28 07:00:00+00:00,Tetteh Quarshie,30.36
2025-08-28 09:00:00+00:00,Tetteh Quarshie,22.73
2025-08-28 11:00:00+00:00,Tetteh Quarshie,15.63
2025-08-28 12:00:00+00:00,Tetteh Quarshie,11.97
2025-08-28 13:00:00+00:00,Tetteh Quarshie,11.31
2025-08-28 14:00:00+00:00,Tetteh Quarshie,10.79
2025-08-28 15:00:00+00:00,Tetteh Quarshie,8.79
2025-08-28 16:00:00+00:00,Tetteh Quarshie,9.64
2025-08-28 17:00:00+00:00,Tetteh Quarshie,10.6
2025-08-28 18:00:00+00:00,Tetteh Quarshie,14.3
2025-08-28 19:00:00+00:00,Tetteh Quarshie,16.05
2025-08-28 20:00:00+00:00,Tetteh Quarshie,19.7
2025-08-28 21:00:00+00:00,Tetteh Quarshie,13.47
2025-08-28 22:00:00+00:00,Tetteh Quarshie,10.21
2025-08-28 23:00:00+00:00,Tetteh Quarshie,10.48
2025-08-29 00:00:00+00:00,Tetteh Quarshie,9.65
2025-08-29 02:00:00+00:00,Tetteh Quarshie,9.32
2025-08-29 06:00:00+00:00,Tetteh Quarshie,19.77
2025-08-29 09:00:00+00:00,Tetteh Quarshie,11.76
2025-08-29 11:00:00+00:00,Tetteh Quarshie,9.11
2025-08-29 12:00:00+00:00,Tetteh Quarshie,9.25
2025-08-29 13:00:00+00:00,Tetteh Quarshie,9.95
2025-08-29 14:00:00+00:00,Tetteh Quarshie,9.07
2025-08-29 15:00:00+00:00,Tetteh Quarshie,7.91
2025-08-29 16:00:00+00:00,Tetteh Quarshie,9.04
2025-08-29 17:00:00+00:00,Tetteh Quarshie,11.34
2025-08-29 18:00:00+00:00,Tetteh Quarshie,10.95
2025-08-29 19:00:00+00:00,Tetteh Quarshie,14.66
2025-08-29 20:00:00+00:00,Tetteh Quarshie,12.52
2025-08-29 21:00:00+00:00,Tetteh Quarshie,11.56
2025-08-29 22:00:00+00:00,Tetteh Quarshie,12.28
2025-08-29 23:00:00+00:00,Tetteh Quarshie,12.06
2025-08-30 00:00:00+00:00,Tetteh Quarshie,13.32
2025-08-30 01:00:00+00:00,Tetteh Quarshie,12.69
2025-08-30 03:00:00+00:00,Tetteh Quarshie,15.24
2025-08-30 04:00:00+00:00,Tetteh Quarshie,16.88
2025-08-30 05:00:00+00:00,Tetteh Quarshie,14.31
2025-08-30 06:00:00+00:00,Tetteh Quarshie,16.37
2025-08-30 07:00:00+00:00,Tetteh Quarshie,16.06
2025-08-30 08:00:00+00:00,Tetteh Quarshie,14.4
2025-08-30 11:00:00+00:00,Tetteh Quarshie,10.08
2025-08-30 12:00:00+00:00,Tetteh Quarshie,10.16
2025-08-30 14:00:00+00:00,Tetteh Quarshie,10.33
2025-08-30 15:00:00+00:00,Tetteh Quarshie,10.63
2025-08-30 16:00:00+00:00,Tetteh Quarshie,10.85
2025-08-30 17:00:00+00:00,Tetteh Quarshie,10.96
2025-08-30 18:00:00+00:00,Tetteh Quarshie,15.22
2025-08-30 19:00:00+00:00,Tetteh Quarshie,16.92
2025-08-30 20:00:00+00:00,Tetteh Quarshie,17.3
2025-08-30 21:00:00+00:00,Tetteh Quarshie,18.85
2025-08-30 22:00:00+00:00,Tetteh Quarshie,23.09
2025-08-30 23:00:00+00:00,Tetteh Quarshie,14.18
2025-08-31 00:00:00+00:00,Tetteh Quarshie,13.25
2025-08-31 01:00:00+00:00,Tetteh Quarshie,11.51
2025-08-31 02:00:00+00:00,Tetteh Quarshie,11.99
2025-08-31 04:00:00+00:00,Tetteh Quarshie,14.24
2025-08-31 07:00:00+00:00,Tetteh Quarshie,23.96
2025-08-31 08:00:00+00:00,Tetteh Quarshie,18.02
2025-08-31 09:00:00+00:00,Tetteh Quarshie,19.89
2025-08-31 11:00:00+00:00,Tetteh Quarshie,13.65
2025-08-31 12:00:00+00:00,Tetteh Quarshie,11.0
2025-08-31 13:00:00+00:00,Tetteh Quarshie,11.0
2025-08-31 14:00:00+00:00,Tetteh Quarshie,10.84
2025-08-31 15:00:00+00:00,Tetteh Quarshie,9.24
2025-08-31 16:00:00+00:00,Tetteh Quarshie,10.47
2025-08-31 17:00:00+00:00,Tetteh Quarshie,13.04
2025-08-31 18:00:00+00:00,Tetteh Quarshie,12.91
2025-08-31 19:00:00+00:00,Tetteh Quarshie,14.87
2025-08-31 20:00:00+00:00,Tetteh Quarshie,13.74
2025-08-31 21:00:00+00:00,Tetteh Quarshie,11.96
2025-08-31 22:00:00+00:00,Tetteh Quarshie,12.14
2025-08-31 23:00:00+00:00,Tetteh Quarshie,14.35
2025-08-01 00:00:00+00:00,UniMAC GIJ Campus,21.35
2025-08-01 01:00:00+00:00,UniMAC GIJ Campus,33.15
2025-08-01 02:00:00+00:00,UniMAC GIJ Campus,22.2
2025-08-01 03:00:00+00:00,UniMAC GIJ Campus,26.25
2025-08-01 04:00:00+00:00,UniMAC GIJ Campus,31.3
2025-08-01 05:00:00+00:00,UniMAC GIJ Campus,43.0
2025-08-01 07:00:00+00:00,UniMAC GIJ Campus,38.2
2025-08-01 08:00:00+00:00,UniMAC GIJ Campus,30.95
2025-08-01 09:00:00+00:00,UniMAC GIJ Campus,45.4
2025-08-01 10:00:00+00:00,UniMAC GIJ Campus,34.85
2025-08-01 11:00:00+00:00,UniMAC GIJ Campus,24.65
2025-08-01 12:00:00+00:00,UniMAC GIJ Campus,21.4
2025-08-01 13:00:00+00:00,UniMAC GIJ Campus,22.25
2025-08-01 14:00:00+00:00,UniMAC GIJ Campus,22.7
2025-08-01 15:00:00+00:00,UniMAC GIJ Campus,25.85
2025-08-01 16:00:00+00:00,UniMAC GIJ Campus,29.05
2025-08-01 17:00:00+00:00,UniMAC GIJ Campus,30.1
2025-08-01 18:00:00+00:00,UniMAC GIJ Campus,31.3
2025-08-01 19:00:00+00:00,UniMAC GIJ Campus,31.0
2025-08-01 20:00:00+00:00,UniMAC GIJ Campus,32.9
2025-08-01 21:00:00+00:00,UniMAC GIJ Campus,39.1
2025-08-01 22:00:00+00:00,UniMAC GIJ Campus,39.25
2025-08-01 23:00:00+00:00,UniMAC GIJ Campus,33.2
2025-08-02 00:00:00+00:00,UniMAC GIJ Campus,35.1
2025-08-02 01:00:00+00:00,UniMAC GIJ Campus,36.05
2025-08-02 02:00:00+00:00,UniMAC GIJ Campus,36.15
2025-08-02 03:00:00+00:00,UniMAC GIJ Campus,29.45
2025-08-02 04:00:00+00:00,UniMAC GIJ Campus,49.25
2025-08-02 05:00:00+00:00,UniMAC GIJ Campus,42.75
2025-08-02 06:00:00+00:00,UniMAC GIJ Campus,45.2
2025-08-02 07:00:00+00:00,UniMAC GIJ Campus,42.55
2025-08-02 08:00:00+00:00,UniMAC GIJ Campus,34.0
2025-08-02 09:00:00+00:00,UniMAC GIJ Campus,31.55
2025-08-02 10:00:00+00:00,UniMAC GIJ Campus,26.05
2025-08-02 11:00:00+00:00,UniMAC GIJ Campus,24.25
2025-08-02 12:00:00+00:00,UniMAC GIJ Campus,27.05
2025-08-02 13:00:00+00:00,UniMAC GIJ Campus,36.2
2025-08-02 14:00:00+00:00,UniMAC GIJ Campus,29.55
2025-08-02 15:00:00+00:00,UniMAC GIJ Campus,30.45
2025-08-02 16:00:00+00:00,UniMAC GIJ Campus,41.8
2025-08-02 17:00:00+00:00,UniMAC GIJ Campus,30.3
2025-08-02 18:00:00+00:00,UniMAC GIJ Campus,34.35
2025-08-02 19:00:00+00:00,UniMAC GIJ Campus,31.9
2025-08-02 20:00:00+00:00,UniMAC GIJ Campus,33.2
2025-08-02 21:00:00+00:00,UniMAC GIJ Campus,37.3
2025-08-02 22:00:00+00:00,UniMAC GIJ Campus,33.4
2025-08-02 23:00:00+00:00,UniMAC GIJ Campus,38.2
2025-08-03 00:00:00+00:00,UniMAC GIJ Campus,49.35
2025-08-03 01:00:00+00:00,UniMAC GIJ Campus,47.9
2025-08-03 02:00:00+00:00,UniMAC GIJ Campus,33.5
2025-08-03 03:00:00+00:00,UniMAC GIJ Campus,23.05
2025-08-03 04:00:00+00:00,UniMAC GIJ Campus,25.85
2025-08-03 05:00:00+00:00,UniMAC GIJ Campus,38.1
2025-08-03 06:00:00+00:00,UniMAC GIJ Campus,51.15
2025-08-03 07:00:00+00:00,UniMAC GIJ Campus,44.9
2025-08-03 08:00:00+00:00,UniMAC GIJ Campus,41.0
2025-08-03 09:00:00+00:00,UniMAC GIJ Campus,36.1
2025-08-03 12:00:00+00:00,UniMAC GIJ Campus,22.55
2025-08-03 14:00:00+00:00,UniMAC GIJ Campus,21.7
2025-08-03 15:00:00+00:00,UniMAC GIJ Campus,20.65
2025-08-03 16:00:00+00:00,UniMAC GIJ Campus,21.85
2025-08-03 17:00:00+00:00,UniMAC GIJ Campus,26.95
2025-08-03 18:00:00+00:00,UniMAC GIJ Campus,24.2
2025-08-03 19:00:00+00:00,UniMAC GIJ Campus,30.2
2025-08-03 20:00:00+00:00,UniMAC GIJ Campus,31.95
2025-08-03 21:00:00+00:00,UniMAC GIJ Campus,39.0
2025-08-04 01:00:00+00:00,UniMAC GIJ Campus,29.9
2025-08-04 02:00:00+00:00,UniMAC GIJ Campus,38.7
2025-08-04 03:00:00+00:00,UniMAC GIJ Campus,29.3
2025-08-04 04:00:00+00:00,UniMAC GIJ Campus,33.8
2025-08-04 05:00:00+00:00,UniMAC GIJ Campus,46.45
2025-08-04 06:00:00+00:00,UniMAC GIJ Campus,40.75
2025-08-04 09:00:00+00:00,UniMAC GIJ Campus,39.05
2025-08-04 15:00:00+00:00,UniMAC GIJ Campus,29.35
2025-08-04 16:00:00+00:00,UniMAC GIJ Campus,30.45
2025-08-04 19:00:00+00:00,UniMAC GIJ Campus,35.3
2025-08-04 20:00:00+00:00,UniMAC GIJ Campus,32.2
2025-08-04 21:00:00+00:00,UniMAC GIJ Campus,31.6
2025-08-04 22:00:00+00:00,UniMAC GIJ Campus,27.45
2025-08-04 23:00:00+00:00,UniMAC GIJ Campus,25.1
2025-08-05 00:00:00+00:00,UniMAC GIJ Campus,34.25
2025-08-05 01:00:00+00:00,UniMAC GIJ Campus,15.25
2025-08-05 02:00:00+00:00,UniMAC GIJ Campus,17.35
2025-08-05 03:00:00+00:00,UniMAC GIJ Campus,22.05
2025-08-05 04:00:00+00:00,UniMAC GIJ Campus,31.55
2025-08-05 05:00:00+00:00,UniMAC GIJ Campus,38.55
2025-08-05 06:00:00+00:00,UniMAC GIJ Campus,39.0
2025-08-05 07:00:00+00:00,UniMAC GIJ Campus,35.4
2025-08-05 08:00:00+00:00,UniMAC GIJ Campus,34.55
2025-08-05 09:00:00+00:00,UniMAC GIJ Campus,30.75
2025-08-05 10:00:00+00:00,UniMAC GIJ Campus,24.6
2025-08-05 11:00:00+00:00,UniMAC GIJ Campus,22.4
2025-08-05 12:00:00+00:00,UniMAC GIJ Campus,22.25
2025-08-05 13:00:00+00:00,UniMAC GIJ Campus,23.15
2025-08-05 14:00:00+00:00,UniMAC GIJ Campus,22.75
2025-08-05 15:00:00+00:00,UniMAC GIJ Campus,22.65
2025-08-05 16:00:00+00:00,UniMAC GIJ Campus,24.45
2025-08-05 17:00:00+00:00,UniMAC GIJ Campus,24.85
2025-08-05 18:00:00+00:00,UniMAC GIJ Campus,28.4
2025-08-05 19:00:00+00:00,UniMAC GIJ Campus,31.7
2025-08-05 20:00:00+00:00,UniMAC GIJ Campus,31.0
2025-08-05 21:00:00+00:00,UniMAC GIJ Campus,27.4
2025-08-05 22:00:00+00:00,UniMAC GIJ Campus,26.9
2025-08-05 23:00:00+00:00,UniMAC GIJ Campus,28.85
2025-08-06 00:00:00+00:00,UniMAC GIJ Campus,31.6
2025-08-06 01:00:00+00:00,UniMAC GIJ Campus,38.1
2025-08-06 02:00:00+00:00,UniMAC GIJ Campus,23.0
2025-08-06 03:00:00+00:00,UniMAC GIJ Campus,24.75
2025-08-06 04:00:00+00:00,UniMAC GIJ Campus,32.2
2025-08-06 05:00:00+00:00,UniMAC GIJ Campus,37.8
2025-08-06 06:00:00+00:00,UniMAC GIJ Campus,42.6
2025-08-06 07:00:00+00:00,UniMAC GIJ Campus,42.35
2025-08-06 08:00:00+00:00,UniMAC GIJ Campus,38.6
2025-08-06 09:00:00+00:00,UniMAC GIJ Campus,45.2
2025-08-06 10:00:00+00:00,UniMAC GIJ Campus,44.2
2025-08-06 11:00:00+00:00,UniMAC GIJ Campus,26.8
2025-08-06 12:00:00+00:00,UniMAC GIJ Campus,27.0
2025-08-06 13:00:00+00:00,UniMAC GIJ Campus,30.55
2025-08-06 14:00:00+00:00,UniMAC GIJ Campus,32.2
2025-08-06 15:00:00+00:00,UniMAC GIJ Campus,32.7
2025-08-06 16:00:00+00:00,UniMAC GIJ Campus,35.05
2025-08-06 17:00:00+00:00,UniMAC GIJ Campus,36.9
2025-08-06 18:00:00+00:00,UniMAC GIJ Campus,44.7
2025-08-06 19:00:00+00:00,UniMAC GIJ Campus,40.45
2025-08-06 20:00:00+00:00,UniMAC GIJ Campus,44.9
2025-08-06 21:00:00+00:00,UniMAC GIJ Campus,46.1
2025-08-06 22:00:00+00:00,UniMAC GIJ Campus,44.75
2025-08-06 23:00:00+00:00,UniMAC GIJ Campus,39.3
2025-08-07 00:00:00+00:00,UniMAC GIJ Campus,35.8
2025-08-07 01:00:00+00:00,UniMAC GIJ Campus,35.95
2025-08-07 02:00:00+00:00,UniMAC GIJ Campus,36.25
2025-08-07 03:00:00+00:00,UniMAC GIJ Campus,40.45
2025-08-07 04:00:00+00:00,UniMAC GIJ Campus,49.9
2025-08-07 05:00:00+00:00,UniMAC GIJ Campus,51.9
2025-08-07 06:00:00+00:00,UniMAC GIJ Campus,51.1
2025-08-07 07:00:00+00:00,UniMAC GIJ Campus,47.85
2025-08-07 08:00:00+00:00,UniMAC GIJ Campus,47.0
2025-08-07 09:00:00+00:00,UniMAC GIJ Campus,40.65
2025-08-07 10:00:00+00:00,UniMAC GIJ Campus,45.65
2025-08-07 11:00:00+00:00,UniMAC GIJ Campus,32.9
2025-08-07 12:00:00+00:00,UniMAC GIJ Campus,31.95
2025-08-07 13:00:00+00:00,UniMAC GIJ Campus,36.85
2025-08-07 14:00:00+00:00,UniMAC GIJ Campus,40.2
2025-08-07 15:00:00+00:00,UniMAC GIJ Campus,32.1
2025-08-07 16:00:00+00:00,UniMAC GIJ Campus,32.45
2025-08-07 17:00:00+00:00,UniMAC GIJ Campus,38.45
2025-08-07 18:00:00+00:00,UniMAC GIJ Campus,37.15
2025-08-07 19:00:00+00:00,UniMAC GIJ Campus,35.9
2025-08-08 07:00:00+00:00,UniMAC GIJ Campus,41.6
2025-08-08 08:00:00+00:00,UniMAC GIJ Campus,36.65
2025-08-08 09:00:00+00:00,UniMAC GIJ Campus,37.5
2025-08-08 10:00:00+00:00,UniMAC GIJ Campus,33.25
2025-08-08 11:00:00+00:00,UniMAC GIJ Campus,31.05
2025-08-08 12:00:00+00:00,UniMAC GIJ Campus,31.9
2025-08-08 13:00:00+00:00,UniMAC GIJ Campus,32.65
2025-08-08 14:00:00+00:00,UniMAC GIJ Campus,34.45
2025-08-08 15:00:00+00:00,UniMAC GIJ Campus,32.5
2025-08-08 16:00:00+00:00,UniMAC GIJ Campus,30.7
2025-08-08 17:00:00+00:00,UniMAC GIJ Campus,30.9
2025-08-08 18:00:00+00:00,UniMAC GIJ Campus,32.1
2025-08-08 19:00:00+00:00,UniMAC GIJ Campus,36.45
2025-08-08 20:00:00+00:00,UniMAC GIJ Campus,32.55
2025-08-08 21:00:00+00:00,UniMAC GIJ Campus,29.9
2025-08-08 22:00:00+00:00,UniMAC GIJ Campus,27.3
2025-08-08 23:00:00+00:00,UniMAC GIJ Campus,31.05
2025-08-09 00:00:00+00:00,UniMAC GIJ Campus,34.4
2025-08-09 01:00:00+00:00,UniMAC GIJ Campus,30.75
2025-08-09 02:00:00+00:00,UniMAC GIJ Campus,34.8
2025-08-09 03:00:00+00:00,UniMAC GIJ Campus,35.4
2025-08-09 04:00:00+00:00,UniMAC GIJ Campus,38.25
2025-08-09 05:00:00+00:00,UniMAC GIJ Campus,35.3
2025-08-09 06:00:00+00:00,UniMAC GIJ Campus,38.1
2025-08-09 09:00:00+00:00,UniMAC GIJ Campus,39.55
2025-08-09 10:00:00+00:00,UniMAC GIJ Campus,29.0
2025-08-09 11:00:00+00:00,UniMAC GIJ Campus,22.2
2025-08-09 12:00:00+00:00,UniMAC GIJ Campus,22.1
2025-08-09 13:00:00+00:00,UniMAC GIJ Campus,19.1
2025-08-09 14:00:00+00:00,UniMAC GIJ Campus,21.1
2025-08-09 15:00:00+00:00,UniMAC GIJ Campus,21.7
2025-08-09 16:00:00+00:00,UniMAC GIJ Campus,24.55
2025-08-09 17:00:00+00:00,UniMAC GIJ Campus,22.5
2025-08-09 18:00:00+00:00,UniMAC GIJ Campus,28.15
2025-08-09 19:00:00+00:00,UniMAC GIJ Campus,34.65
2025-08-09 20:00:00+00:00,UniMAC GIJ Campus,33.6
2025-08-09 21:00:00+00:00,UniMAC GIJ Campus,30.5
2025-08-09 22:00:00+00:00,UniMAC GIJ Campus,37.1
2025-08-09 23:00:00+00:00,UniMAC GIJ Campus,37.65
2025-08-10 00:00:00+00:00,UniMAC GIJ Campus,48.4
2025-08-10 01:00:00+00:00,UniMAC GIJ Campus,37.95
2025-08-10 02:00:00+00:00,UniMAC GIJ Campus,51.5
2025-08-10 03:00:00+00:00,UniMAC GIJ Campus,39.55
2025-08-10 04:00:00+00:00,UniMAC GIJ Campus,33.95
2025-08-10 05:00:00+00:00,UniMAC GIJ Campus,33.7
2025-08-10 06:00:00+00:00,UniMAC GIJ Campus,40.55
2025-08-10 07:00:00+00:00,UniMAC GIJ Campus,38.95
2025-08-10 08:00:00+00:00,UniMAC GIJ Campus,30.0
2025-08-10 09:00:00+00:00,UniMAC GIJ Campus,20.5
2025-08-10 10:00:00+00:00,UniMAC GIJ Campus,15.9
2025-08-10 11:00:00+00:00,UniMAC GIJ Campus,13.8
2025-08-10 12:00:00+00:00,UniMAC GIJ Campus,14.3
2025-08-10 13:00:00+00:00,UniMAC GIJ Campus,11.8
2025-08-10 14:00:00+00:00,UniMAC GIJ Campus,12.3
2025-08-10 15:00:00+00:00,UniMAC GIJ Campus,9.85
2025-08-10 16:00:00+00:00,UniMAC GIJ Campus,11.35
2025-08-10 17:00:00+00:00,UniMAC GIJ Campus,16.85
2025-08-10 18:00:00+00:00,UniMAC GIJ Campus,22.55
2025-08-10 19:00:00+00:00,UniMAC GIJ Campus,23.25
2025-08-10 20:00:00+00:00,UniMAC GIJ Campus,17.6
2025-08-10 21:00:00+00:00,UniMAC GIJ Campus,15.3
2025-08-10 22:00:00+00:00,UniMAC GIJ Campus,26.2
2025-08-10 23:00:00+00:00,UniMAC GIJ Campus,35.15
2025-08-11 00:00:00+00:00,UniMAC GIJ Campus,27.95
2025-08-11 01:00:00+00:00,UniMAC GIJ Campus,20.0
2025-08-11 02:00:00+00:00,UniMAC GIJ Campus,16.15
2025-08-11 03:00:00+00:00,UniMAC GIJ Campus,15.85
2025-08-11 04:00:00+00:00,UniMAC GIJ Campus,17.9
2025-08-11 05:00:00+00:00,UniMAC GIJ Campus,25.25
2025-08-11 06:00:00+00:00,UniMAC GIJ Campus,26.65
2025-08-11 07:00:00+00:00,UniMAC GIJ Campus,15.4
2025-08-11 08:00:00+00:00,UniMAC GIJ Campus,19.5
2025-08-11 09:00:00+00:00,UniMAC GIJ Campus,21.6
2025-08-11 10:00:00+00:00,UniMAC GIJ Campus,27.0
2025-08-11 11:00:00+00:00,UniMAC GIJ Campus,17.9
2025-08-11 12:00:00+00:00,UniMAC GIJ Campus,16.25
2025-08-11 13:00:00+00:00,UniMAC GIJ Campus,10.7
2025-08-11 14:00:00+00:00,UniMAC GIJ Campus,12.0
2025-08-11 15:00:00+00:00,UniMAC GIJ Campus,13.35
2025-08-11 16:00:00+00:00,UniMAC GIJ Campus,33.25
2025-08-11 17:00:00+00:00,UniMAC GIJ Campus,29.1
2025-08-11 18:00:00+00:00,UniMAC GIJ Campus,10.6
2025-08-11 19:00:00+00:00,UniMAC GIJ Campus,26.35
2025-08-11 20:00:00+00:00,UniMAC GIJ Campus,20.95
2025-08-11 21:00:00+00:00,UniMAC GIJ Campus,13.6
2025-08-11 22:00:00+00:00,UniMAC GIJ Campus,15.35
2025-08-11 23:00:00+00:00,UniMAC GIJ Campus,25.85
2025-08-12 00:00:00+00:00,UniMAC GIJ Campus,16.1
2025-08-12 01:00:00+00:00,UniMAC GIJ Campus,10.35
2025-08-12 02:00:00+00:00,UniMAC GIJ Campus,10.2
2025-08-12 03:00:00+00:00,UniMAC GIJ Campus,15.65
2025-08-12 04:00:00+00:00,UniMAC GIJ Campus,34.8
2025-08-12 05:00:00+00:00,UniMAC GIJ Campus,41.8
2025-08-12 06:00:00+00:00,UniMAC GIJ Campus,20.3
2025-08-12 07:00:00+00:00,UniMAC GIJ Campus,18.15
2025-08-12 08:00:00+00:00,UniMAC GIJ Campus,30.5
2025-08-12 09:00:00+00:00,UniMAC GIJ Campus,13.2
2025-08-12 10:00:00+00:00,UniMAC GIJ Campus,8.55
2025-08-12 11:00:00+00:00,UniMAC GIJ Campus,5.8
2025-08-12 12:00:00+00:00,UniMAC GIJ Campus,7.55
2025-08-12 13:00:00+00:00,UniMAC GIJ Campus,7.5
2025-08-12 14:00:00+00:00,UniMAC GIJ Campus,6.95
2025-08-12 15:00:00+00:00,UniMAC GIJ Campus,9.55
2025-08-12 16:00:00+00:00,UniMAC GIJ Campus,7.7
2025-08-12 17:00:00+00:00,UniMAC GIJ Campus,10.8
2025-08-12 18:00:00+00:00,UniMAC GIJ Campus,8.7
2025-08-12 19:00:00+00:00,UniMAC GIJ Campus,11.3
2025-08-12 20:00:00+00:00,UniMAC GIJ Campus,7.7
2025-08-12 21:00:00+00:00,UniMAC GIJ Campus,9.4
2025-08-12 22:00:00+00:00,UniMAC GIJ Campus,9.35
2025-08-12 23:00:00+00:00,UniMAC GIJ Campus,11.35
2025-08-13 00:00:00+00:00,UniMAC GIJ Campus,5.65
2025-08-13 01:00:00+00:00,UniMAC GIJ Campus,17.55
2025-08-13 02:00:00+00:00,UniMAC GIJ Campus,9.35
2025-08-13 09:00:00+00:00,UniMAC GIJ Campus,11.4
2025-08-13 10:00:00+00:00,UniMAC GIJ Campus,13.05
2025-08-13 11:00:00+00:00,UniMAC GIJ Campus,10.45
2025-08-13 12:00:00+00:00,UniMAC GIJ Campus,10.3
2025-08-13 13:00:00+00:00,UniMAC GIJ Campus,10.2
2025-08-13 14:00:00+00:00,UniMAC GIJ Campus,10.65
2025-08-13 15:00:00+00:00,UniMAC GIJ Campus,10.15
2025-08-13 16:00:00+00:00,UniMAC GIJ Campus,9.0
2025-08-13 17:00:00+00:00,UniMAC GIJ Campus,10.65
2025-08-13 18:00:00+00:00,UniMAC GIJ Campus,13.65
2025-08-13 19:00:00+00:00,UniMAC GIJ Campus,8.2
2025-08-13 20:00:00+00:00,UniMAC GIJ Campus,10.0
2025-08-13 21:00:00+00:00,UniMAC GIJ Campus,11.65
2025-08-13 22:00:00+00:00,UniMAC GIJ Campus,5.75
2025-08-13 23:00:00+00:00,UniMAC GIJ Campus,13.35
2025-08-14 00:00:00+00:00,UniMAC GIJ Campus,14.4
2025-08-14 01:00:00+00:00,UniMAC GIJ Campus,17.15
2025-08-14 02:00:00+00:00,UniMAC GIJ Campus,5.8
2025-08-14 04:00:00+00:00,UniMAC GIJ Campus,24.45
2025-08-14 08:00:00+00:00,UniMAC GIJ Campus,19.65
2025-08-14 09:00:00+00:00,UniMAC GIJ Campus,15.15
2025-08-14 10:00:00+00:00,UniMAC GIJ Campus,15.1
2025-08-14 11:00:00+00:00,UniMAC GIJ Campus,6.75
2025-08-14 12:00:00+00:00,UniMAC GIJ Campus,8.05
2025-08-14 13:00:00+00:00,UniMAC GIJ Campus,12.65
2025-08-14 14:00:00+00:00,UniMAC GIJ Campus,8.5
2025-08-14 15:00:00+00:00,UniMAC GIJ Campus,5.15
2025-08-14 16:00:00+00:00,UniMAC GIJ Campus,6.8
2025-08-14 17:00:00+00:00,UniMAC GIJ Campus,16.3
2025-08-14 18:00:00+00:00,UniMAC GIJ Campus,15.95
2025-08-14 19:00:00+00:00,UniMAC GIJ Campus,25.25
2025-08-14 20:00:00+00:00,UniMAC GIJ Campus,31.25
2025-08-14 21:00:00+00:00,UniMAC GIJ Campus,28.9
2025-08-14 22:00:00+00:00,UniMAC GIJ Campus,23.3
2025-08-14 23:00:00+00:00,UniMAC GIJ Campus,19.65
2025-08-15 00:00:00+00:00,UniMAC GIJ Campus,24.45
2025-08-15 01:00:00+00:00,UniMAC GIJ Campus,25.15
2025-08-15 02:00:00+00:00,UniMAC GIJ Campus,35.8
2025-08-15 03:00:00+00:00,UniMAC GIJ Campus,26.8
2025-08-15 04:00:00+00:00,UniMAC GIJ Campus,28.95
2025-08-15 05:00:00+00:00,UniMAC GIJ Campus,36.35
2025-08-15 06:00:00+00:00,UniMAC GIJ Campus,42.1
2025-08-15 07:00:00+00:00,UniMAC GIJ Campus,36.6
2025-08-15 08:00:00+00:00,UniMAC GIJ Campus,19.25
2025-08-15 09:00:00+00:00,UniMAC GIJ Campus,27.4
2025-08-15 10:00:00+00:00,UniMAC GIJ Campus,16.45
2025-08-15 11:00:00+00:00,UniMAC GIJ Campus,20.25
2025-08-15 12:00:00+00:00,UniMAC GIJ Campus,16.2
2025-08-15 13:00:00+00:00,UniMAC GIJ Campus,13.75
2025-08-15 14:00:00+00:00,UniMAC GIJ Campus,14.6
2025-08-15 15:00:00+00:00,UniMAC GIJ Campus,29.9
2025-08-15 16:00:00+00:00,UniMAC GIJ Campus,14.45
2025-08-15 17:00:00+00:00,UniMAC GIJ Campus,22.85
2025-08-15 18:00:00+00:00,UniMAC GIJ Campus,37.3
2025-08-15 19:00:00+00:00,UniMAC GIJ Campus,30.85
2025-08-15 20:00:00+00:00,UniMAC GIJ Campus,19.0
2025-08-15 21:00:00+00:00,UniMAC GIJ Campus,33.45
2025-08-15 22:00:00+00:00,UniMAC GIJ Campus,33.4
2025-08-15 23:00:00+00:00,UniMAC GIJ Campus,30.05
2025-08-16 00:00:00+00:00,UniMAC GIJ Campus,22.5
2025-08-16 01:00:00+00:00,UniMAC GIJ Campus,25.8
2025-08-16 02:00:00+00:00,UniMAC GIJ Campus,23.15
2025-08-16 03:00:00+00:00,UniMAC GIJ Campus,15.15
2025-08-16 04:00:00+00:00,UniMAC GIJ Campus,23.55
2025-08-16 05:00:00+00:00,UniMAC GIJ Campus,33.8
2025-08-16 06:00:00+00:00,UniMAC GIJ Campus,28.9
2025-08-16 07:00:00+00:00,UniMAC GIJ Campus,30.05
2025-08-16 08:00:00+00:00,UniMAC GIJ Campus,27.0
2025-08-16 09:00:00+00:00,UniMAC GIJ Campus,41.8
2025-08-16 10:00:00+00:00,UniMAC GIJ Campus,32.75
2025-08-16 11:00:00+00:00,UniMAC GIJ Campus,16.8
2025-08-16 12:00:00+00:00,UniMAC GIJ Campus,17.35
2025-08-16 13:00:00+00:00,UniMAC GIJ Campus,17.3
2025-08-16 14:00:00+00:00,UniMAC GIJ Campus,17.05
2025-08-16 15:00:00+00:00,UniMAC GIJ Campus,28.75
2025-08-16 16:00:00+00:00,UniMAC GIJ Campus,33.9
2025-08-16 17:00:00+00:00,UniMAC GIJ Campus,27.2
2025-08-16 18:00:00+00:00,UniMAC GIJ Campus,23.75
2025-08-16 19:00:00+00:00,UniMAC GIJ Campus,38.05
2025-08-16 20:00:00+00:00,UniMAC GIJ Campus,29.1
2025-08-16 21:00:00+00:00,UniMAC GIJ Campus,33.5
2025-08-16 22:00:00+00:00,UniMAC GIJ Campus,38.4
2025-08-16 23:00:00+00:00,UniMAC GIJ Campus,30.85
2025-08-17 00:00:00+00:00,UniMAC GIJ Campus,21.05
2025-08-17 01:00:00+00:00,UniMAC GIJ Campus,34.3
2025-08-17 02:00:00+00:00,UniMAC GIJ Campus,22.3
2025-08-17 03:00:00+00:00,UniMAC GIJ Campus,19.05
2025-08-17 04:00:00+00:00,UniMAC GIJ Campus,32.05
2025-08-17 05:00:00+00:00,UniMAC GIJ Campus,17.45
2025-08-17 06:00:00+00:00,UniMAC GIJ Campus,40.95
2025-08-17 07:00:00+00:00,UniMAC GIJ Campus,43.75
2025-08-17 08:00:00+00:00,UniMAC GIJ Campus,46.75
2025-08-17 09:00:00+00:00,UniMAC GIJ Campus,27.8
2025-08-17 10:00:00+00:00,UniMAC GIJ Campus,21.85
2025-08-17 11:00:00+00:00,UniMAC GIJ Campus,13.2
2025-08-17 12:00:00+00:00,UniMAC GIJ Campus,11.6
2025-08-17 13:00:00+00:00,UniMAC GIJ Campus,13.0
2025-08-17 14:00:00+00:00,UniMAC GIJ Campus,16.4
2025-08-17 15:00:00+00:00,UniMAC GIJ Campus,26.65
2025-08-17 16:00:00+00:00,UniMAC GIJ Campus,32.55
2025-08-17 17:00:00+00:00,UniMAC GIJ Campus,25.25
2025-08-17 18:00:00+00:00,UniMAC GIJ Campus,19.9
2025-08-17 19:00:00+00:00,UniMAC GIJ Campus,26.4
2025-08-17 20:00:00+00:00,UniMAC GIJ Campus,18.7
2025-08-17 21:00:00+00:00,UniMAC GIJ Campus,14.7
2025-08-17 22:00:00+00:00,UniMAC GIJ Campus,15.95
2025-08-17 23:00:00+00:00,UniMAC GIJ Campus,26.85
2025-08-18 00:00:00+00:00,UniMAC GIJ Campus,28.8
2025-08-18 01:00:00+00:00,UniMAC GIJ Campus,29.05
2025-08-18 02:00:00+00:00,UniMAC GIJ Campus,21.0
2025-08-18 03:00:00+00:00,UniMAC GIJ Campus,28.8
2025-08-18 04:00:00+00:00,UniMAC GIJ Campus,36.65
2025-08-18 05:00:00+00:00,UniMAC GIJ Campus,40.75
2025-08-18 06:00:00+00:00,UniMAC GIJ Campus,28.35
2025-08-18 07:00:00+00:00,UniMAC GIJ Campus,32.0
2025-08-18 08:00:00+00:00,UniMAC GIJ Campus,23.7
2025-08-18 09:00:00+00:00,UniMAC GIJ Campus,24.8
2025-08-18 10:00:00+00:00,UniMAC GIJ Campus,19.85
2025-08-18 11:00:00+00:00,UniMAC GIJ Campus,13.7
2025-08-18 12:00:00+00:00,UniMAC GIJ Campus,15.0
2025-08-18 13:00:00+00:00,UniMAC GIJ Campus,22.0
2025-08-18 14:00:00+00:00,UniMAC GIJ Campus,16.0
2025-08-18 15:00:00+00:00,UniMAC GIJ Campus,21.4
2025-08-18 16:00:00+00:00,UniMAC GIJ Campus,18.65
2025-08-18 17:00:00+00:00,UniMAC GIJ Campus,15.85
2025-08-18 18:00:00+00:00,UniMAC GIJ Campus,26.95
2025-08-18 19:00:00+00:00,UniMAC GIJ Campus,32.75
2025-08-18 20:00:00+00:00,UniMAC GIJ Campus,31.75
2025-08-18 21:00:00+00:00,UniMAC GIJ Campus,34.05
2025-08-18 22:00:00+00:00,UniMAC GIJ Campus,33.2
2025-08-18 23:00:00+00:00,UniMAC GIJ Campus,25.05
2025-08-19 00:00:00+00:00,UniMAC GIJ Campus,34.0
2025-08-19 01:00:00+00:00,UniMAC GIJ Campus,28.25
2025-08-19 02:00:00+00:00,UniMAC GIJ Campus,31.05
2025-08-19 03:00:00+00:00,UniMAC GIJ Campus,37.5
2025-08-19 04:00:00+00:00,UniMAC GIJ Campus,38.9
2025-08-19 05:00:00+00:00,UniMAC GIJ Campus,42.1
2025-08-19 06:00:00+00:00,UniMAC GIJ Campus,32.2
2025-08-19 07:00:00+00:00,UniMAC GIJ Campus,33.1
2025-08-19 08:00:00+00:00,UniMAC GIJ Campus,31.2
2025-08-19 09:00:00+00:00,UniMAC GIJ Campus,24.6
2025-08-19 10:00:00+00:00,UniMAC GIJ Campus,18.1
2025-08-19 11:00:00+00:00,UniMAC GIJ Campus,14.9
2025-08-19 12:00:00+00:00,UniMAC GIJ Campus,12.9
2025-08-19 13:00:00+00:00,UniMAC GIJ Campus,11.85
2025-08-19 14:00:00+00:00,UniMAC GIJ Campus,11.25
2025-08-19 15:00:00+00:00,UniMAC GIJ Campus,12.3
2025-08-19 16:00:00+00:00,UniMAC GIJ Campus,16.55
2025-08-19 17:00:00+00:00,UniMAC GIJ Campus,21.4
2025-08-19 18:00:00+00:00,UniMAC GIJ Campus,24.25
2025-08-19 19:00:00+00:00,UniMAC GIJ Campus,26.65
2025-08-19 20:00:00+00:00,UniMAC GIJ Campus,25.4
2025-08-19 21:00:00+00:00,UniMAC GIJ Campus,30.8
2025-08-19 22:00:00+00:00,UniMAC GIJ Campus,33.95
2025-08-19 23:00:00+00:00,UniMAC GIJ Campus,29.2
2025-08-20 00:00:00+00:00,UniMAC GIJ Campus,28.45
2025-08-20 01:00:00+00:00,UniMAC GIJ Campus,31.1
2025-08-20 02:00:00+00:00,UniMAC GIJ Campus,26.2
2025-08-20 03:00:00+00:00,UniMAC GIJ Campus,42.65
2025-08-20 04:00:00+00:00,UniMAC GIJ Campus,31.0
2025-08-20 05:00:00+00:00,UniMAC GIJ Campus,39.2
2025-08-20 06:00:00+00:00,UniMAC GIJ Campus,50.75
2025-08-20 07:00:00+00:00,UniMAC GIJ Campus,37.35
2025-08-20 08:00:00+00:00,UniMAC GIJ Campus,21.05
2025-08-20 09:00:00+00:00,UniMAC GIJ Campus,28.55
2025-08-20 10:00:00+00:00,UniMAC GIJ Campus,16.9
2025-08-20 11:00:00+00:00,UniMAC GIJ Campus,13.65
2025-08-20 12:00:00+00:00,UniMAC GIJ Campus,20.4
2025-08-20 13:00:00+00:00,UniMAC GIJ Campus,21.95
2025-08-20 14:00:00+00:00,UniMAC GIJ Campus,16.55
2025-08-20 15:00:00+00:00,UniMAC GIJ Campus,19.2
2025-08-20 16:00:00+00:00,UniMAC GIJ Campus,13.35
2025-08-20 17:00:00+00:00,UniMAC GIJ Campus,15.65
2025-08-20 18:00:00+00:00,UniMAC GIJ Campus,16.9
2025-08-20 19:00:00+00:00,UniMAC GIJ Campus,21.6
2025-08-20 20:00:00+00:00,UniMAC GIJ Campus,18.9
2025-08-20 21:00:00+00:00,UniMAC GIJ Campus,19.2
2025-08-20 22:00:00+00:00,UniMAC GIJ Campus,18.0
2025-08-20 23:00:00+00:00,UniMAC GIJ Campus,19.7
2025-08-21 00:00:00+00:00,UniMAC GIJ Campus,20.5
2025-08-21 01:00:00+00:00,UniMAC GIJ Campus,17.8
2025-08-21 02:00:00+00:00,UniMAC GIJ Campus,25.9
2025-08-21 03:00:00+00:00,UniMAC GIJ Campus,22.35
2025-08-21 04:00:00+00:00,UniMAC GIJ Campus,26.4
2025-08-21 05:00:00+00:00,UniMAC GIJ Campus,25.9
2025-08-21 06:00:00+00:00,UniMAC GIJ Campus,30.0
2025-08-21 07:00:00+00:00,UniMAC GIJ Campus,31.2
2025-08-21 08:00:00+00:00,UniMAC GIJ Campus,33.85
2025-08-21 09:00:00+00:00,UniMAC GIJ Campus,26.3
2025-08-21 10:00:00+00:00,UniMAC GIJ Campus,17.35
2025-08-21 11:00:00+00:00,UniMAC GIJ Campus,16.45
2025-08-21 12:00:00+00:00,UniMAC GIJ Campus,16.25
2025-08-21 13:00:00+00:00,UniMAC GIJ Campus,10.75
2025-08-21 14:00:00+00:00,UniMAC GIJ Campus,12.55
2025-08-21 15:00:00+00:00,UniMAC GIJ Campus,11.6
2025-08-21 16:00:00+00:00,UniMAC GIJ Campus,13.5
2025-08-21 17:00:00+00:00,UniMAC GIJ Campus,13.5
2025-08-21 18:00:00+00:00,UniMAC GIJ Campus,12.45
2025-08-21 19:00:00+00:00,UniMAC GIJ Campus,12.05
2025-08-21 20:00:00+00:00,UniMAC GIJ Campus,12.0
2025-08-21 21:00:00+00:00,UniMAC GIJ Campus,14.5
2025-08-21 22:00:00+00:00,UniMAC GIJ Campus,18.0
2025-08-21 23:00:00+00:00,UniMAC GIJ Campus,15.2
2025-08-22 00:00:00+00:00,UniMAC GIJ Campus,19.85
2025-08-22 01:00:00+00:00,UniMAC GIJ Campus,24.85
2025-08-22 02:00:00+00:00,UniMAC GIJ Campus,32.45
2025-08-22 03:00:00+00:00,UniMAC GIJ Campus,24.25
2025-08-22 04:00:00+00:00,UniMAC GIJ Campus,23.85
2025-08-22 05:00:00+00:00,UniMAC GIJ Campus,30.8
2025-08-22 06:00:00+00:00,UniMAC GIJ Campus,33.85
2025-08-22 07:00:00+00:00,UniMAC GIJ Campus,28.35
2025-08-22 08:00:00+00:00,UniMAC GIJ Campus,25.6
2025-08-22 09:00:00+00:00,UniMAC GIJ Campus,29.45
2025-08-22 10:00:00+00:00,UniMAC GIJ Campus,25.3
2025-08-22 11:00:00+00:00,UniMAC GIJ Campus,23.2
2025-08-22 12:00:00+00:00,UniMAC GIJ Campus,37.25
2025-08-22 13:00:00+00:00,UniMAC GIJ Campus,30.1
2025-08-22 14:00:00+00:00,UniMAC GIJ Campus,30.6
2025-08-22 15:00:00+00:00,UniMAC GIJ Campus,27.0
2025-08-22 16:00:00+00:00,UniMAC GIJ Campus,27.45
2025-08-22 17:00:00+00:00,UniMAC GIJ Campus,35.35
2025-08-22 18:00:00+00:00,UniMAC GIJ Campus,42.9
2025-08-22 20:00:00+00:00,UniMAC GIJ Campus,35.95
2025-08-22 21:00:00+00:00,UniMAC GIJ Campus,41.5
2025-08-22 22:00:00+00:00,UniMAC GIJ Campus,41.3
2025-08-22 23:00:00+00:00,UniMAC GIJ Campus,34.95
2025-08-23 00:00:00+00:00,UniMAC GIJ Campus,42.6
2025-08-23 01:00:00+00:00,UniMAC GIJ Campus,35.8
2025-08-23 02:00:00+00:00,UniMAC GIJ Campus,30.2
2025-08-23 03:00:00+00:00,UniMAC GIJ Campus,28.0
2025-08-23 04:00:00+00:00,UniMAC GIJ Campus,43.95
2025-08-23 05:00:00+00:00,UniMAC GIJ Campus,34.85
2025-08-23 06:00:00+00:00,UniMAC GIJ Campus,32.2
2025-08-23 07:00:00+00:00,UniMAC GIJ Campus,38.0
2025-08-23 08:00:00+00:00,UniMAC GIJ Campus,48.7
2025-08-23 09:00:00+00:00,UniMAC GIJ Campus,33.4
2025-08-23 10:00:00+00:00,UniMAC GIJ Campus,31.3
2025-08-23 11:00:00+00:00,UniMAC GIJ Campus,24.8
2025-08-23 12:00:00+00:00,UniMAC GIJ Campus,27.9
2025-08-23 13:00:00+00:00,UniMAC GIJ Campus,26.5
2025-08-23 14:00:00+00:00,UniMAC GIJ Campus,26.0
2025-08-23 15:00:00+00:00,UniMAC GIJ Campus,30.3
2025-08-23 16:00:00+00:00,UniMAC GIJ Campus,34.4
2025-08-23 17:00:00+00:00,UniMAC GIJ Campus,42.9
2025-08-23 18:00:00+00:00,UniMAC GIJ Campus,36.55
2025-08-23 19:00:00+00:00,UniMAC GIJ Campus,37.75
2025-08-23 20:00:00+00:00,UniMAC GIJ Campus,41.65
2025-08-23 21:00:00+00:00,UniMAC GIJ Campus,39.9
2025-08-23 22:00:00+00:00,UniMAC GIJ Campus,33.15
2025-08-24 00:00:00+00:00,UniMAC GIJ Campus,56.8
2025-08-24 01:00:00+00:00,UniMAC GIJ Campus,40.05
2025-08-24 02:00:00+00:00,UniMAC GIJ Campus,30.85
2025-08-24 03:00:00+00:00,UniMAC GIJ Campus,26.1
2025-08-24 04:00:00+00:00,UniMAC GIJ Campus,30.95
2025-08-24 05:00:00+00:00,UniMAC GIJ Campus,29.45
2025-08-24 06:00:00+00:00,UniMAC GIJ Campus,35.15
2025-08-24 07:00:00+00:00,UniMAC GIJ Campus,33.95
2025-08-24 08:00:00+00:00,UniMAC GIJ Campus,40.15
2025-08-24 09:00:00+00:00,UniMAC GIJ Campus,35.55
2025-08-24 10:00:00+00:00,UniMAC GIJ Campus,29.3
2025-08-24 11:00:00+00:00,UniMAC GIJ Campus,27.25
2025-08-24 12:00:00+00:00,UniMAC GIJ Campus,23.65
2025-08-24 13:00:00+00:00,UniMAC GIJ Campus,22.35
2025-08-24 14:00:00+00:00,UniMAC GIJ Campus,28.45
2025-08-24 15:00:00+00:00,UniMAC GIJ Campus,27.25
2025-08-24 16:00:00+00:00,UniMAC GIJ Campus,16.0
2025-08-24 17:00:00+00:00,UniMAC GIJ Campus,21.45
2025-08-24 18:00:00+00:00,UniMAC GIJ Campus,28.95
2025-08-24 19:00:00+00:00,UniMAC GIJ Campus,36.9
2025-08-24 20:00:00+00:00,UniMAC GIJ Campus,32.4
2025-08-24 21:00:00+00:00,UniMAC GIJ Campus,29.95
2025-08-24 22:00:00+00:00,UniMAC GIJ Campus,35.0
2025-08-24 23:00:00+00:00,UniMAC GIJ Campus,27.7
2025-08-25 00:00:00+00:00,UniMAC GIJ Campus,27.6
2025-08-25 01:00:00+00:00,UniMAC GIJ Campus,29.1
2025-08-25 02:00:00+00:00,UniMAC GIJ Campus,29.25
2025-08-25 03:00:00+00:00,UniMAC GIJ Campus,32.75
2025-08-25 04:00:00+00:00,UniMAC GIJ Campus,32.4
2025-08-25 05:00:00+00:00,UniMAC GIJ Campus,38.35
2025-08-25 06:00:00+00:00,UniMAC GIJ Campus,41.25
2025-08-25 07:00:00+00:00,UniMAC GIJ Campus,40.3
2025-08-25 08:00:00+00:00,UniMAC GIJ Campus,44.2
2025-08-25 09:00:00+00:00,UniMAC GIJ Campus,35.45
2025-08-25 10:00:00+00:00,UniMAC GIJ Campus,29.2
2025-08-25 11:00:00+00:00,UniMAC GIJ Campus,25.35
2025-08-25 12:00:00+00:00,UniMAC GIJ Campus,23.45
2025-08-25 13:00:00+00:00,UniMAC GIJ Campus,19.25
2025-08-25 14:00:00+00:00,UniMAC GIJ Campus,25.6
2025-08-25 15:00:00+00:00,UniMAC GIJ Campus,18.35
2025-08-25 16:00:00+00:00,UniMAC GIJ Campus,19.4
2025-08-25 17:00:00+00:00,UniMAC GIJ Campus,30.35
2025-08-25 18:00:00+00:00,UniMAC GIJ Campus,25.15
2025-08-25 19:00:00+00:00,UniMAC GIJ Campus,26.0
2025-08-25 20:00:00+00:00,UniMAC GIJ Campus,27.7
2025-08-25 21:00:00+00:00,UniMAC GIJ Campus,25.35
2025-08-25 22:00:00+00:00,UniMAC GIJ Campus,31.6
2025-08-25 23:00:00+00:00,UniMAC GIJ Campus,35.55
2025-08-26 00:00:00+00:00,UniMAC GIJ Campus,24.9
2025-08-26 01:00:00+00:00,UniMAC GIJ Campus,35.3
2025-08-26 02:00:00+00:00,UniMAC GIJ Campus,44.15
2025-08-26 03:00:00+00:00,UniMAC GIJ Campus,38.45
2025-08-26 04:00:00+00:00,UniMAC GIJ Campus,29.0
2025-08-26 05:00:00+00:00,UniMAC GIJ Campus,45.5
2025-08-26 06:00:00+00:00,UniMAC GIJ Campus,44.65
2025-08-26 07:00:00+00:00,UniMAC GIJ Campus,39.65
2025-08-26 08:00:00+00:00,UniMAC GIJ Campus,28.75
2025-08-26 09:00:00+00:00,UniMAC GIJ Campus,20.3
2025-08-26 10:00:00+00:00,UniMAC GIJ Campus,16.9
2025-08-26 11:00:00+00:00,UniMAC GIJ Campus,16.85
2025-08-26 12:00:00+00:00,UniMAC GIJ Campus,16.85
2025-08-26 13:00:00+00:00,UniMAC GIJ Campus,17.3
2025-08-26 14:00:00+00:00,UniMAC GIJ Campus,16.85
2025-08-26 15:00:00+00:00,UniMAC GIJ Campus,18.2
2025-08-26 16:00:00+00:00,UniMAC GIJ Campus,20.3
2025-08-26 17:00:00+00:00,UniMAC GIJ Campus,24.55
2025-08-26 18:00:00+00:00,UniMAC GIJ Campus,29.6
2025-08-26 19:00:00+00:00,UniMAC GIJ Campus,30.3
2025-08-26 20:00:00+00:00,UniMAC GIJ Campus,32.95
2025-08-26 21:00:00+00:00,UniMAC GIJ Campus,30.35
2025-08-26 22:00:00+00:00,UniMAC GIJ Campus,34.75
2025-08-26 23:00:00+00:00,UniMAC GIJ Campus,29.15
2025-08-27 00:00:00+00:00,UniMAC GIJ Campus,22.5
2025-08-27 01:00:00+00:00,UniMAC GIJ Campus,28.1
2025-08-27 02:00:00+00:00,UniMAC GIJ Campus,30.35
2025-08-27 03:00:00+00:00,UniMAC GIJ Campus,33.15
2025-08-27 04:00:00+00:00,UniMAC GIJ Campus,44.6
2025-08-27 05:00:00+00:00,UniMAC GIJ Campus,47.95
2025-08-27 06:00:00+00:00,UniMAC GIJ Campus,48.45
2025-08-27 07:00:00+00:00,UniMAC GIJ Campus,42.3
2025-08-27 08:00:00+00:00,UniMAC GIJ Campus,37.85
2025-08-27 09:00:00+00:00,UniMAC GIJ Campus,38.9
2025-08-27 10:00:00+00:00,UniMAC GIJ Campus,27.3
2025-08-27 11:00:00+00:00,UniMAC GIJ Campus,26.25
2025-08-27 12:00:00+00:00,UniMAC GIJ Campus,24.6
2025-08-27 13:00:00+00:00,UniMAC GIJ Campus,24.15
2025-08-27 14:00:00+00:00,UniMAC GIJ Campus,23.8
2025-08-27 15:00:00+00:00,UniMAC GIJ Campus,30.4
2025-08-27 16:00:00+00:00,UniMAC GIJ Campus,23.35
2025-08-27 17:00:00+00:00,UniMAC GIJ Campus,25.25
2025-08-27 18:00:00+00:00,UniMAC GIJ Campus,27.7
2025-08-27 19:00:00+00:00,UniMAC GIJ Campus,31.65
2025-08-27 20:00:00+00:00,UniMAC GIJ Campus,37.75
2025-08-27 21:00:00+00:00,UniMAC GIJ Campus,34.05
2025-08-27 22:00:00+00:00,UniMAC GIJ Campus,43.5
2025-08-27 23:00:00+00:00,UniMAC GIJ Campus,52.85
2025-08-28 00:00:00+00:00,UniMAC GIJ Campus,37.6
2025-08-28 01:00:00+00:00,UniMAC GIJ Campus,32.95
2025-08-28 02:00:00+00:00,UniMAC GIJ Campus,37.5
2025-08-28 03:00:00+00:00,UniMAC GIJ Campus,36.25
2025-08-28 04:00:00+00:00,UniMAC GIJ Campus,39.35
2025-08-28 05:00:00+00:00,UniMAC GIJ Campus,39.35
2025-08-28 07:00:00+00:00,UniMAC GIJ Campus,42.5
2025-08-28 08:00:00+00:00,UniMAC GIJ Campus,29.1
2025-08-28 09:00:00+00:00,UniMAC GIJ Campus,30.75
2025-08-28 10:00:00+00:00,UniMAC GIJ Campus,18.25
2025-08-28 11:00:00+00:00,UniMAC GIJ Campus,15.3
2025-08-28 12:00:00+00:00,UniMAC GIJ Campus,15.15
2025-08-28 13:00:00+00:00,UniMAC GIJ Campus,22.25
2025-08-28 14:00:00+00:00,UniMAC GIJ Campus,22.95
2025-08-28 15:00:00+00:00,UniMAC GIJ Campus,22.95
2025-08-28 16:00:00+00:00,UniMAC GIJ Campus,21.35
2025-08-28 17:00:00+00:00,UniMAC GIJ Campus,20.35
2025-08-28 18:00:00+00:00,UniMAC GIJ Campus,23.95
2025-08-28 19:00:00+00:00,UniMAC GIJ Campus,26.2
2025-08-28 20:00:00+00:00,UniMAC GIJ Campus,19.5
2025-08-28 21:00:00+00:00,UniMAC GIJ Campus,37.2
2025-08-28 22:00:00+00:00,UniMAC GIJ Campus,29.75
2025-08-28 23:00:00+00:00,UniMAC GIJ Campus,29.1
2025-08-29 00:00:00+00:00,UniMAC GIJ Campus,24.15
2025-08-29 01:00:00+00:00,UniMAC GIJ Campus,23.1
2025-08-29 02:00:00+00:00,UniMAC GIJ Campus,23.1
2025-08-29 03:00:00+00:00,UniMAC GIJ Campus,27.5
2025-08-29 04:00:00+00:00,UniMAC GIJ Campus,33.95
2025-08-29 05:00:00+00:00,UniMAC GIJ Campus,37.5
2025-08-29 06:00:00+00:00,UniMAC GIJ Campus,36.55
2025-08-29 07:00:00+00:00,UniMAC GIJ Campus,33.6
2025-08-29 08:00:00+00:00,UniMAC GIJ Campus,36.55
2025-08-29 09:00:00+00:00,UniMAC GIJ Campus,22.9
2025-08-29 10:00:00+00:00,UniMAC GIJ Campus,21.0
2025-08-29 11:00:00+00:00,UniMAC GIJ Campus,13.05
2025-08-29 12:00:00+00:00,UniMAC GIJ Campus,18.95
2025-08-29 13:00:00+00:00,UniMAC GIJ Campus,23.8
2025-08-29 14:00:00+00:00,UniMAC GIJ Campus,20.25
2025-08-29 15:00:00+00:00,UniMAC GIJ Campus,34.55
2025-08-29 16:00:00+00:00,UniMAC GIJ Campus,43.35
2025-08-29 17:00:00+00:00,UniMAC GIJ Campus,42.7
2025-08-29 18:00:00+00:00,UniMAC GIJ Campus,49.3
2025-08-29 19:00:00+00:00,UniMAC GIJ Campus,33.85
2025-08-29 20:00:00+00:00,UniMAC GIJ Campus,25.5
2025-08-29 21:00:00+00:00,UniMAC GIJ Campus,20.2
2025-08-29 22:00:00+00:00,UniMAC GIJ Campus,16.75
2025-08-29 23:00:00+00:00,UniMAC GIJ Campus,17.2
2025-08-30 00:00:00+00:00,UniMAC GIJ Campus,16.25
2025-08-30 01:00:00+00:00,UniMAC GIJ Campus,17.2
2025-08-30 02:00:00+00:00,UniMAC GIJ Campus,16.05
2025-08-30 03:00:00+00:00,UniMAC GIJ Campus,19.35
2025-08-30 04:00:00+00:00,UniMAC GIJ Campus,20.35
2025-08-30 05:00:00+00:00,UniMAC GIJ Campus,39.8
2025-08-30 06:00:00+00:00,UniMAC GIJ Campus,41.95
2025-08-30 07:00:00+00:00,UniMAC GIJ Campus,28.35
2025-08-30 08:00:00+00:00,UniMAC GIJ Campus,43.15
2025-08-30 09:00:00+00:00,UniMAC GIJ Campus,32.2
2025-08-30 10:00:00+00:00,UniMAC GIJ Campus,31.8
2025-08-30 11:00:00+00:00,UniMAC GIJ Campus,23.4
2025-08-30 12:00:00+00:00,UniMAC GIJ Campus,24.45
2025-08-30 13:00:00+00:00,UniMAC GIJ Campus,17.9
2025-08-30 14:00:00+00:00,UniMAC GIJ Campus,16.65
2025-08-30 15:00:00+00:00,UniMAC GIJ Campus,22.65
2025-08-30 16:00:00+00:00,UniMAC GIJ Campus,36.7
2025-08-30 17:00:00+00:00,UniMAC GIJ Campus,56.25
2025-08-30 18:00:00+00:00,UniMAC GIJ Campus,26.55
2025-08-30 19:00:00+00:00,UniMAC GIJ Campus,22.6
2025-08-30 20:00:00+00:00,UniMAC GIJ Campus,25.95
2025-08-30 21:00:00+00:00,UniMAC GIJ Campus,32.55
2025-08-30 22:00:00+00:00,UniMAC GIJ Campus,28.45
2025-08-30 23:00:00+00:00,UniMAC GIJ Campus,30.4
2025-08-31 00:00:00+00:00,UniMAC GIJ Campus,37.95
2025-08-31 01:00:00+00:00,UniMAC GIJ Campus,30.4
2025-08-31 02:00:00+00:00,UniMAC GIJ Campus,27.0
2025-08-31 03:00:00+00:00,UniMAC GIJ Campus,37.7
2025-08-31 04:00:00+00:00,UniMAC GIJ Campus,36.65
2025-08-31 05:00:00+00:00,UniMAC GIJ Campus,42.65
2025-08-31 06:00:00+00:00,UniMAC GIJ Campus,40.05
2025-08-31 07:00:00+00:00,UniMAC GIJ Campus,34.65
2025-08-31 08:00:00+00:00,UniMAC GIJ Campus,44.35
2025-08-31 09:00:00+00:00,UniMAC GIJ Campus,27.85
2025-08-31 10:00:00+00:00,UniMAC GIJ Campus,35.4
2025-08-31 11:00:00+00:00,UniMAC GIJ Campus,22.95
2025-08-31 12:00:00+00:00,UniMAC GIJ Campus,19.85
2025-08-31 13:00:00+00:00,UniMAC GIJ Campus,21.25
2025-08-31 14:00:00+00:00,UniMAC GIJ Campus,17.3
2025-08-31 15:00:00+00:00,UniMAC GIJ Campus,19.3
2025-08-31 16:00:00+00:00,UniMAC GIJ Campus,33.85
2025-08-31 17:00:00+00:00,UniMAC GIJ Campus,29.6
2025-08-31 18:00:00+00:00,UniMAC GIJ Campus,30.65
2025-08-31 19:00:00+00:00,UniMAC GIJ Campus,24.65
2025-08-31 20:00:00+00:00,UniMAC GIJ Campus,31.65
2025-08-31 21:00:00+00:00,UniMAC GIJ Campus,31.35
2025-08-31 22:00:00+00:00,UniMAC GIJ Campus,33.6
2025-08-31 23:00:00+00:00,UniMAC GIJ Campus,38.1
2025-08-01 05:00:00+00:00,West Hills Mall,11.48
2025-08-01 06:00:00+00:00,West Hills Mall,11.84
2025-08-01 07:00:00+00:00,West Hills Mall,13.11
2025-08-01 08:00:00+00:00,West Hills Mall,13.29
2025-08-01 09:00:00+00:00,West Hills Mall,12.4
2025-08-01 10:00:00+00:00,West Hills Mall,11.07
2025-08-01 15:00:00+00:00,West Hills Mall,19.44
2025-08-01 16:00:00+00:00,West Hills Mall,16.9
2025-08-01 17:00:00+00:00,West Hills Mall,17.86
2025-08-01 18:00:00+00:00,West Hills Mall,12.84
2025-08-01 19:00:00+00:00,West Hills Mall,11.49
2025-08-01 20:00:00+00:00,West Hills Mall,11.83
2025-08-01 21:00:00+00:00,West Hills Mall,14.32
2025-08-01 22:00:00+00:00,West Hills Mall,14.11
2025-08-01 23:00:00+00:00,West Hills Mall,19.27
2025-08-02 00:00:00+00:00,West Hills Mall,21.26
2025-08-02 01:00:00+00:00,West Hills Mall,20.91
2025-08-02 02:00:00+00:00,West Hills Mall,15.94
2025-08-02 03:00:00+00:00,West Hills Mall,15.28
2025-08-02 04:00:00+00:00,West Hills Mall,14.28
2025-08-02 05:00:00+00:00,West Hills Mall,22.64
2025-08-02 06:00:00+00:00,West Hills Mall,43.41
2025-08-02 07:00:00+00:00,West Hills Mall,39.47
2025-08-02 08:00:00+00:00,West Hills Mall,33.2
2025-08-02 10:00:00+00:00,West Hills Mall,24.51
2025-08-02 11:00:00+00:00,West Hills Mall,24.25
2025-08-02 12:00:00+00:00,West Hills Mall,21.63
2025-08-02 13:00:00+00:00,West Hills Mall,20.01
2025-08-02 14:00:00+00:00,West Hills Mall,19.2
2025-08-02 15:00:00+00:00,West Hills Mall,20.02
2025-08-02 16:00:00+00:00,West Hills Mall,17.91
2025-08-02 17:00:00+00:00,West Hills Mall,17.71
2025-08-02 18:00:00+00:00,West Hills Mall,19.33
2025-08-02 19:00:00+00:00,West Hills Mall,19.01
2025-08-02 20:00:00+00:00,West Hills Mall,17.48
2025-08-02 21:00:00+00:00,West Hills Mall,16.69
2025-08-02 22:00:00+00:00,West Hills Mall,18.44
2025-08-02 23:00:00+00:00,West Hills Mall,15.81
2025-08-03 00:00:00+00:00,West Hills Mall,17.52
2025-08-03 02:00:00+00:00,West Hills Mall,13.84
2025-08-03 03:00:00+00:00,West Hills Mall,13.71
2025-08-03 04:00:00+00:00,West Hills Mall,15.7
2025-08-03 05:00:00+00:00,West Hills Mall,14.38
2025-08-03 06:00:00+00:00,West Hills Mall,14.02
2025-08-03 07:00:00+00:00,West Hills Mall,29.79
2025-08-03 08:00:00+00:00,West Hills Mall,32.72
2025-08-03 10:00:00+00:00,West Hills Mall,13.84
2025-08-03 11:00:00+00:00,West Hills Mall,14.36
2025-08-03 12:00:00+00:00,West Hills Mall,13.63
2025-08-03 13:00:00+00:00,West Hills Mall,11.83
2025-08-03 14:00:00+00:00,West Hills Mall,15.39
2025-08-03 15:00:00+00:00,West Hills Mall,14.88
2025-08-03 16:00:00+00:00,West Hills Mall,14.68
2025-08-03 17:00:00+00:00,West Hills Mall,17.58
2025-08-03 18:00:00+00:00,West Hills Mall,21.08
2025-08-03 20:00:00+00:00,West Hills Mall,20.21
2025-08-03 21:00:00+00:00,West Hills Mall,19.01
2025-08-04 00:00:00+00:00,West Hills Mall,13.64
2025-08-04 01:00:00+00:00,West Hills Mall,14.87
2025-08-04 02:00:00+00:00,West Hills Mall,14.79
2025-08-04 08:00:00+00:00,West Hills Mall,18.24
2025-08-04 09:00:00+00:00,West Hills Mall,19.56
2025-08-04 10:00:00+00:00,West Hills Mall,12.88
2025-08-04 11:00:00+00:00,West Hills Mall,13.46
2025-08-04 12:00:00+00:00,West Hills Mall,16.44
2025-08-04 13:00:00+00:00,West Hills Mall,16.11
2025-08-04 14:00:00+00:00,West Hills Mall,15.52
2025-08-04 15:00:00+00:00,West Hills Mall,16.96
2025-08-04 16:00:00+00:00,West Hills Mall,18.79
2025-08-04 17:00:00+00:00,West Hills Mall,18.77
2025-08-04 18:00:00+00:00,West Hills Mall,18.88
2025-08-04 19:00:00+00:00,West Hills Mall,20.66
2025-08-04 20:00:00+00:00,West Hills Mall,15.18
2025-08-04 21:00:00+00:00,West Hills Mall,16.47
2025-08-04 22:00:00+00:00,West Hills Mall,13.79
2025-08-04 23:00:00+00:00,West Hills Mall,13.0
2025-08-05 00:00:00+00:00,West Hills Mall,3.41
2025-08-05 01:00:00+00:00,West Hills Mall,8.02
2025-08-05 02:00:00+00:00,West Hills Mall,9.79
2025-08-05 03:00:00+00:00,West Hills Mall,15.57
2025-08-05 04:00:00+00:00,West Hills Mall,10.4
2025-08-05 05:00:00+00:00,West Hills Mall,14.38
2025-08-05 06:00:00+00:00,West Hills Mall,15.8
2025-08-05 07:00:00+00:00,West Hills Mall,15.06
2025-08-05 08:00:00+00:00,West Hills Mall,15.22
2025-08-05 09:00:00+00:00,West Hills Mall,17.65
2025-08-05 10:00:00+00:00,West Hills Mall,15.42
2025-08-05 11:00:00+00:00,West Hills Mall,15.2
2025-08-05 13:00:00+00:00,West Hills Mall,11.67
2025-08-05 14:00:00+00:00,West Hills Mall,12.29
2025-08-05 15:00:00+00:00,West Hills Mall,13.14
2025-08-05 16:00:00+00:00,West Hills Mall,15.44
2025-08-05 17:00:00+00:00,West Hills Mall,16.57
2025-08-05 18:00:00+00:00,West Hills Mall,14.81
2025-08-05 19:00:00+00:00,West Hills Mall,17.06
2025-08-05 20:00:00+00:00,West Hills Mall,18.96
2025-08-05 21:00:00+00:00,West Hills Mall,16.26
2025-08-05 22:00:00+00:00,West Hills Mall,16.23
2025-08-05 23:00:00+00:00,West Hills Mall,14.37
2025-08-06 00:00:00+00:00,West Hills Mall,8.25
2025-08-06 01:00:00+00:00,West Hills Mall,6.28
2025-08-06 02:00:00+00:00,West Hills Mall,6.28
2025-08-06 03:00:00+00:00,West Hills Mall,5.69
2025-08-06 04:00:00+00:00,West Hills Mall,12.39
2025-08-06 05:00:00+00:00,West Hills Mall,12.73
2025-08-06 06:00:00+00:00,West Hills Mall,14.02
2025-08-06 07:00:00+00:00,West Hills Mall,17.48
2025-08-06 08:00:00+00:00,West Hills Mall,17.43
2025-08-06 09:00:00+00:00,West Hills Mall,16.57
2025-08-06 10:00:00+00:00,West Hills Mall,17.48
2025-08-06 11:00:00+00:00,West Hills Mall,16.14
2025-08-06 12:00:00+00:00,West Hills Mall,16.26
2025-08-06 13:00:00+00:00,West Hills Mall,14.4
2025-08-06 14:00:00+00:00,West Hills Mall,16.35
2025-08-06 15:00:00+00:00,West Hills Mall,16.31
2025-08-06 16:00:00+00:00,West Hills Mall,18.36
2025-08-06 17:00:00+00:00,West Hills Mall,21.26
2025-08-06 18:00:00+00:00,West Hills Mall,21.3
2025-08-06 19:00:00+00:00,West Hills Mall,21.42
2025-08-06 20:00:00+00:00,West Hills Mall,20.95
2025-08-06 21:00:00+00:00,West Hills Mall,20.54
2025-08-06 23:00:00+00:00,West Hills Mall,19.67
2025-08-07 00:00:00+00:00,West Hills Mall,22.16
2025-08-07 01:00:00+00:00,West Hills Mall,20.86
2025-08-07 02:00:00+00:00,West Hills Mall,21.22
2025-08-07 03:00:00+00:00,West Hills Mall,22.92
2025-08-07 04:00:00+00:00,West Hills Mall,22.96
2025-08-07 05:00:00+00:00,West Hills Mall,21.23
2025-08-07 06:00:00+00:00,West Hills Mall,26.77
2025-08-07 07:00:00+00:00,West Hills Mall,25.77
2025-08-07 08:00:00+00:00,West Hills Mall,23.84
2025-08-07 09:00:00+00:00,West Hills Mall,21.47
2025-08-07 10:00:00+00:00,West Hills Mall,18.76
2025-08-07 11:00:00+00:00,West Hills Mall,18.65
2025-08-07 12:00:00+00:00,West Hills Mall,17.11
2025-08-07 13:00:00+00:00,West Hills Mall,18.24
2025-08-07 14:00:00+00:00,West Hills Mall,16.12
2025-08-07 15:00:00+00:00,West Hills Mall,16.89
2025-08-07 16:00:00+00:00,West Hills Mall,16.76
2025-08-07 17:00:00+00:00,West Hills Mall,17.66
2025-08-07 18:00:00+00:00,West Hills Mall,17.89
2025-08-07 19:00:00+00:00,West Hills Mall,17.9
2025-08-07 20:00:00+00:00,West Hills Mall,17.71
2025-08-07 21:00:00+00:00,West Hills Mall,17.36
2025-08-07 22:00:00+00:00,West Hills Mall,18.64
2025-08-07 23:00:00+00:00,West Hills Mall,18.46
2025-08-08 00:00:00+00:00,West Hills Mall,17.66
2025-08-08 02:00:00+00:00,West Hills Mall,17.57
2025-08-08 03:00:00+00:00,West Hills Mall,16.95
2025-08-08 04:00:00+00:00,West Hills Mall,20.95
2025-08-08 05:00:00+00:00,West Hills Mall,21.7
2025-08-08 07:00:00+00:00,West Hills Mall,21.26
2025-08-08 08:00:00+00:00,West Hills Mall,24.41
2025-08-08 09:00:00+00:00,West Hills Mall,21.7
2025-08-08 10:00:00+00:00,West Hills Mall,20.92
2025-08-08 11:00:00+00:00,West Hills Mall,17.73
2025-08-08 12:00:00+00:00,West Hills Mall,18.38
2025-08-08 13:00:00+00:00,West Hills Mall,17.56
2025-08-08 14:00:00+00:00,West Hills Mall,17.17
2025-08-08 15:00:00+00:00,West Hills Mall,15.5
2025-08-08 16:00:00+00:00,West Hills Mall,16.56
2025-08-08 17:00:00+00:00,West Hills Mall,18.74
2025-08-08 18:00:00+00:00,West Hills Mall,19.14
2025-08-08 19:00:00+00:00,West Hills Mall,20.97
2025-08-08 20:00:00+00:00,West Hills Mall,22.15
2025-08-08 21:00:00+00:00,West Hills Mall,19.95
2025-08-09 06:00:00+00:00,West Hills Mall,16.38
2025-08-09 07:00:00+00:00,West Hills Mall,21.06
2025-08-09 08:00:00+00:00,West Hills Mall,22.05
2025-08-09 09:00:00+00:00,West Hills Mall,17.72
2025-08-09 10:00:00+00:00,West Hills Mall,16.59
2025-08-09 11:00:00+00:00,West Hills Mall,13.32
2025-08-09 12:00:00+00:00,West Hills Mall,11.29
2025-08-09 13:00:00+00:00,West Hills Mall,10.86
2025-08-09 14:00:00+00:00,West Hills Mall,15.17
2025-08-09 15:00:00+00:00,West Hills Mall,12.92
2025-08-09 16:00:00+00:00,West Hills Mall,14.61
2025-08-09 17:00:00+00:00,West Hills Mall,16.08
2025-08-09 18:00:00+00:00,West Hills Mall,19.36
2025-08-09 19:00:00+00:00,West Hills Mall,18.16
2025-08-09 20:00:00+00:00,West Hills Mall,23.0
2025-08-09 21:00:00+00:00,West Hills Mall,19.18
2025-08-09 22:00:00+00:00,West Hills Mall,18.3
2025-08-10 06:00:00+00:00,West Hills Mall,22.13
2025-08-10 07:00:00+00:00,West Hills Mall,20.55
2025-08-10 08:00:00+00:00,West Hills Mall,21.43
2025-08-10 09:00:00+00:00,West Hills Mall,15.14
2025-08-10 10:00:00+00:00,West Hills Mall,13.23
2025-08-10 11:00:00+00:00,West Hills Mall,9.45
2025-08-10 12:00:00+00:00,West Hills Mall,8.96
2025-08-10 13:00:00+00:00,West Hills Mall,7.72
2025-08-10 14:00:00+00:00,West Hills Mall,7.02
2025-08-10 15:00:00+00:00,West Hills Mall,8.15
2025-08-10 16:00:00+00:00,West Hills Mall,11.53
2025-08-10 17:00:00+00:00,West Hills Mall,12.86
2025-08-10 18:00:00+00:00,West Hills Mall,15.63
2025-08-10 19:00:00+00:00,West Hills Mall,14.75
2025-08-10 20:00:00+00:00,West Hills Mall,14.32
2025-08-10 21:00:00+00:00,West Hills Mall,11.85
2025-08-10 22:00:00+00:00,West Hills Mall,11.4
2025-08-11 03:00:00+00:00,West Hills Mall,9.6
2025-08-11 04:00:00+00:00,West Hills Mall,7.51
2025-08-11 05:00:00+00:00,West Hills Mall,7.87
2025-08-11 06:00:00+00:00,West Hills Mall,8.49
2025-08-11 07:00:00+00:00,West Hills Mall,9.61
2025-08-11 08:00:00+00:00,West Hills Mall,9.73
2025-08-11 09:00:00+00:00,West Hills Mall,7.78
2025-08-11 10:00:00+00:00,West Hills Mall,8.24
2025-08-11 11:00:00+00:00,West Hills Mall,6.74
2025-08-11 12:00:00+00:00,West Hills Mall,5.48
2025-08-11 13:00:00+00:00,West Hills Mall,6.62
2025-08-11 14:00:00+00:00,West Hills Mall,6.41
2025-08-11 15:00:00+00:00,West Hills Mall,7.62
2025-08-11 16:00:00+00:00,West Hills Mall,8.25
2025-08-11 17:00:00+00:00,West Hills Mall,9.53
2025-08-11 18:00:00+00:00,West Hills Mall,9.37
2025-08-11 19:00:00+00:00,West Hills Mall,8.96
2025-08-11 20:00:00+00:00,West Hills Mall,8.02
2025-08-11 21:00:00+00:00,West Hills Mall,6.03
2025-08-11 22:00:00+00:00,West Hills Mall,5.85
2025-08-12 05:00:00+00:00,West Hills Mall,4.27
2025-08-12 06:00:00+00:00,West Hills Mall,4.72
2025-08-12 07:00:00+00:00,West Hills Mall,4.83
2025-08-12 08:00:00+00:00,West Hills Mall,5.42
2025-08-12 09:00:00+00:00,West Hills Mall,2.4
2025-08-12 10:00:00+00:00,West Hills Mall,3.13
2025-08-12 14:00:00+00:00,West Hills Mall,8.49
2025-08-12 15:00:00+00:00,West Hills Mall,8.11
2025-08-12 16:00:00+00:00,West Hills Mall,8.05
2025-08-12 17:00:00+00:00,West Hills Mall,10.84
2025-08-12 18:00:00+00:00,West Hills Mall,10.71
2025-08-12 19:00:00+00:00,West Hills Mall,10.48
2025-08-12 20:00:00+00:00,West Hills Mall,9.22
2025-08-12 21:00:00+00:00,West Hills Mall,11.95
2025-08-12 22:00:00+00:00,West Hills Mall,4.21
2025-08-12 23:00:00+00:00,West Hills Mall,4.31
2025-08-13 04:00:00+00:00,West Hills Mall,9.35
2025-08-13 05:00:00+00:00,West Hills Mall,7.17
2025-08-13 06:00:00+00:00,West Hills Mall,7.38
2025-08-13 07:00:00+00:00,West Hills Mall,7.95
2025-08-13 08:00:00+00:00,West Hills Mall,5.9
2025-08-13 09:00:00+00:00,West Hills Mall,7.36
2025-08-13 10:00:00+00:00,West Hills Mall,6.85
2025-08-13 11:00:00+00:00,West Hills Mall,7.67
2025-08-13 12:00:00+00:00,West Hills Mall,5.97
2025-08-13 13:00:00+00:00,West Hills Mall,5.27
2025-08-13 14:00:00+00:00,West Hills Mall,7.1
2025-08-13 15:00:00+00:00,West Hills Mall,8.48
2025-08-13 16:00:00+00:00,West Hills Mall,9.27
2025-08-13 17:00:00+00:00,West Hills Mall,10.03
2025-08-13 18:00:00+00:00,West Hills Mall,7.61
2025-08-13 19:00:00+00:00,West Hills Mall,12.93
2025-08-13 20:00:00+00:00,West Hills Mall,8.62
2025-08-13 21:00:00+00:00,West Hills Mall,5.51
2025-08-13 22:00:00+00:00,West Hills Mall,8.38
2025-08-14 05:00:00+00:00,West Hills Mall,9.48
2025-08-14 06:00:00+00:00,West Hills Mall,10.78
2025-08-14 07:00:00+00:00,West Hills Mall,10.1
2025-08-14 08:00:00+00:00,West Hills Mall,8.52
2025-08-14 09:00:00+00:00,West Hills Mall,6.94
2025-08-14 10:00:00+00:00,West Hills Mall,9.67
2025-08-14 11:00:00+00:00,West Hills Mall,8.85
2025-08-14 12:00:00+00:00,West Hills Mall,6.81
2025-08-14 13:00:00+00:00,West Hills Mall,6.14
2025-08-14 14:00:00+00:00,West Hills Mall,7.51
2025-08-14 15:00:00+00:00,West Hills Mall,7.3
2025-08-14 16:00:00+00:00,West Hills Mall,7.69
2025-08-14 17:00:00+00:00,West Hills Mall,7.72
2025-08-14 18:00:00+00:00,West Hills Mall,9.64
2025-08-14 19:00:00+00:00,West Hills Mall,10.23
2025-08-14 20:00:00+00:00,West Hills Mall,9.69
2025-08-14 21:00:00+00:00,West Hills Mall,10.39
2025-08-14 22:00:00+00:00,West Hills Mall,7.52
2025-08-14 23:00:00+00:00,West Hills Mall,9.12
2025-08-15 00:00:00+00:00,West Hills Mall,9.78
2025-08-15 01:00:00+00:00,West Hills Mall,8.39
2025-08-15 02:00:00+00:00,West Hills Mall,7.88
2025-08-15 03:00:00+00:00,West Hills Mall,11.34
2025-08-15 04:00:00+00:00,West Hills Mall,21.73
2025-08-15 05:00:00+00:00,West Hills Mall,22.89
2025-08-15 06:00:00+00:00,West Hills Mall,28.72
2025-08-15 07:00:00+00:00,West Hills Mall,27.71
2025-08-15 08:00:00+00:00,West Hills Mall,20.47
2025-08-15 09:00:00+00:00,West Hills Mall,13.06
2025-08-15 10:00:00+00:00,West Hills Mall,10.35
2025-08-15 11:00:00+00:00,West Hills Mall,12.89
2025-08-15 12:00:00+00:00,West Hills Mall,10.01
2025-08-15 13:00:00+00:00,West Hills Mall,10.56
2025-08-15 14:00:00+00:00,West Hills Mall,10.26
2025-08-15 15:00:00+00:00,West Hills Mall,11.04
2025-08-15 16:00:00+00:00,West Hills Mall,12.86
2025-08-15 17:00:00+00:00,West Hills Mall,14.72
2025-08-15 18:00:00+00:00,West Hills Mall,14.34
2025-08-15 19:00:00+00:00,West Hills Mall,9.6
2025-08-15 20:00:00+00:00,West Hills Mall,11.38
2025-08-15 21:00:00+00:00,West Hills Mall,8.29
2025-08-15 22:00:00+00:00,West Hills Mall,8.77
2025-08-16 02:00:00+00:00,West Hills Mall,7.44
2025-08-16 03:00:00+00:00,West Hills Mall,6.89
2025-08-16 05:00:00+00:00,West Hills Mall,12.77
2025-08-16 06:00:00+00:00,West Hills Mall,18.93
2025-08-16 07:00:00+00:00,West Hills Mall,18.27
2025-08-16 08:00:00+00:00,West Hills Mall,19.48
2025-08-16 09:00:00+00:00,West Hills Mall,11.54
2025-08-16 10:00:00+00:00,West Hills Mall,11.13
2025-08-16 11:00:00+00:00,West Hills Mall,10.26
2025-08-16 12:00:00+00:00,West Hills Mall,10.73
2025-08-16 13:00:00+00:00,West Hills Mall,13.97
2025-08-16 14:00:00+00:00,West Hills Mall,11.66
2025-08-16 15:00:00+00:00,West Hills Mall,16.11
2025-08-16 16:00:00+00:00,West Hills Mall,9.28
2025-08-16 17:00:00+00:00,West Hills Mall,9.93
2025-08-16 18:00:00+00:00,West Hills Mall,10.51
2025-08-16 19:00:00+00:00,West Hills Mall,10.53
2025-08-16 20:00:00+00:00,West Hills Mall,8.97
2025-08-16 21:00:00+00:00,West Hills Mall,9.37
2025-08-17 00:00:00+00:00,West Hills Mall,8.74
2025-08-17 01:00:00+00:00,West Hills Mall,9.46
2025-08-17 05:00:00+00:00,West Hills Mall,8.49
2025-08-17 06:00:00+00:00,West Hills Mall,10.07
2025-08-17 07:00:00+00:00,West Hills Mall,11.26
2025-08-17 08:00:00+00:00,West Hills Mall,10.39
2025-08-17 09:00:00+00:00,West Hills Mall,9.21
2025-08-17 10:00:00+00:00,West Hills Mall,8.07
2025-08-17 11:00:00+00:00,West Hills Mall,7.38
2025-08-17 12:00:00+00:00,West Hills Mall,11.91
2025-08-17 13:00:00+00:00,West Hills Mall,9.22
2025-08-17 14:00:00+00:00,West Hills Mall,8.81
2025-08-17 15:00:00+00:00,West Hills Mall,8.61
2025-08-17 16:00:00+00:00,West Hills Mall,40.68
2025-08-17 17:00:00+00:00,West Hills Mall,22.56
2025-08-17 18:00:00+00:00,West Hills Mall,17.84
2025-08-17 19:00:00+00:00,West Hills Mall,15.25
2025-08-17 20:00:00+00:00,West Hills Mall,14.52
2025-08-17 21:00:00+00:00,West Hills Mall,20.87
2025-08-17 22:00:00+00:00,West Hills Mall,14.14
2025-08-17 23:00:00+00:00,West Hills Mall,8.85
2025-08-18 00:00:00+00:00,West Hills Mall,10.0
2025-08-18 07:00:00+00:00,West Hills Mall,12.3
2025-08-18 08:00:00+00:00,West Hills Mall,10.45
2025-08-18 11:00:00+00:00,West Hills Mall,8.36
2025-08-18 12:00:00+00:00,West Hills Mall,10.02
2025-08-18 13:00:00+00:00,West Hills Mall,9.62
2025-08-18 14:00:00+00:00,West Hills Mall,9.24
2025-08-18 15:00:00+00:00,West Hills Mall,9.65
2025-08-18 19:00:00+00:00,West Hills Mall,13.71
2025-08-18 20:00:00+00:00,West Hills Mall,12.0
2025-08-19 05:00:00+00:00,West Hills Mall,13.42
2025-08-19 06:00:00+00:00,West Hills Mall,15.68
2025-08-19 07:00:00+00:00,West Hills Mall,17.41
2025-08-19 08:00:00+00:00,West Hills Mall,12.79
2025-08-19 09:00:00+00:00,West Hills Mall,10.31
2025-08-19 10:00:00+00:00,West Hills Mall,8.78
2025-08-19 11:00:00+00:00,West Hills Mall,8.53
2025-08-19 12:00:00+00:00,West Hills Mall,8.57
2025-08-19 13:00:00+00:00,West Hills Mall,10.68
2025-08-19 14:00:00+00:00,West Hills Mall,10.93
2025-08-19 15:00:00+00:00,West Hills Mall,10.2
2025-08-19 16:00:00+00:00,West Hills Mall,11.1
2025-08-19 17:00:00+00:00,West Hills Mall,13.93
2025-08-19 18:00:00+00:00,West Hills Mall,12.51
2025-08-19 19:00:00+00:00,West Hills Mall,12.31
2025-08-19 20:00:00+00:00,West Hills Mall,11.78
2025-08-19 21:00:00+00:00,West Hills Mall,13.3
2025-08-19 22:00:00+00:00,West Hills Mall,13.51
2025-08-19 23:00:00+00:00,West Hills Mall,11.51
2025-08-20 00:00:00+00:00,West Hills Mall,11.54
2025-08-20 01:00:00+00:00,West Hills Mall,16.27
2025-08-20 02:00:00+00:00,West Hills Mall,10.54
2025-08-20 03:00:00+00:00,West Hills Mall,14.31
2025-08-20 04:00:00+00:00,West Hills Mall,14.49
2025-08-20 05:00:00+00:00,West Hills Mall,13.19
2025-08-20 06:00:00+00:00,West Hills Mall,16.43
2025-08-20 07:00:00+00:00,West Hills Mall,15.57
2025-08-20 08:00:00+00:00,West Hills Mall,10.71
2025-08-20 09:00:00+00:00,West Hills Mall,10.41
2025-08-20 10:00:00+00:00,West Hills Mall,11.25
2025-08-20 11:00:00+00:00,West Hills Mall,11.64
2025-08-20 12:00:00+00:00,West Hills Mall,12.53
2025-08-20 13:00:00+00:00,West Hills Mall,17.7
2025-08-20 14:00:00+00:00,West Hills Mall,14.6
2025-08-20 15:00:00+00:00,West Hills Mall,14.43
2025-08-20 16:00:00+00:00,West Hills Mall,12.91
2025-08-20 17:00:00+00:00,West Hills Mall,14.55
2025-08-20 18:00:00+00:00,West Hills Mall,11.83
2025-08-20 19:00:00+00:00,West Hills Mall,13.0
2025-08-20 23:00:00+00:00,West Hills Mall,12.97
2025-08-21 00:00:00+00:00,West Hills Mall,10.71
2025-08-21 04:00:00+00:00,West Hills Mall,11.61
2025-08-21 05:00:00+00:00,West Hills Mall,17.98
2025-08-21 06:00:00+00:00,West Hills Mall,23.59
2025-08-21 07:00:00+00:00,West Hills Mall,21.29
2025-08-21 08:00:00+00:00,West Hills Mall,17.01
2025-08-21 09:00:00+00:00,West Hills Mall,12.37
2025-08-21 10:00:00+00:00,West Hills Mall,12.61
2025-08-21 11:00:00+00:00,West Hills Mall,12.77
2025-08-21 12:00:00+00:00,West Hills Mall,10.45
2025-08-21 13:00:00+00:00,West Hills Mall,10.57
2025-08-21 14:00:00+00:00,West Hills Mall,10.42
2025-08-21 15:00:00+00:00,West Hills Mall,10.86
2025-08-21 16:00:00+00:00,West Hills Mall,11.77
2025-08-21 17:00:00+00:00,West Hills Mall,17.2
2025-08-21 18:00:00+00:00,West Hills Mall,11.11
2025-08-21 19:00:00+00:00,West Hills Mall,9.45
2025-08-22 00:00:00+00:00,West Hills Mall,10.78
2025-08-22 01:00:00+00:00,West Hills Mall,10.49
2025-08-22 02:00:00+00:00,West Hills Mall,8.62
2025-08-22 03:00:00+00:00,West Hills Mall,9.42
2025-08-22 04:00:00+00:00,West Hills Mall,12.6
2025-08-22 05:00:00+00:00,West Hills Mall,15.61
2025-08-22 06:00:00+00:00,West Hills Mall,23.8
2025-08-22 07:00:00+00:00,West Hills Mall,18.7
2025-08-22 08:00:00+00:00,West Hills Mall,14.22
2025-08-22 09:00:00+00:00,West Hills Mall,11.21
2025-08-22 10:00:00+00:00,West Hills Mall,12.31
2025-08-22 11:00:00+00:00,West Hills Mall,11.75
2025-08-22 12:00:00+00:00,West Hills Mall,13.83
2025-08-22 13:00:00+00:00,West Hills Mall,12.89
2025-08-22 14:00:00+00:00,West Hills Mall,13.84
2025-08-22 15:00:00+00:00,West Hills Mall,11.04
2025-08-22 16:00:00+00:00,West Hills Mall,14.55
2025-08-22 17:00:00+00:00,West Hills Mall,16.99
2025-08-22 18:00:00+00:00,West Hills Mall,21.26
2025-08-22 19:00:00+00:00,West Hills Mall,19.77
2025-08-22 20:00:00+00:00,West Hills Mall,15.78
2025-08-22 21:00:00+00:00,West Hills Mall,12.89
2025-08-22 22:00:00+00:00,West Hills Mall,18.15
2025-08-22 23:00:00+00:00,West Hills Mall,18.33
2025-08-23 02:00:00+00:00,West Hills Mall,11.71
2025-08-23 03:00:00+00:00,West Hills Mall,14.42
2025-08-23 04:00:00+00:00,West Hills Mall,15.34
2025-08-23 05:00:00+00:00,West Hills Mall,16.46
2025-08-23 06:00:00+00:00,West Hills Mall,32.36
2025-08-23 07:00:00+00:00,West Hills Mall,33.71
2025-08-23 08:00:00+00:00,West Hills Mall,25.83
2025-08-23 09:00:00+00:00,West Hills Mall,16.43
2025-08-23 10:00:00+00:00,West Hills Mall,15.41
2025-08-23 11:00:00+00:00,West Hills Mall,17.53
2025-08-23 12:00:00+00:00,West Hills Mall,13.56
2025-08-23 13:00:00+00:00,West Hills Mall,12.71
2025-08-23 14:00:00+00:00,West Hills Mall,14.69
2025-08-23 15:00:00+00:00,West Hills Mall,14.08
2025-08-23 16:00:00+00:00,West Hills Mall,13.11
2025-08-23 17:00:00+00:00,West Hills Mall,13.22
2025-08-23 18:00:00+00:00,West Hills Mall,16.15
2025-08-23 19:00:00+00:00,West Hills Mall,16.41
2025-08-23 20:00:00+00:00,West Hills Mall,18.09
2025-08-23 21:00:00+00:00,West Hills Mall,16.71
2025-08-23 22:00:00+00:00,West Hills Mall,19.61
2025-08-23 23:00:00+00:00,West Hills Mall,30.3
2025-08-24 00:00:00+00:00,West Hills Mall,19.66
2025-08-24 01:00:00+00:00,West Hills Mall,13.12
2025-08-24 02:00:00+00:00,West Hills Mall,13.75
2025-08-24 03:00:00+00:00,West Hills Mall,13.3
2025-08-24 04:00:00+00:00,West Hills Mall,11.38
2025-08-24 05:00:00+00:00,West Hills Mall,21.65
2025-08-24 06:00:00+00:00,West Hills Mall,19.22
2025-08-24 07:00:00+00:00,West Hills Mall,37.28
2025-08-24 08:00:00+00:00,West Hills Mall,28.65
2025-08-24 09:00:00+00:00,West Hills Mall,19.16
2025-08-24 10:00:00+00:00,West Hills Mall,15.96
2025-08-24 11:00:00+00:00,West Hills Mall,13.6
2025-08-24 12:00:00+00:00,West Hills Mall,12.55
2025-08-24 13:00:00+00:00,West Hills Mall,12.28
2025-08-24 14:00:00+00:00,West Hills Mall,10.82
2025-08-24 15:00:00+00:00,West Hills Mall,11.28
2025-08-24 16:00:00+00:00,West Hills Mall,11.36
2025-08-24 17:00:00+00:00,West Hills Mall,10.82
2025-08-24 18:00:00+00:00,West Hills Mall,14.92
2025-08-24 19:00:00+00:00,West Hills Mall,14.15
2025-08-24 20:00:00+00:00,West Hills Mall,12.14
2025-08-24 21:00:00+00:00,West Hills Mall,11.34
2025-08-24 23:00:00+00:00,West Hills Mall,12.22
2025-08-25 00:00:00+00:00,West Hills Mall,11.72
2025-08-25 01:00:00+00:00,West Hills Mall,12.13
2025-08-25 02:00:00+00:00,West Hills Mall,13.93
2025-08-25 03:00:00+00:00,West Hills Mall,16.38
2025-08-25 04:00:00+00:00,West Hills Mall,18.18
2025-08-25 05:00:00+00:00,West Hills Mall,20.42
2025-08-25 06:00:00+00:00,West Hills Mall,21.49
2025-08-25 07:00:00+00:00,West Hills Mall,35.05
2025-08-25 08:00:00+00:00,West Hills Mall,21.94
2025-08-25 10:00:00+00:00,West Hills Mall,12.47
2025-08-25 11:00:00+00:00,West Hills Mall,12.46
2025-08-25 12:00:00+00:00,West Hills Mall,13.4
2025-08-25 13:00:00+00:00,West Hills Mall,16.23
2025-08-25 14:00:00+00:00,West Hills Mall,14.53
2025-08-25 15:00:00+00:00,West Hills Mall,18.8
2025-08-25 17:00:00+00:00,West Hills Mall,17.62
2025-08-25 18:00:00+00:00,West Hills Mall,15.78
2025-08-25 19:00:00+00:00,West Hills Mall,14.33
2025-08-25 20:00:00+00:00,West Hills Mall,10.6
2025-08-26 04:00:00+00:00,West Hills Mall,9.58
2025-08-26 05:00:00+00:00,West Hills Mall,10.25
2025-08-26 06:00:00+00:00,West Hills Mall,13.21
2025-08-26 07:00:00+00:00,West Hills Mall,16.13
2025-08-26 08:00:00+00:00,West Hills Mall,14.44
2025-08-26 09:00:00+00:00,West Hills Mall,11.88
2025-08-26 10:00:00+00:00,West Hills Mall,13.12
2025-08-26 11:00:00+00:00,West Hills Mall,14.97
2025-08-26 12:00:00+00:00,West Hills Mall,12.59
2025-08-26 13:00:00+00:00,West Hills Mall,11.55
2025-08-26 16:00:00+00:00,West Hills Mall,13.31
2025-08-26 17:00:00+00:00,West Hills Mall,14.64
2025-08-26 18:00:00+00:00,West Hills Mall,17.54
2025-08-26 19:00:00+00:00,West Hills Mall,16.26
2025-08-26 20:00:00+00:00,West Hills Mall,13.9
2025-08-26 21:00:00+00:00,West Hills Mall,13.12
2025-08-26 22:00:00+00:00,West Hills Mall,14.08
2025-08-26 23:00:00+00:00,West Hills Mall,12.63
2025-08-27 00:00:00+00:00,West Hills Mall,11.99
2025-08-27 01:00:00+00:00,West Hills Mall,13.25
2025-08-27 02:00:00+00:00,West Hills Mall,15.96
2025-08-27 03:00:00+00:00,West Hills Mall,18.03
2025-08-27 04:00:00+00:00,West Hills Mall,18.54
2025-08-27 05:00:00+00:00,West Hills Mall,20.5
2025-08-27 08:00:00+00:00,West Hills Mall,16.07
2025-08-27 09:00:00+00:00,West Hills Mall,13.93
2025-08-27 10:00:00+00:00,West Hills Mall,11.62
2025-08-27 13:00:00+00:00,West Hills Mall,10.61
2025-08-27 14:00:00+00:00,West Hills Mall,12.1
2025-08-27 15:00:00+00:00,West Hills Mall,11.75
2025-08-27 16:00:00+00:00,West Hills Mall,12.73
2025-08-27 17:00:00+00:00,West Hills Mall,16.6
2025-08-27 18:00:00+00:00,West Hills Mall,17.57
2025-08-27 19:00:00+00:00,West Hills Mall,16.45
2025-08-27 20:00:00+00:00,West Hills Mall,14.58
2025-08-27 21:00:00+00:00,West Hills Mall,15.61
2025-08-27 22:00:00+00:00,West Hills Mall,15.59
2025-08-27 23:00:00+00:00,West Hills Mall,20.31
2025-08-28 00:00:00+00:00,West Hills Mall,19.85
2025-08-28 01:00:00+00:00,West Hills Mall,18.85
2025-08-28 02:00:00+00:00,West Hills Mall,19.53
2025-08-28 06:00:00+00:00,West Hills Mall,47.05
2025-08-28 09:00:00+00:00,West Hills Mall,15.71
2025-08-28 10:00:00+00:00,West Hills Mall,15.84
2025-08-28 11:00:00+00:00,West Hills Mall,9.36
2025-08-28 12:00:00+00:00,West Hills Mall,9.8
2025-08-28 16:00:00+00:00,West Hills Mall,9.42
2025-08-28 17:00:00+00:00,West Hills Mall,10.63
2025-08-28 18:00:00+00:00,West Hills Mall,12.42
2025-08-28 19:00:00+00:00,West Hills Mall,12.56
2025-08-28 20:00:00+00:00,West Hills Mall,11.78
2025-08-28 21:00:00+00:00,West Hills Mall,13.05
2025-08-28 22:00:00+00:00,West Hills Mall,13.47
2025-08-28 23:00:00+00:00,West Hills Mall,12.98
2025-08-29 06:00:00+00:00,West Hills Mall,12.44
2025-08-29 07:00:00+00:00,West Hills Mall,13.03
2025-08-29 08:00:00+00:00,West Hills Mall,13.96
2025-08-29 09:00:00+00:00,West Hills Mall,10.17
2025-08-29 11:00:00+00:00,West Hills Mall,9.42
2025-08-29 14:00:00+00:00,West Hills Mall,12.48
2025-08-29 15:00:00+00:00,West Hills Mall,8.69
2025-08-29 16:00:00+00:00,West Hills Mall,9.96
2025-08-29 17:00:00+00:00,West Hills Mall,11.72
2025-08-29 18:00:00+00:00,West Hills Mall,13.1
2025-08-29 19:00:00+00:00,West Hills Mall,14.93
2025-08-29 20:00:00+00:00,West Hills Mall,12.47
2025-08-29 21:00:00+00:00,West Hills Mall,11.51
2025-08-29 22:00:00+00:00,West Hills Mall,10.14
2025-08-30 03:00:00+00:00,West Hills Mall,10.34
2025-08-30 04:00:00+00:00,West Hills Mall,13.14
2025-08-30 05:00:00+00:00,West Hills Mall,23.04
2025-08-30 06:00:00+00:00,West Hills Mall,33.62
2025-08-30 07:00:00+00:00,West Hills Mall,12.17
2025-08-30 08:00:00+00:00,West Hills Mall,10.71
2025-08-30 11:00:00+00:00,West Hills Mall,9.21
2025-08-30 12:00:00+00:00,West Hills Mall,9.5
2025-08-30 14:00:00+00:00,West Hills Mall,8.97
2025-08-30 15:00:00+00:00,West Hills Mall,10.21
2025-08-30 16:00:00+00:00,West Hills Mall,10.53
2025-08-30 17:00:00+00:00,West Hills Mall,11.76
2025-08-30 18:00:00+00:00,West Hills Mall,14.32
2025-08-30 19:00:00+00:00,West Hills Mall,14.15
2025-08-30 20:00:00+00:00,West Hills Mall,14.79
2025-08-30 21:00:00+00:00,West Hills Mall,15.65
2025-08-30 22:00:00+00:00,West Hills Mall,20.32
2025-08-30 23:00:00+00:00,West Hills Mall,19.06
2025-08-31 00:00:00+00:00,West Hills Mall,17.36
2025-08-31 01:00:00+00:00,West Hills Mall,17.78
2025-08-31 02:00:00+00:00,West Hills Mall,12.35
2025-08-31 03:00:00+00:00,West Hills Mall,11.68
2025-08-31 04:00:00+00:00,West Hills Mall,15.18
2025-08-31 05:00:00+00:00,West Hills Mall,14.71
2025-08-31 07:00:00+00:00,West Hills Mall,19.28
2025-08-31 08:00:00+00:00,West Hills Mall,16.67
2025-08-31 09:00:00+00:00,West Hills Mall,10.89
2025-08-31 11:00:00+00:00,West Hills Mall,9.98
2025-08-31 12:00:00+00:00,West Hills Mall,10.48
2025-08-31 15:00:00+00:00,West Hills Mall,12.01
2025-08-31 16:00:00+00:00,West Hills Mall,10.94
2025-08-31 17:00:00+00:00,West Hills Mall,12.17
2025-08-31 18:00:00+00:00,West Hills Mall,14.68
2025-08-31 19:00:00+00:00,West Hills Mall,15.75
2025-08-31 20:00:00+00:00,West Hills Mall,17.92
2025-08-31 21:00:00+00:00,West Hills Mall,15.15
2025-08-31 22:00:00+00:00,West Hills Mall,14.77
