datetime,site_name,pm25_value
2025-08-01 09:00:00+00:00,Apapa Port,25.53
2025-08-01 10:00:00+00:00,Apapa Port,15.32
2025-08-01 11:00:00+00:00,Apapa Port,14.11
2025-08-01 12:00:00+00:00,Apapa Port,10.97
2025-08-01 13:00:00+00:00,Apapa Port,19.64
2025-08-01 14:00:00+00:00,Apapa Port,14.19
2025-08-01 16:00:00+00:00,Apapa Port,15.17
2025-08-01 17:00:00+00:00,Apapa Port,37.47
2025-08-01 18:00:00+00:00,Apapa Port,22.89
2025-08-01 22:00:00+00:00,Apapa Port,15.4
2025-08-01 23:00:00+00:00,Apapa Port,16.3
2025-08-02 01:00:00+00:00,Apapa Port,13.42
2025-08-02 02:00:00+00:00,Apapa Port,11.97
2025-08-02 10:00:00+00:00,Apapa Port,17.13
2025-08-02 11:00:00+00:00,Apapa Port,23.87
2025-08-02 12:00:00+00:00,Apapa Port,16.18
2025-08-02 14:00:00+00:00,Apapa Port,34.4
2025-08-02 15:00:00+00:00,Apapa Port,16.89
2025-08-02 17:00:00+00:00,Apapa Port,17.37
2025-08-02 18:00:00+00:00,Apapa Port,56.43
2025-08-02 19:00:00+00:00,Apapa Port,30.15
2025-08-02 21:00:00+00:00,Apapa Port,32.19
2025-08-02 22:00:00+00:00,Apapa Port,46.77
2025-08-02 23:00:00+00:00,Apapa Port,11.16
2025-08-03 00:00:00+00:00,Apapa Port,14.62
2025-08-03 01:00:00+00:00,Apapa Port,15.34
2025-08-03 09:00:00+00:00,Apapa Port,14.17
2025-08-03 10:00:00+00:00,Apapa Port,13.36
2025-08-03 11:00:00+00:00,Apapa Port,21.34
2025-08-03 12:00:00+00:00,Apapa Port,21.37
2025-08-03 13:00:00+00:00,Apapa Port,48.6
2025-08-03 14:00:00+00:00,Apapa Port,14.98
2025-08-03 15:00:00+00:00,Apapa Port,41.3
2025-08-03 17:00:00+00:00,Apapa Port,16.83
2025-08-03 18:00:00+00:00,Apapa Port,22.51
2025-08-03 19:00:00+00:00,Apapa Port,25.14
2025-08-04 10:00:00+00:00,Apapa Port,17.64
2025-08-04 11:00:00+00:00,Apapa Port,17.74
2025-08-04 12:00:00+00:00,Apapa Port,16.78
2025-08-04 13:00:00+00:00,Apapa Port,21.29
2025-08-04 14:00:00+00:00,Apapa Port,35.35
2025-08-04 15:00:00+00:00,Apapa Port,18.3
2025-08-04 16:00:00+00:00,Apapa Port,17.48
2025-08-04 17:00:00+00:00,Apapa Port,29.23
2025-08-05 08:00:00+00:00,Apapa Port,16.18
2025-08-05 09:00:00+00:00,Apapa Port,17.29
2025-08-05 10:00:00+00:00,Apapa Port,29.28
2025-08-05 11:00:00+00:00,Apapa Port,16.34
2025-08-05 12:00:00+00:00,Apapa Port,16.55
2025-08-05 13:00:00+00:00,Apapa Port,15.62
2025-08-05 14:00:00+00:00,Apapa Port,15.02
2025-08-05 15:00:00+00:00,Apapa Port,29.36
2025-08-05 17:00:00+00:00,Apapa Port,22.19
2025-08-05 18:00:00+00:00,Apapa Port,14.98
2025-08-05 19:00:00+00:00,Apapa Port,19.48
2025-08-05 22:00:00+00:00,Apapa Port,22.1
2025-08-05 23:00:00+00:00,Apapa Port,21.94
2025-08-06 00:00:00+00:00,Apapa Port,18.63
2025-08-06 01:00:00+00:00,Apapa Port,13.56
2025-08-06 09:00:00+00:00,Apapa Port,17.33
2025-08-06 10:00:00+00:00,Apapa Port,18.01
2025-08-06 11:00:00+00:00,Apapa Port,15.72
2025-08-06 12:00:00+00:00,Apapa Port,15.08
2025-08-06 13:00:00+00:00,Apapa Port,15.21
2025-08-06 14:00:00+00:00,Apapa Port,15.85
2025-08-06 15:00:00+00:00,Apapa Port,16.34
2025-08-06 16:00:00+00:00,Apapa Port,21.74
2025-08-06 17:00:00+00:00,Apapa Port,22.81
2025-08-06 18:00:00+00:00,Apapa Port,24.46
2025-08-06 19:00:00+00:00,Apapa Port,22.69
2025-08-06 20:00:00+00:00,Apapa Port,38.39
2025-08-06 21:00:00+00:00,Apapa Port,21.72
2025-08-06 22:00:00+00:00,Apapa Port,21.56
2025-08-07 09:00:00+00:00,Apapa Port,20.53
2025-08-07 10:00:00+00:00,Apapa Port,15.75
2025-08-07 11:00:00+00:00,Apapa Port,27.0
2025-08-07 12:00:00+00:00,Apapa Port,44.15
2025-08-07 13:00:00+00:00,Apapa Port,43.25
2025-08-07 14:00:00+00:00,Apapa Port,13.13
2025-08-07 15:00:00+00:00,Apapa Port,25.58
2025-08-07 16:00:00+00:00,Apapa Port,46.25
2025-08-07 17:00:00+00:00,Apapa Port,12.58
2025-08-07 18:00:00+00:00,Apapa Port,20.32
2025-08-07 19:00:00+00:00,Apapa Port,63.05
2025-08-07 20:00:00+00:00,Apapa Port,65.65
2025-08-07 21:00:00+00:00,Apapa Port,58.24
2025-08-07 22:00:00+00:00,Apapa Port,48.17
2025-08-07 23:00:00+00:00,Apapa Port,58.53
2025-08-08 00:00:00+00:00,Apapa Port,11.6
2025-08-08 01:00:00+00:00,Apapa Port,11.93
2025-08-08 09:00:00+00:00,Apapa Port,40.68
2025-08-08 10:00:00+00:00,Apapa Port,50.49
2025-08-08 11:00:00+00:00,Apapa Port,72.47
2025-08-08 12:00:00+00:00,Apapa Port,15.04
2025-08-08 13:00:00+00:00,Apapa Port,80.23
2025-08-08 14:00:00+00:00,Apapa Port,46.79
2025-08-08 15:00:00+00:00,Apapa Port,66.5
2025-08-08 16:00:00+00:00,Apapa Port,64.35
2025-08-08 17:00:00+00:00,Apapa Port,15.98
2025-08-08 18:00:00+00:00,Apapa Port,53.35
2025-08-08 19:00:00+00:00,Apapa Port,22.04
2025-08-08 20:00:00+00:00,Apapa Port,19.28
2025-08-08 21:00:00+00:00,Apapa Port,15.54
2025-08-08 22:00:00+00:00,Apapa Port,18.84
2025-08-08 23:00:00+00:00,Apapa Port,16.05
2025-08-09 00:00:00+00:00,Apapa Port,19.28
2025-08-09 03:00:00+00:00,Apapa Port,12.37
2025-08-09 04:00:00+00:00,Apapa Port,10.9
2025-08-09 08:00:00+00:00,Apapa Port,27.12
2025-08-09 09:00:00+00:00,Apapa Port,25.43
2025-08-09 10:00:00+00:00,Apapa Port,29.47
2025-08-09 11:00:00+00:00,Apapa Port,19.85
2025-08-09 12:00:00+00:00,Apapa Port,21.47
2025-08-09 13:00:00+00:00,Apapa Port,29.93
2025-08-09 14:00:00+00:00,Apapa Port,20.9
2025-08-09 15:00:00+00:00,Apapa Port,43.45
2025-08-09 16:00:00+00:00,Apapa Port,48.98
2025-08-09 17:00:00+00:00,Apapa Port,64.81
2025-08-09 19:00:00+00:00,Apapa Port,16.09
2025-08-09 20:00:00+00:00,Apapa Port,18.58
2025-08-09 21:00:00+00:00,Apapa Port,39.06
2025-08-09 22:00:00+00:00,Apapa Port,49.7
2025-08-09 23:00:00+00:00,Apapa Port,46.19
2025-08-10 00:00:00+00:00,Apapa Port,36.03
2025-08-10 08:00:00+00:00,Apapa Port,20.16
2025-08-10 09:00:00+00:00,Apapa Port,21.19
2025-08-10 10:00:00+00:00,Apapa Port,9.96
2025-08-10 11:00:00+00:00,Apapa Port,21.98
2025-08-10 12:00:00+00:00,Apapa Port,28.16
2025-08-10 13:00:00+00:00,Apapa Port,17.86
2025-08-10 14:00:00+00:00,Apapa Port,32.35
2025-08-10 15:00:00+00:00,Apapa Port,30.0
2025-08-10 16:00:00+00:00,Apapa Port,20.17
2025-08-10 17:00:00+00:00,Apapa Port,21.72
2025-08-10 18:00:00+00:00,Apapa Port,15.12
2025-08-10 20:00:00+00:00,Apapa Port,16.36
2025-08-10 21:00:00+00:00,Apapa Port,12.31
2025-08-11 00:00:00+00:00,Apapa Port,21.56
2025-08-11 02:00:00+00:00,Apapa Port,13.69
2025-08-11 03:00:00+00:00,Apapa Port,12.82
2025-08-11 04:00:00+00:00,Apapa Port,13.16
2025-08-11 05:00:00+00:00,Apapa Port,36.59
2025-08-11 06:00:00+00:00,Apapa Port,37.08
2025-08-11 07:00:00+00:00,Apapa Port,15.42
2025-08-11 08:00:00+00:00,Apapa Port,15.65
2025-08-11 09:00:00+00:00,Apapa Port,18.62
2025-08-11 10:00:00+00:00,Apapa Port,19.98
2025-08-11 11:00:00+00:00,Apapa Port,13.83
2025-08-11 12:00:00+00:00,Apapa Port,20.36
2025-08-11 13:00:00+00:00,Apapa Port,27.82
2025-08-11 14:00:00+00:00,Apapa Port,18.76
2025-08-11 15:00:00+00:00,Apapa Port,14.43
2025-08-11 16:00:00+00:00,Apapa Port,31.84
2025-08-11 17:00:00+00:00,Apapa Port,13.46
2025-08-11 18:00:00+00:00,Apapa Port,9.01
2025-08-11 19:00:00+00:00,Apapa Port,12.28
2025-08-11 20:00:00+00:00,Apapa Port,28.56
2025-08-11 21:00:00+00:00,Apapa Port,14.24
2025-08-11 22:00:00+00:00,Apapa Port,21.27
2025-08-11 23:00:00+00:00,Apapa Port,54.78
2025-08-12 00:00:00+00:00,Apapa Port,10.61
2025-08-12 01:00:00+00:00,Apapa Port,12.08
2025-08-12 02:00:00+00:00,Apapa Port,25.22
2025-08-12 04:00:00+00:00,Apapa Port,40.89
2025-08-12 05:00:00+00:00,Apapa Port,19.66
2025-08-12 06:00:00+00:00,Apapa Port,14.18
2025-08-12 09:00:00+00:00,Apapa Port,9.46
2025-08-12 10:00:00+00:00,Apapa Port,18.7
2025-08-12 11:00:00+00:00,Apapa Port,29.42
2025-08-12 14:00:00+00:00,Apapa Port,28.05
2025-08-12 15:00:00+00:00,Apapa Port,16.5
2025-08-12 18:00:00+00:00,Apapa Port,41.27
2025-08-12 19:00:00+00:00,Apapa Port,29.75
2025-08-12 20:00:00+00:00,Apapa Port,11.45
2025-08-12 21:00:00+00:00,Apapa Port,74.95
2025-08-12 22:00:00+00:00,Apapa Port,41.47
2025-08-13 07:00:00+00:00,Apapa Port,19.19
2025-08-13 09:00:00+00:00,Apapa Port,43.36
2025-08-13 10:00:00+00:00,Apapa Port,7.22
2025-08-13 12:00:00+00:00,Apapa Port,20.48
2025-08-13 13:00:00+00:00,Apapa Port,24.87
2025-08-13 14:00:00+00:00,Apapa Port,9.45
2025-08-13 15:00:00+00:00,Apapa Port,34.08
2025-08-13 16:00:00+00:00,Apapa Port,18.14
2025-08-13 17:00:00+00:00,Apapa Port,52.19
2025-08-13 19:00:00+00:00,Apapa Port,16.11
2025-08-13 20:00:00+00:00,Apapa Port,12.03
2025-08-13 21:00:00+00:00,Apapa Port,25.09
2025-08-13 22:00:00+00:00,Apapa Port,12.11
2025-08-13 23:00:00+00:00,Apapa Port,11.31
2025-08-14 00:00:00+00:00,Apapa Port,29.07
2025-08-14 02:00:00+00:00,Apapa Port,35.1
2025-08-14 08:00:00+00:00,Apapa Port,18.34
2025-08-14 09:00:00+00:00,Apapa Port,8.61
2025-08-14 10:00:00+00:00,Apapa Port,36.61
2025-08-14 11:00:00+00:00,Apapa Port,17.45
2025-08-14 12:00:00+00:00,Apapa Port,15.71
2025-08-14 13:00:00+00:00,Apapa Port,11.5
2025-08-14 14:00:00+00:00,Apapa Port,24.4
2025-08-14 15:00:00+00:00,Apapa Port,22.77
2025-08-14 17:00:00+00:00,Apapa Port,62.23
2025-08-14 18:00:00+00:00,Apapa Port,58.97
2025-08-14 19:00:00+00:00,Apapa Port,59.44
2025-08-14 20:00:00+00:00,Apapa Port,60.16
2025-08-14 21:00:00+00:00,Apapa Port,16.11
2025-08-15 04:00:00+00:00,Apapa Port,39.71
2025-08-15 05:00:00+00:00,Apapa Port,30.75
2025-08-15 07:00:00+00:00,Apapa Port,16.23
2025-08-15 08:00:00+00:00,Apapa Port,68.78
2025-08-15 09:00:00+00:00,Apapa Port,20.37
2025-08-15 10:00:00+00:00,Apapa Port,7.74
2025-08-15 11:00:00+00:00,Apapa Port,24.88
2025-08-15 12:00:00+00:00,Apapa Port,32.35
2025-08-15 13:00:00+00:00,Apapa Port,27.05
2025-08-15 14:00:00+00:00,Apapa Port,16.68
2025-08-15 15:00:00+00:00,Apapa Port,35.27
2025-08-15 16:00:00+00:00,Apapa Port,8.25
2025-08-15 17:00:00+00:00,Apapa Port,10.07
2025-08-15 18:00:00+00:00,Apapa Port,44.42
2025-08-15 19:00:00+00:00,Apapa Port,9.51
2025-08-15 21:00:00+00:00,Apapa Port,7.2
2025-08-15 23:00:00+00:00,Apapa Port,7.53
2025-08-16 00:00:00+00:00,Apapa Port,20.29
2025-08-16 01:00:00+00:00,Apapa Port,10.37
2025-08-16 02:00:00+00:00,Apapa Port,16.01
2025-08-16 10:00:00+00:00,Apapa Port,12.25
2025-08-16 11:00:00+00:00,Apapa Port,21.25
2025-08-16 12:00:00+00:00,Apapa Port,12.84
2025-08-16 13:00:00+00:00,Apapa Port,39.24
2025-08-16 14:00:00+00:00,Apapa Port,14.27
2025-08-16 15:00:00+00:00,Apapa Port,12.59
2025-08-16 16:00:00+00:00,Apapa Port,11.71
2025-08-16 17:00:00+00:00,Apapa Port,33.98
2025-08-16 18:00:00+00:00,Apapa Port,31.41
2025-08-17 08:00:00+00:00,Apapa Port,13.02
2025-08-17 09:00:00+00:00,Apapa Port,7.85
2025-08-17 10:00:00+00:00,Apapa Port,14.86
2025-08-17 12:00:00+00:00,Apapa Port,21.3
2025-08-17 13:00:00+00:00,Apapa Port,22.71
2025-08-17 14:00:00+00:00,Apapa Port,27.71
2025-08-17 15:00:00+00:00,Apapa Port,18.37
2025-08-17 18:00:00+00:00,Apapa Port,33.73
2025-08-17 19:00:00+00:00,Apapa Port,48.77
2025-08-17 20:00:00+00:00,Apapa Port,16.84
2025-08-17 21:00:00+00:00,Apapa Port,22.3
2025-08-17 22:00:00+00:00,Apapa Port,18.67
2025-08-17 23:00:00+00:00,Apapa Port,31.32
2025-08-18 00:00:00+00:00,Apapa Port,7.38
2025-08-18 01:00:00+00:00,Apapa Port,10.68
2025-08-18 02:00:00+00:00,Apapa Port,16.2
2025-08-18 03:00:00+00:00,Apapa Port,23.95
2025-08-18 04:00:00+00:00,Apapa Port,21.42
2025-08-18 05:00:00+00:00,Apapa Port,20.88
2025-08-18 06:00:00+00:00,Apapa Port,15.11
2025-08-18 07:00:00+00:00,Apapa Port,28.08
2025-08-18 08:00:00+00:00,Apapa Port,16.28
2025-08-18 09:00:00+00:00,Apapa Port,19.23
2025-08-18 10:00:00+00:00,Apapa Port,13.38
2025-08-18 11:00:00+00:00,Apapa Port,15.97
2025-08-18 12:00:00+00:00,Apapa Port,8.61
2025-08-18 13:00:00+00:00,Apapa Port,45.3
2025-08-18 15:00:00+00:00,Apapa Port,35.34
2025-08-18 18:00:00+00:00,Apapa Port,35.37
2025-08-18 19:00:00+00:00,Apapa Port,17.83
2025-08-18 20:00:00+00:00,Apapa Port,15.8
2025-08-18 21:00:00+00:00,Apapa Port,14.02
2025-08-18 22:00:00+00:00,Apapa Port,10.21
2025-08-18 23:00:00+00:00,Apapa Port,37.61
2025-08-19 00:00:00+00:00,Apapa Port,10.82
2025-08-19 01:00:00+00:00,Apapa Port,42.65
2025-08-19 02:00:00+00:00,Apapa Port,8.89
2025-08-19 03:00:00+00:00,Apapa Port,14.78
2025-08-19 04:00:00+00:00,Apapa Port,15.35
2025-08-19 05:00:00+00:00,Apapa Port,31.47
2025-08-19 06:00:00+00:00,Apapa Port,17.0
2025-08-19 08:00:00+00:00,Apapa Port,16.5
2025-08-19 09:00:00+00:00,Apapa Port,12.06
2025-08-19 10:00:00+00:00,Apapa Port,25.45
2025-08-19 11:00:00+00:00,Apapa Port,16.85
2025-08-19 12:00:00+00:00,Apapa Port,15.59
2025-08-19 13:00:00+00:00,Apapa Port,29.38
2025-08-19 14:00:00+00:00,Apapa Port,34.36
2025-08-19 16:00:00+00:00,Apapa Port,31.0
2025-08-19 17:00:00+00:00,Apapa Port,34.05
2025-08-19 18:00:00+00:00,Apapa Port,59.63
2025-08-19 19:00:00+00:00,Apapa Port,64.01
2025-08-19 20:00:00+00:00,Apapa Port,9.58
2025-08-19 21:00:00+00:00,Apapa Port,53.78
2025-08-19 22:00:00+00:00,Apapa Port,15.91
2025-08-19 23:00:00+00:00,Apapa Port,15.16
2025-08-20 00:00:00+00:00,Apapa Port,18.24
2025-08-20 01:00:00+00:00,Apapa Port,61.55
2025-08-20 02:00:00+00:00,Apapa Port,10.91
2025-08-20 03:00:00+00:00,Apapa Port,68.61
2025-08-20 04:00:00+00:00,Apapa Port,42.62
2025-08-20 05:00:00+00:00,Apapa Port,31.46
2025-08-20 06:00:00+00:00,Apapa Port,35.66
2025-08-20 07:00:00+00:00,Apapa Port,35.96
2025-08-20 09:00:00+00:00,Apapa Port,34.04
2025-08-20 10:00:00+00:00,Apapa Port,32.86
2025-08-20 11:00:00+00:00,Apapa Port,39.45
2025-08-20 13:00:00+00:00,Apapa Port,30.11
2025-08-20 14:00:00+00:00,Apapa Port,29.86
2025-08-20 15:00:00+00:00,Apapa Port,64.7
2025-08-20 16:00:00+00:00,Apapa Port,14.87
2025-08-20 18:00:00+00:00,Apapa Port,43.76
2025-08-20 19:00:00+00:00,Apapa Port,16.2
2025-08-20 22:00:00+00:00,Apapa Port,48.63
2025-08-20 23:00:00+00:00,Apapa Port,60.25
2025-08-21 00:00:00+00:00,Apapa Port,12.0
2025-08-21 01:00:00+00:00,Apapa Port,12.0
2025-08-21 02:00:00+00:00,Apapa Port,51.28
2025-08-21 03:00:00+00:00,Apapa Port,12.3
2025-08-21 04:00:00+00:00,Apapa Port,67.71
2025-08-21 05:00:00+00:00,Apapa Port,17.2
2025-08-21 06:00:00+00:00,Apapa Port,47.13
2025-08-21 07:00:00+00:00,Apapa Port,25.04
2025-08-21 08:00:00+00:00,Apapa Port,11.3
2025-08-21 09:00:00+00:00,Apapa Port,51.58
2025-08-21 10:00:00+00:00,Apapa Port,67.05
2025-08-21 11:00:00+00:00,Apapa Port,15.41
2025-08-21 12:00:00+00:00,Apapa Port,68.87
2025-08-21 13:00:00+00:00,Apapa Port,74.08
2025-08-21 14:00:00+00:00,Apapa Port,27.44
2025-08-21 15:00:00+00:00,Apapa Port,67.48
2025-08-21 16:00:00+00:00,Apapa Port,41.9
2025-08-21 17:00:00+00:00,Apapa Port,43.5
2025-08-21 18:00:00+00:00,Apapa Port,66.39
2025-08-21 21:00:00+00:00,Apapa Port,12.65
2025-08-21 22:00:00+00:00,Apapa Port,78.3
2025-08-21 23:00:00+00:00,Apapa Port,10.5
2025-08-22 00:00:00+00:00,Apapa Port,10.19
2025-08-22 01:00:00+00:00,Apapa Port,24.28
2025-08-22 08:00:00+00:00,Apapa Port,31.07
2025-08-22 09:00:00+00:00,Apapa Port,17.54
2025-08-22 12:00:00+00:00,Apapa Port,28.63
2025-08-22 13:00:00+00:00,Apapa Port,10.53
2025-08-22 14:00:00+00:00,Apapa Port,17.54
2025-08-22 15:00:00+00:00,Apapa Port,16.6
2025-08-22 16:00:00+00:00,Apapa Port,13.9
2025-08-22 17:00:00+00:00,Apapa Port,43.85
2025-08-22 18:00:00+00:00,Apapa Port,20.71
2025-08-22 21:00:00+00:00,Apapa Port,13.52
2025-08-22 22:00:00+00:00,Apapa Port,14.84
2025-08-22 23:00:00+00:00,Apapa Port,9.31
2025-08-23 00:00:00+00:00,Apapa Port,10.05
2025-08-23 03:00:00+00:00,Apapa Port,14.26
2025-08-23 04:00:00+00:00,Apapa Port,37.5
2025-08-23 05:00:00+00:00,Apapa Port,14.64
2025-08-23 07:00:00+00:00,Apapa Port,18.45
2025-08-23 09:00:00+00:00,Apapa Port,24.73
2025-08-23 10:00:00+00:00,Apapa Port,24.88
2025-08-23 11:00:00+00:00,Apapa Port,13.3
2025-08-23 12:00:00+00:00,Apapa Port,23.33
2025-08-23 13:00:00+00:00,Apapa Port,27.84
2025-08-23 14:00:00+00:00,Apapa Port,22.18
2025-08-23 15:00:00+00:00,Apapa Port,33.41
2025-08-23 16:00:00+00:00,Apapa Port,20.14
2025-08-23 17:00:00+00:00,Apapa Port,83.64
2025-08-23 18:00:00+00:00,Apapa Port,14.63
2025-08-23 19:00:00+00:00,Apapa Port,76.09
2025-08-23 20:00:00+00:00,Apapa Port,82.26
2025-08-23 21:00:00+00:00,Apapa Port,72.2
2025-08-23 22:00:00+00:00,Apapa Port,47.59
2025-08-23 23:00:00+00:00,Apapa Port,43.43
2025-08-24 00:00:00+00:00,Apapa Port,15.12
2025-08-24 01:00:00+00:00,Apapa Port,57.78
2025-08-24 02:00:00+00:00,Apapa Port,11.67
2025-08-24 03:00:00+00:00,Apapa Port,42.27
2025-08-24 04:00:00+00:00,Apapa Port,43.34
2025-08-24 05:00:00+00:00,Apapa Port,67.93
2025-08-24 08:00:00+00:00,Apapa Port,18.05
2025-08-24 09:00:00+00:00,Apapa Port,15.37
2025-08-24 10:00:00+00:00,Apapa Port,22.96
2025-08-24 11:00:00+00:00,Apapa Port,16.61
2025-08-24 12:00:00+00:00,Apapa Port,21.87
2025-08-24 13:00:00+00:00,Apapa Port,18.54
2025-08-24 14:00:00+00:00,Apapa Port,16.87
2025-08-24 15:00:00+00:00,Apapa Port,64.92
2025-08-24 16:00:00+00:00,Apapa Port,58.95
2025-08-24 18:00:00+00:00,Apapa Port,32.72
2025-08-24 19:00:00+00:00,Apapa Port,8.48
2025-08-24 20:00:00+00:00,Apapa Port,46.79
2025-08-24 21:00:00+00:00,Apapa Port,22.75
2025-08-24 22:00:00+00:00,Apapa Port,47.86
2025-08-24 23:00:00+00:00,Apapa Port,58.29
2025-08-25 00:00:00+00:00,Apapa Port,14.34
2025-08-25 01:00:00+00:00,Apapa Port,24.59
2025-08-25 02:00:00+00:00,Apapa Port,9.53
2025-08-25 03:00:00+00:00,Apapa Port,21.31
2025-08-25 04:00:00+00:00,Apapa Port,10.65
2025-08-25 05:00:00+00:00,Apapa Port,17.55
2025-08-25 06:00:00+00:00,Apapa Port,12.87
2025-08-25 07:00:00+00:00,Apapa Port,14.01
2025-08-25 09:00:00+00:00,Apapa Port,44.36
2025-08-25 10:00:00+00:00,Apapa Port,8.56
2025-08-25 11:00:00+00:00,Apapa Port,34.51
2025-08-25 13:00:00+00:00,Apapa Port,30.75
2025-08-25 15:00:00+00:00,Apapa Port,16.17
2025-08-25 16:00:00+00:00,Apapa Port,10.31
2025-08-25 17:00:00+00:00,Apapa Port,13.31
2025-08-25 18:00:00+00:00,Apapa Port,17.7
2025-08-25 20:00:00+00:00,Apapa Port,9.5
2025-08-25 23:00:00+00:00,Apapa Port,6.38
2025-08-26 00:00:00+00:00,Apapa Port,13.63
2025-08-26 01:00:00+00:00,Apapa Port,27.51
2025-08-26 03:00:00+00:00,Apapa Port,15.02
2025-08-26 04:00:00+00:00,Apapa Port,14.07
2025-08-26 05:00:00+00:00,Apapa Port,16.39
2025-08-26 06:00:00+00:00,Apapa Port,16.74
2025-08-26 07:00:00+00:00,Apapa Port,12.45
2025-08-26 08:00:00+00:00,Apapa Port,17.16
2025-08-26 09:00:00+00:00,Apapa Port,19.12
2025-08-26 10:00:00+00:00,Apapa Port,33.8
2025-08-26 11:00:00+00:00,Apapa Port,38.03
2025-08-26 12:00:00+00:00,Apapa Port,16.07
2025-08-26 13:00:00+00:00,Apapa Port,13.16
2025-08-26 14:00:00+00:00,Apapa Port,11.95
2025-08-26 15:00:00+00:00,Apapa Port,23.2
2025-08-26 16:00:00+00:00,Apapa Port,43.51
2025-08-26 17:00:00+00:00,Apapa Port,33.0
2025-08-26 18:00:00+00:00,Apapa Port,17.58
2025-08-26 19:00:00+00:00,Apapa Port,21.97
2025-08-26 20:00:00+00:00,Apapa Port,22.6
2025-08-26 21:00:00+00:00,Apapa Port,26.09
2025-08-26 22:00:00+00:00,Apapa Port,16.29
2025-08-26 23:00:00+00:00,Apapa Port,19.38
2025-08-27 00:00:00+00:00,Apapa Port,30.76
2025-08-27 01:00:00+00:00,Apapa Port,24.53
2025-08-27 02:00:00+00:00,Apapa Port,10.25
2025-08-27 03:00:00+00:00,Apapa Port,18.37
2025-08-27 08:00:00+00:00,Apapa Port,29.81
2025-08-27 09:00:00+00:00,Apapa Port,23.36
2025-08-27 10:00:00+00:00,Apapa Port,14.3
2025-08-27 11:00:00+00:00,Apapa Port,21.18
2025-08-27 12:00:00+00:00,Apapa Port,17.78
2025-08-27 13:00:00+00:00,Apapa Port,10.05
2025-08-27 14:00:00+00:00,Apapa Port,18.58
2025-08-27 15:00:00+00:00,Apapa Port,20.72
2025-08-27 16:00:00+00:00,Apapa Port,12.99
2025-08-27 19:00:00+00:00,Apapa Port,8.35
2025-08-27 20:00:00+00:00,Apapa Port,12.46
2025-08-27 21:00:00+00:00,Apapa Port,14.9
2025-08-27 22:00:00+00:00,Apapa Port,11.46
2025-08-28 00:00:00+00:00,Apapa Port,17.99
2025-08-28 01:00:00+00:00,Apapa Port,49.06
2025-08-28 02:00:00+00:00,Apapa Port,16.84
2025-08-28 04:00:00+00:00,Apapa Port,15.47
2025-08-28 05:00:00+00:00,Apapa Port,22.48
2025-08-28 06:00:00+00:00,Apapa Port,31.87
2025-08-28 07:00:00+00:00,Apapa Port,16.73
2025-08-28 08:00:00+00:00,Apapa Port,12.92
2025-08-28 09:00:00+00:00,Apapa Port,20.88
2025-08-28 10:00:00+00:00,Apapa Port,17.58
2025-08-28 11:00:00+00:00,Apapa Port,16.83
2025-08-28 12:00:00+00:00,Apapa Port,20.0
2025-08-28 13:00:00+00:00,Apapa Port,16.04
2025-08-28 14:00:00+00:00,Apapa Port,13.56
2025-08-28 15:00:00+00:00,Apapa Port,45.63
2025-08-28 16:00:00+00:00,Apapa Port,42.27
2025-08-28 17:00:00+00:00,Apapa Port,18.51
2025-08-28 21:00:00+00:00,Apapa Port,48.23
2025-08-28 22:00:00+00:00,Apapa Port,12.38
2025-08-29 09:00:00+00:00,Apapa Port,21.95
2025-08-29 10:00:00+00:00,Apapa Port,12.91
2025-08-29 11:00:00+00:00,Apapa Port,14.38
2025-08-29 12:00:00+00:00,Apapa Port,15.52
2025-08-29 13:00:00+00:00,Apapa Port,13.43
2025-08-01 07:00:00+00:00,Araromi,16.95
2025-08-01 08:00:00+00:00,Araromi,16.08
2025-08-01 09:00:00+00:00,Araromi,13.71
2025-08-01 10:00:00+00:00,Araromi,29.27
2025-08-01 11:00:00+00:00,Araromi,13.92
2025-08-01 12:00:00+00:00,Araromi,11.57
2025-08-01 13:00:00+00:00,Araromi,14.39
2025-08-01 14:00:00+00:00,Araromi,15.79
2025-08-01 15:00:00+00:00,Araromi,46.78
2025-08-01 16:00:00+00:00,Araromi,40.87
2025-08-01 18:00:00+00:00,Araromi,23.52
2025-08-01 20:00:00+00:00,Araromi,15.7
2025-08-01 21:00:00+00:00,Araromi,19.57
2025-08-01 22:00:00+00:00,Araromi,19.54
2025-08-02 00:00:00+00:00,Araromi,12.28
2025-08-02 01:00:00+00:00,Araromi,12.9
2025-08-02 02:00:00+00:00,Araromi,53.12
2025-08-02 03:00:00+00:00,Araromi,10.23
2025-08-02 06:00:00+00:00,Araromi,48.45
2025-08-02 07:00:00+00:00,Araromi,15.4
2025-08-02 08:00:00+00:00,Araromi,22.51
2025-08-02 09:00:00+00:00,Araromi,25.07
2025-08-02 10:00:00+00:00,Araromi,16.46
2025-08-02 11:00:00+00:00,Araromi,28.32
2025-08-02 12:00:00+00:00,Araromi,14.73
2025-08-02 13:00:00+00:00,Araromi,19.72
2025-08-02 14:00:00+00:00,Araromi,13.34
2025-08-02 16:00:00+00:00,Araromi,19.04
2025-08-02 17:00:00+00:00,Araromi,13.79
2025-08-02 19:00:00+00:00,Araromi,38.95
2025-08-02 22:00:00+00:00,Araromi,15.9
2025-08-02 23:00:00+00:00,Araromi,14.06
2025-08-03 00:00:00+00:00,Araromi,12.58
2025-08-03 01:00:00+00:00,Araromi,14.31
2025-08-03 04:00:00+00:00,Araromi,31.39
2025-08-03 05:00:00+00:00,Araromi,13.64
2025-08-03 06:00:00+00:00,Araromi,16.32
2025-08-03 07:00:00+00:00,Araromi,37.66
2025-08-03 08:00:00+00:00,Araromi,12.22
2025-08-03 09:00:00+00:00,Araromi,9.46
2025-08-03 10:00:00+00:00,Araromi,13.49
2025-08-03 11:00:00+00:00,Araromi,16.65
2025-08-03 12:00:00+00:00,Araromi,14.34
2025-08-03 13:00:00+00:00,Araromi,14.88
2025-08-03 14:00:00+00:00,Araromi,18.48
2025-08-03 15:00:00+00:00,Araromi,26.66
2025-08-03 16:00:00+00:00,Araromi,11.01
2025-08-03 17:00:00+00:00,Araromi,15.23
2025-08-03 18:00:00+00:00,Araromi,10.91
2025-08-03 19:00:00+00:00,Araromi,28.65
2025-08-03 20:00:00+00:00,Araromi,11.65
2025-08-03 21:00:00+00:00,Araromi,11.65
2025-08-03 22:00:00+00:00,Araromi,14.45
2025-08-04 11:00:00+00:00,Araromi,24.38
2025-08-04 12:00:00+00:00,Araromi,16.28
2025-08-04 13:00:00+00:00,Araromi,16.28
2025-08-04 14:00:00+00:00,Araromi,20.57
2025-08-04 17:00:00+00:00,Araromi,20.75
2025-08-05 08:00:00+00:00,Araromi,22.09
2025-08-05 09:00:00+00:00,Araromi,25.41
2025-08-05 10:00:00+00:00,Araromi,17.01
2025-08-05 11:00:00+00:00,Araromi,13.06
2025-08-05 12:00:00+00:00,Araromi,32.04
2025-08-05 13:00:00+00:00,Araromi,13.12
2025-08-05 14:00:00+00:00,Araromi,11.63
2025-08-05 15:00:00+00:00,Araromi,12.17
2025-08-05 16:00:00+00:00,Araromi,21.47
2025-08-05 17:00:00+00:00,Araromi,15.01
2025-08-05 18:00:00+00:00,Araromi,34.73
2025-08-05 19:00:00+00:00,Araromi,21.22
2025-08-05 20:00:00+00:00,Araromi,21.82
2025-08-05 21:00:00+00:00,Araromi,17.92
2025-08-05 22:00:00+00:00,Araromi,17.92
2025-08-05 23:00:00+00:00,Araromi,19.9
2025-08-06 00:00:00+00:00,Araromi,14.11
2025-08-06 01:00:00+00:00,Araromi,13.2
2025-08-06 02:00:00+00:00,Araromi,11.81
2025-08-06 03:00:00+00:00,Araromi,17.64
2025-08-06 04:00:00+00:00,Araromi,27.17
2025-08-06 09:00:00+00:00,Araromi,15.2
2025-08-06 10:00:00+00:00,Araromi,15.39
2025-08-06 11:00:00+00:00,Araromi,15.32
2025-08-06 12:00:00+00:00,Araromi,17.69
2025-08-06 13:00:00+00:00,Araromi,15.06
2025-08-06 14:00:00+00:00,Araromi,12.91
2025-08-06 15:00:00+00:00,Araromi,13.25
2025-08-06 16:00:00+00:00,Araromi,15.4
2025-08-06 17:00:00+00:00,Araromi,16.46
2025-08-06 18:00:00+00:00,Araromi,20.25
2025-08-06 19:00:00+00:00,Araromi,28.72
2025-08-06 20:00:00+00:00,Araromi,29.47
2025-08-06 21:00:00+00:00,Araromi,25.38
2025-08-06 22:00:00+00:00,Araromi,25.38
2025-08-06 23:00:00+00:00,Araromi,8.59
2025-08-07 08:00:00+00:00,Araromi,14.27
2025-08-07 09:00:00+00:00,Araromi,17.09
2025-08-07 10:00:00+00:00,Araromi,15.03
2025-08-07 11:00:00+00:00,Araromi,40.79
2025-08-07 12:00:00+00:00,Araromi,19.03
2025-08-07 13:00:00+00:00,Araromi,34.98
2025-08-07 14:00:00+00:00,Araromi,55.39
2025-08-07 15:00:00+00:00,Araromi,47.55
2025-08-07 16:00:00+00:00,Araromi,12.74
2025-08-07 17:00:00+00:00,Araromi,25.25
2025-08-07 18:00:00+00:00,Araromi,58.51
2025-08-07 19:00:00+00:00,Araromi,62.84
2025-08-07 21:00:00+00:00,Araromi,25.06
2025-08-07 22:00:00+00:00,Araromi,46.47
2025-08-08 00:00:00+00:00,Araromi,59.54
2025-08-08 01:00:00+00:00,Araromi,46.09
2025-08-08 02:00:00+00:00,Araromi,55.32
2025-08-08 03:00:00+00:00,Araromi,11.86
2025-08-08 04:00:00+00:00,Araromi,13.07
2025-08-08 05:00:00+00:00,Araromi,30.54
2025-08-08 07:00:00+00:00,Araromi,26.57
2025-08-08 08:00:00+00:00,Araromi,17.8
2025-08-08 09:00:00+00:00,Araromi,29.5
2025-08-08 10:00:00+00:00,Araromi,43.67
2025-08-08 11:00:00+00:00,Araromi,26.8
2025-08-08 12:00:00+00:00,Araromi,18.78
2025-08-08 13:00:00+00:00,Araromi,49.9
2025-08-08 15:00:00+00:00,Araromi,31.55
2025-08-08 16:00:00+00:00,Araromi,21.52
2025-08-08 17:00:00+00:00,Araromi,20.12
2025-08-08 18:00:00+00:00,Araromi,25.47
2025-08-08 19:00:00+00:00,Araromi,14.82
2025-08-08 20:00:00+00:00,Araromi,17.16
2025-08-08 21:00:00+00:00,Araromi,50.1
2025-08-08 22:00:00+00:00,Araromi,17.73
2025-08-08 23:00:00+00:00,Araromi,26.0
2025-08-09 00:00:00+00:00,Araromi,16.61
2025-08-09 01:00:00+00:00,Araromi,14.5
2025-08-09 02:00:00+00:00,Araromi,7.32
2025-08-09 03:00:00+00:00,Araromi,19.28
2025-08-09 04:00:00+00:00,Araromi,15.49
2025-08-09 05:00:00+00:00,Araromi,42.59
2025-08-09 06:00:00+00:00,Araromi,30.19
2025-08-09 07:00:00+00:00,Araromi,15.39
2025-08-09 08:00:00+00:00,Araromi,33.28
2025-08-09 09:00:00+00:00,Araromi,16.45
2025-08-09 10:00:00+00:00,Araromi,37.68
2025-08-09 11:00:00+00:00,Araromi,32.31
2025-08-09 12:00:00+00:00,Araromi,32.86
2025-08-09 13:00:00+00:00,Araromi,26.65
2025-08-09 15:00:00+00:00,Araromi,36.9
2025-08-09 16:00:00+00:00,Araromi,14.84
2025-08-09 17:00:00+00:00,Araromi,17.64
2025-08-09 18:00:00+00:00,Araromi,18.0
2025-08-09 19:00:00+00:00,Araromi,20.25
2025-08-09 21:00:00+00:00,Araromi,14.22
2025-08-09 22:00:00+00:00,Araromi,54.3
2025-08-09 23:00:00+00:00,Araromi,17.58
2025-08-10 00:00:00+00:00,Araromi,15.92
2025-08-10 01:00:00+00:00,Araromi,32.45
2025-08-10 02:00:00+00:00,Araromi,31.2
2025-08-10 03:00:00+00:00,Araromi,23.19
2025-08-10 04:00:00+00:00,Araromi,14.99
2025-08-10 05:00:00+00:00,Araromi,17.09
2025-08-10 06:00:00+00:00,Araromi,56.54
2025-08-10 07:00:00+00:00,Araromi,28.8
2025-08-10 08:00:00+00:00,Araromi,13.57
2025-08-10 09:00:00+00:00,Araromi,45.68
2025-08-10 10:00:00+00:00,Araromi,12.34
2025-08-10 11:00:00+00:00,Araromi,28.1
2025-08-10 12:00:00+00:00,Araromi,40.22
2025-08-10 13:00:00+00:00,Araromi,13.5
2025-08-10 14:00:00+00:00,Araromi,26.45
2025-08-10 15:00:00+00:00,Araromi,34.64
2025-08-10 16:00:00+00:00,Araromi,20.88
2025-08-10 17:00:00+00:00,Araromi,67.86
2025-08-10 18:00:00+00:00,Araromi,14.65
2025-08-10 22:00:00+00:00,Araromi,16.46
2025-08-10 23:00:00+00:00,Araromi,48.18
2025-08-11 01:00:00+00:00,Araromi,12.46
2025-08-11 05:00:00+00:00,Araromi,31.0
2025-08-11 06:00:00+00:00,Araromi,14.19
2025-08-11 07:00:00+00:00,Araromi,19.31
2025-08-11 08:00:00+00:00,Araromi,33.47
2025-08-11 09:00:00+00:00,Araromi,15.63
2025-08-11 10:00:00+00:00,Araromi,12.53
2025-08-11 11:00:00+00:00,Araromi,16.03
2025-08-11 12:00:00+00:00,Araromi,30.25
2025-08-11 13:00:00+00:00,Araromi,14.3
2025-08-11 14:00:00+00:00,Araromi,13.62
2025-08-11 15:00:00+00:00,Araromi,19.99
2025-08-11 16:00:00+00:00,Araromi,14.64
2025-08-11 17:00:00+00:00,Araromi,38.95
2025-08-11 18:00:00+00:00,Araromi,17.34
2025-08-11 19:00:00+00:00,Araromi,17.24
2025-08-11 21:00:00+00:00,Araromi,10.64
2025-08-11 22:00:00+00:00,Araromi,8.23
2025-08-11 23:00:00+00:00,Araromi,14.41
2025-08-12 00:00:00+00:00,Araromi,19.6
2025-08-12 01:00:00+00:00,Araromi,54.12
2025-08-12 02:00:00+00:00,Araromi,66.46
2025-08-12 03:00:00+00:00,Araromi,60.35
2025-08-12 04:00:00+00:00,Araromi,60.6
2025-08-12 05:00:00+00:00,Araromi,62.56
2025-08-12 06:00:00+00:00,Araromi,41.29
2025-08-12 07:00:00+00:00,Araromi,41.79
2025-08-12 08:00:00+00:00,Araromi,42.21
2025-08-12 09:00:00+00:00,Araromi,25.72
2025-08-12 10:00:00+00:00,Araromi,14.81
2025-08-12 11:00:00+00:00,Araromi,12.83
2025-08-12 12:00:00+00:00,Araromi,16.0
2025-08-12 13:00:00+00:00,Araromi,26.65
2025-08-12 14:00:00+00:00,Araromi,27.67
2025-08-12 15:00:00+00:00,Araromi,25.17
2025-08-12 16:00:00+00:00,Araromi,31.3
2025-08-12 17:00:00+00:00,Araromi,58.79
2025-08-12 18:00:00+00:00,Araromi,75.22
2025-08-12 19:00:00+00:00,Araromi,67.67
2025-08-12 20:00:00+00:00,Araromi,18.58
2025-08-12 21:00:00+00:00,Araromi,19.85
2025-08-12 22:00:00+00:00,Araromi,65.31
2025-08-12 23:00:00+00:00,Araromi,33.1
2025-08-13 00:00:00+00:00,Araromi,10.41
2025-08-13 01:00:00+00:00,Araromi,53.18
2025-08-13 02:00:00+00:00,Araromi,6.89
2025-08-13 05:00:00+00:00,Araromi,65.05
2025-08-13 06:00:00+00:00,Araromi,9.51
2025-08-13 07:00:00+00:00,Araromi,15.32
2025-08-13 08:00:00+00:00,Araromi,53.84
2025-08-13 09:00:00+00:00,Araromi,24.58
2025-08-13 10:00:00+00:00,Araromi,29.36
2025-08-13 11:00:00+00:00,Araromi,32.89
2025-08-13 12:00:00+00:00,Araromi,31.05
2025-08-13 13:00:00+00:00,Araromi,44.17
2025-08-13 14:00:00+00:00,Araromi,46.22
2025-08-13 15:00:00+00:00,Araromi,43.83
2025-08-13 16:00:00+00:00,Araromi,38.9
2025-08-13 17:00:00+00:00,Araromi,45.68
2025-08-13 18:00:00+00:00,Araromi,56.35
2025-08-13 19:00:00+00:00,Araromi,26.82
2025-08-13 20:00:00+00:00,Araromi,66.22
2025-08-13 21:00:00+00:00,Araromi,20.23
2025-08-13 22:00:00+00:00,Araromi,15.69
2025-08-13 23:00:00+00:00,Araromi,13.15
2025-08-14 00:00:00+00:00,Araromi,33.5
2025-08-14 01:00:00+00:00,Araromi,29.38
2025-08-14 02:00:00+00:00,Araromi,12.14
2025-08-14 08:00:00+00:00,Araromi,31.25
2025-08-14 09:00:00+00:00,Araromi,18.71
2025-08-14 10:00:00+00:00,Araromi,18.25
2025-08-14 11:00:00+00:00,Araromi,33.22
2025-08-14 12:00:00+00:00,Araromi,19.21
2025-08-14 13:00:00+00:00,Araromi,9.8
2025-08-14 14:00:00+00:00,Araromi,17.64
2025-08-14 15:00:00+00:00,Araromi,46.44
2025-08-14 16:00:00+00:00,Araromi,21.3
2025-08-14 17:00:00+00:00,Araromi,21.59
2025-08-14 18:00:00+00:00,Araromi,17.05
2025-08-14 19:00:00+00:00,Araromi,17.59
2025-08-14 20:00:00+00:00,Araromi,44.34
2025-08-14 21:00:00+00:00,Araromi,10.13
2025-08-14 22:00:00+00:00,Araromi,32.48
2025-08-14 23:00:00+00:00,Araromi,41.78
2025-08-15 00:00:00+00:00,Araromi,24.31
2025-08-15 01:00:00+00:00,Araromi,54.32
2025-08-15 02:00:00+00:00,Araromi,30.64
2025-08-15 03:00:00+00:00,Araromi,13.46
2025-08-15 04:00:00+00:00,Araromi,51.9
2025-08-15 08:00:00+00:00,Araromi,11.63
2025-08-15 09:00:00+00:00,Araromi,33.42
2025-08-15 10:00:00+00:00,Araromi,20.06
2025-08-15 11:00:00+00:00,Araromi,17.65
2025-08-15 12:00:00+00:00,Araromi,28.1
2025-08-15 13:00:00+00:00,Araromi,19.65
2025-08-15 14:00:00+00:00,Araromi,28.23
2025-08-15 15:00:00+00:00,Araromi,22.77
2025-08-15 16:00:00+00:00,Araromi,33.55
2025-08-15 17:00:00+00:00,Araromi,13.86
2025-08-15 18:00:00+00:00,Araromi,11.13
2025-08-15 20:00:00+00:00,Araromi,9.24
2025-08-15 21:00:00+00:00,Araromi,19.0
2025-08-15 22:00:00+00:00,Araromi,38.79
2025-08-15 23:00:00+00:00,Araromi,18.8
2025-08-16 00:00:00+00:00,Araromi,8.25
2025-08-16 01:00:00+00:00,Araromi,8.44
2025-08-16 02:00:00+00:00,Araromi,10.78
2025-08-16 03:00:00+00:00,Araromi,6.21
2025-08-16 04:00:00+00:00,Araromi,29.6
2025-08-16 09:00:00+00:00,Araromi,19.03
2025-08-16 10:00:00+00:00,Araromi,13.92
2025-08-16 11:00:00+00:00,Araromi,12.41
2025-08-16 12:00:00+00:00,Araromi,16.76
2025-08-16 13:00:00+00:00,Araromi,16.99
2025-08-16 15:00:00+00:00,Araromi,7.45
2025-08-16 16:00:00+00:00,Araromi,15.98
2025-08-16 17:00:00+00:00,Araromi,43.32
2025-08-16 18:00:00+00:00,Araromi,14.32
2025-08-16 20:00:00+00:00,Araromi,45.39
2025-08-16 23:00:00+00:00,Araromi,11.16
2025-08-17 00:00:00+00:00,Araromi,38.21
2025-08-17 02:00:00+00:00,Araromi,30.7
2025-08-17 08:00:00+00:00,Araromi,15.5
2025-08-17 09:00:00+00:00,Araromi,11.71
2025-08-17 10:00:00+00:00,Araromi,17.91
2025-08-17 11:00:00+00:00,Araromi,18.7
2025-08-17 12:00:00+00:00,Araromi,29.4
2025-08-17 13:00:00+00:00,Araromi,24.15
2025-08-17 14:00:00+00:00,Araromi,33.36
2025-08-17 15:00:00+00:00,Araromi,28.86
2025-08-17 16:00:00+00:00,Araromi,18.7
2025-08-17 17:00:00+00:00,Araromi,12.18
2025-08-17 18:00:00+00:00,Araromi,33.25
2025-08-17 19:00:00+00:00,Araromi,25.85
2025-08-17 20:00:00+00:00,Araromi,33.92
2025-08-17 21:00:00+00:00,Araromi,11.05
2025-08-17 22:00:00+00:00,Araromi,9.52
2025-08-17 23:00:00+00:00,Araromi,21.41
2025-08-18 00:00:00+00:00,Araromi,13.96
2025-08-18 01:00:00+00:00,Araromi,24.04
2025-08-18 02:00:00+00:00,Araromi,11.77
2025-08-18 03:00:00+00:00,Araromi,12.22
2025-08-18 04:00:00+00:00,Araromi,27.43
2025-08-18 05:00:00+00:00,Araromi,8.12
2025-08-18 06:00:00+00:00,Araromi,22.55
2025-08-18 07:00:00+00:00,Araromi,16.35
2025-08-18 08:00:00+00:00,Araromi,15.45
2025-08-18 09:00:00+00:00,Araromi,13.48
2025-08-18 10:00:00+00:00,Araromi,20.19
2025-08-18 11:00:00+00:00,Araromi,22.9
2025-08-18 12:00:00+00:00,Araromi,12.12
2025-08-18 13:00:00+00:00,Araromi,13.09
2025-08-18 14:00:00+00:00,Araromi,16.94
2025-08-18 15:00:00+00:00,Araromi,15.92
2025-08-18 16:00:00+00:00,Araromi,35.03
2025-08-18 17:00:00+00:00,Araromi,15.56
2025-08-18 18:00:00+00:00,Araromi,21.61
2025-08-18 19:00:00+00:00,Araromi,23.96
2025-08-18 20:00:00+00:00,Araromi,13.77
2025-08-18 21:00:00+00:00,Araromi,10.73
2025-08-18 22:00:00+00:00,Araromi,16.61
2025-08-18 23:00:00+00:00,Araromi,35.25
2025-08-19 00:00:00+00:00,Araromi,16.71
2025-08-19 01:00:00+00:00,Araromi,37.5
2025-08-19 02:00:00+00:00,Araromi,56.83
2025-08-19 03:00:00+00:00,Araromi,13.75
2025-08-19 05:00:00+00:00,Araromi,51.51
2025-08-19 06:00:00+00:00,Araromi,60.07
2025-08-19 07:00:00+00:00,Araromi,47.11
2025-08-19 08:00:00+00:00,Araromi,19.63
2025-08-19 09:00:00+00:00,Araromi,35.99
2025-08-19 10:00:00+00:00,Araromi,16.07
2025-08-19 11:00:00+00:00,Araromi,25.48
2025-08-19 12:00:00+00:00,Araromi,16.66
2025-08-19 13:00:00+00:00,Araromi,25.21
2025-08-19 14:00:00+00:00,Araromi,38.99
2025-08-19 15:00:00+00:00,Araromi,15.41
2025-08-19 16:00:00+00:00,Araromi,23.07
2025-08-19 17:00:00+00:00,Araromi,39.88
2025-08-19 18:00:00+00:00,Araromi,59.16
2025-08-19 19:00:00+00:00,Araromi,74.35
2025-08-19 20:00:00+00:00,Araromi,48.07
2025-08-19 21:00:00+00:00,Araromi,19.45
2025-08-19 22:00:00+00:00,Araromi,22.91
2025-08-19 23:00:00+00:00,Araromi,43.19
2025-08-20 00:00:00+00:00,Araromi,44.8
2025-08-20 07:00:00+00:00,Araromi,25.84
2025-08-20 08:00:00+00:00,Araromi,24.16
2025-08-20 09:00:00+00:00,Araromi,19.09
2025-08-20 10:00:00+00:00,Araromi,41.29
2025-08-20 11:00:00+00:00,Araromi,21.95
2025-08-20 12:00:00+00:00,Araromi,20.39
2025-08-20 13:00:00+00:00,Araromi,30.79
2025-08-20 14:00:00+00:00,Araromi,30.28
2025-08-20 15:00:00+00:00,Araromi,9.19
2025-08-20 16:00:00+00:00,Araromi,12.15
2025-08-20 17:00:00+00:00,Araromi,12.27
2025-08-20 20:00:00+00:00,Araromi,20.1
2025-08-20 21:00:00+00:00,Araromi,19.26
2025-08-20 23:00:00+00:00,Araromi,48.5
2025-08-21 00:00:00+00:00,Araromi,8.31
2025-08-21 01:00:00+00:00,Araromi,13.63
2025-08-21 02:00:00+00:00,Araromi,14.44
2025-08-21 08:00:00+00:00,Araromi,19.95
2025-08-21 09:00:00+00:00,Araromi,44.59
2025-08-21 10:00:00+00:00,Araromi,57.94
2025-08-21 11:00:00+00:00,Araromi,39.69
2025-08-21 12:00:00+00:00,Araromi,14.29
2025-08-21 15:00:00+00:00,Araromi,41.4
2025-08-21 16:00:00+00:00,Araromi,79.37
2025-08-21 17:00:00+00:00,Araromi,12.61
2025-08-21 18:00:00+00:00,Araromi,56.02
2025-08-21 19:00:00+00:00,Araromi,35.75
2025-08-21 21:00:00+00:00,Araromi,64.8
2025-08-21 22:00:00+00:00,Araromi,10.38
2025-08-21 23:00:00+00:00,Araromi,59.75
2025-08-22 00:00:00+00:00,Araromi,12.89
2025-08-22 09:00:00+00:00,Araromi,47.79
2025-08-22 10:00:00+00:00,Araromi,13.31
2025-08-22 11:00:00+00:00,Araromi,26.83
2025-08-22 12:00:00+00:00,Araromi,13.72
2025-08-22 13:00:00+00:00,Araromi,20.61
2025-08-22 14:00:00+00:00,Araromi,12.35
2025-08-22 15:00:00+00:00,Araromi,19.04
2025-08-22 16:00:00+00:00,Araromi,17.5
2025-08-22 17:00:00+00:00,Araromi,21.62
2025-08-22 18:00:00+00:00,Araromi,48.1
2025-08-22 19:00:00+00:00,Araromi,75.05
2025-08-22 22:00:00+00:00,Araromi,44.37
2025-08-22 23:00:00+00:00,Araromi,19.17
2025-08-23 00:00:00+00:00,Araromi,59.9
2025-08-23 02:00:00+00:00,Araromi,13.33
2025-08-23 03:00:00+00:00,Araromi,14.83
2025-08-23 08:00:00+00:00,Araromi,25.98
2025-08-23 09:00:00+00:00,Araromi,67.89
2025-08-23 10:00:00+00:00,Araromi,13.72
2025-08-23 11:00:00+00:00,Araromi,14.51
2025-08-23 12:00:00+00:00,Araromi,17.37
2025-08-23 13:00:00+00:00,Araromi,37.14
2025-08-23 14:00:00+00:00,Araromi,27.09
2025-08-23 15:00:00+00:00,Araromi,6.8
2025-08-23 16:00:00+00:00,Araromi,49.42
2025-08-23 17:00:00+00:00,Araromi,62.99
2025-08-23 18:00:00+00:00,Araromi,48.33
2025-08-23 19:00:00+00:00,Araromi,15.56
2025-08-23 20:00:00+00:00,Araromi,63.62
2025-08-23 21:00:00+00:00,Araromi,35.82
2025-08-23 22:00:00+00:00,Araromi,61.28
2025-08-23 23:00:00+00:00,Araromi,60.95
2025-08-24 00:00:00+00:00,Araromi,5.17
2025-08-24 01:00:00+00:00,Araromi,53.62
2025-08-24 02:00:00+00:00,Araromi,58.29
2025-08-24 03:00:00+00:00,Araromi,67.03
2025-08-24 04:00:00+00:00,Araromi,30.19
2025-08-24 05:00:00+00:00,Araromi,30.58
2025-08-24 06:00:00+00:00,Araromi,13.8
2025-08-24 08:00:00+00:00,Araromi,14.7
2025-08-24 09:00:00+00:00,Araromi,13.9
2025-08-24 10:00:00+00:00,Araromi,19.87
2025-08-24 11:00:00+00:00,Araromi,42.0
2025-08-24 12:00:00+00:00,Araromi,28.53
2025-08-24 13:00:00+00:00,Araromi,22.91
2025-08-24 14:00:00+00:00,Araromi,12.93
2025-08-24 15:00:00+00:00,Araromi,43.97
2025-08-24 16:00:00+00:00,Araromi,26.41
2025-08-24 18:00:00+00:00,Araromi,7.76
2025-08-24 20:00:00+00:00,Araromi,7.02
2025-08-24 21:00:00+00:00,Araromi,49.07
2025-08-24 22:00:00+00:00,Araromi,7.76
2025-08-24 23:00:00+00:00,Araromi,12.82
2025-08-25 00:00:00+00:00,Araromi,28.57
2025-08-25 01:00:00+00:00,Araromi,53.4
2025-08-25 02:00:00+00:00,Araromi,18.99
2025-08-25 03:00:00+00:00,Araromi,38.47
2025-08-25 04:00:00+00:00,Araromi,14.46
2025-08-25 05:00:00+00:00,Araromi,17.5
2025-08-25 06:00:00+00:00,Araromi,10.54
2025-08-25 07:00:00+00:00,Araromi,16.72
2025-08-25 08:00:00+00:00,Araromi,15.25
2025-08-25 09:00:00+00:00,Araromi,27.92
2025-08-25 10:00:00+00:00,Araromi,21.97
2025-08-25 11:00:00+00:00,Araromi,20.76
2025-08-25 12:00:00+00:00,Araromi,9.32
2025-08-25 13:00:00+00:00,Araromi,29.55
2025-08-25 14:00:00+00:00,Araromi,16.21
2025-08-25 15:00:00+00:00,Araromi,16.77
2025-08-25 16:00:00+00:00,Araromi,19.99
2025-08-25 17:00:00+00:00,Araromi,11.92
2025-08-25 19:00:00+00:00,Araromi,38.24
2025-08-25 20:00:00+00:00,Araromi,7.75
2025-08-25 21:00:00+00:00,Araromi,20.76
2025-08-25 22:00:00+00:00,Araromi,7.49
2025-08-25 23:00:00+00:00,Araromi,8.62
2025-08-26 00:00:00+00:00,Araromi,6.36
2025-08-26 03:00:00+00:00,Araromi,5.91
2025-08-26 07:00:00+00:00,Araromi,19.62
2025-08-26 08:00:00+00:00,Araromi,31.69
2025-08-26 09:00:00+00:00,Araromi,17.84
2025-08-26 10:00:00+00:00,Araromi,12.81
2025-08-26 11:00:00+00:00,Araromi,20.28
2025-08-26 12:00:00+00:00,Araromi,27.14
2025-08-26 13:00:00+00:00,Araromi,28.51
2025-08-26 14:00:00+00:00,Araromi,21.47
2025-08-26 15:00:00+00:00,Araromi,15.59
2025-08-26 17:00:00+00:00,Araromi,15.88
2025-08-26 18:00:00+00:00,Araromi,32.29
2025-08-26 20:00:00+00:00,Araromi,23.14
2025-08-26 21:00:00+00:00,Araromi,16.76
2025-08-27 09:00:00+00:00,Araromi,31.09
2025-08-27 10:00:00+00:00,Araromi,14.56
2025-08-27 11:00:00+00:00,Araromi,10.21
2025-08-27 12:00:00+00:00,Araromi,11.67
2025-08-27 13:00:00+00:00,Araromi,8.43
2025-08-27 14:00:00+00:00,Araromi,12.49
2025-08-27 15:00:00+00:00,Araromi,44.86
2025-08-27 17:00:00+00:00,Araromi,12.5
2025-08-27 18:00:00+00:00,Araromi,21.68
2025-08-27 19:00:00+00:00,Araromi,17.93
2025-08-27 20:00:00+00:00,Araromi,13.13
2025-08-27 22:00:00+00:00,Araromi,17.83
2025-08-27 23:00:00+00:00,Araromi,13.72
2025-08-28 01:00:00+00:00,Araromi,5.11
2025-08-28 02:00:00+00:00,Araromi,30.46
2025-08-28 05:00:00+00:00,Araromi,40.97
2025-08-28 07:00:00+00:00,Araromi,25.73
2025-08-28 08:00:00+00:00,Araromi,13.85
2025-08-28 10:00:00+00:00,Araromi,15.07
2025-08-28 11:00:00+00:00,Araromi,14.05
2025-08-28 12:00:00+00:00,Araromi,26.96
2025-08-28 13:00:00+00:00,Araromi,34.91
2025-08-28 14:00:00+00:00,Araromi,9.54
2025-08-28 15:00:00+00:00,Araromi,17.34
2025-08-28 16:00:00+00:00,Araromi,19.82
2025-08-28 17:00:00+00:00,Araromi,15.9
2025-08-28 18:00:00+00:00,Araromi,15.27
2025-08-28 19:00:00+00:00,Araromi,47.75
2025-08-28 20:00:00+00:00,Araromi,18.35
2025-08-28 21:00:00+00:00,Araromi,21.22
2025-08-28 22:00:00+00:00,Araromi,15.97
2025-08-28 23:00:00+00:00,Araromi,15.55
2025-08-29 00:00:00+00:00,Araromi,13.04
2025-08-29 01:00:00+00:00,Araromi,11.0
2025-08-29 04:00:00+00:00,Araromi,29.36
2025-08-29 05:00:00+00:00,Araromi,17.76
2025-08-29 07:00:00+00:00,Araromi,16.89
2025-08-29 08:00:00+00:00,Araromi,17.65
2025-08-29 09:00:00+00:00,Araromi,12.62
2025-08-29 10:00:00+00:00,Araromi,19.62
2025-08-29 11:00:00+00:00,Araromi,30.04
2025-08-29 12:00:00+00:00,Araromi,15.95
2025-08-29 13:00:00+00:00,Araromi,13.82
2025-08-29 14:00:00+00:00,Araromi,28.78
2025-08-29 15:00:00+00:00,Araromi,15.22
2025-08-29 16:00:00+00:00,Araromi,46.96
2025-08-29 18:00:00+00:00,Araromi,68.53
2025-08-29 19:00:00+00:00,Araromi,19.69
2025-08-29 21:00:00+00:00,Araromi,12.83
2025-08-29 22:00:00+00:00,Araromi,16.31
2025-08-29 23:00:00+00:00,Araromi,39.09
2025-08-30 02:00:00+00:00,Araromi,30.29
2025-08-30 03:00:00+00:00,Araromi,16.02
2025-08-30 04:00:00+00:00,Araromi,62.47
2025-08-30 05:00:00+00:00,Araromi,28.21
2025-08-30 06:00:00+00:00,Araromi,28.39
2025-08-30 08:00:00+00:00,Araromi,21.39
2025-08-30 09:00:00+00:00,Araromi,11.18
2025-08-30 10:00:00+00:00,Araromi,13.82
2025-08-30 11:00:00+00:00,Araromi,14.14
2025-08-30 12:00:00+00:00,Araromi,21.13
2025-08-30 13:00:00+00:00,Araromi,15.43
2025-08-30 14:00:00+00:00,Araromi,25.04
2025-08-30 15:00:00+00:00,Araromi,33.93
2025-08-30 17:00:00+00:00,Araromi,18.45
2025-08-30 18:00:00+00:00,Araromi,16.83
2025-08-30 22:00:00+00:00,Araromi,41.37
2025-08-30 23:00:00+00:00,Araromi,11.29
2025-08-31 00:00:00+00:00,Araromi,14.21
2025-08-31 01:00:00+00:00,Araromi,25.72
2025-08-31 02:00:00+00:00,Araromi,10.71
2025-08-31 03:00:00+00:00,Araromi,29.45
2025-08-31 04:00:00+00:00,Araromi,21.56
2025-08-31 08:00:00+00:00,Araromi,39.19
2025-08-31 09:00:00+00:00,Araromi,17.07
2025-08-31 10:00:00+00:00,Araromi,13.59
2025-08-31 11:00:00+00:00,Araromi,16.62
2025-08-31 12:00:00+00:00,Araromi,12.37
2025-08-31 13:00:00+00:00,Araromi,23.28
2025-08-31 14:00:00+00:00,Araromi,15.24
2025-08-31 15:00:00+00:00,Araromi,7.45
2025-08-31 16:00:00+00:00,Araromi,18.93
2025-08-31 17:00:00+00:00,Araromi,20.98
2025-08-31 18:00:00+00:00,Araromi,22.37
2025-08-31 19:00:00+00:00,Araromi,11.72
2025-08-31 20:00:00+00:00,Araromi,16.84
2025-08-31 21:00:00+00:00,Araromi,10.97
2025-08-31 23:00:00+00:00,Araromi,20.15
2025-08-01 00:00:00+00:00,Banana Island,101.24
2025-08-01 07:00:00+00:00,Banana Island,19.92
2025-08-01 08:00:00+00:00,Banana Island,41.33
2025-08-01 09:00:00+00:00,Banana Island,14.34
2025-08-01 18:00:00+00:00,Banana Island,15.12
2025-08-01 19:00:00+00:00,Banana Island,88.43
2025-08-01 20:00:00+00:00,Banana Island,63.56
2025-08-01 21:00:00+00:00,Banana Island,45.11
2025-08-01 22:00:00+00:00,Banana Island,57.73
2025-08-01 23:00:00+00:00,Banana Island,13.73
2025-08-02 01:00:00+00:00,Banana Island,65.79
2025-08-02 02:00:00+00:00,Banana Island,33.48
2025-08-02 03:00:00+00:00,Banana Island,35.69
2025-08-02 04:00:00+00:00,Banana Island,14.25
2025-08-02 05:00:00+00:00,Banana Island,69.66
2025-08-02 07:00:00+00:00,Banana Island,22.77
2025-08-02 08:00:00+00:00,Banana Island,30.41
2025-08-02 09:00:00+00:00,Banana Island,18.39
2025-08-02 10:00:00+00:00,Banana Island,33.13
2025-08-02 11:00:00+00:00,Banana Island,21.13
2025-08-02 12:00:00+00:00,Banana Island,26.24
2025-08-02 13:00:00+00:00,Banana Island,21.49
2025-08-02 14:00:00+00:00,Banana Island,17.06
2025-08-02 15:00:00+00:00,Banana Island,40.14
2025-08-02 16:00:00+00:00,Banana Island,39.44
2025-08-02 17:00:00+00:00,Banana Island,19.1
2025-08-02 18:00:00+00:00,Banana Island,56.96
2025-08-02 19:00:00+00:00,Banana Island,14.41
2025-08-02 20:00:00+00:00,Banana Island,19.17
2025-08-02 21:00:00+00:00,Banana Island,50.5
2025-08-02 23:00:00+00:00,Banana Island,38.96
2025-08-03 00:00:00+00:00,Banana Island,15.46
2025-08-03 02:00:00+00:00,Banana Island,12.92
2025-08-03 03:00:00+00:00,Banana Island,41.1
2025-08-03 05:00:00+00:00,Banana Island,55.22
2025-08-03 08:00:00+00:00,Banana Island,25.06
2025-08-03 09:00:00+00:00,Banana Island,16.51
2025-08-03 10:00:00+00:00,Banana Island,17.19
2025-08-03 11:00:00+00:00,Banana Island,47.65
2025-08-03 12:00:00+00:00,Banana Island,15.34
2025-08-03 13:00:00+00:00,Banana Island,12.75
2025-08-03 14:00:00+00:00,Banana Island,15.4
2025-08-03 16:00:00+00:00,Banana Island,16.09
2025-08-03 18:00:00+00:00,Banana Island,16.89
2025-08-03 19:00:00+00:00,Banana Island,16.59
2025-08-03 20:00:00+00:00,Banana Island,15.25
2025-08-03 21:00:00+00:00,Banana Island,15.68
2025-08-03 22:00:00+00:00,Banana Island,24.12
2025-08-03 23:00:00+00:00,Banana Island,15.35
2025-08-04 00:00:00+00:00,Banana Island,29.69
2025-08-04 01:00:00+00:00,Banana Island,49.07
2025-08-04 02:00:00+00:00,Banana Island,17.96
2025-08-04 04:00:00+00:00,Banana Island,33.67
2025-08-04 10:00:00+00:00,Banana Island,15.76
2025-08-04 11:00:00+00:00,Banana Island,25.18
2025-08-04 12:00:00+00:00,Banana Island,17.25
2025-08-04 13:00:00+00:00,Banana Island,20.78
2025-08-04 16:00:00+00:00,Banana Island,28.11
2025-08-04 17:00:00+00:00,Banana Island,39.21
2025-08-04 18:00:00+00:00,Banana Island,43.15
2025-08-04 19:00:00+00:00,Banana Island,16.55
2025-08-04 20:00:00+00:00,Banana Island,19.9
2025-08-04 21:00:00+00:00,Banana Island,19.9
2025-08-04 22:00:00+00:00,Banana Island,19.91
2025-08-05 00:00:00+00:00,Banana Island,15.96
2025-08-05 08:00:00+00:00,Banana Island,15.4
2025-08-05 09:00:00+00:00,Banana Island,15.74
2025-08-05 10:00:00+00:00,Banana Island,19.26
2025-08-05 11:00:00+00:00,Banana Island,21.29
2025-08-05 12:00:00+00:00,Banana Island,22.79
2025-08-05 13:00:00+00:00,Banana Island,17.66
2025-08-05 14:00:00+00:00,Banana Island,14.63
2025-08-05 16:00:00+00:00,Banana Island,15.79
2025-08-05 18:00:00+00:00,Banana Island,16.5
2025-08-05 20:00:00+00:00,Banana Island,16.52
2025-08-05 21:00:00+00:00,Banana Island,18.35
2025-08-05 22:00:00+00:00,Banana Island,20.51
2025-08-05 23:00:00+00:00,Banana Island,15.4
2025-08-06 00:00:00+00:00,Banana Island,15.36
2025-08-06 01:00:00+00:00,Banana Island,14.9
2025-08-06 02:00:00+00:00,Banana Island,14.03
2025-08-06 03:00:00+00:00,Banana Island,12.87
2025-08-06 04:00:00+00:00,Banana Island,12.72
2025-08-06 08:00:00+00:00,Banana Island,22.63
2025-08-06 09:00:00+00:00,Banana Island,18.18
2025-08-06 10:00:00+00:00,Banana Island,17.02
2025-08-06 11:00:00+00:00,Banana Island,17.96
2025-08-06 12:00:00+00:00,Banana Island,17.48
2025-08-06 13:00:00+00:00,Banana Island,18.04
2025-08-06 14:00:00+00:00,Banana Island,17.07
2025-08-06 15:00:00+00:00,Banana Island,16.83
2025-08-06 16:00:00+00:00,Banana Island,19.75
2025-08-06 17:00:00+00:00,Banana Island,22.68
2025-08-06 18:00:00+00:00,Banana Island,24.89
2025-08-06 19:00:00+00:00,Banana Island,24.31
2025-08-06 20:00:00+00:00,Banana Island,21.16
2025-08-06 21:00:00+00:00,Banana Island,20.99
2025-08-06 22:00:00+00:00,Banana Island,20.84
2025-08-06 23:00:00+00:00,Banana Island,20.42
2025-08-07 00:00:00+00:00,Banana Island,8.27
2025-08-07 01:00:00+00:00,Banana Island,7.84
2025-08-07 04:00:00+00:00,Banana Island,14.75
2025-08-07 08:00:00+00:00,Banana Island,21.18
2025-08-07 09:00:00+00:00,Banana Island,33.83
2025-08-07 10:00:00+00:00,Banana Island,29.71
2025-08-07 11:00:00+00:00,Banana Island,26.91
2025-08-07 17:00:00+00:00,Banana Island,21.18
2025-08-07 18:00:00+00:00,Banana Island,18.34
2025-08-07 19:00:00+00:00,Banana Island,24.32
2025-08-07 20:00:00+00:00,Banana Island,18.96
2025-08-07 21:00:00+00:00,Banana Island,72.09
2025-08-07 22:00:00+00:00,Banana Island,10.54
2025-08-07 23:00:00+00:00,Banana Island,32.12
2025-08-08 00:00:00+00:00,Banana Island,36.56
2025-08-08 01:00:00+00:00,Banana Island,21.72
2025-08-08 03:00:00+00:00,Banana Island,62.46
2025-08-08 04:00:00+00:00,Banana Island,58.1
2025-08-08 07:00:00+00:00,Banana Island,17.29
2025-08-08 08:00:00+00:00,Banana Island,32.6
2025-08-08 09:00:00+00:00,Banana Island,35.31
2025-08-08 10:00:00+00:00,Banana Island,19.19
2025-08-08 18:00:00+00:00,Banana Island,46.42
2025-08-08 19:00:00+00:00,Banana Island,15.75
2025-08-08 20:00:00+00:00,Banana Island,11.81
2025-08-08 21:00:00+00:00,Banana Island,16.72
2025-08-08 22:00:00+00:00,Banana Island,43.33
2025-08-08 23:00:00+00:00,Banana Island,13.41
2025-08-09 00:00:00+00:00,Banana Island,14.11
2025-08-09 01:00:00+00:00,Banana Island,19.08
2025-08-09 02:00:00+00:00,Banana Island,10.45
2025-08-09 03:00:00+00:00,Banana Island,10.36
2025-08-09 04:00:00+00:00,Banana Island,13.56
2025-08-09 05:00:00+00:00,Banana Island,29.75
2025-08-09 08:00:00+00:00,Banana Island,27.22
2025-08-09 09:00:00+00:00,Banana Island,33.4
2025-08-09 10:00:00+00:00,Banana Island,18.94
2025-08-09 11:00:00+00:00,Banana Island,16.49
2025-08-09 12:00:00+00:00,Banana Island,14.98
2025-08-09 13:00:00+00:00,Banana Island,11.41
2025-08-09 14:00:00+00:00,Banana Island,45.68
2025-08-09 15:00:00+00:00,Banana Island,42.73
2025-08-09 16:00:00+00:00,Banana Island,45.15
2025-08-09 17:00:00+00:00,Banana Island,42.68
2025-08-09 18:00:00+00:00,Banana Island,30.19
2025-08-09 19:00:00+00:00,Banana Island,54.31
2025-08-09 20:00:00+00:00,Banana Island,71.01
2025-08-09 21:00:00+00:00,Banana Island,29.17
2025-08-09 22:00:00+00:00,Banana Island,16.05
2025-08-09 23:00:00+00:00,Banana Island,8.93
2025-08-10 00:00:00+00:00,Banana Island,31.45
2025-08-10 01:00:00+00:00,Banana Island,30.84
2025-08-10 02:00:00+00:00,Banana Island,18.48
2025-08-10 03:00:00+00:00,Banana Island,50.52
2025-08-10 04:00:00+00:00,Banana Island,13.07
2025-08-10 05:00:00+00:00,Banana Island,8.44
2025-08-10 07:00:00+00:00,Banana Island,19.9
2025-08-10 08:00:00+00:00,Banana Island,14.29
2025-08-10 09:00:00+00:00,Banana Island,15.34
2025-08-10 19:00:00+00:00,Banana Island,15.76
2025-08-10 20:00:00+00:00,Banana Island,19.97
2025-08-10 22:00:00+00:00,Banana Island,12.07
2025-08-10 23:00:00+00:00,Banana Island,23.44
2025-08-11 00:00:00+00:00,Banana Island,10.22
2025-08-11 01:00:00+00:00,Banana Island,11.66
2025-08-11 02:00:00+00:00,Banana Island,42.24
2025-08-11 03:00:00+00:00,Banana Island,18.01
2025-08-11 04:00:00+00:00,Banana Island,12.54
2025-08-11 05:00:00+00:00,Banana Island,51.57
2025-08-11 07:00:00+00:00,Banana Island,19.79
2025-08-11 08:00:00+00:00,Banana Island,41.1
2025-08-11 09:00:00+00:00,Banana Island,20.44
2025-08-11 18:00:00+00:00,Banana Island,23.29
2025-08-11 19:00:00+00:00,Banana Island,13.92
2025-08-11 20:00:00+00:00,Banana Island,15.98
2025-08-11 21:00:00+00:00,Banana Island,10.27
2025-08-11 22:00:00+00:00,Banana Island,12.52
2025-08-12 00:00:00+00:00,Banana Island,11.35
2025-08-12 01:00:00+00:00,Banana Island,7.45
2025-08-12 02:00:00+00:00,Banana Island,13.54
2025-08-12 03:00:00+00:00,Banana Island,18.77
2025-08-12 07:00:00+00:00,Banana Island,15.79
2025-08-12 08:00:00+00:00,Banana Island,49.77
2025-08-12 09:00:00+00:00,Banana Island,42.39
2025-08-12 10:00:00+00:00,Banana Island,23.7
2025-08-12 11:00:00+00:00,Banana Island,14.0
2025-08-12 12:00:00+00:00,Banana Island,22.67
2025-08-12 17:00:00+00:00,Banana Island,9.55
2025-08-12 18:00:00+00:00,Banana Island,10.26
2025-08-12 19:00:00+00:00,Banana Island,47.8
2025-08-12 20:00:00+00:00,Banana Island,17.56
2025-08-12 21:00:00+00:00,Banana Island,42.32
2025-08-12 22:00:00+00:00,Banana Island,54.38
2025-08-12 23:00:00+00:00,Banana Island,10.0
2025-08-13 00:00:00+00:00,Banana Island,35.89
2025-08-13 01:00:00+00:00,Banana Island,7.14
2025-08-13 02:00:00+00:00,Banana Island,15.48
2025-08-13 03:00:00+00:00,Banana Island,11.48
2025-08-13 07:00:00+00:00,Banana Island,20.37
2025-08-13 08:00:00+00:00,Banana Island,13.39
2025-08-13 09:00:00+00:00,Banana Island,9.97
2025-08-13 10:00:00+00:00,Banana Island,10.31
2025-08-13 11:00:00+00:00,Banana Island,26.97
2025-08-13 13:00:00+00:00,Banana Island,17.61
2025-08-13 14:00:00+00:00,Banana Island,31.35
2025-08-13 15:00:00+00:00,Banana Island,41.83
2025-08-13 16:00:00+00:00,Banana Island,53.59
2025-08-13 17:00:00+00:00,Banana Island,40.55
2025-08-13 18:00:00+00:00,Banana Island,23.62
2025-08-13 19:00:00+00:00,Banana Island,18.34
2025-08-13 20:00:00+00:00,Banana Island,27.71
2025-08-13 21:00:00+00:00,Banana Island,11.97
2025-08-13 22:00:00+00:00,Banana Island,17.32
2025-08-13 23:00:00+00:00,Banana Island,38.82
2025-08-14 00:00:00+00:00,Banana Island,29.27
2025-08-14 01:00:00+00:00,Banana Island,42.94
2025-08-14 02:00:00+00:00,Banana Island,24.72
2025-08-14 03:00:00+00:00,Banana Island,9.83
2025-08-14 04:00:00+00:00,Banana Island,34.72
2025-08-14 07:00:00+00:00,Banana Island,11.78
2025-08-14 08:00:00+00:00,Banana Island,10.93
2025-08-14 09:00:00+00:00,Banana Island,45.06
2025-08-14 18:00:00+00:00,Banana Island,18.58
2025-08-14 19:00:00+00:00,Banana Island,30.48
2025-08-14 20:00:00+00:00,Banana Island,32.21
2025-08-14 21:00:00+00:00,Banana Island,55.71
2025-08-14 22:00:00+00:00,Banana Island,48.43
2025-08-14 23:00:00+00:00,Banana Island,10.96
2025-08-15 00:00:00+00:00,Banana Island,11.97
2025-08-15 01:00:00+00:00,Banana Island,54.54
2025-08-15 02:00:00+00:00,Banana Island,9.75
2025-08-15 03:00:00+00:00,Banana Island,40.49
2025-08-15 04:00:00+00:00,Banana Island,20.17
2025-08-15 05:00:00+00:00,Banana Island,31.75
2025-08-15 08:00:00+00:00,Banana Island,16.46
2025-08-15 09:00:00+00:00,Banana Island,33.7
2025-08-15 10:00:00+00:00,Banana Island,27.59
2025-08-15 11:00:00+00:00,Banana Island,17.05
2025-08-15 17:00:00+00:00,Banana Island,29.52
2025-08-15 20:00:00+00:00,Banana Island,7.63
2025-08-15 21:00:00+00:00,Banana Island,12.35
2025-08-15 22:00:00+00:00,Banana Island,20.51
2025-08-15 23:00:00+00:00,Banana Island,16.08
2025-08-16 00:00:00+00:00,Banana Island,59.49
2025-08-16 01:00:00+00:00,Banana Island,38.22
2025-08-16 02:00:00+00:00,Banana Island,29.47
2025-08-16 03:00:00+00:00,Banana Island,23.04
2025-08-16 04:00:00+00:00,Banana Island,14.43
2025-08-16 05:00:00+00:00,Banana Island,11.97
2025-08-16 08:00:00+00:00,Banana Island,30.08
2025-08-16 09:00:00+00:00,Banana Island,25.52
2025-08-16 10:00:00+00:00,Banana Island,8.63
2025-08-16 11:00:00+00:00,Banana Island,15.46
2025-08-16 12:00:00+00:00,Banana Island,17.45
2025-08-16 13:00:00+00:00,Banana Island,16.57
2025-08-16 14:00:00+00:00,Banana Island,27.26
2025-08-16 15:00:00+00:00,Banana Island,22.74
2025-08-16 16:00:00+00:00,Banana Island,19.31
2025-08-16 18:00:00+00:00,Banana Island,18.68
2025-08-16 19:00:00+00:00,Banana Island,19.72
2025-08-16 20:00:00+00:00,Banana Island,12.92
2025-08-16 21:00:00+00:00,Banana Island,27.41
2025-08-16 22:00:00+00:00,Banana Island,19.84
2025-08-16 23:00:00+00:00,Banana Island,10.85
2025-08-17 00:00:00+00:00,Banana Island,8.27
2025-08-17 01:00:00+00:00,Banana Island,10.98
2025-08-17 02:00:00+00:00,Banana Island,13.59
2025-08-17 03:00:00+00:00,Banana Island,43.94
2025-08-17 04:00:00+00:00,Banana Island,15.55
2025-08-17 08:00:00+00:00,Banana Island,42.67
2025-08-17 10:00:00+00:00,Banana Island,28.63
2025-08-17 17:00:00+00:00,Banana Island,27.48
2025-08-17 18:00:00+00:00,Banana Island,40.23
2025-08-17 19:00:00+00:00,Banana Island,17.07
2025-08-17 20:00:00+00:00,Banana Island,15.62
2025-08-17 21:00:00+00:00,Banana Island,27.54
2025-08-17 22:00:00+00:00,Banana Island,13.96
2025-08-17 23:00:00+00:00,Banana Island,15.43
2025-08-18 00:00:00+00:00,Banana Island,11.51
2025-08-18 01:00:00+00:00,Banana Island,19.74
2025-08-18 02:00:00+00:00,Banana Island,14.6
2025-08-18 04:00:00+00:00,Banana Island,21.99
2025-08-18 08:00:00+00:00,Banana Island,36.14
2025-08-18 09:00:00+00:00,Banana Island,33.64
2025-08-18 10:00:00+00:00,Banana Island,13.13
2025-08-18 17:00:00+00:00,Banana Island,41.86
2025-08-18 18:00:00+00:00,Banana Island,8.64
2025-08-18 19:00:00+00:00,Banana Island,30.78
2025-08-18 20:00:00+00:00,Banana Island,30.43
2025-08-18 21:00:00+00:00,Banana Island,54.84
2025-08-18 22:00:00+00:00,Banana Island,28.37
2025-08-18 23:00:00+00:00,Banana Island,11.86
2025-08-19 00:00:00+00:00,Banana Island,10.07
2025-08-19 01:00:00+00:00,Banana Island,15.01
2025-08-19 02:00:00+00:00,Banana Island,18.76
2025-08-19 03:00:00+00:00,Banana Island,13.91
2025-08-19 04:00:00+00:00,Banana Island,10.91
2025-08-19 05:00:00+00:00,Banana Island,25.35
2025-08-19 07:00:00+00:00,Banana Island,16.99
2025-08-19 08:00:00+00:00,Banana Island,46.5
2025-08-19 09:00:00+00:00,Banana Island,16.34
2025-08-19 10:00:00+00:00,Banana Island,16.38
2025-08-19 11:00:00+00:00,Banana Island,19.49
2025-08-19 12:00:00+00:00,Banana Island,28.74
2025-08-19 13:00:00+00:00,Banana Island,16.73
2025-08-19 14:00:00+00:00,Banana Island,15.71
2025-08-19 15:00:00+00:00,Banana Island,35.22
2025-08-19 16:00:00+00:00,Banana Island,58.38
2025-08-19 17:00:00+00:00,Banana Island,23.86
2025-08-19 18:00:00+00:00,Banana Island,42.61
2025-08-19 20:00:00+00:00,Banana Island,22.07
2025-08-19 22:00:00+00:00,Banana Island,9.74
2025-08-20 00:00:00+00:00,Banana Island,28.53
2025-08-20 01:00:00+00:00,Banana Island,20.51
2025-08-20 03:00:00+00:00,Banana Island,14.59
2025-08-20 04:00:00+00:00,Banana Island,63.84
2025-08-20 05:00:00+00:00,Banana Island,15.47
2025-08-20 06:00:00+00:00,Banana Island,61.87
2025-08-20 07:00:00+00:00,Banana Island,9.43
2025-08-20 08:00:00+00:00,Banana Island,56.81
2025-08-20 17:00:00+00:00,Banana Island,21.51
2025-08-20 18:00:00+00:00,Banana Island,39.77
2025-08-20 19:00:00+00:00,Banana Island,36.83
2025-08-20 20:00:00+00:00,Banana Island,69.02
2025-08-20 21:00:00+00:00,Banana Island,52.45
2025-08-20 22:00:00+00:00,Banana Island,69.77
2025-08-20 23:00:00+00:00,Banana Island,28.66
2025-08-21 00:00:00+00:00,Banana Island,45.74
2025-08-21 01:00:00+00:00,Banana Island,89.75
2025-08-21 02:00:00+00:00,Banana Island,59.61
2025-08-21 03:00:00+00:00,Banana Island,17.73
2025-08-21 04:00:00+00:00,Banana Island,11.13
2025-08-21 07:00:00+00:00,Banana Island,13.02
2025-08-21 08:00:00+00:00,Banana Island,45.42
2025-08-21 09:00:00+00:00,Banana Island,12.98
2025-08-21 10:00:00+00:00,Banana Island,47.94
2025-08-21 17:00:00+00:00,Banana Island,57.96
2025-08-21 20:00:00+00:00,Banana Island,42.04
2025-08-21 21:00:00+00:00,Banana Island,65.53
2025-08-21 22:00:00+00:00,Banana Island,9.36
2025-08-21 23:00:00+00:00,Banana Island,40.01
2025-08-22 00:00:00+00:00,Banana Island,9.31
2025-08-22 01:00:00+00:00,Banana Island,18.76
2025-08-22 02:00:00+00:00,Banana Island,12.3
2025-08-22 03:00:00+00:00,Banana Island,65.19
2025-08-22 07:00:00+00:00,Banana Island,67.58
2025-08-22 08:00:00+00:00,Banana Island,32.7
2025-08-22 09:00:00+00:00,Banana Island,28.38
2025-08-22 19:00:00+00:00,Banana Island,19.29
2025-08-22 20:00:00+00:00,Banana Island,9.85
2025-08-22 21:00:00+00:00,Banana Island,7.09
2025-08-22 22:00:00+00:00,Banana Island,7.48
2025-08-22 23:00:00+00:00,Banana Island,11.55
2025-08-23 00:00:00+00:00,Banana Island,66.77
2025-08-23 01:00:00+00:00,Banana Island,104.7
2025-08-23 02:00:00+00:00,Banana Island,33.25
2025-08-23 03:00:00+00:00,Banana Island,103.87
2025-08-23 04:00:00+00:00,Banana Island,68.34
2025-08-23 05:00:00+00:00,Banana Island,68.84
2025-08-23 08:00:00+00:00,Banana Island,34.39
2025-08-23 09:00:00+00:00,Banana Island,59.82
2025-08-23 17:00:00+00:00,Banana Island,49.45
2025-08-23 18:00:00+00:00,Banana Island,17.07
2025-08-23 19:00:00+00:00,Banana Island,21.82
2025-08-23 20:00:00+00:00,Banana Island,109.83
2025-08-23 21:00:00+00:00,Banana Island,44.05
2025-08-23 22:00:00+00:00,Banana Island,52.77
2025-08-23 23:00:00+00:00,Banana Island,8.15
2025-08-24 00:00:00+00:00,Banana Island,35.16
2025-08-24 01:00:00+00:00,Banana Island,49.26
2025-08-24 02:00:00+00:00,Banana Island,12.77
2025-08-24 03:00:00+00:00,Banana Island,65.74
2025-08-24 04:00:00+00:00,Banana Island,6.54
2025-08-24 07:00:00+00:00,Banana Island,44.81
2025-08-24 08:00:00+00:00,Banana Island,46.82
2025-08-24 09:00:00+00:00,Banana Island,14.87
2025-08-24 17:00:00+00:00,Banana Island,22.0
2025-08-24 18:00:00+00:00,Banana Island,69.54
2025-08-24 19:00:00+00:00,Banana Island,12.63
2025-08-24 20:00:00+00:00,Banana Island,43.23
2025-08-24 21:00:00+00:00,Banana Island,58.64
2025-08-24 22:00:00+00:00,Banana Island,42.81
2025-08-24 23:00:00+00:00,Banana Island,49.86
2025-08-25 00:00:00+00:00,Banana Island,40.78
2025-08-25 01:00:00+00:00,Banana Island,83.2
2025-08-25 02:00:00+00:00,Banana Island,15.36
2025-08-25 03:00:00+00:00,Banana Island,27.95
2025-08-25 04:00:00+00:00,Banana Island,66.8
2025-08-25 07:00:00+00:00,Banana Island,10.65
2025-08-25 08:00:00+00:00,Banana Island,38.38
2025-08-25 09:00:00+00:00,Banana Island,50.49
2025-08-25 10:00:00+00:00,Banana Island,15.25
2025-08-25 11:00:00+00:00,Banana Island,27.23
2025-08-25 12:00:00+00:00,Banana Island,11.8
2025-08-25 13:00:00+00:00,Banana Island,53.12
2025-08-25 14:00:00+00:00,Banana Island,16.32
2025-08-25 15:00:00+00:00,Banana Island,45.37
2025-08-25 16:00:00+00:00,Banana Island,13.17
2025-08-25 17:00:00+00:00,Banana Island,39.47
2025-08-25 18:00:00+00:00,Banana Island,14.78
2025-08-25 19:00:00+00:00,Banana Island,9.75
2025-08-25 20:00:00+00:00,Banana Island,80.19
2025-08-25 21:00:00+00:00,Banana Island,35.47
2025-08-25 22:00:00+00:00,Banana Island,90.44
2025-08-25 23:00:00+00:00,Banana Island,79.36
2025-08-26 00:00:00+00:00,Banana Island,90.07
2025-08-26 01:00:00+00:00,Banana Island,5.75
2025-08-26 02:00:00+00:00,Banana Island,58.24
2025-08-26 03:00:00+00:00,Banana Island,61.34
2025-08-26 04:00:00+00:00,Banana Island,27.02
2025-08-26 07:00:00+00:00,Banana Island,56.16
2025-08-26 08:00:00+00:00,Banana Island,14.85
2025-08-26 09:00:00+00:00,Banana Island,13.67
2025-08-26 10:00:00+00:00,Banana Island,13.45
2025-08-26 17:00:00+00:00,Banana Island,52.45
2025-08-26 18:00:00+00:00,Banana Island,16.92
2025-08-26 19:00:00+00:00,Banana Island,36.5
2025-08-26 20:00:00+00:00,Banana Island,33.18
2025-08-26 21:00:00+00:00,Banana Island,16.37
2025-08-26 22:00:00+00:00,Banana Island,15.24
2025-08-26 23:00:00+00:00,Banana Island,16.37
2025-08-27 00:00:00+00:00,Banana Island,34.08
2025-08-27 01:00:00+00:00,Banana Island,26.22
2025-08-27 02:00:00+00:00,Banana Island,35.82
2025-08-27 03:00:00+00:00,Banana Island,41.81
2025-08-27 04:00:00+00:00,Banana Island,25.22
2025-08-27 07:00:00+00:00,Banana Island,9.03
2025-08-27 08:00:00+00:00,Banana Island,24.7
2025-08-27 09:00:00+00:00,Banana Island,15.31
2025-08-27 17:00:00+00:00,Banana Island,49.51
2025-08-27 19:00:00+00:00,Banana Island,16.27
2025-08-27 20:00:00+00:00,Banana Island,12.58
2025-08-27 21:00:00+00:00,Banana Island,12.53
2025-08-27 22:00:00+00:00,Banana Island,14.65
2025-08-27 23:00:00+00:00,Banana Island,38.89
2025-08-28 00:00:00+00:00,Banana Island,8.58
2025-08-28 01:00:00+00:00,Banana Island,10.15
2025-08-28 02:00:00+00:00,Banana Island,17.98
2025-08-28 03:00:00+00:00,Banana Island,50.89
2025-08-28 07:00:00+00:00,Banana Island,47.18
2025-08-28 08:00:00+00:00,Banana Island,16.18
2025-08-28 09:00:00+00:00,Banana Island,18.37
2025-08-28 17:00:00+00:00,Banana Island,41.64
2025-08-28 18:00:00+00:00,Banana Island,23.42
2025-08-28 19:00:00+00:00,Banana Island,9.79
2025-08-28 20:00:00+00:00,Banana Island,22.19
2025-08-28 21:00:00+00:00,Banana Island,9.3
2025-08-28 22:00:00+00:00,Banana Island,52.63
2025-08-28 23:00:00+00:00,Banana Island,60.86
2025-08-29 00:00:00+00:00,Banana Island,62.54
2025-08-29 01:00:00+00:00,Banana Island,12.32
2025-08-29 02:00:00+00:00,Banana Island,12.44
2025-08-29 03:00:00+00:00,Banana Island,42.21
2025-08-29 04:00:00+00:00,Banana Island,29.66
2025-08-29 07:00:00+00:00,Banana Island,15.48
2025-08-29 08:00:00+00:00,Banana Island,22.84
2025-08-29 09:00:00+00:00,Banana Island,12.47
2025-08-29 17:00:00+00:00,Banana Island,32.25
2025-08-29 18:00:00+00:00,Banana Island,12.91
2025-08-29 19:00:00+00:00,Banana Island,21.52
2025-08-29 20:00:00+00:00,Banana Island,17.9
2025-08-29 21:00:00+00:00,Banana Island,13.88
2025-08-29 23:00:00+00:00,Banana Island,22.92
2025-08-30 00:00:00+00:00,Banana Island,11.98
2025-08-30 01:00:00+00:00,Banana Island,14.53
2025-08-30 02:00:00+00:00,Banana Island,16.85
2025-08-30 04:00:00+00:00,Banana Island,43.69
2025-08-30 07:00:00+00:00,Banana Island,20.12
2025-08-30 08:00:00+00:00,Banana Island,13.16
2025-08-30 09:00:00+00:00,Banana Island,17.45
2025-08-30 10:00:00+00:00,Banana Island,36.42
2025-08-30 11:00:00+00:00,Banana Island,17.5
2025-08-30 17:00:00+00:00,Banana Island,18.17
2025-08-30 19:00:00+00:00,Banana Island,18.75
2025-08-30 21:00:00+00:00,Banana Island,10.79
2025-08-30 22:00:00+00:00,Banana Island,12.6
2025-08-30 23:00:00+00:00,Banana Island,29.79
2025-08-31 00:00:00+00:00,Banana Island,39.59
2025-08-31 01:00:00+00:00,Banana Island,34.08
2025-08-31 02:00:00+00:00,Banana Island,9.8
2025-08-31 03:00:00+00:00,Banana Island,32.16
2025-08-31 04:00:00+00:00,Banana Island,16.87
2025-08-31 05:00:00+00:00,Banana Island,14.52
2025-08-31 07:00:00+00:00,Banana Island,17.25
2025-08-31 08:00:00+00:00,Banana Island,16.47
2025-08-31 09:00:00+00:00,Banana Island,10.33
2025-08-31 17:00:00+00:00,Banana Island,22.26
2025-08-31 19:00:00+00:00,Banana Island,10.0
2025-08-31 20:00:00+00:00,Banana Island,19.12
2025-08-31 21:00:00+00:00,Banana Island,16.35
2025-08-31 22:00:00+00:00,Banana Island,28.22
2025-08-31 23:00:00+00:00,Banana Island,42.94
2025-08-01 08:00:00+00:00,Egbeda,13.0
2025-08-01 09:00:00+00:00,Egbeda,17.53
2025-08-01 10:00:00+00:00,Egbeda,25.43
2025-08-01 11:00:00+00:00,Egbeda,19.5
2025-08-01 13:00:00+00:00,Egbeda,14.84
2025-08-01 14:00:00+00:00,Egbeda,15.17
2025-08-01 15:00:00+00:00,Egbeda,14.32
2025-08-01 16:00:00+00:00,Egbeda,17.51
2025-08-01 19:00:00+00:00,Egbeda,15.57
2025-08-01 20:00:00+00:00,Egbeda,14.03
2025-08-01 21:00:00+00:00,Egbeda,13.81
2025-08-01 22:00:00+00:00,Egbeda,13.66
2025-08-02 00:00:00+00:00,Egbeda,34.95
2025-08-02 03:00:00+00:00,Egbeda,15.78
2025-08-02 05:00:00+00:00,Egbeda,16.82
2025-08-02 08:00:00+00:00,Egbeda,19.04
2025-08-02 09:00:00+00:00,Egbeda,38.62
2025-08-02 10:00:00+00:00,Egbeda,18.35
2025-08-02 11:00:00+00:00,Egbeda,21.16
2025-08-02 12:00:00+00:00,Egbeda,21.65
2025-08-02 13:00:00+00:00,Egbeda,32.94
2025-08-02 14:00:00+00:00,Egbeda,17.4
2025-08-02 15:00:00+00:00,Egbeda,30.39
2025-08-02 16:00:00+00:00,Egbeda,40.35
2025-08-02 18:00:00+00:00,Egbeda,65.31
2025-08-02 20:00:00+00:00,Egbeda,22.29
2025-08-02 21:00:00+00:00,Egbeda,12.82
2025-08-02 22:00:00+00:00,Egbeda,12.7
2025-08-02 23:00:00+00:00,Egbeda,41.66
2025-08-03 00:00:00+00:00,Egbeda,45.62
2025-08-03 01:00:00+00:00,Egbeda,14.58
2025-08-03 02:00:00+00:00,Egbeda,28.4
2025-08-03 03:00:00+00:00,Egbeda,59.14
2025-08-03 04:00:00+00:00,Egbeda,10.78
2025-08-03 05:00:00+00:00,Egbeda,40.48
2025-08-03 06:00:00+00:00,Egbeda,52.31
2025-08-03 07:00:00+00:00,Egbeda,45.45
2025-08-03 08:00:00+00:00,Egbeda,8.19
2025-08-03 09:00:00+00:00,Egbeda,16.84
2025-08-03 10:00:00+00:00,Egbeda,30.79
2025-08-03 11:00:00+00:00,Egbeda,15.8
2025-08-03 12:00:00+00:00,Egbeda,14.11
2025-08-03 13:00:00+00:00,Egbeda,16.16
2025-08-03 14:00:00+00:00,Egbeda,11.89
2025-08-03 15:00:00+00:00,Egbeda,23.63
2025-08-03 16:00:00+00:00,Egbeda,21.2
2025-08-03 18:00:00+00:00,Egbeda,18.42
2025-08-03 20:00:00+00:00,Egbeda,34.6
2025-08-03 21:00:00+00:00,Egbeda,29.81
2025-08-04 09:00:00+00:00,Egbeda,10.54
2025-08-04 10:00:00+00:00,Egbeda,23.21
2025-08-04 11:00:00+00:00,Egbeda,14.39
2025-08-04 13:00:00+00:00,Egbeda,17.46
2025-08-04 14:00:00+00:00,Egbeda,14.33
2025-08-04 15:00:00+00:00,Egbeda,14.64
2025-08-05 08:00:00+00:00,Egbeda,22.32
2025-08-05 09:00:00+00:00,Egbeda,23.51
2025-08-05 10:00:00+00:00,Egbeda,20.75
2025-08-05 11:00:00+00:00,Egbeda,15.03
2025-08-05 12:00:00+00:00,Egbeda,17.99
2025-08-05 13:00:00+00:00,Egbeda,14.22
2025-08-05 14:00:00+00:00,Egbeda,30.99
2025-08-05 15:00:00+00:00,Egbeda,13.49
2025-08-05 16:00:00+00:00,Egbeda,34.58
2025-08-05 18:00:00+00:00,Egbeda,20.01
2025-08-05 19:00:00+00:00,Egbeda,19.42
2025-08-05 20:00:00+00:00,Egbeda,11.72
2025-08-05 21:00:00+00:00,Egbeda,21.02
2025-08-05 22:00:00+00:00,Egbeda,20.24
2025-08-06 00:00:00+00:00,Egbeda,13.42
2025-08-06 08:00:00+00:00,Egbeda,13.18
2025-08-06 09:00:00+00:00,Egbeda,14.28
2025-08-06 10:00:00+00:00,Egbeda,13.52
2025-08-06 11:00:00+00:00,Egbeda,15.48
2025-08-06 12:00:00+00:00,Egbeda,14.19
2025-08-06 13:00:00+00:00,Egbeda,14.04
2025-08-06 14:00:00+00:00,Egbeda,13.85
2025-08-06 15:00:00+00:00,Egbeda,13.82
2025-08-06 16:00:00+00:00,Egbeda,17.15
2025-08-06 17:00:00+00:00,Egbeda,17.7
2025-08-06 18:00:00+00:00,Egbeda,29.44
2025-08-06 19:00:00+00:00,Egbeda,30.53
2025-08-06 20:00:00+00:00,Egbeda,25.05
2025-08-06 21:00:00+00:00,Egbeda,25.38
2025-08-06 22:00:00+00:00,Egbeda,25.38
2025-08-07 08:00:00+00:00,Egbeda,14.55
2025-08-07 09:00:00+00:00,Egbeda,29.23
2025-08-07 10:00:00+00:00,Egbeda,13.05
2025-08-07 11:00:00+00:00,Egbeda,20.22
2025-08-07 12:00:00+00:00,Egbeda,30.17
2025-08-07 13:00:00+00:00,Egbeda,33.22
2025-08-07 14:00:00+00:00,Egbeda,18.81
2025-08-07 15:00:00+00:00,Egbeda,16.53
2025-08-07 16:00:00+00:00,Egbeda,62.42
2025-08-07 17:00:00+00:00,Egbeda,52.82
2025-08-07 18:00:00+00:00,Egbeda,53.76
2025-08-07 19:00:00+00:00,Egbeda,17.26
2025-08-07 20:00:00+00:00,Egbeda,28.41
2025-08-07 21:00:00+00:00,Egbeda,11.85
2025-08-07 22:00:00+00:00,Egbeda,75.69
2025-08-07 23:00:00+00:00,Egbeda,15.3
2025-08-08 00:00:00+00:00,Egbeda,38.02
2025-08-08 01:00:00+00:00,Egbeda,46.38
2025-08-08 02:00:00+00:00,Egbeda,40.23
2025-08-08 08:00:00+00:00,Egbeda,80.77
2025-08-08 09:00:00+00:00,Egbeda,28.43
2025-08-08 10:00:00+00:00,Egbeda,16.14
2025-08-08 11:00:00+00:00,Egbeda,16.6
2025-08-08 12:00:00+00:00,Egbeda,11.92
2025-08-08 13:00:00+00:00,Egbeda,46.98
2025-08-08 14:00:00+00:00,Egbeda,34.96
2025-08-08 15:00:00+00:00,Egbeda,13.54
2025-08-08 16:00:00+00:00,Egbeda,64.2
2025-08-08 17:00:00+00:00,Egbeda,74.48
2025-08-08 18:00:00+00:00,Egbeda,36.92
2025-08-08 19:00:00+00:00,Egbeda,62.87
2025-08-08 20:00:00+00:00,Egbeda,42.12
2025-08-08 21:00:00+00:00,Egbeda,54.51
2025-08-08 22:00:00+00:00,Egbeda,39.74
2025-08-08 23:00:00+00:00,Egbeda,15.18
2025-08-09 00:00:00+00:00,Egbeda,10.74
2025-08-09 01:00:00+00:00,Egbeda,13.9
2025-08-09 02:00:00+00:00,Egbeda,25.02
2025-08-09 03:00:00+00:00,Egbeda,18.95
2025-08-09 04:00:00+00:00,Egbeda,16.48
2025-08-09 10:00:00+00:00,Egbeda,21.39
2025-08-09 11:00:00+00:00,Egbeda,21.8
2025-08-09 12:00:00+00:00,Egbeda,23.2
2025-08-09 13:00:00+00:00,Egbeda,21.4
2025-08-09 14:00:00+00:00,Egbeda,25.6
2025-08-09 15:00:00+00:00,Egbeda,12.76
2025-08-09 16:00:00+00:00,Egbeda,24.35
2025-08-09 17:00:00+00:00,Egbeda,24.86
2025-08-09 18:00:00+00:00,Egbeda,56.52
2025-08-09 22:00:00+00:00,Egbeda,16.34
2025-08-09 23:00:00+00:00,Egbeda,15.5
2025-08-10 00:00:00+00:00,Egbeda,32.19
2025-08-10 01:00:00+00:00,Egbeda,54.33
2025-08-10 02:00:00+00:00,Egbeda,37.18
2025-08-10 03:00:00+00:00,Egbeda,10.79
2025-08-10 07:00:00+00:00,Egbeda,29.54
2025-08-10 08:00:00+00:00,Egbeda,28.61
2025-08-10 09:00:00+00:00,Egbeda,38.13
2025-08-10 10:00:00+00:00,Egbeda,31.61
2025-08-10 11:00:00+00:00,Egbeda,18.6
2025-08-10 12:00:00+00:00,Egbeda,17.93
2025-08-10 13:00:00+00:00,Egbeda,8.96
2025-08-10 14:00:00+00:00,Egbeda,20.58
2025-08-10 15:00:00+00:00,Egbeda,45.16
2025-08-10 16:00:00+00:00,Egbeda,35.01
2025-08-10 17:00:00+00:00,Egbeda,22.85
2025-08-10 19:00:00+00:00,Egbeda,20.79
2025-08-10 20:00:00+00:00,Egbeda,15.97
2025-08-10 21:00:00+00:00,Egbeda,11.38
2025-08-10 22:00:00+00:00,Egbeda,20.72
2025-08-11 00:00:00+00:00,Egbeda,14.9
2025-08-11 01:00:00+00:00,Egbeda,55.45
2025-08-11 02:00:00+00:00,Egbeda,14.51
2025-08-11 04:00:00+00:00,Egbeda,16.78
2025-08-11 05:00:00+00:00,Egbeda,14.23
2025-08-11 06:00:00+00:00,Egbeda,12.99
2025-08-11 07:00:00+00:00,Egbeda,9.96
2025-08-11 08:00:00+00:00,Egbeda,16.96
2025-08-11 09:00:00+00:00,Egbeda,32.44
2025-08-11 10:00:00+00:00,Egbeda,36.04
2025-08-11 11:00:00+00:00,Egbeda,18.33
2025-08-11 12:00:00+00:00,Egbeda,22.83
2025-08-11 13:00:00+00:00,Egbeda,19.92
2025-08-11 14:00:00+00:00,Egbeda,20.9
2025-08-11 15:00:00+00:00,Egbeda,37.94
2025-08-11 16:00:00+00:00,Egbeda,46.14
2025-08-11 17:00:00+00:00,Egbeda,32.65
2025-08-11 18:00:00+00:00,Egbeda,31.55
2025-08-11 19:00:00+00:00,Egbeda,19.74
2025-08-11 20:00:00+00:00,Egbeda,74.33
2025-08-11 21:00:00+00:00,Egbeda,56.94
2025-08-11 22:00:00+00:00,Egbeda,19.38
2025-08-11 23:00:00+00:00,Egbeda,12.75
2025-08-12 00:00:00+00:00,Egbeda,10.97
2025-08-12 01:00:00+00:00,Egbeda,52.72
2025-08-12 02:00:00+00:00,Egbeda,15.9
2025-08-12 03:00:00+00:00,Egbeda,64.06
2025-08-12 04:00:00+00:00,Egbeda,63.48
2025-08-12 05:00:00+00:00,Egbeda,71.68
2025-08-12 06:00:00+00:00,Egbeda,23.62
2025-08-12 07:00:00+00:00,Egbeda,27.08
2025-08-12 08:00:00+00:00,Egbeda,40.2
2025-08-12 09:00:00+00:00,Egbeda,43.22
2025-08-12 10:00:00+00:00,Egbeda,14.73
2025-08-12 11:00:00+00:00,Egbeda,19.73
2025-08-12 12:00:00+00:00,Egbeda,19.07
2025-08-12 13:00:00+00:00,Egbeda,13.4
2025-08-12 14:00:00+00:00,Egbeda,36.61
2025-08-12 15:00:00+00:00,Egbeda,12.72
2025-08-12 16:00:00+00:00,Egbeda,19.68
2025-08-12 17:00:00+00:00,Egbeda,28.71
2025-08-12 18:00:00+00:00,Egbeda,30.28
2025-08-12 19:00:00+00:00,Egbeda,80.17
2025-08-12 20:00:00+00:00,Egbeda,10.9
2025-08-12 21:00:00+00:00,Egbeda,30.83
2025-08-12 22:00:00+00:00,Egbeda,12.29
2025-08-12 23:00:00+00:00,Egbeda,15.29
2025-08-13 00:00:00+00:00,Egbeda,9.97
2025-08-13 02:00:00+00:00,Egbeda,62.25
2025-08-13 03:00:00+00:00,Egbeda,9.1
2025-08-13 04:00:00+00:00,Egbeda,84.35
2025-08-13 05:00:00+00:00,Egbeda,40.07
2025-08-13 06:00:00+00:00,Egbeda,34.41
2025-08-13 07:00:00+00:00,Egbeda,22.27
2025-08-13 08:00:00+00:00,Egbeda,50.65
2025-08-13 09:00:00+00:00,Egbeda,20.17
2025-08-13 10:00:00+00:00,Egbeda,47.45
2025-08-13 11:00:00+00:00,Egbeda,21.84
2025-08-13 12:00:00+00:00,Egbeda,29.57
2025-08-13 13:00:00+00:00,Egbeda,8.45
2025-08-13 14:00:00+00:00,Egbeda,16.64
2025-08-13 15:00:00+00:00,Egbeda,48.89
2025-08-13 16:00:00+00:00,Egbeda,14.37
2025-08-13 17:00:00+00:00,Egbeda,51.09
2025-08-13 18:00:00+00:00,Egbeda,17.3
2025-08-13 19:00:00+00:00,Egbeda,18.33
2025-08-13 20:00:00+00:00,Egbeda,27.8
2025-08-13 21:00:00+00:00,Egbeda,50.4
2025-08-13 22:00:00+00:00,Egbeda,44.41
2025-08-13 23:00:00+00:00,Egbeda,12.61
2025-08-14 00:00:00+00:00,Egbeda,41.96
2025-08-14 01:00:00+00:00,Egbeda,17.11
2025-08-14 02:00:00+00:00,Egbeda,26.87
2025-08-14 07:00:00+00:00,Egbeda,43.99
2025-08-14 08:00:00+00:00,Egbeda,14.03
2025-08-14 09:00:00+00:00,Egbeda,17.92
2025-08-14 10:00:00+00:00,Egbeda,14.78
2025-08-14 11:00:00+00:00,Egbeda,18.34
2025-08-14 12:00:00+00:00,Egbeda,14.02
2025-08-14 13:00:00+00:00,Egbeda,15.75
2025-08-14 14:00:00+00:00,Egbeda,23.45
2025-08-14 15:00:00+00:00,Egbeda,25.83
2025-08-14 16:00:00+00:00,Egbeda,42.08
2025-08-14 17:00:00+00:00,Egbeda,20.92
2025-08-14 18:00:00+00:00,Egbeda,16.74
2025-08-14 19:00:00+00:00,Egbeda,46.14
2025-08-14 20:00:00+00:00,Egbeda,52.2
2025-08-14 22:00:00+00:00,Egbeda,18.61
2025-08-14 23:00:00+00:00,Egbeda,10.36
2025-08-15 00:00:00+00:00,Egbeda,62.62
2025-08-15 02:00:00+00:00,Egbeda,42.81
2025-08-15 03:00:00+00:00,Egbeda,16.65
2025-08-15 04:00:00+00:00,Egbeda,26.87
2025-08-15 05:00:00+00:00,Egbeda,18.3
2025-08-15 06:00:00+00:00,Egbeda,41.74
2025-08-15 08:00:00+00:00,Egbeda,36.53
2025-08-15 09:00:00+00:00,Egbeda,16.15
2025-08-15 10:00:00+00:00,Egbeda,17.14
2025-08-15 11:00:00+00:00,Egbeda,18.73
2025-08-15 12:00:00+00:00,Egbeda,16.48
2025-08-15 13:00:00+00:00,Egbeda,19.81
2025-08-15 14:00:00+00:00,Egbeda,38.6
2025-08-15 15:00:00+00:00,Egbeda,26.52
2025-08-15 16:00:00+00:00,Egbeda,18.61
2025-08-15 19:00:00+00:00,Egbeda,11.69
2025-08-15 20:00:00+00:00,Egbeda,47.48
2025-08-15 21:00:00+00:00,Egbeda,18.47
2025-08-15 22:00:00+00:00,Egbeda,9.35
2025-08-15 23:00:00+00:00,Egbeda,12.4
2025-08-16 00:00:00+00:00,Egbeda,10.29
2025-08-16 01:00:00+00:00,Egbeda,28.41
2025-08-16 09:00:00+00:00,Egbeda,16.04
2025-08-16 10:00:00+00:00,Egbeda,29.24
2025-08-16 11:00:00+00:00,Egbeda,32.18
2025-08-16 12:00:00+00:00,Egbeda,29.48
2025-08-16 13:00:00+00:00,Egbeda,9.91
2025-08-16 14:00:00+00:00,Egbeda,53.22
2025-08-16 15:00:00+00:00,Egbeda,16.34
2025-08-16 16:00:00+00:00,Egbeda,21.39
2025-08-16 17:00:00+00:00,Egbeda,35.86
2025-08-16 18:00:00+00:00,Egbeda,55.53
2025-08-16 19:00:00+00:00,Egbeda,29.83
2025-08-16 20:00:00+00:00,Egbeda,34.73
2025-08-16 21:00:00+00:00,Egbeda,15.23
2025-08-16 22:00:00+00:00,Egbeda,28.51
2025-08-16 23:00:00+00:00,Egbeda,15.83
2025-08-17 08:00:00+00:00,Egbeda,24.89
2025-08-17 09:00:00+00:00,Egbeda,16.18
2025-08-17 10:00:00+00:00,Egbeda,19.11
2025-08-17 11:00:00+00:00,Egbeda,7.96
2025-08-17 12:00:00+00:00,Egbeda,20.63
2025-08-17 13:00:00+00:00,Egbeda,8.97
2025-08-17 14:00:00+00:00,Egbeda,36.52
2025-08-17 15:00:00+00:00,Egbeda,13.59
2025-08-17 16:00:00+00:00,Egbeda,20.98
2025-08-17 17:00:00+00:00,Egbeda,48.22
2025-08-17 18:00:00+00:00,Egbeda,28.44
2025-08-17 19:00:00+00:00,Egbeda,24.11
2025-08-17 20:00:00+00:00,Egbeda,27.89
2025-08-17 21:00:00+00:00,Egbeda,14.28
2025-08-17 22:00:00+00:00,Egbeda,19.1
2025-08-17 23:00:00+00:00,Egbeda,42.31
2025-08-18 00:00:00+00:00,Egbeda,14.52
2025-08-18 01:00:00+00:00,Egbeda,33.87
2025-08-18 02:00:00+00:00,Egbeda,11.09
2025-08-18 03:00:00+00:00,Egbeda,34.93
2025-08-18 04:00:00+00:00,Egbeda,14.54
2025-08-18 05:00:00+00:00,Egbeda,20.57
2025-08-18 08:00:00+00:00,Egbeda,8.32
2025-08-18 09:00:00+00:00,Egbeda,34.53
2025-08-18 10:00:00+00:00,Egbeda,16.18
2025-08-18 11:00:00+00:00,Egbeda,19.76
2025-08-18 12:00:00+00:00,Egbeda,24.19
2025-08-18 13:00:00+00:00,Egbeda,13.93
2025-08-18 14:00:00+00:00,Egbeda,18.83
2025-08-18 15:00:00+00:00,Egbeda,12.9
2025-08-18 16:00:00+00:00,Egbeda,29.1
2025-08-18 17:00:00+00:00,Egbeda,38.17
2025-08-18 18:00:00+00:00,Egbeda,19.61
2025-08-18 19:00:00+00:00,Egbeda,34.93
2025-08-18 20:00:00+00:00,Egbeda,37.19
2025-08-18 21:00:00+00:00,Egbeda,18.77
2025-08-18 22:00:00+00:00,Egbeda,38.82
2025-08-18 23:00:00+00:00,Egbeda,30.97
2025-08-19 00:00:00+00:00,Egbeda,26.87
2025-08-19 01:00:00+00:00,Egbeda,40.61
2025-08-19 02:00:00+00:00,Egbeda,50.91
2025-08-19 03:00:00+00:00,Egbeda,43.9
2025-08-19 08:00:00+00:00,Egbeda,8.26
2025-08-19 09:00:00+00:00,Egbeda,35.93
2025-08-19 10:00:00+00:00,Egbeda,41.68
2025-08-19 11:00:00+00:00,Egbeda,19.2
2025-08-19 12:00:00+00:00,Egbeda,16.33
2025-08-19 13:00:00+00:00,Egbeda,81.78
2025-08-19 14:00:00+00:00,Egbeda,67.79
2025-08-19 15:00:00+00:00,Egbeda,31.81
2025-08-19 16:00:00+00:00,Egbeda,42.54
2025-08-19 18:00:00+00:00,Egbeda,20.36
2025-08-19 19:00:00+00:00,Egbeda,77.26
2025-08-19 20:00:00+00:00,Egbeda,39.43
2025-08-19 21:00:00+00:00,Egbeda,15.25
2025-08-19 22:00:00+00:00,Egbeda,15.95
2025-08-19 23:00:00+00:00,Egbeda,36.17
2025-08-20 00:00:00+00:00,Egbeda,27.9
2025-08-20 01:00:00+00:00,Egbeda,20.74
2025-08-20 08:00:00+00:00,Egbeda,20.19
2025-08-20 09:00:00+00:00,Egbeda,20.2
2025-08-20 10:00:00+00:00,Egbeda,10.94
2025-08-20 11:00:00+00:00,Egbeda,36.96
2025-08-20 12:00:00+00:00,Egbeda,10.16
2025-08-20 13:00:00+00:00,Egbeda,39.8
2025-08-20 14:00:00+00:00,Egbeda,70.75
2025-08-20 15:00:00+00:00,Egbeda,79.54
2025-08-20 16:00:00+00:00,Egbeda,27.46
2025-08-20 17:00:00+00:00,Egbeda,68.26
2025-08-20 18:00:00+00:00,Egbeda,18.28
2025-08-20 19:00:00+00:00,Egbeda,46.45
2025-08-20 20:00:00+00:00,Egbeda,17.34
2025-08-20 21:00:00+00:00,Egbeda,44.66
2025-08-20 22:00:00+00:00,Egbeda,113.91
2025-08-20 23:00:00+00:00,Egbeda,99.74
2025-08-21 00:00:00+00:00,Egbeda,16.81
2025-08-21 01:00:00+00:00,Egbeda,41.79
2025-08-21 02:00:00+00:00,Egbeda,92.58
2025-08-21 03:00:00+00:00,Egbeda,60.71
2025-08-21 08:00:00+00:00,Egbeda,42.41
2025-08-21 09:00:00+00:00,Egbeda,47.07
2025-08-21 10:00:00+00:00,Egbeda,15.04
2025-08-21 11:00:00+00:00,Egbeda,55.01
2025-08-21 12:00:00+00:00,Egbeda,13.92
2025-08-21 13:00:00+00:00,Egbeda,59.22
2025-08-21 14:00:00+00:00,Egbeda,15.89
2025-08-21 15:00:00+00:00,Egbeda,28.5
2025-08-21 17:00:00+00:00,Egbeda,73.68
2025-08-21 18:00:00+00:00,Egbeda,19.77
2025-08-21 19:00:00+00:00,Egbeda,66.06
2025-08-21 21:00:00+00:00,Egbeda,74.83
2025-08-21 22:00:00+00:00,Egbeda,12.86
2025-08-21 23:00:00+00:00,Egbeda,7.44
2025-08-22 08:00:00+00:00,Egbeda,12.78
2025-08-22 09:00:00+00:00,Egbeda,50.86
2025-08-22 10:00:00+00:00,Egbeda,17.11
2025-08-22 11:00:00+00:00,Egbeda,26.46
2025-08-22 12:00:00+00:00,Egbeda,37.26
2025-08-22 13:00:00+00:00,Egbeda,16.3
2025-08-22 14:00:00+00:00,Egbeda,11.91
2025-08-22 15:00:00+00:00,Egbeda,20.91
2025-08-22 16:00:00+00:00,Egbeda,47.85
2025-08-22 17:00:00+00:00,Egbeda,35.52
2025-08-22 18:00:00+00:00,Egbeda,31.89
2025-08-22 19:00:00+00:00,Egbeda,15.64
2025-08-22 20:00:00+00:00,Egbeda,10.13
2025-08-22 21:00:00+00:00,Egbeda,45.36
2025-08-22 22:00:00+00:00,Egbeda,59.88
2025-08-23 02:00:00+00:00,Egbeda,71.07
2025-08-23 03:00:00+00:00,Egbeda,32.23
2025-08-23 04:00:00+00:00,Egbeda,43.5
2025-08-23 05:00:00+00:00,Egbeda,108.22
2025-08-23 08:00:00+00:00,Egbeda,18.5
2025-08-23 09:00:00+00:00,Egbeda,14.5
2025-08-23 10:00:00+00:00,Egbeda,70.57
2025-08-23 11:00:00+00:00,Egbeda,48.54
2025-08-23 12:00:00+00:00,Egbeda,25.17
2025-08-23 13:00:00+00:00,Egbeda,13.05
2025-08-23 14:00:00+00:00,Egbeda,21.82
2025-08-23 15:00:00+00:00,Egbeda,111.09
2025-08-23 16:00:00+00:00,Egbeda,67.54
2025-08-23 17:00:00+00:00,Egbeda,53.6
2025-08-23 18:00:00+00:00,Egbeda,58.95
2025-08-23 19:00:00+00:00,Egbeda,65.86
2025-08-23 21:00:00+00:00,Egbeda,110.66
2025-08-23 22:00:00+00:00,Egbeda,12.4
2025-08-23 23:00:00+00:00,Egbeda,38.5
2025-08-24 00:00:00+00:00,Egbeda,41.6
2025-08-24 01:00:00+00:00,Egbeda,61.95
2025-08-24 02:00:00+00:00,Egbeda,39.19
2025-08-24 03:00:00+00:00,Egbeda,34.24
2025-08-24 04:00:00+00:00,Egbeda,105.73
2025-08-24 05:00:00+00:00,Egbeda,14.19
2025-08-24 08:00:00+00:00,Egbeda,19.57
2025-08-24 09:00:00+00:00,Egbeda,14.2
2025-08-24 10:00:00+00:00,Egbeda,33.9
2025-08-24 11:00:00+00:00,Egbeda,15.17
2025-08-24 12:00:00+00:00,Egbeda,13.68
2025-08-24 13:00:00+00:00,Egbeda,9.52
2025-08-24 14:00:00+00:00,Egbeda,23.17
2025-08-24 15:00:00+00:00,Egbeda,13.09
2025-08-24 16:00:00+00:00,Egbeda,23.05
2025-08-24 17:00:00+00:00,Egbeda,45.52
2025-08-24 18:00:00+00:00,Egbeda,46.93
2025-08-24 19:00:00+00:00,Egbeda,75.19
2025-08-24 20:00:00+00:00,Egbeda,49.83
2025-08-24 21:00:00+00:00,Egbeda,65.1
2025-08-24 22:00:00+00:00,Egbeda,29.06
2025-08-24 23:00:00+00:00,Egbeda,25.1
2025-08-25 00:00:00+00:00,Egbeda,25.06
2025-08-25 01:00:00+00:00,Egbeda,11.98
2025-08-25 02:00:00+00:00,Egbeda,44.47
2025-08-25 04:00:00+00:00,Egbeda,36.03
2025-08-25 07:00:00+00:00,Egbeda,37.86
2025-08-25 08:00:00+00:00,Egbeda,31.35
2025-08-25 09:00:00+00:00,Egbeda,14.4
2025-08-25 10:00:00+00:00,Egbeda,15.08
2025-08-25 11:00:00+00:00,Egbeda,13.91
2025-08-25 12:00:00+00:00,Egbeda,9.78
2025-08-25 14:00:00+00:00,Egbeda,27.3
2025-08-25 16:00:00+00:00,Egbeda,16.11
2025-08-25 17:00:00+00:00,Egbeda,16.12
2025-08-25 20:00:00+00:00,Egbeda,21.02
2025-08-26 00:00:00+00:00,Egbeda,9.19
2025-08-26 01:00:00+00:00,Egbeda,13.0
2025-08-26 08:00:00+00:00,Egbeda,12.39
2025-08-26 09:00:00+00:00,Egbeda,13.02
2025-08-26 10:00:00+00:00,Egbeda,12.94
2025-08-26 11:00:00+00:00,Egbeda,14.65
2025-08-26 13:00:00+00:00,Egbeda,15.16
2025-08-26 14:00:00+00:00,Egbeda,19.17
2025-08-26 15:00:00+00:00,Egbeda,14.45
2025-08-26 16:00:00+00:00,Egbeda,12.05
2025-08-26 17:00:00+00:00,Egbeda,16.37
2025-08-26 18:00:00+00:00,Egbeda,16.27
2025-08-26 19:00:00+00:00,Egbeda,17.32
2025-08-26 20:00:00+00:00,Egbeda,17.45
2025-08-27 10:00:00+00:00,Egbeda,13.29
2025-08-27 11:00:00+00:00,Egbeda,22.69
2025-08-27 12:00:00+00:00,Egbeda,14.18
2025-08-27 13:00:00+00:00,Egbeda,13.92
2025-08-27 14:00:00+00:00,Egbeda,17.32
2025-08-27 15:00:00+00:00,Egbeda,14.7
2025-08-27 16:00:00+00:00,Egbeda,20.55
2025-08-27 18:00:00+00:00,Egbeda,16.11
2025-08-27 20:00:00+00:00,Egbeda,16.08
2025-08-27 21:00:00+00:00,Egbeda,23.3
2025-08-27 22:00:00+00:00,Egbeda,17.8
2025-08-28 00:00:00+00:00,Egbeda,17.69
2025-08-28 01:00:00+00:00,Egbeda,11.23
2025-08-28 02:00:00+00:00,Egbeda,11.22
2025-08-28 03:00:00+00:00,Egbeda,11.75
2025-08-28 07:00:00+00:00,Egbeda,26.97
2025-08-28 08:00:00+00:00,Egbeda,24.61
2025-08-28 09:00:00+00:00,Egbeda,15.74
2025-08-28 10:00:00+00:00,Egbeda,16.72
2025-08-28 11:00:00+00:00,Egbeda,13.9
2025-08-28 12:00:00+00:00,Egbeda,25.71
2025-08-28 13:00:00+00:00,Egbeda,21.89
2025-08-28 15:00:00+00:00,Egbeda,39.95
2025-08-28 16:00:00+00:00,Egbeda,20.63
2025-08-28 17:00:00+00:00,Egbeda,13.2
2025-08-28 18:00:00+00:00,Egbeda,22.78
2025-08-28 19:00:00+00:00,Egbeda,34.7
2025-08-28 20:00:00+00:00,Egbeda,20.37
2025-08-28 22:00:00+00:00,Egbeda,12.83
2025-08-28 23:00:00+00:00,Egbeda,23.64
2025-08-29 00:00:00+00:00,Egbeda,13.83
2025-08-29 01:00:00+00:00,Egbeda,14.15
2025-08-29 02:00:00+00:00,Egbeda,64.2
2025-08-29 09:00:00+00:00,Egbeda,27.22
2025-08-29 10:00:00+00:00,Egbeda,21.16
2025-08-29 11:00:00+00:00,Egbeda,17.39
2025-08-29 12:00:00+00:00,Egbeda,28.81
2025-08-29 13:00:00+00:00,Egbeda,15.94
2025-08-29 14:00:00+00:00,Egbeda,20.77
2025-08-29 15:00:00+00:00,Egbeda,26.94
2025-08-29 16:00:00+00:00,Egbeda,17.4
2025-08-29 17:00:00+00:00,Egbeda,43.32
2025-08-29 18:00:00+00:00,Egbeda,37.23
2025-08-29 20:00:00+00:00,Egbeda,53.17
2025-08-29 21:00:00+00:00,Egbeda,57.76
2025-08-30 00:00:00+00:00,Egbeda,16.23
2025-08-30 01:00:00+00:00,Egbeda,36.44
2025-08-30 02:00:00+00:00,Egbeda,14.84
2025-08-30 09:00:00+00:00,Egbeda,19.45
2025-08-30 10:00:00+00:00,Egbeda,18.99
2025-08-30 11:00:00+00:00,Egbeda,23.69
2025-08-30 12:00:00+00:00,Egbeda,13.19
2025-08-30 13:00:00+00:00,Egbeda,7.71
2025-08-30 14:00:00+00:00,Egbeda,37.28
2025-08-30 15:00:00+00:00,Egbeda,62.12
2025-08-30 16:00:00+00:00,Egbeda,79.75
2025-08-30 17:00:00+00:00,Egbeda,69.62
2025-08-30 18:00:00+00:00,Egbeda,27.74
2025-08-30 19:00:00+00:00,Egbeda,18.2
2025-08-30 20:00:00+00:00,Egbeda,30.88
2025-08-30 21:00:00+00:00,Egbeda,52.32
2025-08-30 22:00:00+00:00,Egbeda,41.2
2025-08-30 23:00:00+00:00,Egbeda,37.12
2025-08-31 00:00:00+00:00,Egbeda,12.08
2025-08-31 01:00:00+00:00,Egbeda,12.69
2025-08-31 08:00:00+00:00,Egbeda,46.35
2025-08-31 09:00:00+00:00,Egbeda,31.94
2025-08-31 10:00:00+00:00,Egbeda,18.22
2025-08-31 11:00:00+00:00,Egbeda,9.53
2025-08-31 12:00:00+00:00,Egbeda,8.47
2025-08-31 13:00:00+00:00,Egbeda,9.75
2025-08-31 14:00:00+00:00,Egbeda,18.26
2025-08-31 15:00:00+00:00,Egbeda,29.05
2025-08-31 16:00:00+00:00,Egbeda,12.02
2025-08-31 17:00:00+00:00,Egbeda,33.76
2025-08-31 18:00:00+00:00,Egbeda,33.8
2025-08-31 19:00:00+00:00,Egbeda,15.53
2025-08-31 20:00:00+00:00,Egbeda,43.4
2025-08-31 21:00:00+00:00,Egbeda,16.75
2025-08-31 22:00:00+00:00,Egbeda,17.9
2025-08-31 23:00:00+00:00,Egbeda,39.58
2025-08-01 01:00:00+00:00,Eti-Osa,11.41
2025-08-01 03:00:00+00:00,Eti-Osa,11.05
2025-08-01 04:00:00+00:00,Eti-Osa,10.97
2025-08-01 05:00:00+00:00,Eti-Osa,16.59
2025-08-01 07:00:00+00:00,Eti-Osa,17.3
2025-08-01 08:00:00+00:00,Eti-Osa,17.04
2025-08-01 09:00:00+00:00,Eti-Osa,26.01
2025-08-01 10:00:00+00:00,Eti-Osa,11.73
2025-08-01 11:00:00+00:00,Eti-Osa,13.33
2025-08-01 12:00:00+00:00,Eti-Osa,12.42
2025-08-01 13:00:00+00:00,Eti-Osa,31.11
2025-08-01 14:00:00+00:00,Eti-Osa,15.14
2025-08-01 15:00:00+00:00,Eti-Osa,22.34
2025-08-01 17:00:00+00:00,Eti-Osa,19.18
2025-08-01 20:00:00+00:00,Eti-Osa,20.72
2025-08-01 21:00:00+00:00,Eti-Osa,14.55
2025-08-01 22:00:00+00:00,Eti-Osa,13.12
2025-08-01 23:00:00+00:00,Eti-Osa,16.93
2025-08-02 00:00:00+00:00,Eti-Osa,11.38
2025-08-02 01:00:00+00:00,Eti-Osa,31.85
2025-08-02 02:00:00+00:00,Eti-Osa,38.3
2025-08-02 03:00:00+00:00,Eti-Osa,40.75
2025-08-02 04:00:00+00:00,Eti-Osa,11.52
2025-08-02 05:00:00+00:00,Eti-Osa,11.14
2025-08-02 07:00:00+00:00,Eti-Osa,17.04
2025-08-02 08:00:00+00:00,Eti-Osa,13.6
2025-08-02 09:00:00+00:00,Eti-Osa,16.63
2025-08-02 10:00:00+00:00,Eti-Osa,38.2
2025-08-02 11:00:00+00:00,Eti-Osa,26.31
2025-08-02 12:00:00+00:00,Eti-Osa,16.79
2025-08-02 13:00:00+00:00,Eti-Osa,21.79
2025-08-02 14:00:00+00:00,Eti-Osa,12.42
2025-08-02 15:00:00+00:00,Eti-Osa,12.37
2025-08-02 16:00:00+00:00,Eti-Osa,17.16
2025-08-02 17:00:00+00:00,Eti-Osa,12.5
2025-08-02 20:00:00+00:00,Eti-Osa,17.48
2025-08-02 21:00:00+00:00,Eti-Osa,12.78
2025-08-02 23:00:00+00:00,Eti-Osa,14.84
2025-08-03 00:00:00+00:00,Eti-Osa,10.78
2025-08-03 01:00:00+00:00,Eti-Osa,8.69
2025-08-03 02:00:00+00:00,Eti-Osa,14.02
2025-08-03 03:00:00+00:00,Eti-Osa,11.29
2025-08-03 04:00:00+00:00,Eti-Osa,11.54
2025-08-03 06:00:00+00:00,Eti-Osa,31.83
2025-08-03 07:00:00+00:00,Eti-Osa,11.37
2025-08-03 08:00:00+00:00,Eti-Osa,19.18
2025-08-03 09:00:00+00:00,Eti-Osa,31.3
2025-08-03 10:00:00+00:00,Eti-Osa,12.26
2025-08-03 11:00:00+00:00,Eti-Osa,11.81
2025-08-03 12:00:00+00:00,Eti-Osa,18.02
2025-08-03 13:00:00+00:00,Eti-Osa,21.59
2025-08-03 14:00:00+00:00,Eti-Osa,15.24
2025-08-03 17:00:00+00:00,Eti-Osa,12.26
2025-08-03 18:00:00+00:00,Eti-Osa,23.5
2025-08-03 21:00:00+00:00,Eti-Osa,12.79
2025-08-03 22:00:00+00:00,Eti-Osa,43.95
2025-08-03 23:00:00+00:00,Eti-Osa,12.79
2025-08-04 00:00:00+00:00,Eti-Osa,16.47
2025-08-04 01:00:00+00:00,Eti-Osa,33.72
2025-08-04 02:00:00+00:00,Eti-Osa,12.8
2025-08-04 03:00:00+00:00,Eti-Osa,12.52
2025-08-04 04:00:00+00:00,Eti-Osa,27.36
2025-08-04 05:00:00+00:00,Eti-Osa,13.06
2025-08-04 06:00:00+00:00,Eti-Osa,15.54
2025-08-04 09:00:00+00:00,Eti-Osa,13.18
2025-08-04 10:00:00+00:00,Eti-Osa,12.96
2025-08-04 11:00:00+00:00,Eti-Osa,15.69
2025-08-04 12:00:00+00:00,Eti-Osa,16.55
2025-08-04 13:00:00+00:00,Eti-Osa,16.02
2025-08-04 14:00:00+00:00,Eti-Osa,32.5
2025-08-04 17:00:00+00:00,Eti-Osa,15.39
2025-08-04 18:00:00+00:00,Eti-Osa,15.39
2025-08-04 19:00:00+00:00,Eti-Osa,18.91
2025-08-04 20:00:00+00:00,Eti-Osa,16.81
2025-08-04 23:00:00+00:00,Eti-Osa,29.4
2025-08-05 00:00:00+00:00,Eti-Osa,15.36
2025-08-05 02:00:00+00:00,Eti-Osa,17.48
2025-08-05 03:00:00+00:00,Eti-Osa,16.84
2025-08-05 04:00:00+00:00,Eti-Osa,16.84
2025-08-05 05:00:00+00:00,Eti-Osa,14.11
2025-08-05 07:00:00+00:00,Eti-Osa,14.11
2025-08-05 08:00:00+00:00,Eti-Osa,16.95
2025-08-05 09:00:00+00:00,Eti-Osa,17.75
2025-08-05 18:00:00+00:00,Eti-Osa,17.75
2025-08-05 19:00:00+00:00,Eti-Osa,9.67
2025-08-05 21:00:00+00:00,Eti-Osa,31.73
2025-08-05 22:00:00+00:00,Eti-Osa,31.73
2025-08-05 23:00:00+00:00,Eti-Osa,14.25
2025-08-06 00:00:00+00:00,Eti-Osa,14.03
2025-08-06 01:00:00+00:00,Eti-Osa,42.3
2025-08-06 02:00:00+00:00,Eti-Osa,32.21
2025-08-06 04:00:00+00:00,Eti-Osa,17.79
2025-08-06 05:00:00+00:00,Eti-Osa,16.94
2025-08-06 07:00:00+00:00,Eti-Osa,27.94
2025-08-06 08:00:00+00:00,Eti-Osa,33.87
2025-08-06 09:00:00+00:00,Eti-Osa,20.91
2025-08-06 10:00:00+00:00,Eti-Osa,24.38
2025-08-06 11:00:00+00:00,Eti-Osa,32.61
2025-08-06 12:00:00+00:00,Eti-Osa,18.02
2025-08-06 13:00:00+00:00,Eti-Osa,16.87
2025-08-06 14:00:00+00:00,Eti-Osa,42.35
2025-08-06 15:00:00+00:00,Eti-Osa,51.84
2025-08-06 16:00:00+00:00,Eti-Osa,54.3
2025-08-06 17:00:00+00:00,Eti-Osa,68.84
2025-08-06 18:00:00+00:00,Eti-Osa,57.0
2025-08-06 20:00:00+00:00,Eti-Osa,17.0
2025-08-06 21:00:00+00:00,Eti-Osa,21.56
2025-08-06 22:00:00+00:00,Eti-Osa,21.56
2025-08-06 23:00:00+00:00,Eti-Osa,37.38
2025-08-07 00:00:00+00:00,Eti-Osa,13.07
2025-08-07 01:00:00+00:00,Eti-Osa,18.35
2025-08-07 02:00:00+00:00,Eti-Osa,31.79
2025-08-07 03:00:00+00:00,Eti-Osa,58.74
2025-08-07 04:00:00+00:00,Eti-Osa,13.89
2025-08-07 05:00:00+00:00,Eti-Osa,46.13
2025-08-07 06:00:00+00:00,Eti-Osa,11.23
2025-08-07 08:00:00+00:00,Eti-Osa,10.19
2025-08-07 09:00:00+00:00,Eti-Osa,13.62
2025-08-07 10:00:00+00:00,Eti-Osa,8.05
2025-08-07 12:00:00+00:00,Eti-Osa,18.66
2025-08-07 13:00:00+00:00,Eti-Osa,38.99
2025-08-07 14:00:00+00:00,Eti-Osa,30.2
2025-08-07 15:00:00+00:00,Eti-Osa,21.15
2025-08-07 16:00:00+00:00,Eti-Osa,45.95
2025-08-07 17:00:00+00:00,Eti-Osa,44.18
2025-08-07 18:00:00+00:00,Eti-Osa,76.99
2025-08-07 19:00:00+00:00,Eti-Osa,22.37
2025-08-07 20:00:00+00:00,Eti-Osa,26.21
2025-08-07 21:00:00+00:00,Eti-Osa,16.26
2025-08-07 22:00:00+00:00,Eti-Osa,47.52
2025-08-07 23:00:00+00:00,Eti-Osa,48.96
2025-08-08 00:00:00+00:00,Eti-Osa,8.03
2025-08-08 01:00:00+00:00,Eti-Osa,60.05
2025-08-08 02:00:00+00:00,Eti-Osa,72.29
2025-08-08 03:00:00+00:00,Eti-Osa,66.61
2025-08-08 04:00:00+00:00,Eti-Osa,43.32
2025-08-08 05:00:00+00:00,Eti-Osa,14.55
2025-08-08 06:00:00+00:00,Eti-Osa,13.58
2025-08-08 07:00:00+00:00,Eti-Osa,75.12
2025-08-08 08:00:00+00:00,Eti-Osa,36.05
2025-08-08 09:00:00+00:00,Eti-Osa,42.96
2025-08-08 10:00:00+00:00,Eti-Osa,27.3
2025-08-08 11:00:00+00:00,Eti-Osa,25.57
2025-08-08 12:00:00+00:00,Eti-Osa,18.22
2025-08-08 13:00:00+00:00,Eti-Osa,49.81
2025-08-08 14:00:00+00:00,Eti-Osa,39.04
2025-08-08 15:00:00+00:00,Eti-Osa,70.6
2025-08-08 16:00:00+00:00,Eti-Osa,68.7
2025-08-08 17:00:00+00:00,Eti-Osa,80.14
2025-08-08 18:00:00+00:00,Eti-Osa,69.03
2025-08-08 19:00:00+00:00,Eti-Osa,14.88
2025-08-08 20:00:00+00:00,Eti-Osa,15.62
2025-08-08 21:00:00+00:00,Eti-Osa,18.85
2025-08-08 22:00:00+00:00,Eti-Osa,42.39
2025-08-08 23:00:00+00:00,Eti-Osa,13.19
2025-08-09 00:00:00+00:00,Eti-Osa,12.13
2025-08-09 02:00:00+00:00,Eti-Osa,8.64
2025-08-09 03:00:00+00:00,Eti-Osa,26.79
2025-08-09 04:00:00+00:00,Eti-Osa,29.13
2025-08-09 05:00:00+00:00,Eti-Osa,24.84
2025-08-09 06:00:00+00:00,Eti-Osa,35.74
2025-08-09 07:00:00+00:00,Eti-Osa,47.1
2025-08-09 08:00:00+00:00,Eti-Osa,13.84
2025-08-09 09:00:00+00:00,Eti-Osa,30.69
2025-08-09 10:00:00+00:00,Eti-Osa,22.98
2025-08-09 11:00:00+00:00,Eti-Osa,14.48
2025-08-09 12:00:00+00:00,Eti-Osa,22.12
2025-08-09 13:00:00+00:00,Eti-Osa,15.57
2025-08-09 14:00:00+00:00,Eti-Osa,14.94
2025-08-09 15:00:00+00:00,Eti-Osa,52.25
2025-08-09 16:00:00+00:00,Eti-Osa,44.45
2025-08-09 17:00:00+00:00,Eti-Osa,96.07
2025-08-09 18:00:00+00:00,Eti-Osa,8.15
2025-08-09 19:00:00+00:00,Eti-Osa,77.29
2025-08-09 20:00:00+00:00,Eti-Osa,46.0
2025-08-09 21:00:00+00:00,Eti-Osa,60.86
2025-08-09 22:00:00+00:00,Eti-Osa,58.57
2025-08-09 23:00:00+00:00,Eti-Osa,56.06
2025-08-10 00:00:00+00:00,Eti-Osa,63.74
2025-08-10 02:00:00+00:00,Eti-Osa,29.66
2025-08-10 03:00:00+00:00,Eti-Osa,37.64
2025-08-10 04:00:00+00:00,Eti-Osa,35.5
2025-08-10 05:00:00+00:00,Eti-Osa,15.53
2025-08-10 06:00:00+00:00,Eti-Osa,12.06
2025-08-10 07:00:00+00:00,Eti-Osa,12.65
2025-08-10 08:00:00+00:00,Eti-Osa,9.32
2025-08-10 09:00:00+00:00,Eti-Osa,22.63
2025-08-10 10:00:00+00:00,Eti-Osa,17.93
2025-08-10 11:00:00+00:00,Eti-Osa,15.3
2025-08-10 12:00:00+00:00,Eti-Osa,18.41
2025-08-10 13:00:00+00:00,Eti-Osa,21.03
2025-08-10 14:00:00+00:00,Eti-Osa,40.24
2025-08-10 17:00:00+00:00,Eti-Osa,20.59
2025-08-10 18:00:00+00:00,Eti-Osa,11.84
2025-08-10 21:00:00+00:00,Eti-Osa,14.25
2025-08-10 23:00:00+00:00,Eti-Osa,26.33
2025-08-11 02:00:00+00:00,Eti-Osa,7.59
2025-08-11 04:00:00+00:00,Eti-Osa,29.5
2025-08-11 05:00:00+00:00,Eti-Osa,32.18
2025-08-11 06:00:00+00:00,Eti-Osa,10.85
2025-08-11 07:00:00+00:00,Eti-Osa,40.34
2025-08-11 08:00:00+00:00,Eti-Osa,15.97
2025-08-11 09:00:00+00:00,Eti-Osa,25.91
2025-08-11 10:00:00+00:00,Eti-Osa,15.81
2025-08-11 11:00:00+00:00,Eti-Osa,17.13
2025-08-11 12:00:00+00:00,Eti-Osa,8.69
2025-08-11 13:00:00+00:00,Eti-Osa,36.73
2025-08-11 14:00:00+00:00,Eti-Osa,20.81
2025-08-11 15:00:00+00:00,Eti-Osa,17.45
2025-08-11 16:00:00+00:00,Eti-Osa,11.6
2025-08-11 17:00:00+00:00,Eti-Osa,16.15
2025-08-11 21:00:00+00:00,Eti-Osa,13.58
2025-08-11 22:00:00+00:00,Eti-Osa,18.2
2025-08-11 23:00:00+00:00,Eti-Osa,11.66
2025-08-12 00:00:00+00:00,Eti-Osa,10.5
2025-08-12 01:00:00+00:00,Eti-Osa,14.0
2025-08-12 02:00:00+00:00,Eti-Osa,15.25
2025-08-12 03:00:00+00:00,Eti-Osa,12.04
2025-08-12 04:00:00+00:00,Eti-Osa,16.36
2025-08-12 05:00:00+00:00,Eti-Osa,17.29
2025-08-12 06:00:00+00:00,Eti-Osa,24.16
2025-08-12 07:00:00+00:00,Eti-Osa,10.64
2025-08-12 09:00:00+00:00,Eti-Osa,25.86
2025-08-12 10:00:00+00:00,Eti-Osa,11.35
2025-08-12 11:00:00+00:00,Eti-Osa,16.91
2025-08-12 12:00:00+00:00,Eti-Osa,13.69
2025-08-12 13:00:00+00:00,Eti-Osa,21.58
2025-08-12 14:00:00+00:00,Eti-Osa,15.06
2025-08-12 15:00:00+00:00,Eti-Osa,11.37
2025-08-12 16:00:00+00:00,Eti-Osa,14.62
2025-08-12 18:00:00+00:00,Eti-Osa,62.02
2025-08-12 20:00:00+00:00,Eti-Osa,12.45
2025-08-12 21:00:00+00:00,Eti-Osa,23.86
2025-08-12 22:00:00+00:00,Eti-Osa,10.34
2025-08-12 23:00:00+00:00,Eti-Osa,13.03
2025-08-13 00:00:00+00:00,Eti-Osa,21.24
2025-08-13 02:00:00+00:00,Eti-Osa,64.93
2025-08-13 03:00:00+00:00,Eti-Osa,16.59
2025-08-13 04:00:00+00:00,Eti-Osa,63.11
2025-08-13 05:00:00+00:00,Eti-Osa,97.56
2025-08-13 06:00:00+00:00,Eti-Osa,60.94
2025-08-13 07:00:00+00:00,Eti-Osa,19.31
2025-08-13 08:00:00+00:00,Eti-Osa,30.39
2025-08-13 09:00:00+00:00,Eti-Osa,29.85
2025-08-13 10:00:00+00:00,Eti-Osa,33.98
2025-08-13 11:00:00+00:00,Eti-Osa,46.34
2025-08-13 12:00:00+00:00,Eti-Osa,56.13
2025-08-13 13:00:00+00:00,Eti-Osa,12.08
2025-08-13 14:00:00+00:00,Eti-Osa,18.6
2025-08-13 15:00:00+00:00,Eti-Osa,32.28
2025-08-13 16:00:00+00:00,Eti-Osa,70.58
2025-08-13 17:00:00+00:00,Eti-Osa,57.3
2025-08-13 18:00:00+00:00,Eti-Osa,56.85
2025-08-13 19:00:00+00:00,Eti-Osa,17.18
2025-08-13 20:00:00+00:00,Eti-Osa,17.36
2025-08-13 21:00:00+00:00,Eti-Osa,18.1
2025-08-13 22:00:00+00:00,Eti-Osa,20.48
2025-08-13 23:00:00+00:00,Eti-Osa,29.49
2025-08-14 00:00:00+00:00,Eti-Osa,11.23
2025-08-14 01:00:00+00:00,Eti-Osa,27.82
2025-08-14 02:00:00+00:00,Eti-Osa,29.7
2025-08-14 03:00:00+00:00,Eti-Osa,73.23
2025-08-14 04:00:00+00:00,Eti-Osa,26.14
2025-08-14 05:00:00+00:00,Eti-Osa,46.07
2025-08-14 06:00:00+00:00,Eti-Osa,11.73
2025-08-14 07:00:00+00:00,Eti-Osa,34.77
2025-08-14 08:00:00+00:00,Eti-Osa,29.94
2025-08-14 10:00:00+00:00,Eti-Osa,33.3
2025-08-14 11:00:00+00:00,Eti-Osa,35.89
2025-08-14 12:00:00+00:00,Eti-Osa,9.29
2025-08-14 13:00:00+00:00,Eti-Osa,16.49
2025-08-14 14:00:00+00:00,Eti-Osa,20.52
2025-08-14 15:00:00+00:00,Eti-Osa,48.36
2025-08-14 16:00:00+00:00,Eti-Osa,7.1
2025-08-14 17:00:00+00:00,Eti-Osa,61.13
2025-08-14 18:00:00+00:00,Eti-Osa,43.1
2025-08-14 19:00:00+00:00,Eti-Osa,59.1
2025-08-14 20:00:00+00:00,Eti-Osa,15.47
2025-08-14 21:00:00+00:00,Eti-Osa,20.66
2025-08-14 22:00:00+00:00,Eti-Osa,52.27
2025-08-14 23:00:00+00:00,Eti-Osa,13.9
2025-08-15 00:00:00+00:00,Eti-Osa,13.9
2025-08-15 01:00:00+00:00,Eti-Osa,37.61
2025-08-15 02:00:00+00:00,Eti-Osa,59.23
2025-08-15 03:00:00+00:00,Eti-Osa,14.04
2025-08-15 04:00:00+00:00,Eti-Osa,15.07
2025-08-15 05:00:00+00:00,Eti-Osa,12.52
2025-08-15 06:00:00+00:00,Eti-Osa,29.46
2025-08-15 07:00:00+00:00,Eti-Osa,25.97
2025-08-15 08:00:00+00:00,Eti-Osa,12.55
2025-08-15 09:00:00+00:00,Eti-Osa,59.44
2025-08-15 10:00:00+00:00,Eti-Osa,28.18
2025-08-15 11:00:00+00:00,Eti-Osa,46.22
2025-08-15 12:00:00+00:00,Eti-Osa,16.99
2025-08-15 13:00:00+00:00,Eti-Osa,32.57
2025-08-15 14:00:00+00:00,Eti-Osa,38.31
2025-08-15 15:00:00+00:00,Eti-Osa,18.56
2025-08-15 16:00:00+00:00,Eti-Osa,54.15
2025-08-15 17:00:00+00:00,Eti-Osa,20.26
2025-08-15 18:00:00+00:00,Eti-Osa,38.43
2025-08-15 19:00:00+00:00,Eti-Osa,59.57
2025-08-15 20:00:00+00:00,Eti-Osa,14.07
2025-08-15 21:00:00+00:00,Eti-Osa,40.22
2025-08-15 22:00:00+00:00,Eti-Osa,15.07
2025-08-15 23:00:00+00:00,Eti-Osa,12.54
2025-08-16 00:00:00+00:00,Eti-Osa,42.87
2025-08-16 01:00:00+00:00,Eti-Osa,20.03
2025-08-16 02:00:00+00:00,Eti-Osa,31.19
2025-08-16 03:00:00+00:00,Eti-Osa,44.32
2025-08-16 04:00:00+00:00,Eti-Osa,24.4
2025-08-16 05:00:00+00:00,Eti-Osa,13.18
2025-08-16 06:00:00+00:00,Eti-Osa,18.82
2025-08-16 07:00:00+00:00,Eti-Osa,12.55
2025-08-16 08:00:00+00:00,Eti-Osa,14.85
2025-08-16 09:00:00+00:00,Eti-Osa,12.92
2025-08-16 10:00:00+00:00,Eti-Osa,16.45
2025-08-16 11:00:00+00:00,Eti-Osa,8.32
2025-08-16 12:00:00+00:00,Eti-Osa,9.58
2025-08-16 13:00:00+00:00,Eti-Osa,33.09
2025-08-16 14:00:00+00:00,Eti-Osa,9.32
2025-08-16 15:00:00+00:00,Eti-Osa,9.53
2025-08-16 16:00:00+00:00,Eti-Osa,20.82
2025-08-16 18:00:00+00:00,Eti-Osa,51.19
2025-08-16 19:00:00+00:00,Eti-Osa,48.34
2025-08-16 20:00:00+00:00,Eti-Osa,17.73
2025-08-16 21:00:00+00:00,Eti-Osa,12.23
2025-08-16 22:00:00+00:00,Eti-Osa,30.75
2025-08-17 00:00:00+00:00,Eti-Osa,11.62
2025-08-17 01:00:00+00:00,Eti-Osa,34.25
2025-08-17 02:00:00+00:00,Eti-Osa,14.94
2025-08-17 03:00:00+00:00,Eti-Osa,24.47
2025-08-17 04:00:00+00:00,Eti-Osa,28.29
2025-08-17 05:00:00+00:00,Eti-Osa,11.68
2025-08-17 08:00:00+00:00,Eti-Osa,7.72
2025-08-17 09:00:00+00:00,Eti-Osa,14.84
2025-08-17 10:00:00+00:00,Eti-Osa,18.33
2025-08-17 11:00:00+00:00,Eti-Osa,14.81
2025-08-17 12:00:00+00:00,Eti-Osa,23.36
2025-08-17 13:00:00+00:00,Eti-Osa,21.93
2025-08-17 14:00:00+00:00,Eti-Osa,9.7
2025-08-17 15:00:00+00:00,Eti-Osa,21.75
2025-08-17 16:00:00+00:00,Eti-Osa,16.44
2025-08-17 17:00:00+00:00,Eti-Osa,12.32
2025-08-17 20:00:00+00:00,Eti-Osa,15.01
2025-08-17 22:00:00+00:00,Eti-Osa,17.14
2025-08-17 23:00:00+00:00,Eti-Osa,30.4
2025-08-18 01:00:00+00:00,Eti-Osa,11.8
2025-08-18 02:00:00+00:00,Eti-Osa,16.86
2025-08-18 03:00:00+00:00,Eti-Osa,10.29
2025-08-18 04:00:00+00:00,Eti-Osa,13.09
2025-08-18 05:00:00+00:00,Eti-Osa,44.73
2025-08-18 06:00:00+00:00,Eti-Osa,12.54
2025-08-18 07:00:00+00:00,Eti-Osa,18.33
2025-08-18 08:00:00+00:00,Eti-Osa,17.56
2025-08-18 09:00:00+00:00,Eti-Osa,11.11
2025-08-18 10:00:00+00:00,Eti-Osa,14.59
2025-08-18 11:00:00+00:00,Eti-Osa,45.12
2025-08-18 12:00:00+00:00,Eti-Osa,16.38
2025-08-18 13:00:00+00:00,Eti-Osa,26.63
2025-08-18 14:00:00+00:00,Eti-Osa,28.28
2025-08-18 15:00:00+00:00,Eti-Osa,39.78
2025-08-18 16:00:00+00:00,Eti-Osa,11.28
2025-08-18 17:00:00+00:00,Eti-Osa,42.21
2025-08-18 18:00:00+00:00,Eti-Osa,34.12
2025-08-18 19:00:00+00:00,Eti-Osa,12.6
2025-08-18 20:00:00+00:00,Eti-Osa,31.59
2025-08-18 21:00:00+00:00,Eti-Osa,18.46
2025-08-18 22:00:00+00:00,Eti-Osa,40.45
2025-08-18 23:00:00+00:00,Eti-Osa,17.1
2025-08-19 00:00:00+00:00,Eti-Osa,12.23
2025-08-19 01:00:00+00:00,Eti-Osa,37.0
2025-08-19 02:00:00+00:00,Eti-Osa,17.17
2025-08-19 03:00:00+00:00,Eti-Osa,40.34
2025-08-19 04:00:00+00:00,Eti-Osa,31.75
2025-08-19 05:00:00+00:00,Eti-Osa,17.7
2025-08-19 06:00:00+00:00,Eti-Osa,12.96
2025-08-19 07:00:00+00:00,Eti-Osa,12.88
2025-08-19 08:00:00+00:00,Eti-Osa,37.49
2025-08-19 09:00:00+00:00,Eti-Osa,18.78
2025-08-19 11:00:00+00:00,Eti-Osa,18.98
2025-08-19 12:00:00+00:00,Eti-Osa,17.47
2025-08-19 13:00:00+00:00,Eti-Osa,21.39
2025-08-19 14:00:00+00:00,Eti-Osa,45.12
2025-08-19 15:00:00+00:00,Eti-Osa,36.38
2025-08-19 16:00:00+00:00,Eti-Osa,10.68
2025-08-19 17:00:00+00:00,Eti-Osa,43.7
2025-08-19 18:00:00+00:00,Eti-Osa,28.74
2025-08-19 19:00:00+00:00,Eti-Osa,42.24
2025-08-19 20:00:00+00:00,Eti-Osa,18.31
2025-08-19 21:00:00+00:00,Eti-Osa,57.97
2025-08-19 23:00:00+00:00,Eti-Osa,61.7
2025-08-20 00:00:00+00:00,Eti-Osa,13.7
2025-08-20 01:00:00+00:00,Eti-Osa,16.44
2025-08-20 02:00:00+00:00,Eti-Osa,9.87
2025-08-20 04:00:00+00:00,Eti-Osa,39.18
2025-08-20 05:00:00+00:00,Eti-Osa,29.94
2025-08-20 06:00:00+00:00,Eti-Osa,25.66
2025-08-20 07:00:00+00:00,Eti-Osa,19.52
2025-08-20 08:00:00+00:00,Eti-Osa,22.93
2025-08-20 09:00:00+00:00,Eti-Osa,17.83
2025-08-20 10:00:00+00:00,Eti-Osa,45.51
2025-08-20 11:00:00+00:00,Eti-Osa,8.35
2025-08-20 12:00:00+00:00,Eti-Osa,27.79
2025-08-20 13:00:00+00:00,Eti-Osa,11.49
2025-08-20 14:00:00+00:00,Eti-Osa,23.67
2025-08-20 15:00:00+00:00,Eti-Osa,29.87
2025-08-20 16:00:00+00:00,Eti-Osa,27.91
2025-08-20 17:00:00+00:00,Eti-Osa,17.9
2025-08-20 18:00:00+00:00,Eti-Osa,61.45
2025-08-20 19:00:00+00:00,Eti-Osa,49.91
2025-08-20 20:00:00+00:00,Eti-Osa,51.99
2025-08-20 21:00:00+00:00,Eti-Osa,62.93
2025-08-20 23:00:00+00:00,Eti-Osa,12.52
2025-08-21 00:00:00+00:00,Eti-Osa,62.0
2025-08-21 01:00:00+00:00,Eti-Osa,10.73
2025-08-21 02:00:00+00:00,Eti-Osa,11.6
2025-08-21 03:00:00+00:00,Eti-Osa,72.43
2025-08-21 04:00:00+00:00,Eti-Osa,67.56
2025-08-21 06:00:00+00:00,Eti-Osa,17.79
2025-08-21 07:00:00+00:00,Eti-Osa,16.65
2025-08-21 08:00:00+00:00,Eti-Osa,16.01
2025-08-21 09:00:00+00:00,Eti-Osa,42.74
2025-08-21 13:00:00+00:00,Eti-Osa,15.57
2025-08-21 14:00:00+00:00,Eti-Osa,13.99
2025-08-21 15:00:00+00:00,Eti-Osa,25.37
2025-08-21 16:00:00+00:00,Eti-Osa,36.98
2025-08-21 17:00:00+00:00,Eti-Osa,24.23
2025-08-21 19:00:00+00:00,Eti-Osa,10.51
2025-08-21 20:00:00+00:00,Eti-Osa,34.41
2025-08-21 21:00:00+00:00,Eti-Osa,15.82
2025-08-21 22:00:00+00:00,Eti-Osa,63.3
2025-08-21 23:00:00+00:00,Eti-Osa,54.16
2025-08-22 00:00:00+00:00,Eti-Osa,28.95
2025-08-22 01:00:00+00:00,Eti-Osa,25.9
2025-08-22 02:00:00+00:00,Eti-Osa,32.3
2025-08-22 04:00:00+00:00,Eti-Osa,12.86
2025-08-22 05:00:00+00:00,Eti-Osa,17.98
2025-08-22 08:00:00+00:00,Eti-Osa,59.15
2025-08-22 09:00:00+00:00,Eti-Osa,33.07
2025-08-22 11:00:00+00:00,Eti-Osa,15.83
2025-08-22 12:00:00+00:00,Eti-Osa,14.82
2025-08-22 13:00:00+00:00,Eti-Osa,13.96
2025-08-22 14:00:00+00:00,Eti-Osa,11.79
2025-08-22 15:00:00+00:00,Eti-Osa,11.87
2025-08-22 16:00:00+00:00,Eti-Osa,14.33
2025-08-22 22:00:00+00:00,Eti-Osa,8.1
2025-08-22 23:00:00+00:00,Eti-Osa,8.11
2025-08-23 00:00:00+00:00,Eti-Osa,12.52
2025-08-23 01:00:00+00:00,Eti-Osa,14.49
2025-08-23 05:00:00+00:00,Eti-Osa,12.91
2025-08-23 06:00:00+00:00,Eti-Osa,45.03
2025-08-23 07:00:00+00:00,Eti-Osa,42.85
2025-08-23 08:00:00+00:00,Eti-Osa,24.03
2025-08-23 18:00:00+00:00,Eti-Osa,14.99
2025-08-23 19:00:00+00:00,Eti-Osa,9.72
2025-08-23 20:00:00+00:00,Eti-Osa,43.66
2025-08-23 21:00:00+00:00,Eti-Osa,29.26
2025-08-23 22:00:00+00:00,Eti-Osa,12.62
2025-08-24 00:00:00+00:00,Eti-Osa,49.27
2025-08-24 01:00:00+00:00,Eti-Osa,37.05
2025-08-24 02:00:00+00:00,Eti-Osa,60.78
2025-08-24 04:00:00+00:00,Eti-Osa,14.23
2025-08-24 05:00:00+00:00,Eti-Osa,57.57
2025-08-24 06:00:00+00:00,Eti-Osa,8.66
2025-08-24 07:00:00+00:00,Eti-Osa,15.66
2025-08-24 08:00:00+00:00,Eti-Osa,14.07
2025-08-24 09:00:00+00:00,Eti-Osa,17.21
2025-08-24 10:00:00+00:00,Eti-Osa,28.33
2025-08-24 11:00:00+00:00,Eti-Osa,15.11
2025-08-24 12:00:00+00:00,Eti-Osa,22.54
2025-08-24 13:00:00+00:00,Eti-Osa,10.24
2025-08-24 14:00:00+00:00,Eti-Osa,14.38
2025-08-24 15:00:00+00:00,Eti-Osa,13.61
2025-08-24 18:00:00+00:00,Eti-Osa,21.76
2025-08-24 20:00:00+00:00,Eti-Osa,19.41
2025-08-24 21:00:00+00:00,Eti-Osa,10.34
2025-08-24 22:00:00+00:00,Eti-Osa,8.03
2025-08-24 23:00:00+00:00,Eti-Osa,12.67
2025-08-25 00:00:00+00:00,Eti-Osa,32.45
2025-08-25 01:00:00+00:00,Eti-Osa,22.01
2025-08-25 02:00:00+00:00,Eti-Osa,6.54
2025-08-25 03:00:00+00:00,Eti-Osa,14.65
2025-08-25 04:00:00+00:00,Eti-Osa,26.34
2025-08-25 05:00:00+00:00,Eti-Osa,15.98
2025-08-25 06:00:00+00:00,Eti-Osa,12.8
2025-08-25 07:00:00+00:00,Eti-Osa,44.15
2025-08-25 08:00:00+00:00,Eti-Osa,44.89
2025-08-25 09:00:00+00:00,Eti-Osa,31.92
2025-08-25 10:00:00+00:00,Eti-Osa,28.86
2025-08-25 12:00:00+00:00,Eti-Osa,12.34
2025-08-25 13:00:00+00:00,Eti-Osa,9.68
2025-08-25 14:00:00+00:00,Eti-Osa,13.68
2025-08-25 23:00:00+00:00,Eti-Osa,22.32
2025-08-26 00:00:00+00:00,Eti-Osa,22.32
2025-08-26 02:00:00+00:00,Eti-Osa,56.49
2025-08-26 03:00:00+00:00,Eti-Osa,63.4
2025-08-26 04:00:00+00:00,Eti-Osa,50.72
2025-08-26 05:00:00+00:00,Eti-Osa,10.15
2025-08-26 06:00:00+00:00,Eti-Osa,23.93
2025-08-01 07:00:00+00:00,Ifako-Ijaiye,32.09
2025-08-01 08:00:00+00:00,Ifako-Ijaiye,16.77
2025-08-01 09:00:00+00:00,Ifako-Ijaiye,14.45
2025-08-01 10:00:00+00:00,Ifako-Ijaiye,10.19
2025-08-01 11:00:00+00:00,Ifako-Ijaiye,21.11
2025-08-01 12:00:00+00:00,Ifako-Ijaiye,67.6
2025-08-01 13:00:00+00:00,Ifako-Ijaiye,29.61
2025-08-01 14:00:00+00:00,Ifako-Ijaiye,52.12
2025-08-01 15:00:00+00:00,Ifako-Ijaiye,56.78
2025-08-01 16:00:00+00:00,Ifako-Ijaiye,45.54
2025-08-01 17:00:00+00:00,Ifako-Ijaiye,40.87
2025-08-01 18:00:00+00:00,Ifako-Ijaiye,75.26
2025-08-01 20:00:00+00:00,Ifako-Ijaiye,44.35
2025-08-01 21:00:00+00:00,Ifako-Ijaiye,28.81
2025-08-01 22:00:00+00:00,Ifako-Ijaiye,16.3
2025-08-01 23:00:00+00:00,Ifako-Ijaiye,38.61
2025-08-02 00:00:00+00:00,Ifako-Ijaiye,95.8
2025-08-02 01:00:00+00:00,Ifako-Ijaiye,36.05
2025-08-02 02:00:00+00:00,Ifako-Ijaiye,75.04
2025-08-02 03:00:00+00:00,Ifako-Ijaiye,13.62
2025-08-02 04:00:00+00:00,Ifako-Ijaiye,14.24
2025-08-02 05:00:00+00:00,Ifako-Ijaiye,14.72
2025-08-02 08:00:00+00:00,Ifako-Ijaiye,26.99
2025-08-02 09:00:00+00:00,Ifako-Ijaiye,31.57
2025-08-02 10:00:00+00:00,Ifako-Ijaiye,13.07
2025-08-02 11:00:00+00:00,Ifako-Ijaiye,20.55
2025-08-02 12:00:00+00:00,Ifako-Ijaiye,27.86
2025-08-02 13:00:00+00:00,Ifako-Ijaiye,14.88
2025-08-02 14:00:00+00:00,Ifako-Ijaiye,14.03
2025-08-02 15:00:00+00:00,Ifako-Ijaiye,45.91
2025-08-02 16:00:00+00:00,Ifako-Ijaiye,17.4
2025-08-02 17:00:00+00:00,Ifako-Ijaiye,14.43
2025-08-02 18:00:00+00:00,Ifako-Ijaiye,19.96
2025-08-02 21:00:00+00:00,Ifako-Ijaiye,16.78
2025-08-02 22:00:00+00:00,Ifako-Ijaiye,20.13
2025-08-02 23:00:00+00:00,Ifako-Ijaiye,17.8
2025-08-03 00:00:00+00:00,Ifako-Ijaiye,13.28
2025-08-03 01:00:00+00:00,Ifako-Ijaiye,11.0
2025-08-03 02:00:00+00:00,Ifako-Ijaiye,15.62
2025-08-03 04:00:00+00:00,Ifako-Ijaiye,14.37
2025-08-03 09:00:00+00:00,Ifako-Ijaiye,10.79
2025-08-03 10:00:00+00:00,Ifako-Ijaiye,12.08
2025-08-03 11:00:00+00:00,Ifako-Ijaiye,16.82
2025-08-03 12:00:00+00:00,Ifako-Ijaiye,17.14
2025-08-03 13:00:00+00:00,Ifako-Ijaiye,17.66
2025-08-03 14:00:00+00:00,Ifako-Ijaiye,19.25
2025-08-03 15:00:00+00:00,Ifako-Ijaiye,16.92
2025-08-03 17:00:00+00:00,Ifako-Ijaiye,19.66
2025-08-03 18:00:00+00:00,Ifako-Ijaiye,21.08
2025-08-04 10:00:00+00:00,Ifako-Ijaiye,17.06
2025-08-04 11:00:00+00:00,Ifako-Ijaiye,16.55
2025-08-04 12:00:00+00:00,Ifako-Ijaiye,23.06
2025-08-04 13:00:00+00:00,Ifako-Ijaiye,17.8
2025-08-04 15:00:00+00:00,Ifako-Ijaiye,17.14
2025-08-05 07:00:00+00:00,Ifako-Ijaiye,17.95
2025-08-05 08:00:00+00:00,Ifako-Ijaiye,16.67
2025-08-05 10:00:00+00:00,Ifako-Ijaiye,20.08
2025-08-05 13:00:00+00:00,Ifako-Ijaiye,17.4
2025-08-05 14:00:00+00:00,Ifako-Ijaiye,17.19
2025-08-05 15:00:00+00:00,Ifako-Ijaiye,17.04
2025-08-05 16:00:00+00:00,Ifako-Ijaiye,16.4
2025-08-05 17:00:00+00:00,Ifako-Ijaiye,20.66
2025-08-05 19:00:00+00:00,Ifako-Ijaiye,16.41
2025-08-05 20:00:00+00:00,Ifako-Ijaiye,21.29
2025-08-05 22:00:00+00:00,Ifako-Ijaiye,16.71
2025-08-05 23:00:00+00:00,Ifako-Ijaiye,17.41
2025-08-06 00:00:00+00:00,Ifako-Ijaiye,14.39
2025-08-06 07:00:00+00:00,Ifako-Ijaiye,15.48
2025-08-06 08:00:00+00:00,Ifako-Ijaiye,16.1
2025-08-07 07:00:00+00:00,Ifako-Ijaiye,22.82
2025-08-07 08:00:00+00:00,Ifako-Ijaiye,32.68
2025-08-07 09:00:00+00:00,Ifako-Ijaiye,33.95
2025-08-07 10:00:00+00:00,Ifako-Ijaiye,15.85
2025-08-08 07:00:00+00:00,Ifako-Ijaiye,38.4
2025-08-08 08:00:00+00:00,Ifako-Ijaiye,34.03
2025-08-08 09:00:00+00:00,Ifako-Ijaiye,26.06
2025-08-08 10:00:00+00:00,Ifako-Ijaiye,17.03
2025-08-08 12:00:00+00:00,Ifako-Ijaiye,20.4
2025-08-08 13:00:00+00:00,Ifako-Ijaiye,17.84
2025-08-08 14:00:00+00:00,Ifako-Ijaiye,13.52
2025-08-08 16:00:00+00:00,Ifako-Ijaiye,20.56
2025-08-08 17:00:00+00:00,Ifako-Ijaiye,20.95
2025-08-08 18:00:00+00:00,Ifako-Ijaiye,46.69
2025-08-08 19:00:00+00:00,Ifako-Ijaiye,42.65
2025-08-08 20:00:00+00:00,Ifako-Ijaiye,26.34
2025-08-08 21:00:00+00:00,Ifako-Ijaiye,41.7
2025-08-08 22:00:00+00:00,Ifako-Ijaiye,48.42
2025-08-08 23:00:00+00:00,Ifako-Ijaiye,28.89
2025-08-09 00:00:00+00:00,Ifako-Ijaiye,15.14
2025-08-09 01:00:00+00:00,Ifako-Ijaiye,13.51
2025-08-09 02:00:00+00:00,Ifako-Ijaiye,50.82
2025-08-09 03:00:00+00:00,Ifako-Ijaiye,18.1
2025-08-09 09:00:00+00:00,Ifako-Ijaiye,17.97
2025-08-09 10:00:00+00:00,Ifako-Ijaiye,12.64
2025-08-09 11:00:00+00:00,Ifako-Ijaiye,13.21
2025-08-09 12:00:00+00:00,Ifako-Ijaiye,14.39
2025-08-09 13:00:00+00:00,Ifako-Ijaiye,49.51
2025-08-09 14:00:00+00:00,Ifako-Ijaiye,23.25
2025-08-09 15:00:00+00:00,Ifako-Ijaiye,18.44
2025-08-09 16:00:00+00:00,Ifako-Ijaiye,40.05
2025-08-09 17:00:00+00:00,Ifako-Ijaiye,64.8
2025-08-09 18:00:00+00:00,Ifako-Ijaiye,15.18
2025-08-09 19:00:00+00:00,Ifako-Ijaiye,77.71
2025-08-09 20:00:00+00:00,Ifako-Ijaiye,65.39
2025-08-09 21:00:00+00:00,Ifako-Ijaiye,34.9
2025-08-09 22:00:00+00:00,Ifako-Ijaiye,52.07
2025-08-09 23:00:00+00:00,Ifako-Ijaiye,14.63
2025-08-10 00:00:00+00:00,Ifako-Ijaiye,38.74
2025-08-10 01:00:00+00:00,Ifako-Ijaiye,44.81
2025-08-10 02:00:00+00:00,Ifako-Ijaiye,10.4
2025-08-10 03:00:00+00:00,Ifako-Ijaiye,45.96
2025-08-10 04:00:00+00:00,Ifako-Ijaiye,29.2
2025-08-10 05:00:00+00:00,Ifako-Ijaiye,107.09
2025-08-10 06:00:00+00:00,Ifako-Ijaiye,9.35
2025-08-10 07:00:00+00:00,Ifako-Ijaiye,37.36
2025-08-10 08:00:00+00:00,Ifako-Ijaiye,13.93
2025-08-10 09:00:00+00:00,Ifako-Ijaiye,15.77
2025-08-10 10:00:00+00:00,Ifako-Ijaiye,52.0
2025-08-10 11:00:00+00:00,Ifako-Ijaiye,18.23
2025-08-10 12:00:00+00:00,Ifako-Ijaiye,13.66
2025-08-10 13:00:00+00:00,Ifako-Ijaiye,15.34
2025-08-10 14:00:00+00:00,Ifako-Ijaiye,44.88
2025-08-10 15:00:00+00:00,Ifako-Ijaiye,42.22
2025-08-10 16:00:00+00:00,Ifako-Ijaiye,70.14
2025-08-10 17:00:00+00:00,Ifako-Ijaiye,62.17
2025-08-10 18:00:00+00:00,Ifako-Ijaiye,16.53
2025-08-10 20:00:00+00:00,Ifako-Ijaiye,20.28
2025-08-10 21:00:00+00:00,Ifako-Ijaiye,29.54
2025-08-10 22:00:00+00:00,Ifako-Ijaiye,71.94
2025-08-10 23:00:00+00:00,Ifako-Ijaiye,15.44
2025-08-11 00:00:00+00:00,Ifako-Ijaiye,10.25
2025-08-11 01:00:00+00:00,Ifako-Ijaiye,50.35
2025-08-11 02:00:00+00:00,Ifako-Ijaiye,14.84
2025-08-11 03:00:00+00:00,Ifako-Ijaiye,59.73
2025-08-11 05:00:00+00:00,Ifako-Ijaiye,59.33
2025-08-11 06:00:00+00:00,Ifako-Ijaiye,57.63
2025-08-11 07:00:00+00:00,Ifako-Ijaiye,8.26
2025-08-11 08:00:00+00:00,Ifako-Ijaiye,21.46
2025-08-11 09:00:00+00:00,Ifako-Ijaiye,14.36
2025-08-11 10:00:00+00:00,Ifako-Ijaiye,22.87
2025-08-11 11:00:00+00:00,Ifako-Ijaiye,12.66
2025-08-11 12:00:00+00:00,Ifako-Ijaiye,17.4
2025-08-11 13:00:00+00:00,Ifako-Ijaiye,28.19
2025-08-11 14:00:00+00:00,Ifako-Ijaiye,14.34
2025-08-11 16:00:00+00:00,Ifako-Ijaiye,42.33
2025-08-11 17:00:00+00:00,Ifako-Ijaiye,16.52
2025-08-11 18:00:00+00:00,Ifako-Ijaiye,17.7
2025-08-11 20:00:00+00:00,Ifako-Ijaiye,45.9
2025-08-11 21:00:00+00:00,Ifako-Ijaiye,12.05
2025-08-11 22:00:00+00:00,Ifako-Ijaiye,15.22
2025-08-11 23:00:00+00:00,Ifako-Ijaiye,29.83
2025-08-12 00:00:00+00:00,Ifako-Ijaiye,12.54
2025-08-12 01:00:00+00:00,Ifako-Ijaiye,21.16
2025-08-12 02:00:00+00:00,Ifako-Ijaiye,18.43
2025-08-12 03:00:00+00:00,Ifako-Ijaiye,15.5
2025-08-12 08:00:00+00:00,Ifako-Ijaiye,61.0
2025-08-12 10:00:00+00:00,Ifako-Ijaiye,11.21
2025-08-12 11:00:00+00:00,Ifako-Ijaiye,50.52
2025-08-12 12:00:00+00:00,Ifako-Ijaiye,20.84
2025-08-12 13:00:00+00:00,Ifako-Ijaiye,48.72
2025-08-12 14:00:00+00:00,Ifako-Ijaiye,36.22
2025-08-12 15:00:00+00:00,Ifako-Ijaiye,17.25
2025-08-12 16:00:00+00:00,Ifako-Ijaiye,67.99
2025-08-12 17:00:00+00:00,Ifako-Ijaiye,32.73
2025-08-12 18:00:00+00:00,Ifako-Ijaiye,43.19
2025-08-12 19:00:00+00:00,Ifako-Ijaiye,41.9
2025-08-12 20:00:00+00:00,Ifako-Ijaiye,39.18
2025-08-12 21:00:00+00:00,Ifako-Ijaiye,18.53
2025-08-12 22:00:00+00:00,Ifako-Ijaiye,17.44
2025-08-12 23:00:00+00:00,Ifako-Ijaiye,15.46
2025-08-13 00:00:00+00:00,Ifako-Ijaiye,31.55
2025-08-13 01:00:00+00:00,Ifako-Ijaiye,36.33
2025-08-13 02:00:00+00:00,Ifako-Ijaiye,11.36
2025-08-13 03:00:00+00:00,Ifako-Ijaiye,12.5
2025-08-13 05:00:00+00:00,Ifako-Ijaiye,23.15
2025-08-13 06:00:00+00:00,Ifako-Ijaiye,43.34
2025-08-13 07:00:00+00:00,Ifako-Ijaiye,37.49
2025-08-13 08:00:00+00:00,Ifako-Ijaiye,50.72
2025-08-13 09:00:00+00:00,Ifako-Ijaiye,31.37
2025-08-13 10:00:00+00:00,Ifako-Ijaiye,34.19
2025-08-13 11:00:00+00:00,Ifako-Ijaiye,29.42
2025-08-13 12:00:00+00:00,Ifako-Ijaiye,20.91
2025-08-13 13:00:00+00:00,Ifako-Ijaiye,13.71
2025-08-13 14:00:00+00:00,Ifako-Ijaiye,9.57
2025-08-13 15:00:00+00:00,Ifako-Ijaiye,35.4
2025-08-13 16:00:00+00:00,Ifako-Ijaiye,30.47
2025-08-13 17:00:00+00:00,Ifako-Ijaiye,46.98
2025-08-13 18:00:00+00:00,Ifako-Ijaiye,11.41
2025-08-13 19:00:00+00:00,Ifako-Ijaiye,33.76
2025-08-13 20:00:00+00:00,Ifako-Ijaiye,42.34
2025-08-13 21:00:00+00:00,Ifako-Ijaiye,22.48
2025-08-13 22:00:00+00:00,Ifako-Ijaiye,16.81
2025-08-13 23:00:00+00:00,Ifako-Ijaiye,12.24
2025-08-14 00:00:00+00:00,Ifako-Ijaiye,15.02
2025-08-14 01:00:00+00:00,Ifako-Ijaiye,48.59
2025-08-14 02:00:00+00:00,Ifako-Ijaiye,56.61
2025-08-14 03:00:00+00:00,Ifako-Ijaiye,7.68
2025-08-14 04:00:00+00:00,Ifako-Ijaiye,25.63
2025-08-14 05:00:00+00:00,Ifako-Ijaiye,19.58
2025-08-14 06:00:00+00:00,Ifako-Ijaiye,30.64
2025-08-14 07:00:00+00:00,Ifako-Ijaiye,33.94
2025-08-14 08:00:00+00:00,Ifako-Ijaiye,9.32
2025-08-14 09:00:00+00:00,Ifako-Ijaiye,30.35
2025-08-14 10:00:00+00:00,Ifako-Ijaiye,7.91
2025-08-14 11:00:00+00:00,Ifako-Ijaiye,25.44
2025-08-14 12:00:00+00:00,Ifako-Ijaiye,18.7
2025-08-14 13:00:00+00:00,Ifako-Ijaiye,29.44
2025-08-14 14:00:00+00:00,Ifako-Ijaiye,32.55
2025-08-14 15:00:00+00:00,Ifako-Ijaiye,12.33
2025-08-14 17:00:00+00:00,Ifako-Ijaiye,36.09
2025-08-14 18:00:00+00:00,Ifako-Ijaiye,16.82
2025-08-14 19:00:00+00:00,Ifako-Ijaiye,13.78
2025-08-14 20:00:00+00:00,Ifako-Ijaiye,15.71
2025-08-14 21:00:00+00:00,Ifako-Ijaiye,16.08
2025-08-14 22:00:00+00:00,Ifako-Ijaiye,13.54
2025-08-14 23:00:00+00:00,Ifako-Ijaiye,44.22
2025-08-15 00:00:00+00:00,Ifako-Ijaiye,14.72
2025-08-15 01:00:00+00:00,Ifako-Ijaiye,31.18
2025-08-15 03:00:00+00:00,Ifako-Ijaiye,47.77
2025-08-15 05:00:00+00:00,Ifako-Ijaiye,33.53
2025-08-15 06:00:00+00:00,Ifako-Ijaiye,23.93
2025-08-15 07:00:00+00:00,Ifako-Ijaiye,11.27
2025-08-15 08:00:00+00:00,Ifako-Ijaiye,15.84
2025-08-15 09:00:00+00:00,Ifako-Ijaiye,19.22
2025-08-15 11:00:00+00:00,Ifako-Ijaiye,12.33
2025-08-15 12:00:00+00:00,Ifako-Ijaiye,16.52
2025-08-15 13:00:00+00:00,Ifako-Ijaiye,22.25
2025-08-15 14:00:00+00:00,Ifako-Ijaiye,7.79
2025-08-15 15:00:00+00:00,Ifako-Ijaiye,47.16
2025-08-15 17:00:00+00:00,Ifako-Ijaiye,14.62
2025-08-15 19:00:00+00:00,Ifako-Ijaiye,11.89
2025-08-15 20:00:00+00:00,Ifako-Ijaiye,16.1
2025-08-16 00:00:00+00:00,Ifako-Ijaiye,33.17
2025-08-16 01:00:00+00:00,Ifako-Ijaiye,10.29
2025-08-16 02:00:00+00:00,Ifako-Ijaiye,13.57
2025-08-16 08:00:00+00:00,Ifako-Ijaiye,14.17
2025-08-16 09:00:00+00:00,Ifako-Ijaiye,17.28
2025-08-16 10:00:00+00:00,Ifako-Ijaiye,15.58
2025-08-16 11:00:00+00:00,Ifako-Ijaiye,17.01
2025-08-16 12:00:00+00:00,Ifako-Ijaiye,13.99
2025-08-16 13:00:00+00:00,Ifako-Ijaiye,14.22
2025-08-16 15:00:00+00:00,Ifako-Ijaiye,14.89
2025-08-16 16:00:00+00:00,Ifako-Ijaiye,23.59
2025-08-16 18:00:00+00:00,Ifako-Ijaiye,18.49
2025-08-16 19:00:00+00:00,Ifako-Ijaiye,18.08
2025-08-16 20:00:00+00:00,Ifako-Ijaiye,21.84
2025-08-16 21:00:00+00:00,Ifako-Ijaiye,18.66
2025-08-17 08:00:00+00:00,Ifako-Ijaiye,21.47
2025-08-17 09:00:00+00:00,Ifako-Ijaiye,21.47
2025-08-17 10:00:00+00:00,Ifako-Ijaiye,21.75
2025-08-17 11:00:00+00:00,Ifako-Ijaiye,21.37
2025-08-17 12:00:00+00:00,Ifako-Ijaiye,10.33
2025-08-17 13:00:00+00:00,Ifako-Ijaiye,12.39
2025-08-17 14:00:00+00:00,Ifako-Ijaiye,31.88
2025-08-17 15:00:00+00:00,Ifako-Ijaiye,12.44
2025-08-17 17:00:00+00:00,Ifako-Ijaiye,21.71
2025-08-17 18:00:00+00:00,Ifako-Ijaiye,32.67
2025-08-17 19:00:00+00:00,Ifako-Ijaiye,38.23
2025-08-17 20:00:00+00:00,Ifako-Ijaiye,46.47
2025-08-17 21:00:00+00:00,Ifako-Ijaiye,38.05
2025-08-17 22:00:00+00:00,Ifako-Ijaiye,28.53
2025-08-17 23:00:00+00:00,Ifako-Ijaiye,12.13
2025-08-18 00:00:00+00:00,Ifako-Ijaiye,12.31
2025-08-18 01:00:00+00:00,Ifako-Ijaiye,16.39
2025-08-18 02:00:00+00:00,Ifako-Ijaiye,9.78
2025-08-18 03:00:00+00:00,Ifako-Ijaiye,16.55
2025-08-18 04:00:00+00:00,Ifako-Ijaiye,17.69
2025-08-18 05:00:00+00:00,Ifako-Ijaiye,29.77
2025-08-18 07:00:00+00:00,Ifako-Ijaiye,14.53
2025-08-18 08:00:00+00:00,Ifako-Ijaiye,21.72
2025-08-18 09:00:00+00:00,Ifako-Ijaiye,8.52
2025-08-18 10:00:00+00:00,Ifako-Ijaiye,19.3
2025-08-18 11:00:00+00:00,Ifako-Ijaiye,24.96
2025-08-18 12:00:00+00:00,Ifako-Ijaiye,15.6
2025-08-18 13:00:00+00:00,Ifako-Ijaiye,26.93
2025-08-18 14:00:00+00:00,Ifako-Ijaiye,25.4
2025-08-18 15:00:00+00:00,Ifako-Ijaiye,43.94
2025-08-18 16:00:00+00:00,Ifako-Ijaiye,15.25
2025-08-18 18:00:00+00:00,Ifako-Ijaiye,32.89
2025-08-18 19:00:00+00:00,Ifako-Ijaiye,16.05
2025-08-18 20:00:00+00:00,Ifako-Ijaiye,32.45
2025-08-18 21:00:00+00:00,Ifako-Ijaiye,10.71
2025-08-18 22:00:00+00:00,Ifako-Ijaiye,29.33
2025-08-18 23:00:00+00:00,Ifako-Ijaiye,33.25
2025-08-19 00:00:00+00:00,Ifako-Ijaiye,17.48
2025-08-19 01:00:00+00:00,Ifako-Ijaiye,24.13
2025-08-19 02:00:00+00:00,Ifako-Ijaiye,32.39
2025-08-19 03:00:00+00:00,Ifako-Ijaiye,13.92
2025-08-19 04:00:00+00:00,Ifako-Ijaiye,64.04
2025-08-19 05:00:00+00:00,Ifako-Ijaiye,25.79
2025-08-19 06:00:00+00:00,Ifako-Ijaiye,25.66
2025-08-19 07:00:00+00:00,Ifako-Ijaiye,55.65
2025-08-19 08:00:00+00:00,Ifako-Ijaiye,61.74
2025-08-19 09:00:00+00:00,Ifako-Ijaiye,40.45
2025-08-19 10:00:00+00:00,Ifako-Ijaiye,20.34
2025-08-19 11:00:00+00:00,Ifako-Ijaiye,34.26
2025-08-20 07:00:00+00:00,Ifako-Ijaiye,40.32
2025-08-20 08:00:00+00:00,Ifako-Ijaiye,27.0
2025-08-20 09:00:00+00:00,Ifako-Ijaiye,47.7
2025-08-20 10:00:00+00:00,Ifako-Ijaiye,12.41
2025-08-20 11:00:00+00:00,Ifako-Ijaiye,28.9
2025-08-20 13:00:00+00:00,Ifako-Ijaiye,23.11
2025-08-20 14:00:00+00:00,Ifako-Ijaiye,27.48
2025-08-20 15:00:00+00:00,Ifako-Ijaiye,93.39
2025-08-20 16:00:00+00:00,Ifako-Ijaiye,50.25
2025-08-20 17:00:00+00:00,Ifako-Ijaiye,19.29
2025-08-20 18:00:00+00:00,Ifako-Ijaiye,39.49
2025-08-20 19:00:00+00:00,Ifako-Ijaiye,65.27
2025-08-20 20:00:00+00:00,Ifako-Ijaiye,67.6
2025-08-20 21:00:00+00:00,Ifako-Ijaiye,13.11
2025-08-20 22:00:00+00:00,Ifako-Ijaiye,35.39
2025-08-20 23:00:00+00:00,Ifako-Ijaiye,29.34
2025-08-21 00:00:00+00:00,Ifako-Ijaiye,45.03
2025-08-21 01:00:00+00:00,Ifako-Ijaiye,15.48
2025-08-21 02:00:00+00:00,Ifako-Ijaiye,66.27
2025-08-21 03:00:00+00:00,Ifako-Ijaiye,14.76
2025-08-21 04:00:00+00:00,Ifako-Ijaiye,95.98
2025-08-21 08:00:00+00:00,Ifako-Ijaiye,47.65
2025-08-21 09:00:00+00:00,Ifako-Ijaiye,48.22
2025-08-21 10:00:00+00:00,Ifako-Ijaiye,48.69
2025-08-21 11:00:00+00:00,Ifako-Ijaiye,12.42
2025-08-21 12:00:00+00:00,Ifako-Ijaiye,7.17
2025-08-21 14:00:00+00:00,Ifako-Ijaiye,105.44
2025-08-21 15:00:00+00:00,Ifako-Ijaiye,76.59
2025-08-21 16:00:00+00:00,Ifako-Ijaiye,84.92
2025-08-21 17:00:00+00:00,Ifako-Ijaiye,121.7
2025-08-21 19:00:00+00:00,Ifako-Ijaiye,30.76
2025-08-21 20:00:00+00:00,Ifako-Ijaiye,126.04
2025-08-21 22:00:00+00:00,Ifako-Ijaiye,63.7
2025-08-21 23:00:00+00:00,Ifako-Ijaiye,84.22
2025-08-22 00:00:00+00:00,Ifako-Ijaiye,13.95
2025-08-22 01:00:00+00:00,Ifako-Ijaiye,48.86
2025-08-22 08:00:00+00:00,Ifako-Ijaiye,29.65
2025-08-22 09:00:00+00:00,Ifako-Ijaiye,35.98
2025-08-22 10:00:00+00:00,Ifako-Ijaiye,47.36
2025-08-22 11:00:00+00:00,Ifako-Ijaiye,24.87
2025-08-22 12:00:00+00:00,Ifako-Ijaiye,15.97
2025-08-22 13:00:00+00:00,Ifako-Ijaiye,14.4
2025-08-22 14:00:00+00:00,Ifako-Ijaiye,13.52
2025-08-22 15:00:00+00:00,Ifako-Ijaiye,17.51
2025-08-22 16:00:00+00:00,Ifako-Ijaiye,42.62
2025-08-22 17:00:00+00:00,Ifako-Ijaiye,65.42
2025-08-22 18:00:00+00:00,Ifako-Ijaiye,99.7
2025-08-22 19:00:00+00:00,Ifako-Ijaiye,42.28
2025-08-22 20:00:00+00:00,Ifako-Ijaiye,52.65
2025-08-22 21:00:00+00:00,Ifako-Ijaiye,35.83
2025-08-22 22:00:00+00:00,Ifako-Ijaiye,39.51
2025-08-23 00:00:00+00:00,Ifako-Ijaiye,14.57
2025-08-23 01:00:00+00:00,Ifako-Ijaiye,17.7
2025-08-23 02:00:00+00:00,Ifako-Ijaiye,106.97
2025-08-23 03:00:00+00:00,Ifako-Ijaiye,10.91
2025-08-23 04:00:00+00:00,Ifako-Ijaiye,57.94
2025-08-23 05:00:00+00:00,Ifako-Ijaiye,25.27
2025-08-23 06:00:00+00:00,Ifako-Ijaiye,12.28
2025-08-23 07:00:00+00:00,Ifako-Ijaiye,18.24
2025-08-23 08:00:00+00:00,Ifako-Ijaiye,65.01
2025-08-23 09:00:00+00:00,Ifako-Ijaiye,19.45
2025-08-23 10:00:00+00:00,Ifako-Ijaiye,49.52
2025-08-23 11:00:00+00:00,Ifako-Ijaiye,14.28
2025-08-23 14:00:00+00:00,Ifako-Ijaiye,27.05
2025-08-23 15:00:00+00:00,Ifako-Ijaiye,51.96
2025-08-23 16:00:00+00:00,Ifako-Ijaiye,32.17
2025-08-23 17:00:00+00:00,Ifako-Ijaiye,28.23
2025-08-23 18:00:00+00:00,Ifako-Ijaiye,22.42
2025-08-23 19:00:00+00:00,Ifako-Ijaiye,46.77
2025-08-23 21:00:00+00:00,Ifako-Ijaiye,77.22
2025-08-23 22:00:00+00:00,Ifako-Ijaiye,33.62
2025-08-23 23:00:00+00:00,Ifako-Ijaiye,16.17
2025-08-24 00:00:00+00:00,Ifako-Ijaiye,14.38
2025-08-24 01:00:00+00:00,Ifako-Ijaiye,41.9
2025-08-24 02:00:00+00:00,Ifako-Ijaiye,8.2
2025-08-24 03:00:00+00:00,Ifako-Ijaiye,11.25
2025-08-24 04:00:00+00:00,Ifako-Ijaiye,20.43
2025-08-24 08:00:00+00:00,Ifako-Ijaiye,27.48
2025-08-24 10:00:00+00:00,Ifako-Ijaiye,74.51
2025-08-24 11:00:00+00:00,Ifako-Ijaiye,64.25
2025-08-24 12:00:00+00:00,Ifako-Ijaiye,12.68
2025-08-24 13:00:00+00:00,Ifako-Ijaiye,22.36
2025-08-24 14:00:00+00:00,Ifako-Ijaiye,14.58
2025-08-24 15:00:00+00:00,Ifako-Ijaiye,16.44
2025-08-24 17:00:00+00:00,Ifako-Ijaiye,9.49
2025-08-24 18:00:00+00:00,Ifako-Ijaiye,49.69
2025-08-24 19:00:00+00:00,Ifako-Ijaiye,20.35
2025-08-24 20:00:00+00:00,Ifako-Ijaiye,12.12
2025-08-24 21:00:00+00:00,Ifako-Ijaiye,47.53
2025-08-24 23:00:00+00:00,Ifako-Ijaiye,9.99
2025-08-25 00:00:00+00:00,Ifako-Ijaiye,11.3
2025-08-25 01:00:00+00:00,Ifako-Ijaiye,43.43
2025-08-25 02:00:00+00:00,Ifako-Ijaiye,16.51
2025-08-25 03:00:00+00:00,Ifako-Ijaiye,7.44
2025-08-25 07:00:00+00:00,Ifako-Ijaiye,12.95
2025-08-25 08:00:00+00:00,Ifako-Ijaiye,43.44
2025-08-25 09:00:00+00:00,Ifako-Ijaiye,15.03
2025-08-25 10:00:00+00:00,Ifako-Ijaiye,8.34
2025-08-25 11:00:00+00:00,Ifako-Ijaiye,21.86
2025-08-25 12:00:00+00:00,Ifako-Ijaiye,30.66
2025-08-25 13:00:00+00:00,Ifako-Ijaiye,8.9
2025-08-25 14:00:00+00:00,Ifako-Ijaiye,16.28
2025-08-25 15:00:00+00:00,Ifako-Ijaiye,29.44
2025-08-25 16:00:00+00:00,Ifako-Ijaiye,19.98
2025-08-25 17:00:00+00:00,Ifako-Ijaiye,19.02
2025-08-25 23:00:00+00:00,Ifako-Ijaiye,12.0
2025-08-26 00:00:00+00:00,Ifako-Ijaiye,24.71
2025-08-26 01:00:00+00:00,Ifako-Ijaiye,18.86
2025-08-26 02:00:00+00:00,Ifako-Ijaiye,14.53
2025-08-26 07:00:00+00:00,Ifako-Ijaiye,31.64
2025-08-26 08:00:00+00:00,Ifako-Ijaiye,12.28
2025-08-26 09:00:00+00:00,Ifako-Ijaiye,13.8
2025-08-26 10:00:00+00:00,Ifako-Ijaiye,12.58
2025-08-26 11:00:00+00:00,Ifako-Ijaiye,13.22
2025-08-26 12:00:00+00:00,Ifako-Ijaiye,45.89
2025-08-26 13:00:00+00:00,Ifako-Ijaiye,21.57
2025-08-26 15:00:00+00:00,Ifako-Ijaiye,20.83
2025-08-26 18:00:00+00:00,Ifako-Ijaiye,10.84
2025-08-26 19:00:00+00:00,Ifako-Ijaiye,23.34
2025-08-26 20:00:00+00:00,Ifako-Ijaiye,18.85
2025-08-26 21:00:00+00:00,Ifako-Ijaiye,21.12
2025-08-26 22:00:00+00:00,Ifako-Ijaiye,16.25
2025-08-27 07:00:00+00:00,Ifako-Ijaiye,17.5
2025-08-27 08:00:00+00:00,Ifako-Ijaiye,16.14
2025-08-27 09:00:00+00:00,Ifako-Ijaiye,13.0
2025-08-27 10:00:00+00:00,Ifako-Ijaiye,10.84
2025-08-27 11:00:00+00:00,Ifako-Ijaiye,18.49
2025-08-27 12:00:00+00:00,Ifako-Ijaiye,15.96
2025-08-27 13:00:00+00:00,Ifako-Ijaiye,14.08
2025-08-27 14:00:00+00:00,Ifako-Ijaiye,9.52
2025-08-27 15:00:00+00:00,Ifako-Ijaiye,15.57
2025-08-27 16:00:00+00:00,Ifako-Ijaiye,35.4
2025-08-27 18:00:00+00:00,Ifako-Ijaiye,27.16
2025-08-27 19:00:00+00:00,Ifako-Ijaiye,19.45
2025-08-27 22:00:00+00:00,Ifako-Ijaiye,10.62
2025-08-28 00:00:00+00:00,Ifako-Ijaiye,52.53
2025-08-28 01:00:00+00:00,Ifako-Ijaiye,6.73
2025-08-28 02:00:00+00:00,Ifako-Ijaiye,6.41
2025-08-28 03:00:00+00:00,Ifako-Ijaiye,56.99
2025-08-28 04:00:00+00:00,Ifako-Ijaiye,44.28
2025-08-28 05:00:00+00:00,Ifako-Ijaiye,61.06
2025-08-28 06:00:00+00:00,Ifako-Ijaiye,21.71
2025-08-28 09:00:00+00:00,Ifako-Ijaiye,17.47
2025-08-28 10:00:00+00:00,Ifako-Ijaiye,19.79
2025-08-28 11:00:00+00:00,Ifako-Ijaiye,14.55
2025-08-28 12:00:00+00:00,Ifako-Ijaiye,31.65
2025-08-28 13:00:00+00:00,Ifako-Ijaiye,8.18
2025-08-28 14:00:00+00:00,Ifako-Ijaiye,25.88
2025-08-28 15:00:00+00:00,Ifako-Ijaiye,17.97
2025-08-28 16:00:00+00:00,Ifako-Ijaiye,23.02
2025-08-28 17:00:00+00:00,Ifako-Ijaiye,19.84
2025-08-28 18:00:00+00:00,Ifako-Ijaiye,25.63
2025-08-28 19:00:00+00:00,Ifako-Ijaiye,31.05
2025-08-28 21:00:00+00:00,Ifako-Ijaiye,50.62
2025-08-28 22:00:00+00:00,Ifako-Ijaiye,38.52
2025-08-28 23:00:00+00:00,Ifako-Ijaiye,17.83
2025-08-29 00:00:00+00:00,Ifako-Ijaiye,11.98
2025-08-29 01:00:00+00:00,Ifako-Ijaiye,47.32
2025-08-29 08:00:00+00:00,Ifako-Ijaiye,12.79
2025-08-29 09:00:00+00:00,Ifako-Ijaiye,14.97
2025-08-29 10:00:00+00:00,Ifako-Ijaiye,24.36
2025-08-29 11:00:00+00:00,Ifako-Ijaiye,17.13
2025-08-29 12:00:00+00:00,Ifako-Ijaiye,13.88
2025-08-29 14:00:00+00:00,Ifako-Ijaiye,34.38
2025-08-29 15:00:00+00:00,Ifako-Ijaiye,34.15
2025-08-30 09:00:00+00:00,Ifako-Ijaiye,25.05
2025-08-30 10:00:00+00:00,Ifako-Ijaiye,11.31
2025-08-30 11:00:00+00:00,Ifako-Ijaiye,14.7
2025-08-30 12:00:00+00:00,Ifako-Ijaiye,18.05
2025-08-30 13:00:00+00:00,Ifako-Ijaiye,12.16
2025-08-30 15:00:00+00:00,Ifako-Ijaiye,32.0
2025-08-30 16:00:00+00:00,Ifako-Ijaiye,14.63
2025-08-30 19:00:00+00:00,Ifako-Ijaiye,15.59
2025-08-30 20:00:00+00:00,Ifako-Ijaiye,13.74
2025-08-30 21:00:00+00:00,Ifako-Ijaiye,19.12
2025-08-31 00:00:00+00:00,Ifako-Ijaiye,16.03
2025-08-31 01:00:00+00:00,Ifako-Ijaiye,42.11
2025-08-31 07:00:00+00:00,Ifako-Ijaiye,28.45
2025-08-31 08:00:00+00:00,Ifako-Ijaiye,26.58
2025-08-31 10:00:00+00:00,Ifako-Ijaiye,22.23
2025-08-31 11:00:00+00:00,Ifako-Ijaiye,18.44
2025-08-31 12:00:00+00:00,Ifako-Ijaiye,11.76
2025-08-31 13:00:00+00:00,Ifako-Ijaiye,18.54
2025-08-31 14:00:00+00:00,Ifako-Ijaiye,13.84
2025-08-31 15:00:00+00:00,Ifako-Ijaiye,17.02
2025-08-31 16:00:00+00:00,Ifako-Ijaiye,13.32
2025-08-31 17:00:00+00:00,Ifako-Ijaiye,12.36
2025-08-31 18:00:00+00:00,Ifako-Ijaiye,14.94
2025-08-31 19:00:00+00:00,Ifako-Ijaiye,11.4
2025-08-31 20:00:00+00:00,Ifako-Ijaiye,27.43
2025-08-31 21:00:00+00:00,Ifako-Ijaiye,13.75
2025-08-31 22:00:00+00:00,Ifako-Ijaiye,19.63
2025-08-31 23:00:00+00:00,Ifako-Ijaiye,18.69
2025-08-01 08:00:00+00:00,Ikeja Hospital Road,17.9
2025-08-01 09:00:00+00:00,Ikeja Hospital Road,16.43
2025-08-01 10:00:00+00:00,Ikeja Hospital Road,13.62
2025-08-01 11:00:00+00:00,Ikeja Hospital Road,12.42
2025-08-01 12:00:00+00:00,Ikeja Hospital Road,33.46
2025-08-01 14:00:00+00:00,Ikeja Hospital Road,25.26
2025-08-01 15:00:00+00:00,Ikeja Hospital Road,39.91
2025-08-01 16:00:00+00:00,Ikeja Hospital Road,11.3
2025-08-01 19:00:00+00:00,Ikeja Hospital Road,16.55
2025-08-01 20:00:00+00:00,Ikeja Hospital Road,20.59
2025-08-01 21:00:00+00:00,Ikeja Hospital Road,15.56
2025-08-01 22:00:00+00:00,Ikeja Hospital Road,16.69
2025-08-01 23:00:00+00:00,Ikeja Hospital Road,16.26
2025-08-02 00:00:00+00:00,Ikeja Hospital Road,13.03
2025-08-02 01:00:00+00:00,Ikeja Hospital Road,11.67
2025-08-02 08:00:00+00:00,Ikeja Hospital Road,13.77
2025-08-02 09:00:00+00:00,Ikeja Hospital Road,16.49
2025-08-02 10:00:00+00:00,Ikeja Hospital Road,22.66
2025-08-02 11:00:00+00:00,Ikeja Hospital Road,18.73
2025-08-02 14:00:00+00:00,Ikeja Hospital Road,45.79
2025-08-02 15:00:00+00:00,Ikeja Hospital Road,17.4
2025-08-02 16:00:00+00:00,Ikeja Hospital Road,14.41
2025-08-02 17:00:00+00:00,Ikeja Hospital Road,30.37
2025-08-02 19:00:00+00:00,Ikeja Hospital Road,38.75
2025-08-02 20:00:00+00:00,Ikeja Hospital Road,15.43
2025-08-02 21:00:00+00:00,Ikeja Hospital Road,43.95
2025-08-02 23:00:00+00:00,Ikeja Hospital Road,10.85
2025-08-03 00:00:00+00:00,Ikeja Hospital Road,14.97
2025-08-03 01:00:00+00:00,Ikeja Hospital Road,10.79
2025-08-03 02:00:00+00:00,Ikeja Hospital Road,10.79
2025-08-03 03:00:00+00:00,Ikeja Hospital Road,43.47
2025-08-03 10:00:00+00:00,Ikeja Hospital Road,16.92
2025-08-03 11:00:00+00:00,Ikeja Hospital Road,12.2
2025-08-03 12:00:00+00:00,Ikeja Hospital Road,13.66
2025-08-03 14:00:00+00:00,Ikeja Hospital Road,17.46
2025-08-03 15:00:00+00:00,Ikeja Hospital Road,14.88
2025-08-03 16:00:00+00:00,Ikeja Hospital Road,21.12
2025-08-04 11:00:00+00:00,Ikeja Hospital Road,15.47
2025-08-04 12:00:00+00:00,Ikeja Hospital Road,15.32
2025-08-04 13:00:00+00:00,Ikeja Hospital Road,48.93
2025-08-04 14:00:00+00:00,Ikeja Hospital Road,29.06
2025-08-04 15:00:00+00:00,Ikeja Hospital Road,29.06
2025-08-04 16:00:00+00:00,Ikeja Hospital Road,21.01
2025-08-05 08:00:00+00:00,Ikeja Hospital Road,38.16
2025-08-05 09:00:00+00:00,Ikeja Hospital Road,38.16
2025-08-05 10:00:00+00:00,Ikeja Hospital Road,23.39
2025-08-05 11:00:00+00:00,Ikeja Hospital Road,17.25
2025-08-05 12:00:00+00:00,Ikeja Hospital Road,21.04
2025-08-05 14:00:00+00:00,Ikeja Hospital Road,14.46
2025-08-05 16:00:00+00:00,Ikeja Hospital Road,14.53
2025-08-05 17:00:00+00:00,Ikeja Hospital Road,15.32
2025-08-05 18:00:00+00:00,Ikeja Hospital Road,19.51
2025-08-05 19:00:00+00:00,Ikeja Hospital Road,19.31
2025-08-05 21:00:00+00:00,Ikeja Hospital Road,20.69
2025-08-05 22:00:00+00:00,Ikeja Hospital Road,20.22
2025-08-06 00:00:00+00:00,Ikeja Hospital Road,17.49
2025-08-06 08:00:00+00:00,Ikeja Hospital Road,46.28
2025-08-06 09:00:00+00:00,Ikeja Hospital Road,17.34
2025-08-06 10:00:00+00:00,Ikeja Hospital Road,14.11
2025-08-06 11:00:00+00:00,Ikeja Hospital Road,15.17
2025-08-06 12:00:00+00:00,Ikeja Hospital Road,14.61
2025-08-06 13:00:00+00:00,Ikeja Hospital Road,15.17
2025-08-06 14:00:00+00:00,Ikeja Hospital Road,14.69
2025-08-06 15:00:00+00:00,Ikeja Hospital Road,15.87
2025-08-06 16:00:00+00:00,Ikeja Hospital Road,23.08
2025-08-06 17:00:00+00:00,Ikeja Hospital Road,21.45
2025-08-06 18:00:00+00:00,Ikeja Hospital Road,26.87
2025-08-06 19:00:00+00:00,Ikeja Hospital Road,30.48
2025-08-06 20:00:00+00:00,Ikeja Hospital Road,29.32
2025-08-06 21:00:00+00:00,Ikeja Hospital Road,29.08
2025-08-06 22:00:00+00:00,Ikeja Hospital Road,29.08
2025-08-07 08:00:00+00:00,Ikeja Hospital Road,16.49
2025-08-07 09:00:00+00:00,Ikeja Hospital Road,12.32
2025-08-07 10:00:00+00:00,Ikeja Hospital Road,53.2
2025-08-07 11:00:00+00:00,Ikeja Hospital Road,20.98
2025-08-07 12:00:00+00:00,Ikeja Hospital Road,27.65
2025-08-07 13:00:00+00:00,Ikeja Hospital Road,15.17
2025-08-07 14:00:00+00:00,Ikeja Hospital Road,38.25
2025-08-07 15:00:00+00:00,Ikeja Hospital Road,34.86
2025-08-07 16:00:00+00:00,Ikeja Hospital Road,31.18
2025-08-07 17:00:00+00:00,Ikeja Hospital Road,22.48
2025-08-07 18:00:00+00:00,Ikeja Hospital Road,45.31
2025-08-07 19:00:00+00:00,Ikeja Hospital Road,47.28
2025-08-07 20:00:00+00:00,Ikeja Hospital Road,74.18
2025-08-07 22:00:00+00:00,Ikeja Hospital Road,58.42
2025-08-08 00:00:00+00:00,Ikeja Hospital Road,16.18
2025-08-08 01:00:00+00:00,Ikeja Hospital Road,11.19
2025-08-08 09:00:00+00:00,Ikeja Hospital Road,45.07
2025-08-08 10:00:00+00:00,Ikeja Hospital Road,33.12
2025-08-08 11:00:00+00:00,Ikeja Hospital Road,37.36
2025-08-08 12:00:00+00:00,Ikeja Hospital Road,30.69
2025-08-08 13:00:00+00:00,Ikeja Hospital Road,17.56
2025-08-08 14:00:00+00:00,Ikeja Hospital Road,22.04
2025-08-08 15:00:00+00:00,Ikeja Hospital Road,19.49
2025-08-08 16:00:00+00:00,Ikeja Hospital Road,15.37
2025-08-08 18:00:00+00:00,Ikeja Hospital Road,15.17
2025-08-08 19:00:00+00:00,Ikeja Hospital Road,30.61
2025-08-08 20:00:00+00:00,Ikeja Hospital Road,19.57
2025-08-08 21:00:00+00:00,Ikeja Hospital Road,17.24
2025-08-08 22:00:00+00:00,Ikeja Hospital Road,16.09
2025-08-08 23:00:00+00:00,Ikeja Hospital Road,29.94
2025-08-09 00:00:00+00:00,Ikeja Hospital Road,17.69
2025-08-09 10:00:00+00:00,Ikeja Hospital Road,42.72
2025-08-09 11:00:00+00:00,Ikeja Hospital Road,13.61
2025-08-09 12:00:00+00:00,Ikeja Hospital Road,25.97
2025-08-09 13:00:00+00:00,Ikeja Hospital Road,9.45
2025-08-09 14:00:00+00:00,Ikeja Hospital Road,31.03
2025-08-09 16:00:00+00:00,Ikeja Hospital Road,16.58
2025-08-09 18:00:00+00:00,Ikeja Hospital Road,22.59
2025-08-09 19:00:00+00:00,Ikeja Hospital Road,18.69
2025-08-09 21:00:00+00:00,Ikeja Hospital Road,57.24
2025-08-09 22:00:00+00:00,Ikeja Hospital Road,14.49
2025-08-10 00:00:00+00:00,Ikeja Hospital Road,17.31
2025-08-10 01:00:00+00:00,Ikeja Hospital Road,24.68
2025-08-10 08:00:00+00:00,Ikeja Hospital Road,33.76
2025-08-10 09:00:00+00:00,Ikeja Hospital Road,12.81
2025-08-10 10:00:00+00:00,Ikeja Hospital Road,17.35
2025-08-10 11:00:00+00:00,Ikeja Hospital Road,12.29
2025-08-10 12:00:00+00:00,Ikeja Hospital Road,44.56
2025-08-10 13:00:00+00:00,Ikeja Hospital Road,18.12
2025-08-10 14:00:00+00:00,Ikeja Hospital Road,9.8
2025-08-10 15:00:00+00:00,Ikeja Hospital Road,16.05
2025-08-10 16:00:00+00:00,Ikeja Hospital Road,18.87
2025-08-10 18:00:00+00:00,Ikeja Hospital Road,12.32
2025-08-10 22:00:00+00:00,Ikeja Hospital Road,15.41
2025-08-10 23:00:00+00:00,Ikeja Hospital Road,19.99
2025-08-11 01:00:00+00:00,Ikeja Hospital Road,14.09
2025-08-11 02:00:00+00:00,Ikeja Hospital Road,13.78
2025-08-11 04:00:00+00:00,Ikeja Hospital Road,12.38
2025-08-11 06:00:00+00:00,Ikeja Hospital Road,11.05
2025-08-11 08:00:00+00:00,Ikeja Hospital Road,12.99
2025-08-11 09:00:00+00:00,Ikeja Hospital Road,13.52
2025-08-11 10:00:00+00:00,Ikeja Hospital Road,19.54
2025-08-11 11:00:00+00:00,Ikeja Hospital Road,12.51
2025-08-11 12:00:00+00:00,Ikeja Hospital Road,28.7
2025-08-11 13:00:00+00:00,Ikeja Hospital Road,20.56
2025-08-11 14:00:00+00:00,Ikeja Hospital Road,16.77
2025-08-11 15:00:00+00:00,Ikeja Hospital Road,45.54
2025-08-11 16:00:00+00:00,Ikeja Hospital Road,12.49
2025-08-11 17:00:00+00:00,Ikeja Hospital Road,16.35
2025-08-11 18:00:00+00:00,Ikeja Hospital Road,18.74
2025-08-11 19:00:00+00:00,Ikeja Hospital Road,13.1
2025-08-11 21:00:00+00:00,Ikeja Hospital Road,16.39
2025-08-11 22:00:00+00:00,Ikeja Hospital Road,31.1
2025-08-11 23:00:00+00:00,Ikeja Hospital Road,15.21
2025-08-12 00:00:00+00:00,Ikeja Hospital Road,9.07
2025-08-12 01:00:00+00:00,Ikeja Hospital Road,17.23
2025-08-12 02:00:00+00:00,Ikeja Hospital Road,33.5
2025-08-12 03:00:00+00:00,Ikeja Hospital Road,27.73
2025-08-12 04:00:00+00:00,Ikeja Hospital Road,17.31
2025-08-12 05:00:00+00:00,Ikeja Hospital Road,51.61
2025-08-12 09:00:00+00:00,Ikeja Hospital Road,24.33
2025-08-12 10:00:00+00:00,Ikeja Hospital Road,11.03
2025-08-12 11:00:00+00:00,Ikeja Hospital Road,18.95
2025-08-12 12:00:00+00:00,Ikeja Hospital Road,40.34
2025-08-12 13:00:00+00:00,Ikeja Hospital Road,11.39
2025-08-12 14:00:00+00:00,Ikeja Hospital Road,22.36
2025-08-12 15:00:00+00:00,Ikeja Hospital Road,21.84
2025-08-12 16:00:00+00:00,Ikeja Hospital Road,36.72
2025-08-12 18:00:00+00:00,Ikeja Hospital Road,19.49
2025-08-12 19:00:00+00:00,Ikeja Hospital Road,82.18
2025-08-12 20:00:00+00:00,Ikeja Hospital Road,37.03
2025-08-12 21:00:00+00:00,Ikeja Hospital Road,17.67
2025-08-12 22:00:00+00:00,Ikeja Hospital Road,47.12
2025-08-12 23:00:00+00:00,Ikeja Hospital Road,39.78
2025-08-13 00:00:00+00:00,Ikeja Hospital Road,11.56
2025-08-13 01:00:00+00:00,Ikeja Hospital Road,72.16
2025-08-13 02:00:00+00:00,Ikeja Hospital Road,67.58
2025-08-13 09:00:00+00:00,Ikeja Hospital Road,42.86
2025-08-13 10:00:00+00:00,Ikeja Hospital Road,34.15
2025-08-13 11:00:00+00:00,Ikeja Hospital Road,49.47
2025-08-13 12:00:00+00:00,Ikeja Hospital Road,61.35
2025-08-13 13:00:00+00:00,Ikeja Hospital Road,19.14
2025-08-13 14:00:00+00:00,Ikeja Hospital Road,40.37
2025-08-13 15:00:00+00:00,Ikeja Hospital Road,17.75
2025-08-13 16:00:00+00:00,Ikeja Hospital Road,14.87
2025-08-13 17:00:00+00:00,Ikeja Hospital Road,54.28
2025-08-13 18:00:00+00:00,Ikeja Hospital Road,15.96
2025-08-13 19:00:00+00:00,Ikeja Hospital Road,15.59
2025-08-13 20:00:00+00:00,Ikeja Hospital Road,25.94
2025-08-13 21:00:00+00:00,Ikeja Hospital Road,36.84
2025-08-13 23:00:00+00:00,Ikeja Hospital Road,13.53
2025-08-14 00:00:00+00:00,Ikeja Hospital Road,46.93
2025-08-14 08:00:00+00:00,Ikeja Hospital Road,12.44
2025-08-14 09:00:00+00:00,Ikeja Hospital Road,14.09
2025-08-14 10:00:00+00:00,Ikeja Hospital Road,17.79
2025-08-14 11:00:00+00:00,Ikeja Hospital Road,17.73
2025-08-14 12:00:00+00:00,Ikeja Hospital Road,20.05
2025-08-14 13:00:00+00:00,Ikeja Hospital Road,35.32
2025-08-14 14:00:00+00:00,Ikeja Hospital Road,20.83
2025-08-14 15:00:00+00:00,Ikeja Hospital Road,25.88
2025-08-14 16:00:00+00:00,Ikeja Hospital Road,45.05
2025-08-14 17:00:00+00:00,Ikeja Hospital Road,31.61
2025-08-14 18:00:00+00:00,Ikeja Hospital Road,17.95
2025-08-14 20:00:00+00:00,Ikeja Hospital Road,12.14
2025-08-14 21:00:00+00:00,Ikeja Hospital Road,32.58
2025-08-14 22:00:00+00:00,Ikeja Hospital Road,10.86
2025-08-14 23:00:00+00:00,Ikeja Hospital Road,7.68
2025-08-15 08:00:00+00:00,Ikeja Hospital Road,19.32
2025-08-15 09:00:00+00:00,Ikeja Hospital Road,8.07
2025-08-15 10:00:00+00:00,Ikeja Hospital Road,12.91
2025-08-15 11:00:00+00:00,Ikeja Hospital Road,15.21
2025-08-15 12:00:00+00:00,Ikeja Hospital Road,17.14
2025-08-15 13:00:00+00:00,Ikeja Hospital Road,33.62
2025-08-15 14:00:00+00:00,Ikeja Hospital Road,36.01
2025-08-15 15:00:00+00:00,Ikeja Hospital Road,31.32
2025-08-15 16:00:00+00:00,Ikeja Hospital Road,33.7
2025-08-15 17:00:00+00:00,Ikeja Hospital Road,9.82
2025-08-15 18:00:00+00:00,Ikeja Hospital Road,14.99
2025-08-15 19:00:00+00:00,Ikeja Hospital Road,13.87
2025-08-15 21:00:00+00:00,Ikeja Hospital Road,9.69
2025-08-15 22:00:00+00:00,Ikeja Hospital Road,13.0
2025-08-15 23:00:00+00:00,Ikeja Hospital Road,10.19
2025-08-16 09:00:00+00:00,Ikeja Hospital Road,11.02
2025-08-16 10:00:00+00:00,Ikeja Hospital Road,20.76
2025-08-16 11:00:00+00:00,Ikeja Hospital Road,16.3
2025-08-16 12:00:00+00:00,Ikeja Hospital Road,12.17
2025-08-16 14:00:00+00:00,Ikeja Hospital Road,39.24
2025-08-16 15:00:00+00:00,Ikeja Hospital Road,22.38
2025-08-16 16:00:00+00:00,Ikeja Hospital Road,24.38
2025-08-16 17:00:00+00:00,Ikeja Hospital Road,31.09
2025-08-16 20:00:00+00:00,Ikeja Hospital Road,16.8
2025-08-17 09:00:00+00:00,Ikeja Hospital Road,14.13
2025-08-17 10:00:00+00:00,Ikeja Hospital Road,32.76
2025-08-17 11:00:00+00:00,Ikeja Hospital Road,16.39
2025-08-17 12:00:00+00:00,Ikeja Hospital Road,8.16
2025-08-17 13:00:00+00:00,Ikeja Hospital Road,21.17
2025-08-17 14:00:00+00:00,Ikeja Hospital Road,9.51
2025-08-17 15:00:00+00:00,Ikeja Hospital Road,19.26
2025-08-17 16:00:00+00:00,Ikeja Hospital Road,13.66
2025-08-17 17:00:00+00:00,Ikeja Hospital Road,27.98
2025-08-17 18:00:00+00:00,Ikeja Hospital Road,20.51
2025-08-17 20:00:00+00:00,Ikeja Hospital Road,30.03
2025-08-17 21:00:00+00:00,Ikeja Hospital Road,19.03
2025-08-17 22:00:00+00:00,Ikeja Hospital Road,14.0
2025-08-17 23:00:00+00:00,Ikeja Hospital Road,33.16
2025-08-18 00:00:00+00:00,Ikeja Hospital Road,10.5
2025-08-18 01:00:00+00:00,Ikeja Hospital Road,20.08
2025-08-18 02:00:00+00:00,Ikeja Hospital Road,17.61
2025-08-18 03:00:00+00:00,Ikeja Hospital Road,19.2
2025-08-18 04:00:00+00:00,Ikeja Hospital Road,11.85
2025-08-18 05:00:00+00:00,Ikeja Hospital Road,14.76
2025-08-18 08:00:00+00:00,Ikeja Hospital Road,27.81
2025-08-18 09:00:00+00:00,Ikeja Hospital Road,9.92
2025-08-18 10:00:00+00:00,Ikeja Hospital Road,30.31
2025-08-18 11:00:00+00:00,Ikeja Hospital Road,16.04
2025-08-18 12:00:00+00:00,Ikeja Hospital Road,9.65
2025-08-18 13:00:00+00:00,Ikeja Hospital Road,18.04
2025-08-18 14:00:00+00:00,Ikeja Hospital Road,14.31
2025-08-18 15:00:00+00:00,Ikeja Hospital Road,10.97
2025-08-18 16:00:00+00:00,Ikeja Hospital Road,10.53
2025-08-18 17:00:00+00:00,Ikeja Hospital Road,27.52
2025-08-18 18:00:00+00:00,Ikeja Hospital Road,11.9
2025-08-18 19:00:00+00:00,Ikeja Hospital Road,22.26
2025-08-18 20:00:00+00:00,Ikeja Hospital Road,36.63
2025-08-18 21:00:00+00:00,Ikeja Hospital Road,44.18
2025-08-18 22:00:00+00:00,Ikeja Hospital Road,32.67
2025-08-18 23:00:00+00:00,Ikeja Hospital Road,11.78
2025-08-19 00:00:00+00:00,Ikeja Hospital Road,14.06
2025-08-19 01:00:00+00:00,Ikeja Hospital Road,10.06
2025-08-19 02:00:00+00:00,Ikeja Hospital Road,29.93
2025-08-19 11:00:00+00:00,Ikeja Hospital Road,49.98
2025-08-19 12:00:00+00:00,Ikeja Hospital Road,15.39
2025-08-19 13:00:00+00:00,Ikeja Hospital Road,46.92
2025-08-19 14:00:00+00:00,Ikeja Hospital Road,17.34
2025-08-19 15:00:00+00:00,Ikeja Hospital Road,17.43
2025-08-19 16:00:00+00:00,Ikeja Hospital Road,50.02
2025-08-19 17:00:00+00:00,Ikeja Hospital Road,35.15
2025-08-19 18:00:00+00:00,Ikeja Hospital Road,14.03
2025-08-19 19:00:00+00:00,Ikeja Hospital Road,31.56
2025-08-19 20:00:00+00:00,Ikeja Hospital Road,13.98
2025-08-20 08:00:00+00:00,Ikeja Hospital Road,44.67
2025-08-20 09:00:00+00:00,Ikeja Hospital Road,38.51
2025-08-20 10:00:00+00:00,Ikeja Hospital Road,33.61
2025-08-20 11:00:00+00:00,Ikeja Hospital Road,14.21
2025-08-20 12:00:00+00:00,Ikeja Hospital Road,17.15
2025-08-20 13:00:00+00:00,Ikeja Hospital Road,35.26
2025-08-20 14:00:00+00:00,Ikeja Hospital Road,17.53
2025-08-20 15:00:00+00:00,Ikeja Hospital Road,53.99
2025-08-20 16:00:00+00:00,Ikeja Hospital Road,26.85
2025-08-20 18:00:00+00:00,Ikeja Hospital Road,39.55
2025-08-20 19:00:00+00:00,Ikeja Hospital Road,23.48
2025-08-20 20:00:00+00:00,Ikeja Hospital Road,10.31
2025-08-20 21:00:00+00:00,Ikeja Hospital Road,65.87
2025-08-20 22:00:00+00:00,Ikeja Hospital Road,20.3
2025-08-21 08:00:00+00:00,Ikeja Hospital Road,19.15
2025-08-21 09:00:00+00:00,Ikeja Hospital Road,37.06
2025-08-21 10:00:00+00:00,Ikeja Hospital Road,14.1
2025-08-21 11:00:00+00:00,Ikeja Hospital Road,10.95
2025-08-21 12:00:00+00:00,Ikeja Hospital Road,13.4
2025-08-21 13:00:00+00:00,Ikeja Hospital Road,10.77
2025-08-21 14:00:00+00:00,Ikeja Hospital Road,24.33
2025-08-21 16:00:00+00:00,Ikeja Hospital Road,21.25
2025-08-21 18:00:00+00:00,Ikeja Hospital Road,30.73
2025-08-21 19:00:00+00:00,Ikeja Hospital Road,14.71
2025-08-21 20:00:00+00:00,Ikeja Hospital Road,18.86
2025-08-22 09:00:00+00:00,Ikeja Hospital Road,33.75
2025-08-22 10:00:00+00:00,Ikeja Hospital Road,15.01
2025-08-22 11:00:00+00:00,Ikeja Hospital Road,22.76
2025-08-22 12:00:00+00:00,Ikeja Hospital Road,13.45
2025-08-22 13:00:00+00:00,Ikeja Hospital Road,16.76
2025-08-22 14:00:00+00:00,Ikeja Hospital Road,12.27
2025-08-22 15:00:00+00:00,Ikeja Hospital Road,15.25
2025-08-22 16:00:00+00:00,Ikeja Hospital Road,66.84
2025-08-22 17:00:00+00:00,Ikeja Hospital Road,28.72
2025-08-22 19:00:00+00:00,Ikeja Hospital Road,86.02
2025-08-22 20:00:00+00:00,Ikeja Hospital Road,50.95
2025-08-22 21:00:00+00:00,Ikeja Hospital Road,42.03
2025-08-22 23:00:00+00:00,Ikeja Hospital Road,50.56
2025-08-23 00:00:00+00:00,Ikeja Hospital Road,95.07
2025-08-23 01:00:00+00:00,Ikeja Hospital Road,5.96
2025-08-23 02:00:00+00:00,Ikeja Hospital Road,63.67
2025-08-23 03:00:00+00:00,Ikeja Hospital Road,102.35
2025-08-23 08:00:00+00:00,Ikeja Hospital Road,12.65
2025-08-23 09:00:00+00:00,Ikeja Hospital Road,20.81
2025-08-23 10:00:00+00:00,Ikeja Hospital Road,9.45
2025-08-23 11:00:00+00:00,Ikeja Hospital Road,20.7
2025-08-23 12:00:00+00:00,Ikeja Hospital Road,23.11
2025-08-23 13:00:00+00:00,Ikeja Hospital Road,85.64
2025-08-23 14:00:00+00:00,Ikeja Hospital Road,29.64
2025-08-23 15:00:00+00:00,Ikeja Hospital Road,34.18
2025-08-23 16:00:00+00:00,Ikeja Hospital Road,57.05
2025-08-23 17:00:00+00:00,Ikeja Hospital Road,47.56
2025-08-23 18:00:00+00:00,Ikeja Hospital Road,64.91
2025-08-23 19:00:00+00:00,Ikeja Hospital Road,13.39
2025-08-23 21:00:00+00:00,Ikeja Hospital Road,7.96
2025-08-23 22:00:00+00:00,Ikeja Hospital Road,15.31
2025-08-23 23:00:00+00:00,Ikeja Hospital Road,9.02
2025-08-24 00:00:00+00:00,Ikeja Hospital Road,13.9
2025-08-24 01:00:00+00:00,Ikeja Hospital Road,64.55
2025-08-24 09:00:00+00:00,Ikeja Hospital Road,29.76
2025-08-24 10:00:00+00:00,Ikeja Hospital Road,21.46
2025-08-24 11:00:00+00:00,Ikeja Hospital Road,12.73
2025-08-24 12:00:00+00:00,Ikeja Hospital Road,12.33
2025-08-24 13:00:00+00:00,Ikeja Hospital Road,15.96
2025-08-24 15:00:00+00:00,Ikeja Hospital Road,45.49
2025-08-24 16:00:00+00:00,Ikeja Hospital Road,54.91
2025-08-24 17:00:00+00:00,Ikeja Hospital Road,21.15
2025-08-24 19:00:00+00:00,Ikeja Hospital Road,16.39
2025-08-24 20:00:00+00:00,Ikeja Hospital Road,18.44
2025-08-24 21:00:00+00:00,Ikeja Hospital Road,13.19
2025-08-24 22:00:00+00:00,Ikeja Hospital Road,58.84
2025-08-25 00:00:00+00:00,Ikeja Hospital Road,57.28
2025-08-25 01:00:00+00:00,Ikeja Hospital Road,29.85
2025-08-25 08:00:00+00:00,Ikeja Hospital Road,16.42
2025-08-25 09:00:00+00:00,Ikeja Hospital Road,12.35
2025-08-25 10:00:00+00:00,Ikeja Hospital Road,15.56
2025-08-25 11:00:00+00:00,Ikeja Hospital Road,36.39
2025-08-25 12:00:00+00:00,Ikeja Hospital Road,13.18
2025-08-25 13:00:00+00:00,Ikeja Hospital Road,19.79
2025-08-25 14:00:00+00:00,Ikeja Hospital Road,46.72
2025-08-25 15:00:00+00:00,Ikeja Hospital Road,40.21
2025-08-25 17:00:00+00:00,Ikeja Hospital Road,69.06
2025-08-25 18:00:00+00:00,Ikeja Hospital Road,9.22
2025-08-25 21:00:00+00:00,Ikeja Hospital Road,54.35
2025-08-25 22:00:00+00:00,Ikeja Hospital Road,6.13
2025-08-26 08:00:00+00:00,Ikeja Hospital Road,11.62
2025-08-26 09:00:00+00:00,Ikeja Hospital Road,13.91
2025-08-26 10:00:00+00:00,Ikeja Hospital Road,50.72
2025-08-26 11:00:00+00:00,Ikeja Hospital Road,34.1
2025-08-26 12:00:00+00:00,Ikeja Hospital Road,11.98
2025-08-26 13:00:00+00:00,Ikeja Hospital Road,10.5
2025-08-26 14:00:00+00:00,Ikeja Hospital Road,17.03
2025-08-26 15:00:00+00:00,Ikeja Hospital Road,35.69
2025-08-26 16:00:00+00:00,Ikeja Hospital Road,22.44
2025-08-27 08:00:00+00:00,Ikeja Hospital Road,47.48
2025-08-27 09:00:00+00:00,Ikeja Hospital Road,15.45
2025-08-27 10:00:00+00:00,Ikeja Hospital Road,10.39
2025-08-27 11:00:00+00:00,Ikeja Hospital Road,26.03
2025-08-27 12:00:00+00:00,Ikeja Hospital Road,61.26
2025-08-27 13:00:00+00:00,Ikeja Hospital Road,15.93
2025-08-27 14:00:00+00:00,Ikeja Hospital Road,19.29
2025-08-27 15:00:00+00:00,Ikeja Hospital Road,16.67
2025-08-27 16:00:00+00:00,Ikeja Hospital Road,60.66
2025-08-27 17:00:00+00:00,Ikeja Hospital Road,79.75
2025-08-27 18:00:00+00:00,Ikeja Hospital Road,45.95
2025-08-27 19:00:00+00:00,Ikeja Hospital Road,75.22
2025-08-27 20:00:00+00:00,Ikeja Hospital Road,62.79
2025-08-27 21:00:00+00:00,Ikeja Hospital Road,14.52
2025-08-27 22:00:00+00:00,Ikeja Hospital Road,19.58
2025-08-27 23:00:00+00:00,Ikeja Hospital Road,48.99
2025-08-28 00:00:00+00:00,Ikeja Hospital Road,74.64
2025-08-28 01:00:00+00:00,Ikeja Hospital Road,11.85
2025-08-28 02:00:00+00:00,Ikeja Hospital Road,71.47
2025-08-28 03:00:00+00:00,Ikeja Hospital Road,63.82
2025-08-28 04:00:00+00:00,Ikeja Hospital Road,64.78
2025-08-28 05:00:00+00:00,Ikeja Hospital Road,19.62
2025-08-28 07:00:00+00:00,Ikeja Hospital Road,31.2
2025-08-28 08:00:00+00:00,Ikeja Hospital Road,17.14
2025-08-28 09:00:00+00:00,Ikeja Hospital Road,34.16
2025-08-28 10:00:00+00:00,Ikeja Hospital Road,17.38
2025-08-28 11:00:00+00:00,Ikeja Hospital Road,18.16
2025-08-28 12:00:00+00:00,Ikeja Hospital Road,15.82
2025-08-28 13:00:00+00:00,Ikeja Hospital Road,17.04
2025-08-28 14:00:00+00:00,Ikeja Hospital Road,16.97
2025-08-28 16:00:00+00:00,Ikeja Hospital Road,17.52
2025-08-28 18:00:00+00:00,Ikeja Hospital Road,16.86
2025-08-28 20:00:00+00:00,Ikeja Hospital Road,17.21
2025-08-28 22:00:00+00:00,Ikeja Hospital Road,27.6
2025-08-29 00:00:00+00:00,Ikeja Hospital Road,27.35
2025-08-29 01:00:00+00:00,Ikeja Hospital Road,67.62
2025-08-29 02:00:00+00:00,Ikeja Hospital Road,35.69
2025-08-29 08:00:00+00:00,Ikeja Hospital Road,39.14
2025-08-29 09:00:00+00:00,Ikeja Hospital Road,25.0
2025-08-29 10:00:00+00:00,Ikeja Hospital Road,15.78
2025-08-29 11:00:00+00:00,Ikeja Hospital Road,13.14
2025-08-29 12:00:00+00:00,Ikeja Hospital Road,11.98
2025-08-29 13:00:00+00:00,Ikeja Hospital Road,13.6
2025-08-29 14:00:00+00:00,Ikeja Hospital Road,41.52
2025-08-29 15:00:00+00:00,Ikeja Hospital Road,14.3
2025-08-29 16:00:00+00:00,Ikeja Hospital Road,37.5
2025-08-29 17:00:00+00:00,Ikeja Hospital Road,59.16
2025-08-29 18:00:00+00:00,Ikeja Hospital Road,41.06
2025-08-29 19:00:00+00:00,Ikeja Hospital Road,17.5
2025-08-29 20:00:00+00:00,Ikeja Hospital Road,17.02
2025-08-29 21:00:00+00:00,Ikeja Hospital Road,20.09
2025-08-29 22:00:00+00:00,Ikeja Hospital Road,12.25
2025-08-29 23:00:00+00:00,Ikeja Hospital Road,35.16
2025-08-30 00:00:00+00:00,Ikeja Hospital Road,25.43
2025-08-30 01:00:00+00:00,Ikeja Hospital Road,12.04
2025-08-30 02:00:00+00:00,Ikeja Hospital Road,12.14
2025-08-30 08:00:00+00:00,Ikeja Hospital Road,19.97
2025-08-30 09:00:00+00:00,Ikeja Hospital Road,16.38
2025-08-30 10:00:00+00:00,Ikeja Hospital Road,14.81
2025-08-30 11:00:00+00:00,Ikeja Hospital Road,13.04
2025-08-30 12:00:00+00:00,Ikeja Hospital Road,17.7
2025-08-30 13:00:00+00:00,Ikeja Hospital Road,16.65
2025-08-30 14:00:00+00:00,Ikeja Hospital Road,10.93
2025-08-30 15:00:00+00:00,Ikeja Hospital Road,12.64
2025-08-30 17:00:00+00:00,Ikeja Hospital Road,16.22
2025-08-30 18:00:00+00:00,Ikeja Hospital Road,34.28
2025-08-30 20:00:00+00:00,Ikeja Hospital Road,17.05
2025-08-30 21:00:00+00:00,Ikeja Hospital Road,11.24
2025-08-30 22:00:00+00:00,Ikeja Hospital Road,38.09
2025-08-30 23:00:00+00:00,Ikeja Hospital Road,34.12
2025-08-31 00:00:00+00:00,Ikeja Hospital Road,14.42
2025-08-31 03:00:00+00:00,Ikeja Hospital Road,28.75
2025-08-31 08:00:00+00:00,Ikeja Hospital Road,13.61
2025-08-31 09:00:00+00:00,Ikeja Hospital Road,18.58
2025-08-31 10:00:00+00:00,Ikeja Hospital Road,9.79
2025-08-31 11:00:00+00:00,Ikeja Hospital Road,15.22
2025-08-31 12:00:00+00:00,Ikeja Hospital Road,18.57
2025-08-31 13:00:00+00:00,Ikeja Hospital Road,17.46
2025-08-31 14:00:00+00:00,Ikeja Hospital Road,17.92
2025-08-31 15:00:00+00:00,Ikeja Hospital Road,15.54
2025-08-31 16:00:00+00:00,Ikeja Hospital Road,19.9
2025-08-31 17:00:00+00:00,Ikeja Hospital Road,15.01
2025-08-31 18:00:00+00:00,Ikeja Hospital Road,9.98
2025-08-31 19:00:00+00:00,Ikeja Hospital Road,20.82
2025-08-31 20:00:00+00:00,Ikeja Hospital Road,32.97
2025-08-31 22:00:00+00:00,Ikeja Hospital Road,19.57
2025-08-31 23:00:00+00:00,Ikeja Hospital Road,18.45
2025-08-01 07:00:00+00:00,Mushin,14.81
2025-08-01 08:00:00+00:00,Mushin,10.08
2025-08-01 09:00:00+00:00,Mushin,37.49
2025-08-01 10:00:00+00:00,Mushin,12.88
2025-08-01 11:00:00+00:00,Mushin,14.55
2025-08-01 12:00:00+00:00,Mushin,14.84
2025-08-01 13:00:00+00:00,Mushin,11.42
2025-08-01 14:00:00+00:00,Mushin,15.34
2025-08-01 15:00:00+00:00,Mushin,16.74
2025-08-01 16:00:00+00:00,Mushin,42.76
2025-08-01 18:00:00+00:00,Mushin,24.48
2025-08-01 19:00:00+00:00,Mushin,20.2
2025-08-01 20:00:00+00:00,Mushin,47.65
2025-08-01 21:00:00+00:00,Mushin,15.79
2025-08-01 22:00:00+00:00,Mushin,28.34
2025-08-01 23:00:00+00:00,Mushin,34.94
2025-08-02 00:00:00+00:00,Mushin,60.84
2025-08-02 01:00:00+00:00,Mushin,8.4
2025-08-02 02:00:00+00:00,Mushin,61.59
2025-08-02 03:00:00+00:00,Mushin,12.05
2025-08-02 04:00:00+00:00,Mushin,75.07
2025-08-02 05:00:00+00:00,Mushin,25.6
2025-08-02 08:00:00+00:00,Mushin,45.01
2025-08-02 09:00:00+00:00,Mushin,13.97
2025-08-02 10:00:00+00:00,Mushin,30.41
2025-08-02 11:00:00+00:00,Mushin,24.63
2025-08-02 12:00:00+00:00,Mushin,31.27
2025-08-02 13:00:00+00:00,Mushin,21.95
2025-08-02 14:00:00+00:00,Mushin,18.57
2025-08-02 15:00:00+00:00,Mushin,20.08
2025-08-02 16:00:00+00:00,Mushin,34.75
2025-08-02 17:00:00+00:00,Mushin,20.95
2025-08-02 18:00:00+00:00,Mushin,30.93
2025-08-02 20:00:00+00:00,Mushin,67.55
2025-08-02 23:00:00+00:00,Mushin,13.11
2025-08-03 02:00:00+00:00,Mushin,14.63
2025-08-03 04:00:00+00:00,Mushin,65.59
2025-08-03 05:00:00+00:00,Mushin,10.96
2025-08-03 08:00:00+00:00,Mushin,23.71
2025-08-03 09:00:00+00:00,Mushin,15.12
2025-08-03 10:00:00+00:00,Mushin,15.5
2025-08-03 11:00:00+00:00,Mushin,13.71
2025-08-03 12:00:00+00:00,Mushin,35.21
2025-08-03 13:00:00+00:00,Mushin,18.02
2025-08-03 14:00:00+00:00,Mushin,11.76
2025-08-03 16:00:00+00:00,Mushin,64.54
2025-08-03 17:00:00+00:00,Mushin,39.96
2025-08-03 18:00:00+00:00,Mushin,50.14
2025-08-03 20:00:00+00:00,Mushin,13.6
2025-08-03 21:00:00+00:00,Mushin,67.68
2025-08-03 22:00:00+00:00,Mushin,60.31
2025-08-04 10:00:00+00:00,Mushin,18.6
2025-08-04 11:00:00+00:00,Mushin,16.27
2025-08-04 12:00:00+00:00,Mushin,22.71
2025-08-04 13:00:00+00:00,Mushin,22.51
2025-08-04 14:00:00+00:00,Mushin,47.44
2025-08-04 15:00:00+00:00,Mushin,65.6
2025-08-04 16:00:00+00:00,Mushin,16.82
2025-08-04 17:00:00+00:00,Mushin,19.33
2025-08-05 08:00:00+00:00,Mushin,30.58
2025-08-05 09:00:00+00:00,Mushin,27.09
2025-08-05 10:00:00+00:00,Mushin,15.29
2025-08-05 11:00:00+00:00,Mushin,14.47
2025-08-05 12:00:00+00:00,Mushin,21.81
2025-08-05 13:00:00+00:00,Mushin,16.32
2025-08-05 14:00:00+00:00,Mushin,20.24
2025-08-05 15:00:00+00:00,Mushin,44.93
2025-08-05 16:00:00+00:00,Mushin,36.43
2025-08-05 17:00:00+00:00,Mushin,29.14
2025-08-05 18:00:00+00:00,Mushin,29.54
2025-08-05 19:00:00+00:00,Mushin,26.91
2025-08-05 21:00:00+00:00,Mushin,20.66
2025-08-05 22:00:00+00:00,Mushin,20.66
2025-08-05 23:00:00+00:00,Mushin,26.86
2025-08-06 00:00:00+00:00,Mushin,14.37
2025-08-06 01:00:00+00:00,Mushin,14.23
2025-08-06 02:00:00+00:00,Mushin,14.41
2025-08-06 03:00:00+00:00,Mushin,13.44
2025-08-06 04:00:00+00:00,Mushin,14.33
2025-08-06 08:00:00+00:00,Mushin,19.57
2025-08-06 09:00:00+00:00,Mushin,18.99
2025-08-06 10:00:00+00:00,Mushin,18.97
2025-08-06 11:00:00+00:00,Mushin,19.77
2025-08-06 12:00:00+00:00,Mushin,20.64
2025-08-06 13:00:00+00:00,Mushin,20.37
2025-08-06 14:00:00+00:00,Mushin,16.8
2025-08-06 15:00:00+00:00,Mushin,17.0
2025-08-06 16:00:00+00:00,Mushin,19.71
2025-08-06 17:00:00+00:00,Mushin,19.81
2025-08-06 18:00:00+00:00,Mushin,28.64
2025-08-06 19:00:00+00:00,Mushin,34.07
2025-08-06 20:00:00+00:00,Mushin,31.41
2025-08-06 21:00:00+00:00,Mushin,25.15
2025-08-06 22:00:00+00:00,Mushin,19.41
2025-08-06 23:00:00+00:00,Mushin,19.32
2025-08-07 00:00:00+00:00,Mushin,16.58
2025-08-07 01:00:00+00:00,Mushin,16.97
2025-08-07 02:00:00+00:00,Mushin,47.85
2025-08-07 08:00:00+00:00,Mushin,11.71
2025-08-07 09:00:00+00:00,Mushin,26.81
2025-08-07 10:00:00+00:00,Mushin,25.95
2025-08-07 11:00:00+00:00,Mushin,28.23
2025-08-07 12:00:00+00:00,Mushin,22.2
2025-08-07 13:00:00+00:00,Mushin,12.88
2025-08-07 14:00:00+00:00,Mushin,38.65
2025-08-07 15:00:00+00:00,Mushin,36.6
2025-08-07 18:00:00+00:00,Mushin,19.97
2025-08-07 19:00:00+00:00,Mushin,17.71
2025-08-07 20:00:00+00:00,Mushin,49.52
2025-08-07 21:00:00+00:00,Mushin,18.62
2025-08-07 22:00:00+00:00,Mushin,24.92
2025-08-07 23:00:00+00:00,Mushin,80.7
2025-08-08 00:00:00+00:00,Mushin,38.76
2025-08-08 01:00:00+00:00,Mushin,35.21
2025-08-08 02:00:00+00:00,Mushin,28.61
2025-08-08 03:00:00+00:00,Mushin,47.03
2025-08-08 04:00:00+00:00,Mushin,16.04
2025-08-08 07:00:00+00:00,Mushin,34.4
2025-08-08 08:00:00+00:00,Mushin,44.65
2025-08-08 09:00:00+00:00,Mushin,36.96
2025-08-08 10:00:00+00:00,Mushin,18.52
2025-08-08 17:00:00+00:00,Mushin,74.06
2025-08-08 18:00:00+00:00,Mushin,32.94
2025-08-08 19:00:00+00:00,Mushin,16.67
2025-08-08 20:00:00+00:00,Mushin,44.32
2025-08-08 21:00:00+00:00,Mushin,14.75
2025-08-08 22:00:00+00:00,Mushin,19.54
2025-08-08 23:00:00+00:00,Mushin,30.42
2025-08-09 00:00:00+00:00,Mushin,15.96
2025-08-09 01:00:00+00:00,Mushin,15.71
2025-08-09 02:00:00+00:00,Mushin,25.3
2025-08-09 03:00:00+00:00,Mushin,8.82
2025-08-09 04:00:00+00:00,Mushin,17.51
2025-08-09 09:00:00+00:00,Mushin,25.94
2025-08-09 11:00:00+00:00,Mushin,18.51
2025-08-09 12:00:00+00:00,Mushin,42.34
2025-08-09 14:00:00+00:00,Mushin,29.59
2025-08-09 15:00:00+00:00,Mushin,7.87
2025-08-09 16:00:00+00:00,Mushin,24.26
2025-08-09 18:00:00+00:00,Mushin,58.89
2025-08-09 19:00:00+00:00,Mushin,16.03
2025-08-09 20:00:00+00:00,Mushin,18.13
2025-08-09 21:00:00+00:00,Mushin,64.45
2025-08-09 22:00:00+00:00,Mushin,57.58
2025-08-09 23:00:00+00:00,Mushin,10.45
2025-08-10 00:00:00+00:00,Mushin,44.08
2025-08-10 01:00:00+00:00,Mushin,12.46
2025-08-10 02:00:00+00:00,Mushin,53.42
2025-08-10 03:00:00+00:00,Mushin,43.05
2025-08-10 08:00:00+00:00,Mushin,31.74
2025-08-10 09:00:00+00:00,Mushin,33.52
2025-08-10 10:00:00+00:00,Mushin,25.72
2025-08-10 11:00:00+00:00,Mushin,33.71
2025-08-10 14:00:00+00:00,Mushin,14.88
2025-08-10 15:00:00+00:00,Mushin,26.5
2025-08-10 17:00:00+00:00,Mushin,30.96
2025-08-10 18:00:00+00:00,Mushin,44.87
2025-08-10 19:00:00+00:00,Mushin,66.1
2025-08-10 20:00:00+00:00,Mushin,13.0
2025-08-10 21:00:00+00:00,Mushin,18.91
2025-08-10 22:00:00+00:00,Mushin,17.76
2025-08-10 23:00:00+00:00,Mushin,13.47
2025-08-11 00:00:00+00:00,Mushin,12.33
2025-08-11 01:00:00+00:00,Mushin,53.11
2025-08-11 02:00:00+00:00,Mushin,38.89
2025-08-11 03:00:00+00:00,Mushin,22.17
2025-08-11 05:00:00+00:00,Mushin,17.38
2025-08-11 07:00:00+00:00,Mushin,35.84
2025-08-11 08:00:00+00:00,Mushin,10.1
2025-08-11 09:00:00+00:00,Mushin,7.8
2025-08-11 10:00:00+00:00,Mushin,38.48
2025-08-11 11:00:00+00:00,Mushin,45.69
2025-08-11 12:00:00+00:00,Mushin,28.91
2025-08-11 13:00:00+00:00,Mushin,20.14
2025-08-11 14:00:00+00:00,Mushin,21.08
2025-08-11 15:00:00+00:00,Mushin,27.54
2025-08-11 16:00:00+00:00,Mushin,14.55
2025-08-11 17:00:00+00:00,Mushin,13.31
2025-08-11 18:00:00+00:00,Mushin,23.24
2025-08-11 19:00:00+00:00,Mushin,62.95
2025-08-11 20:00:00+00:00,Mushin,34.44
2025-08-11 21:00:00+00:00,Mushin,20.94
2025-08-11 22:00:00+00:00,Mushin,25.89
2025-08-11 23:00:00+00:00,Mushin,59.85
2025-08-12 00:00:00+00:00,Mushin,14.71
2025-08-12 01:00:00+00:00,Mushin,12.06
2025-08-12 02:00:00+00:00,Mushin,6.06
2025-08-12 03:00:00+00:00,Mushin,18.21
2025-08-12 04:00:00+00:00,Mushin,33.24
2025-08-12 05:00:00+00:00,Mushin,53.28
2025-08-12 07:00:00+00:00,Mushin,69.9
2025-08-12 08:00:00+00:00,Mushin,38.85
2025-08-12 09:00:00+00:00,Mushin,31.73
2025-08-12 10:00:00+00:00,Mushin,16.52
2025-08-12 11:00:00+00:00,Mushin,12.89
2025-08-12 12:00:00+00:00,Mushin,30.29
2025-08-12 13:00:00+00:00,Mushin,18.72
2025-08-12 15:00:00+00:00,Mushin,14.46
2025-08-12 16:00:00+00:00,Mushin,20.58
2025-08-12 17:00:00+00:00,Mushin,40.71
2025-08-12 18:00:00+00:00,Mushin,52.35
2025-08-12 19:00:00+00:00,Mushin,48.02
2025-08-12 21:00:00+00:00,Mushin,15.24
2025-08-12 23:00:00+00:00,Mushin,14.96
2025-08-13 00:00:00+00:00,Mushin,36.51
2025-08-13 01:00:00+00:00,Mushin,36.72
2025-08-13 02:00:00+00:00,Mushin,15.22
2025-08-13 04:00:00+00:00,Mushin,10.8
2025-08-13 09:00:00+00:00,Mushin,18.62
2025-08-13 10:00:00+00:00,Mushin,11.77
2025-08-13 11:00:00+00:00,Mushin,17.68
2025-08-13 12:00:00+00:00,Mushin,17.37
2025-08-13 13:00:00+00:00,Mushin,14.6
2025-08-13 14:00:00+00:00,Mushin,18.7
2025-08-13 15:00:00+00:00,Mushin,10.36
2025-08-13 16:00:00+00:00,Mushin,26.86
2025-08-13 17:00:00+00:00,Mushin,44.69
2025-08-13 19:00:00+00:00,Mushin,11.62
2025-08-13 20:00:00+00:00,Mushin,8.42
2025-08-13 21:00:00+00:00,Mushin,17.84
2025-08-13 22:00:00+00:00,Mushin,11.74
2025-08-13 23:00:00+00:00,Mushin,9.49
2025-08-14 00:00:00+00:00,Mushin,15.69
2025-08-14 01:00:00+00:00,Mushin,25.42
2025-08-14 02:00:00+00:00,Mushin,20.68
2025-08-14 04:00:00+00:00,Mushin,29.56
2025-08-14 07:00:00+00:00,Mushin,37.0
2025-08-14 08:00:00+00:00,Mushin,16.03
2025-08-14 09:00:00+00:00,Mushin,14.83
2025-08-14 10:00:00+00:00,Mushin,24.32
2025-08-14 11:00:00+00:00,Mushin,19.79
2025-08-14 12:00:00+00:00,Mushin,18.65
2025-08-14 13:00:00+00:00,Mushin,22.55
2025-08-14 14:00:00+00:00,Mushin,29.59
2025-08-14 15:00:00+00:00,Mushin,31.16
2025-08-14 16:00:00+00:00,Mushin,12.39
2025-08-14 18:00:00+00:00,Mushin,9.26
2025-08-14 19:00:00+00:00,Mushin,12.13
2025-08-14 20:00:00+00:00,Mushin,12.0
2025-08-14 21:00:00+00:00,Mushin,13.26
2025-08-14 22:00:00+00:00,Mushin,7.75
2025-08-14 23:00:00+00:00,Mushin,23.34
2025-08-15 00:00:00+00:00,Mushin,11.37
2025-08-15 01:00:00+00:00,Mushin,16.51
2025-08-15 02:00:00+00:00,Mushin,6.97
2025-08-15 03:00:00+00:00,Mushin,14.09
2025-08-15 04:00:00+00:00,Mushin,24.43
2025-08-15 07:00:00+00:00,Mushin,31.14
2025-08-15 08:00:00+00:00,Mushin,14.25
2025-08-15 09:00:00+00:00,Mushin,21.13
2025-08-15 10:00:00+00:00,Mushin,13.71
2025-08-15 11:00:00+00:00,Mushin,12.33
2025-08-15 17:00:00+00:00,Mushin,17.26
2025-08-15 18:00:00+00:00,Mushin,29.89
2025-08-15 19:00:00+00:00,Mushin,7.75
2025-08-15 20:00:00+00:00,Mushin,20.2
2025-08-15 22:00:00+00:00,Mushin,16.38
2025-08-15 23:00:00+00:00,Mushin,15.8
2025-08-16 00:00:00+00:00,Mushin,36.22
2025-08-16 01:00:00+00:00,Mushin,10.38
2025-08-16 02:00:00+00:00,Mushin,22.39
2025-08-16 03:00:00+00:00,Mushin,6.72
2025-08-16 08:00:00+00:00,Mushin,17.42
2025-08-16 09:00:00+00:00,Mushin,12.85
2025-08-16 10:00:00+00:00,Mushin,17.16
2025-08-16 11:00:00+00:00,Mushin,29.66
2025-08-16 12:00:00+00:00,Mushin,16.6
2025-08-16 13:00:00+00:00,Mushin,39.9
2025-08-16 14:00:00+00:00,Mushin,20.81
2025-08-16 15:00:00+00:00,Mushin,23.82
2025-08-16 16:00:00+00:00,Mushin,23.19
2025-08-16 17:00:00+00:00,Mushin,18.18
2025-08-16 18:00:00+00:00,Mushin,9.01
2025-08-16 20:00:00+00:00,Mushin,42.45
2025-08-16 21:00:00+00:00,Mushin,12.05
2025-08-16 22:00:00+00:00,Mushin,14.63
2025-08-16 23:00:00+00:00,Mushin,26.12
2025-08-17 00:00:00+00:00,Mushin,28.79
2025-08-17 01:00:00+00:00,Mushin,6.84
2025-08-17 02:00:00+00:00,Mushin,45.38
2025-08-17 03:00:00+00:00,Mushin,17.19
2025-08-17 08:00:00+00:00,Mushin,13.79
2025-08-17 09:00:00+00:00,Mushin,20.63
2025-08-17 10:00:00+00:00,Mushin,11.68
2025-08-17 11:00:00+00:00,Mushin,18.89
2025-08-17 12:00:00+00:00,Mushin,25.26
2025-08-17 13:00:00+00:00,Mushin,17.16
2025-08-17 14:00:00+00:00,Mushin,9.73
2025-08-17 15:00:00+00:00,Mushin,21.04
2025-08-17 16:00:00+00:00,Mushin,15.61
2025-08-17 17:00:00+00:00,Mushin,10.39
2025-08-17 18:00:00+00:00,Mushin,28.42
2025-08-17 19:00:00+00:00,Mushin,32.54
2025-08-17 20:00:00+00:00,Mushin,14.14
2025-08-17 21:00:00+00:00,Mushin,29.74
2025-08-17 22:00:00+00:00,Mushin,27.86
2025-08-17 23:00:00+00:00,Mushin,19.18
2025-08-18 00:00:00+00:00,Mushin,12.78
2025-08-18 01:00:00+00:00,Mushin,14.09
2025-08-18 02:00:00+00:00,Mushin,20.09
2025-08-18 03:00:00+00:00,Mushin,33.12
2025-08-18 04:00:00+00:00,Mushin,34.61
2025-08-18 08:00:00+00:00,Mushin,19.8
2025-08-18 09:00:00+00:00,Mushin,16.79
2025-08-18 10:00:00+00:00,Mushin,36.25
2025-08-18 11:00:00+00:00,Mushin,22.32
2025-08-18 12:00:00+00:00,Mushin,18.19
2025-08-18 13:00:00+00:00,Mushin,30.77
2025-08-18 14:00:00+00:00,Mushin,11.35
2025-08-18 15:00:00+00:00,Mushin,61.22
2025-08-18 16:00:00+00:00,Mushin,35.45
2025-08-18 17:00:00+00:00,Mushin,54.36
2025-08-18 18:00:00+00:00,Mushin,40.29
2025-08-18 19:00:00+00:00,Mushin,15.51
2025-08-18 20:00:00+00:00,Mushin,18.48
2025-08-18 21:00:00+00:00,Mushin,21.23
2025-08-18 22:00:00+00:00,Mushin,8.91
2025-08-18 23:00:00+00:00,Mushin,13.07
2025-08-19 00:00:00+00:00,Mushin,31.02
2025-08-19 01:00:00+00:00,Mushin,33.43
2025-08-19 02:00:00+00:00,Mushin,16.73
2025-08-19 03:00:00+00:00,Mushin,31.75
2025-08-19 04:00:00+00:00,Mushin,27.06
2025-08-19 09:00:00+00:00,Mushin,17.36
2025-08-19 10:00:00+00:00,Mushin,43.07
2025-08-19 11:00:00+00:00,Mushin,19.2
2025-08-19 12:00:00+00:00,Mushin,12.48
2025-08-19 13:00:00+00:00,Mushin,63.97
2025-08-19 14:00:00+00:00,Mushin,15.91
2025-08-19 15:00:00+00:00,Mushin,14.02
2025-08-19 16:00:00+00:00,Mushin,68.33
2025-08-19 17:00:00+00:00,Mushin,22.74
2025-08-19 18:00:00+00:00,Mushin,20.9
2025-08-19 19:00:00+00:00,Mushin,34.91
2025-08-19 20:00:00+00:00,Mushin,56.27
2025-08-19 23:00:00+00:00,Mushin,21.71
2025-08-20 00:00:00+00:00,Mushin,8.28
2025-08-20 01:00:00+00:00,Mushin,55.11
2025-08-20 02:00:00+00:00,Mushin,15.14
2025-08-20 04:00:00+00:00,Mushin,35.83
2025-08-20 07:00:00+00:00,Mushin,10.67
2025-08-20 08:00:00+00:00,Mushin,12.76
2025-08-20 09:00:00+00:00,Mushin,23.69
2025-08-20 10:00:00+00:00,Mushin,12.29
2025-08-20 11:00:00+00:00,Mushin,61.71
2025-08-20 12:00:00+00:00,Mushin,36.2
2025-08-20 13:00:00+00:00,Mushin,17.89
2025-08-20 14:00:00+00:00,Mushin,15.96
2025-08-20 16:00:00+00:00,Mushin,61.7
2025-08-20 17:00:00+00:00,Mushin,27.56
2025-08-20 18:00:00+00:00,Mushin,24.28
2025-08-20 20:00:00+00:00,Mushin,12.25
2025-08-20 21:00:00+00:00,Mushin,8.47
2025-08-20 22:00:00+00:00,Mushin,22.84
2025-08-20 23:00:00+00:00,Mushin,19.35
2025-08-21 00:00:00+00:00,Mushin,14.22
2025-08-21 01:00:00+00:00,Mushin,27.49
2025-08-21 02:00:00+00:00,Mushin,8.11
2025-08-21 04:00:00+00:00,Mushin,21.81
2025-08-21 08:00:00+00:00,Mushin,49.13
2025-08-21 09:00:00+00:00,Mushin,57.31
2025-08-21 10:00:00+00:00,Mushin,12.5
2025-08-21 11:00:00+00:00,Mushin,13.19
2025-08-21 12:00:00+00:00,Mushin,46.71
2025-08-21 13:00:00+00:00,Mushin,60.42
2025-08-21 14:00:00+00:00,Mushin,98.49
2025-08-21 16:00:00+00:00,Mushin,79.14
2025-08-21 17:00:00+00:00,Mushin,105.85
2025-08-21 18:00:00+00:00,Mushin,95.53
2025-08-21 19:00:00+00:00,Mushin,36.16
2025-08-21 20:00:00+00:00,Mushin,8.64
2025-08-21 21:00:00+00:00,Mushin,66.54
2025-08-21 22:00:00+00:00,Mushin,54.82
2025-08-21 23:00:00+00:00,Mushin,69.78
2025-08-22 00:00:00+00:00,Mushin,15.34
2025-08-22 02:00:00+00:00,Mushin,11.04
2025-08-22 07:00:00+00:00,Mushin,11.48
2025-08-22 08:00:00+00:00,Mushin,18.94
2025-08-22 09:00:00+00:00,Mushin,12.82
2025-08-22 10:00:00+00:00,Mushin,15.18
2025-08-22 11:00:00+00:00,Mushin,16.7
2025-08-22 12:00:00+00:00,Mushin,17.72
2025-08-22 13:00:00+00:00,Mushin,29.21
2025-08-22 14:00:00+00:00,Mushin,15.48
2025-08-22 15:00:00+00:00,Mushin,16.63
2025-08-22 16:00:00+00:00,Mushin,17.81
2025-08-22 17:00:00+00:00,Mushin,24.52
2025-08-22 18:00:00+00:00,Mushin,9.27
2025-08-22 20:00:00+00:00,Mushin,24.88
2025-08-23 02:00:00+00:00,Mushin,61.63
2025-08-23 03:00:00+00:00,Mushin,6.66
2025-08-23 04:00:00+00:00,Mushin,66.35
2025-08-23 08:00:00+00:00,Mushin,13.45
2025-08-23 09:00:00+00:00,Mushin,57.39
2025-08-23 10:00:00+00:00,Mushin,15.91
2025-08-23 11:00:00+00:00,Mushin,11.77
2025-08-23 12:00:00+00:00,Mushin,15.78
2025-08-23 13:00:00+00:00,Mushin,35.0
2025-08-23 14:00:00+00:00,Mushin,21.08
2025-08-23 15:00:00+00:00,Mushin,15.19
2025-08-23 16:00:00+00:00,Mushin,40.47
2025-08-23 17:00:00+00:00,Mushin,46.02
2025-08-23 18:00:00+00:00,Mushin,69.96
2025-08-23 19:00:00+00:00,Mushin,14.56
2025-08-23 20:00:00+00:00,Mushin,49.86
2025-08-23 21:00:00+00:00,Mushin,68.73
2025-08-23 22:00:00+00:00,Mushin,20.05
2025-08-23 23:00:00+00:00,Mushin,36.14
2025-08-24 00:00:00+00:00,Mushin,37.34
2025-08-24 01:00:00+00:00,Mushin,37.14
2025-08-24 02:00:00+00:00,Mushin,7.38
2025-08-24 03:00:00+00:00,Mushin,26.5
2025-08-24 04:00:00+00:00,Mushin,31.08
2025-08-24 07:00:00+00:00,Mushin,14.2
2025-08-24 08:00:00+00:00,Mushin,53.72
2025-08-24 09:00:00+00:00,Mushin,11.85
2025-08-24 10:00:00+00:00,Mushin,27.81
2025-08-24 11:00:00+00:00,Mushin,33.34
2025-08-24 12:00:00+00:00,Mushin,22.63
2025-08-24 13:00:00+00:00,Mushin,16.03
2025-08-24 14:00:00+00:00,Mushin,45.8
2025-08-24 15:00:00+00:00,Mushin,24.9
2025-08-24 16:00:00+00:00,Mushin,11.36
2025-08-24 19:00:00+00:00,Mushin,7.03
2025-08-24 20:00:00+00:00,Mushin,43.09
2025-08-24 21:00:00+00:00,Mushin,10.64
2025-08-24 23:00:00+00:00,Mushin,30.13
2025-08-25 00:00:00+00:00,Mushin,35.06
2025-08-25 01:00:00+00:00,Mushin,12.03
2025-08-25 02:00:00+00:00,Mushin,12.95
2025-08-25 03:00:00+00:00,Mushin,12.53
2025-08-25 04:00:00+00:00,Mushin,14.55
2025-08-25 07:00:00+00:00,Mushin,11.67
2025-08-25 09:00:00+00:00,Mushin,32.25
2025-08-25 10:00:00+00:00,Mushin,15.72
2025-08-25 11:00:00+00:00,Mushin,18.87
2025-08-25 12:00:00+00:00,Mushin,17.73
2025-08-25 13:00:00+00:00,Mushin,23.8
2025-08-25 14:00:00+00:00,Mushin,38.03
2025-08-25 16:00:00+00:00,Mushin,9.1
2025-08-25 18:00:00+00:00,Mushin,20.85
2025-08-25 19:00:00+00:00,Mushin,14.37
2025-08-25 20:00:00+00:00,Mushin,16.95
2025-08-25 21:00:00+00:00,Mushin,15.55
2025-08-26 01:00:00+00:00,Mushin,37.18
2025-08-26 02:00:00+00:00,Mushin,12.71
2025-08-26 03:00:00+00:00,Mushin,23.31
2025-08-26 04:00:00+00:00,Mushin,32.7
2025-08-26 07:00:00+00:00,Mushin,32.92
2025-08-26 08:00:00+00:00,Mushin,18.8
2025-08-26 09:00:00+00:00,Mushin,14.35
2025-08-26 10:00:00+00:00,Mushin,21.11
2025-08-26 11:00:00+00:00,Mushin,14.94
2025-08-26 12:00:00+00:00,Mushin,26.21
2025-08-26 13:00:00+00:00,Mushin,46.92
2025-08-26 14:00:00+00:00,Mushin,54.55
2025-08-26 15:00:00+00:00,Mushin,20.69
2025-08-26 16:00:00+00:00,Mushin,36.37
2025-08-26 17:00:00+00:00,Mushin,30.66
2025-08-26 18:00:00+00:00,Mushin,14.01
2025-08-26 19:00:00+00:00,Mushin,16.94
2025-08-26 20:00:00+00:00,Mushin,43.49
2025-08-26 21:00:00+00:00,Mushin,17.59
2025-08-26 22:00:00+00:00,Mushin,16.94
2025-08-26 23:00:00+00:00,Mushin,19.78
2025-08-27 00:00:00+00:00,Mushin,24.73
2025-08-27 09:00:00+00:00,Mushin,19.64
2025-08-27 10:00:00+00:00,Mushin,14.0
2025-08-27 17:00:00+00:00,Mushin,49.31
2025-08-27 20:00:00+00:00,Mushin,15.53
2025-08-27 22:00:00+00:00,Mushin,7.95
2025-08-27 23:00:00+00:00,Mushin,28.07
2025-08-28 01:00:00+00:00,Mushin,20.32
2025-08-28 02:00:00+00:00,Mushin,57.3
2025-08-28 03:00:00+00:00,Mushin,66.93
2025-08-28 04:00:00+00:00,Mushin,10.96
2025-08-28 07:00:00+00:00,Mushin,26.04
2025-08-28 08:00:00+00:00,Mushin,15.85
2025-08-28 09:00:00+00:00,Mushin,32.7
2025-08-28 10:00:00+00:00,Mushin,14.93
2025-08-28 11:00:00+00:00,Mushin,11.81
2025-08-28 12:00:00+00:00,Mushin,16.56
2025-08-28 13:00:00+00:00,Mushin,32.3
2025-08-28 14:00:00+00:00,Mushin,17.4
2025-08-28 15:00:00+00:00,Mushin,42.37
2025-08-28 16:00:00+00:00,Mushin,20.84
2025-08-28 18:00:00+00:00,Mushin,25.19
2025-08-28 19:00:00+00:00,Mushin,18.7
2025-08-28 20:00:00+00:00,Mushin,53.86
2025-08-28 21:00:00+00:00,Mushin,74.96
2025-08-28 22:00:00+00:00,Mushin,62.83
2025-08-28 23:00:00+00:00,Mushin,83.22
2025-08-29 00:00:00+00:00,Mushin,14.8
2025-08-29 03:00:00+00:00,Mushin,37.1
2025-08-29 04:00:00+00:00,Mushin,15.96
2025-08-29 07:00:00+00:00,Mushin,20.12
2025-08-29 08:00:00+00:00,Mushin,30.31
2025-08-29 09:00:00+00:00,Mushin,23.14
2025-08-29 10:00:00+00:00,Mushin,10.24
2025-08-29 11:00:00+00:00,Mushin,14.04
2025-08-29 12:00:00+00:00,Mushin,18.35
2025-08-29 13:00:00+00:00,Mushin,13.73
2025-08-29 14:00:00+00:00,Mushin,13.44
2025-08-29 15:00:00+00:00,Mushin,10.31
2025-08-29 16:00:00+00:00,Mushin,17.36
2025-08-29 17:00:00+00:00,Mushin,17.83
2025-08-29 21:00:00+00:00,Mushin,15.23
2025-08-29 23:00:00+00:00,Mushin,21.08
2025-08-30 00:00:00+00:00,Mushin,11.4
2025-08-30 02:00:00+00:00,Mushin,20.74
2025-08-30 08:00:00+00:00,Mushin,11.15
2025-08-30 09:00:00+00:00,Mushin,22.81
2025-08-30 10:00:00+00:00,Mushin,21.71
2025-08-30 11:00:00+00:00,Mushin,15.41
2025-08-30 12:00:00+00:00,Mushin,13.33
2025-08-30 13:00:00+00:00,Mushin,16.85
2025-08-30 14:00:00+00:00,Mushin,12.56
2025-08-30 15:00:00+00:00,Mushin,22.29
2025-08-30 16:00:00+00:00,Mushin,13.59
2025-08-30 17:00:00+00:00,Mushin,11.0
2025-08-30 19:00:00+00:00,Mushin,14.75
2025-08-30 23:00:00+00:00,Mushin,11.18
2025-08-31 00:00:00+00:00,Mushin,12.0
2025-08-31 01:00:00+00:00,Mushin,43.04
2025-08-31 02:00:00+00:00,Mushin,11.02
2025-08-31 04:00:00+00:00,Mushin,11.53
2025-08-31 08:00:00+00:00,Mushin,19.69
2025-08-31 09:00:00+00:00,Mushin,8.67
2025-08-31 10:00:00+00:00,Mushin,27.84
2025-08-31 11:00:00+00:00,Mushin,17.69
2025-08-31 12:00:00+00:00,Mushin,17.67
2025-08-31 13:00:00+00:00,Mushin,11.03
2025-08-31 14:00:00+00:00,Mushin,15.56
2025-08-31 15:00:00+00:00,Mushin,28.62
2025-08-31 16:00:00+00:00,Mushin,22.35
2025-08-31 17:00:00+00:00,Mushin,20.59
2025-08-31 18:00:00+00:00,Mushin,13.03
2025-08-31 19:00:00+00:00,Mushin,34.29
2025-08-31 20:00:00+00:00,Mushin,12.39
2025-08-31 22:00:00+00:00,Mushin,15.57
2025-08-31 23:00:00+00:00,Mushin,13.05
2025-08-12 14:00:00+00:00,Oshodi Bus Terminal,34.93
2025-08-12 15:00:00+00:00,Oshodi Bus Terminal,35.45
2025-08-12 16:00:00+00:00,Oshodi Bus Terminal,34.5
2025-08-12 17:00:00+00:00,Oshodi Bus Terminal,36.97
2025-08-12 18:00:00+00:00,Oshodi Bus Terminal,35.76
2025-08-12 19:00:00+00:00,Oshodi Bus Terminal,37.02
2025-08-12 20:00:00+00:00,Oshodi Bus Terminal,37.63
2025-08-12 21:00:00+00:00,Oshodi Bus Terminal,40.25
2025-08-12 22:00:00+00:00,Oshodi Bus Terminal,40.81
2025-08-12 23:00:00+00:00,Oshodi Bus Terminal,42.47
2025-08-13 00:00:00+00:00,Oshodi Bus Terminal,26.66
2025-08-13 01:00:00+00:00,Oshodi Bus Terminal,20.13
2025-08-13 02:00:00+00:00,Oshodi Bus Terminal,23.97
2025-08-13 03:00:00+00:00,Oshodi Bus Terminal,25.78
2025-08-13 04:00:00+00:00,Oshodi Bus Terminal,17.61
2025-08-13 05:00:00+00:00,Oshodi Bus Terminal,44.8
2025-08-13 06:00:00+00:00,Oshodi Bus Terminal,56.47
2025-08-13 08:00:00+00:00,Oshodi Bus Terminal,56.84
2025-08-13 09:00:00+00:00,Oshodi Bus Terminal,31.19
2025-08-13 10:00:00+00:00,Oshodi Bus Terminal,33.55
2025-08-13 11:00:00+00:00,Oshodi Bus Terminal,32.48
2025-08-13 12:00:00+00:00,Oshodi Bus Terminal,38.78
2025-08-13 13:00:00+00:00,Oshodi Bus Terminal,29.85
2025-08-13 14:00:00+00:00,Oshodi Bus Terminal,31.82
2025-08-13 15:00:00+00:00,Oshodi Bus Terminal,24.72
2025-08-13 16:00:00+00:00,Oshodi Bus Terminal,26.67
2025-08-13 17:00:00+00:00,Oshodi Bus Terminal,30.31
2025-08-13 18:00:00+00:00,Oshodi Bus Terminal,42.55
2025-08-13 19:00:00+00:00,Oshodi Bus Terminal,37.02
2025-08-13 20:00:00+00:00,Oshodi Bus Terminal,34.02
2025-08-13 21:00:00+00:00,Oshodi Bus Terminal,44.92
2025-08-13 22:00:00+00:00,Oshodi Bus Terminal,41.5
2025-08-13 23:00:00+00:00,Oshodi Bus Terminal,30.99
2025-08-14 00:00:00+00:00,Oshodi Bus Terminal,31.8
2025-08-14 01:00:00+00:00,Oshodi Bus Terminal,25.35
2025-08-14 02:00:00+00:00,Oshodi Bus Terminal,37.15
2025-08-14 03:00:00+00:00,Oshodi Bus Terminal,28.65
2025-08-14 04:00:00+00:00,Oshodi Bus Terminal,28.58
2025-08-14 05:00:00+00:00,Oshodi Bus Terminal,22.67
2025-08-14 06:00:00+00:00,Oshodi Bus Terminal,27.0
2025-08-14 07:00:00+00:00,Oshodi Bus Terminal,33.5
2025-08-14 08:00:00+00:00,Oshodi Bus Terminal,21.53
2025-08-14 09:00:00+00:00,Oshodi Bus Terminal,37.9
2025-08-14 11:00:00+00:00,Oshodi Bus Terminal,38.25
2025-08-14 12:00:00+00:00,Oshodi Bus Terminal,35.58
2025-08-14 13:00:00+00:00,Oshodi Bus Terminal,31.24
2025-08-14 14:00:00+00:00,Oshodi Bus Terminal,33.06
2025-08-14 15:00:00+00:00,Oshodi Bus Terminal,39.98
2025-08-14 16:00:00+00:00,Oshodi Bus Terminal,34.1
2025-08-14 17:00:00+00:00,Oshodi Bus Terminal,31.51
2025-08-14 18:00:00+00:00,Oshodi Bus Terminal,32.4
2025-08-14 19:00:00+00:00,Oshodi Bus Terminal,39.62
2025-08-14 20:00:00+00:00,Oshodi Bus Terminal,41.84
2025-08-14 21:00:00+00:00,Oshodi Bus Terminal,31.64
2025-08-14 22:00:00+00:00,Oshodi Bus Terminal,36.96
2025-08-14 23:00:00+00:00,Oshodi Bus Terminal,25.58
2025-08-15 00:00:00+00:00,Oshodi Bus Terminal,55.9
2025-08-15 01:00:00+00:00,Oshodi Bus Terminal,6.07
2025-08-15 02:00:00+00:00,Oshodi Bus Terminal,12.28
2025-08-15 03:00:00+00:00,Oshodi Bus Terminal,11.06
2025-08-15 04:00:00+00:00,Oshodi Bus Terminal,19.77
2025-08-15 05:00:00+00:00,Oshodi Bus Terminal,27.8
2025-08-15 06:00:00+00:00,Oshodi Bus Terminal,23.52
2025-08-15 07:00:00+00:00,Oshodi Bus Terminal,24.96
2025-08-15 08:00:00+00:00,Oshodi Bus Terminal,30.05
2025-08-15 09:00:00+00:00,Oshodi Bus Terminal,23.92
2025-08-15 10:00:00+00:00,Oshodi Bus Terminal,24.29
2025-08-15 11:00:00+00:00,Oshodi Bus Terminal,23.2
2025-08-15 12:00:00+00:00,Oshodi Bus Terminal,36.7
2025-08-15 13:00:00+00:00,Oshodi Bus Terminal,31.41
2025-08-15 14:00:00+00:00,Oshodi Bus Terminal,37.6
2025-08-15 15:00:00+00:00,Oshodi Bus Terminal,38.38
2025-08-15 16:00:00+00:00,Oshodi Bus Terminal,39.3
2025-08-15 17:00:00+00:00,Oshodi Bus Terminal,39.44
2025-08-15 18:00:00+00:00,Oshodi Bus Terminal,44.44
2025-08-15 19:00:00+00:00,Oshodi Bus Terminal,43.25
2025-08-15 20:00:00+00:00,Oshodi Bus Terminal,45.65
2025-08-15 21:00:00+00:00,Oshodi Bus Terminal,41.96
2025-08-15 22:00:00+00:00,Oshodi Bus Terminal,43.46
2025-08-15 23:00:00+00:00,Oshodi Bus Terminal,31.2
2025-08-16 00:00:00+00:00,Oshodi Bus Terminal,22.04
2025-08-16 01:00:00+00:00,Oshodi Bus Terminal,25.55
2025-08-16 02:00:00+00:00,Oshodi Bus Terminal,12.05
2025-08-16 03:00:00+00:00,Oshodi Bus Terminal,18.03
2025-08-16 04:00:00+00:00,Oshodi Bus Terminal,29.1
2025-08-16 05:00:00+00:00,Oshodi Bus Terminal,38.99
2025-08-16 06:00:00+00:00,Oshodi Bus Terminal,27.54
2025-08-16 07:00:00+00:00,Oshodi Bus Terminal,43.18
2025-08-16 08:00:00+00:00,Oshodi Bus Terminal,41.49
2025-08-16 09:00:00+00:00,Oshodi Bus Terminal,35.9
2025-08-16 10:00:00+00:00,Oshodi Bus Terminal,30.51
2025-08-16 11:00:00+00:00,Oshodi Bus Terminal,40.88
2025-08-16 12:00:00+00:00,Oshodi Bus Terminal,30.75
2025-08-16 13:00:00+00:00,Oshodi Bus Terminal,47.01
2025-08-16 14:00:00+00:00,Oshodi Bus Terminal,38.43
2025-08-16 15:00:00+00:00,Oshodi Bus Terminal,36.12
2025-08-16 16:00:00+00:00,Oshodi Bus Terminal,33.93
2025-08-16 17:00:00+00:00,Oshodi Bus Terminal,42.34
2025-08-16 18:00:00+00:00,Oshodi Bus Terminal,38.67
2025-08-16 19:00:00+00:00,Oshodi Bus Terminal,39.71
2025-08-16 20:00:00+00:00,Oshodi Bus Terminal,39.08
2025-08-16 21:00:00+00:00,Oshodi Bus Terminal,41.95
2025-08-16 22:00:00+00:00,Oshodi Bus Terminal,34.34
2025-08-16 23:00:00+00:00,Oshodi Bus Terminal,35.51
2025-08-17 00:00:00+00:00,Oshodi Bus Terminal,40.78
2025-08-17 02:00:00+00:00,Oshodi Bus Terminal,42.14
2025-08-17 03:00:00+00:00,Oshodi Bus Terminal,22.78
2025-08-17 04:00:00+00:00,Oshodi Bus Terminal,21.16
2025-08-17 05:00:00+00:00,Oshodi Bus Terminal,29.8
2025-08-17 06:00:00+00:00,Oshodi Bus Terminal,32.39
2025-08-17 07:00:00+00:00,Oshodi Bus Terminal,39.8
2025-08-17 08:00:00+00:00,Oshodi Bus Terminal,40.42
2025-08-17 09:00:00+00:00,Oshodi Bus Terminal,31.65
2025-08-17 10:00:00+00:00,Oshodi Bus Terminal,33.97
2025-08-17 11:00:00+00:00,Oshodi Bus Terminal,24.24
2025-08-17 12:00:00+00:00,Oshodi Bus Terminal,23.46
2025-08-17 13:00:00+00:00,Oshodi Bus Terminal,21.71
2025-08-17 14:00:00+00:00,Oshodi Bus Terminal,21.54
2025-08-17 15:00:00+00:00,Oshodi Bus Terminal,21.36
2025-08-17 16:00:00+00:00,Oshodi Bus Terminal,22.28
2025-08-17 17:00:00+00:00,Oshodi Bus Terminal,28.95
2025-08-17 18:00:00+00:00,Oshodi Bus Terminal,28.46
2025-08-17 19:00:00+00:00,Oshodi Bus Terminal,34.28
2025-08-17 20:00:00+00:00,Oshodi Bus Terminal,35.63
2025-08-17 21:00:00+00:00,Oshodi Bus Terminal,30.42
2025-08-17 22:00:00+00:00,Oshodi Bus Terminal,25.85
2025-08-17 23:00:00+00:00,Oshodi Bus Terminal,27.04
2025-08-18 00:00:00+00:00,Oshodi Bus Terminal,22.23
2025-08-18 01:00:00+00:00,Oshodi Bus Terminal,29.37
2025-08-18 02:00:00+00:00,Oshodi Bus Terminal,27.01
2025-08-18 03:00:00+00:00,Oshodi Bus Terminal,29.63
2025-08-18 04:00:00+00:00,Oshodi Bus Terminal,23.92
2025-08-18 05:00:00+00:00,Oshodi Bus Terminal,33.5
2025-08-18 06:00:00+00:00,Oshodi Bus Terminal,34.49
2025-08-18 07:00:00+00:00,Oshodi Bus Terminal,47.5
2025-08-18 08:00:00+00:00,Oshodi Bus Terminal,45.77
2025-08-18 09:00:00+00:00,Oshodi Bus Terminal,43.75
2025-08-18 10:00:00+00:00,Oshodi Bus Terminal,34.82
2025-08-18 11:00:00+00:00,Oshodi Bus Terminal,38.49
2025-08-18 12:00:00+00:00,Oshodi Bus Terminal,43.42
2025-08-18 13:00:00+00:00,Oshodi Bus Terminal,34.48
2025-08-18 14:00:00+00:00,Oshodi Bus Terminal,37.79
2025-08-18 15:00:00+00:00,Oshodi Bus Terminal,30.0
2025-08-18 16:00:00+00:00,Oshodi Bus Terminal,35.14
2025-08-18 17:00:00+00:00,Oshodi Bus Terminal,40.58
2025-08-18 18:00:00+00:00,Oshodi Bus Terminal,43.29
2025-08-18 19:00:00+00:00,Oshodi Bus Terminal,45.24
2025-08-18 20:00:00+00:00,Oshodi Bus Terminal,43.48
2025-08-18 21:00:00+00:00,Oshodi Bus Terminal,42.66
2025-08-18 22:00:00+00:00,Oshodi Bus Terminal,48.93
2025-08-18 23:00:00+00:00,Oshodi Bus Terminal,53.82
2025-08-19 00:00:00+00:00,Oshodi Bus Terminal,43.35
2025-08-19 01:00:00+00:00,Oshodi Bus Terminal,32.05
2025-08-19 02:00:00+00:00,Oshodi Bus Terminal,33.78
2025-08-19 03:00:00+00:00,Oshodi Bus Terminal,44.3
2025-08-19 04:00:00+00:00,Oshodi Bus Terminal,47.23
2025-08-19 05:00:00+00:00,Oshodi Bus Terminal,59.95
2025-08-19 06:00:00+00:00,Oshodi Bus Terminal,50.62
2025-08-19 07:00:00+00:00,Oshodi Bus Terminal,40.3
2025-08-19 08:00:00+00:00,Oshodi Bus Terminal,44.55
2025-08-19 10:00:00+00:00,Oshodi Bus Terminal,58.49
2025-08-19 11:00:00+00:00,Oshodi Bus Terminal,47.93
2025-08-19 12:00:00+00:00,Oshodi Bus Terminal,24.93
2025-08-19 13:00:00+00:00,Oshodi Bus Terminal,29.04
2025-08-19 14:00:00+00:00,Oshodi Bus Terminal,39.24
2025-08-19 15:00:00+00:00,Oshodi Bus Terminal,38.8
2025-08-19 16:00:00+00:00,Oshodi Bus Terminal,39.83
2025-08-19 17:00:00+00:00,Oshodi Bus Terminal,39.77
2025-08-19 18:00:00+00:00,Oshodi Bus Terminal,43.15
2025-08-19 19:00:00+00:00,Oshodi Bus Terminal,47.44
2025-08-19 20:00:00+00:00,Oshodi Bus Terminal,52.92
2025-08-19 21:00:00+00:00,Oshodi Bus Terminal,56.03
2025-08-19 22:00:00+00:00,Oshodi Bus Terminal,59.7
2025-08-19 23:00:00+00:00,Oshodi Bus Terminal,51.9
2025-08-20 00:00:00+00:00,Oshodi Bus Terminal,52.85
2025-08-20 01:00:00+00:00,Oshodi Bus Terminal,34.3
2025-08-20 02:00:00+00:00,Oshodi Bus Terminal,26.09
2025-08-20 03:00:00+00:00,Oshodi Bus Terminal,30.85
2025-08-20 04:00:00+00:00,Oshodi Bus Terminal,25.95
2025-08-20 05:00:00+00:00,Oshodi Bus Terminal,37.8
2025-08-20 06:00:00+00:00,Oshodi Bus Terminal,42.87
2025-08-20 07:00:00+00:00,Oshodi Bus Terminal,42.2
2025-08-20 08:00:00+00:00,Oshodi Bus Terminal,29.1
2025-08-20 09:00:00+00:00,Oshodi Bus Terminal,26.75
2025-08-20 10:00:00+00:00,Oshodi Bus Terminal,24.3
2025-08-20 11:00:00+00:00,Oshodi Bus Terminal,26.48
2025-08-20 12:00:00+00:00,Oshodi Bus Terminal,40.26
2025-08-20 13:00:00+00:00,Oshodi Bus Terminal,40.49
2025-08-20 14:00:00+00:00,Oshodi Bus Terminal,37.81
2025-08-20 15:00:00+00:00,Oshodi Bus Terminal,39.46
2025-08-20 16:00:00+00:00,Oshodi Bus Terminal,38.8
2025-08-20 17:00:00+00:00,Oshodi Bus Terminal,42.66
2025-08-20 18:00:00+00:00,Oshodi Bus Terminal,42.5
2025-08-20 19:00:00+00:00,Oshodi Bus Terminal,48.28
2025-08-20 20:00:00+00:00,Oshodi Bus Terminal,42.82
2025-08-20 21:00:00+00:00,Oshodi Bus Terminal,47.09
2025-08-20 22:00:00+00:00,Oshodi Bus Terminal,57.12
2025-08-20 23:00:00+00:00,Oshodi Bus Terminal,54.28
2025-08-21 00:00:00+00:00,Oshodi Bus Terminal,37.5
2025-08-21 01:00:00+00:00,Oshodi Bus Terminal,23.9
2025-08-21 02:00:00+00:00,Oshodi Bus Terminal,29.78
2025-08-21 03:00:00+00:00,Oshodi Bus Terminal,36.95
2025-08-21 04:00:00+00:00,Oshodi Bus Terminal,25.73
2025-08-21 05:00:00+00:00,Oshodi Bus Terminal,25.98
2025-08-21 06:00:00+00:00,Oshodi Bus Terminal,44.63
2025-08-21 07:00:00+00:00,Oshodi Bus Terminal,50.75
2025-08-21 08:00:00+00:00,Oshodi Bus Terminal,41.8
2025-08-21 09:00:00+00:00,Oshodi Bus Terminal,39.49
2025-08-21 10:00:00+00:00,Oshodi Bus Terminal,36.32
2025-08-21 11:00:00+00:00,Oshodi Bus Terminal,35.94
2025-08-21 12:00:00+00:00,Oshodi Bus Terminal,34.83
2025-08-21 13:00:00+00:00,Oshodi Bus Terminal,46.81
2025-08-21 14:00:00+00:00,Oshodi Bus Terminal,41.43
2025-08-21 15:00:00+00:00,Oshodi Bus Terminal,39.87
2025-08-21 16:00:00+00:00,Oshodi Bus Terminal,44.22
2025-08-21 17:00:00+00:00,Oshodi Bus Terminal,41.77
2025-08-21 18:00:00+00:00,Oshodi Bus Terminal,57.69
2025-08-21 19:00:00+00:00,Oshodi Bus Terminal,64.3
2025-08-21 20:00:00+00:00,Oshodi Bus Terminal,47.21
2025-08-21 21:00:00+00:00,Oshodi Bus Terminal,42.39
2025-08-21 22:00:00+00:00,Oshodi Bus Terminal,45.74
2025-08-21 23:00:00+00:00,Oshodi Bus Terminal,37.08
2025-08-22 00:00:00+00:00,Oshodi Bus Terminal,34.12
2025-08-22 01:00:00+00:00,Oshodi Bus Terminal,29.91
2025-08-22 02:00:00+00:00,Oshodi Bus Terminal,23.06
2025-08-22 03:00:00+00:00,Oshodi Bus Terminal,23.59
2025-08-22 04:00:00+00:00,Oshodi Bus Terminal,26.42
2025-08-22 05:00:00+00:00,Oshodi Bus Terminal,21.64
2025-08-22 06:00:00+00:00,Oshodi Bus Terminal,49.41
2025-08-22 07:00:00+00:00,Oshodi Bus Terminal,46.4
2025-08-22 08:00:00+00:00,Oshodi Bus Terminal,41.86
2025-08-22 09:00:00+00:00,Oshodi Bus Terminal,28.26
2025-08-22 10:00:00+00:00,Oshodi Bus Terminal,35.97
2025-08-22 11:00:00+00:00,Oshodi Bus Terminal,40.12
2025-08-22 12:00:00+00:00,Oshodi Bus Terminal,44.07
2025-08-22 13:00:00+00:00,Oshodi Bus Terminal,34.47
2025-08-22 14:00:00+00:00,Oshodi Bus Terminal,34.9
2025-08-22 15:00:00+00:00,Oshodi Bus Terminal,35.45
2025-08-22 16:00:00+00:00,Oshodi Bus Terminal,38.28
2025-08-22 17:00:00+00:00,Oshodi Bus Terminal,46.78
2025-08-22 18:00:00+00:00,Oshodi Bus Terminal,47.29
2025-08-22 20:00:00+00:00,Oshodi Bus Terminal,47.79
2025-08-22 21:00:00+00:00,Oshodi Bus Terminal,38.42
2025-08-22 22:00:00+00:00,Oshodi Bus Terminal,41.75
2025-08-22 23:00:00+00:00,Oshodi Bus Terminal,37.81
2025-08-23 00:00:00+00:00,Oshodi Bus Terminal,36.46
2025-08-23 01:00:00+00:00,Oshodi Bus Terminal,32.29
2025-08-23 02:00:00+00:00,Oshodi Bus Terminal,26.73
2025-08-23 03:00:00+00:00,Oshodi Bus Terminal,28.01
2025-08-23 04:00:00+00:00,Oshodi Bus Terminal,34.09
2025-08-23 05:00:00+00:00,Oshodi Bus Terminal,37.63
2025-08-23 06:00:00+00:00,Oshodi Bus Terminal,48.68
2025-08-23 07:00:00+00:00,Oshodi Bus Terminal,38.86
2025-08-23 08:00:00+00:00,Oshodi Bus Terminal,36.78
2025-08-23 09:00:00+00:00,Oshodi Bus Terminal,30.11
2025-08-23 10:00:00+00:00,Oshodi Bus Terminal,31.8
2025-08-23 11:00:00+00:00,Oshodi Bus Terminal,36.3
2025-08-23 12:00:00+00:00,Oshodi Bus Terminal,38.3
2025-08-23 13:00:00+00:00,Oshodi Bus Terminal,41.8
2025-08-23 14:00:00+00:00,Oshodi Bus Terminal,36.18
2025-08-23 15:00:00+00:00,Oshodi Bus Terminal,37.19
2025-08-23 16:00:00+00:00,Oshodi Bus Terminal,42.05
2025-08-23 17:00:00+00:00,Oshodi Bus Terminal,43.15
2025-08-23 18:00:00+00:00,Oshodi Bus Terminal,46.01
2025-08-23 19:00:00+00:00,Oshodi Bus Terminal,48.17
2025-08-23 20:00:00+00:00,Oshodi Bus Terminal,43.26
2025-08-23 21:00:00+00:00,Oshodi Bus Terminal,45.4
2025-08-23 22:00:00+00:00,Oshodi Bus Terminal,42.16
2025-08-23 23:00:00+00:00,Oshodi Bus Terminal,39.49
2025-08-24 00:00:00+00:00,Oshodi Bus Terminal,34.16
2025-08-24 01:00:00+00:00,Oshodi Bus Terminal,26.23
2025-08-24 02:00:00+00:00,Oshodi Bus Terminal,24.95
2025-08-24 03:00:00+00:00,Oshodi Bus Terminal,25.24
2025-08-24 04:00:00+00:00,Oshodi Bus Terminal,26.69
2025-08-24 05:00:00+00:00,Oshodi Bus Terminal,26.49
2025-08-24 06:00:00+00:00,Oshodi Bus Terminal,36.99
2025-08-24 07:00:00+00:00,Oshodi Bus Terminal,35.5
2025-08-24 08:00:00+00:00,Oshodi Bus Terminal,32.76
2025-08-24 09:00:00+00:00,Oshodi Bus Terminal,27.53
2025-08-24 10:00:00+00:00,Oshodi Bus Terminal,31.6
2025-08-24 11:00:00+00:00,Oshodi Bus Terminal,26.06
2025-08-24 12:00:00+00:00,Oshodi Bus Terminal,31.54
2025-08-24 13:00:00+00:00,Oshodi Bus Terminal,27.18
2025-08-24 14:00:00+00:00,Oshodi Bus Terminal,28.67
2025-08-24 15:00:00+00:00,Oshodi Bus Terminal,25.98
2025-08-24 16:00:00+00:00,Oshodi Bus Terminal,30.53
2025-08-24 17:00:00+00:00,Oshodi Bus Terminal,29.22
2025-08-24 18:00:00+00:00,Oshodi Bus Terminal,33.97
2025-08-24 19:00:00+00:00,Oshodi Bus Terminal,40.36
2025-08-24 20:00:00+00:00,Oshodi Bus Terminal,35.5
2025-08-24 21:00:00+00:00,Oshodi Bus Terminal,33.65
2025-08-24 22:00:00+00:00,Oshodi Bus Terminal,31.93
2025-08-24 23:00:00+00:00,Oshodi Bus Terminal,24.63
2025-08-25 00:00:00+00:00,Oshodi Bus Terminal,17.33
2025-08-25 01:00:00+00:00,Oshodi Bus Terminal,21.79
2025-08-25 02:00:00+00:00,Oshodi Bus Terminal,18.89
2025-08-25 03:00:00+00:00,Oshodi Bus Terminal,20.36
2025-08-25 04:00:00+00:00,Oshodi Bus Terminal,14.94
2025-08-25 05:00:00+00:00,Oshodi Bus Terminal,22.2
2025-08-25 06:00:00+00:00,Oshodi Bus Terminal,23.47
2025-08-25 07:00:00+00:00,Oshodi Bus Terminal,29.85
2025-08-25 08:00:00+00:00,Oshodi Bus Terminal,26.29
2025-08-25 09:00:00+00:00,Oshodi Bus Terminal,25.48
2025-08-25 10:00:00+00:00,Oshodi Bus Terminal,27.25
2025-08-25 11:00:00+00:00,Oshodi Bus Terminal,34.73
2025-08-25 12:00:00+00:00,Oshodi Bus Terminal,30.83
2025-08-25 13:00:00+00:00,Oshodi Bus Terminal,34.51
2025-08-25 14:00:00+00:00,Oshodi Bus Terminal,32.61
2025-08-25 15:00:00+00:00,Oshodi Bus Terminal,33.25
2025-08-25 16:00:00+00:00,Oshodi Bus Terminal,35.61
2025-08-25 17:00:00+00:00,Oshodi Bus Terminal,40.62
2025-08-25 18:00:00+00:00,Oshodi Bus Terminal,47.76
2025-08-25 19:00:00+00:00,Oshodi Bus Terminal,50.94
2025-08-25 20:00:00+00:00,Oshodi Bus Terminal,59.14
2025-08-25 21:00:00+00:00,Oshodi Bus Terminal,52.23
2025-08-25 22:00:00+00:00,Oshodi Bus Terminal,53.92
2025-08-25 23:00:00+00:00,Oshodi Bus Terminal,44.93
2025-08-26 00:00:00+00:00,Oshodi Bus Terminal,34.68
2025-08-26 01:00:00+00:00,Oshodi Bus Terminal,37.07
2025-08-26 02:00:00+00:00,Oshodi Bus Terminal,33.04
2025-08-26 03:00:00+00:00,Oshodi Bus Terminal,32.13
2025-08-26 04:00:00+00:00,Oshodi Bus Terminal,39.06
2025-08-26 05:00:00+00:00,Oshodi Bus Terminal,39.79
2025-08-26 06:00:00+00:00,Oshodi Bus Terminal,40.41
2025-08-26 07:00:00+00:00,Oshodi Bus Terminal,43.77
2025-08-26 08:00:00+00:00,Oshodi Bus Terminal,43.14
2025-08-26 09:00:00+00:00,Oshodi Bus Terminal,34.42
2025-08-26 10:00:00+00:00,Oshodi Bus Terminal,36.55
2025-08-26 11:00:00+00:00,Oshodi Bus Terminal,28.77
2025-08-26 12:00:00+00:00,Oshodi Bus Terminal,32.08
2025-08-26 13:00:00+00:00,Oshodi Bus Terminal,43.73
2025-08-26 14:00:00+00:00,Oshodi Bus Terminal,42.85
2025-08-26 15:00:00+00:00,Oshodi Bus Terminal,32.86
2025-08-26 16:00:00+00:00,Oshodi Bus Terminal,33.29
2025-08-26 17:00:00+00:00,Oshodi Bus Terminal,59.68
2025-08-26 18:00:00+00:00,Oshodi Bus Terminal,50.89
2025-08-26 19:00:00+00:00,Oshodi Bus Terminal,56.85
2025-08-26 20:00:00+00:00,Oshodi Bus Terminal,55.9
2025-08-26 21:00:00+00:00,Oshodi Bus Terminal,61.15
2025-08-26 22:00:00+00:00,Oshodi Bus Terminal,54.67
2025-08-26 23:00:00+00:00,Oshodi Bus Terminal,46.82
2025-08-27 00:00:00+00:00,Oshodi Bus Terminal,51.7
2025-08-27 01:00:00+00:00,Oshodi Bus Terminal,53.82
2025-08-27 02:00:00+00:00,Oshodi Bus Terminal,56.65
2025-08-27 03:00:00+00:00,Oshodi Bus Terminal,36.45
2025-08-27 04:00:00+00:00,Oshodi Bus Terminal,33.02
2025-08-27 05:00:00+00:00,Oshodi Bus Terminal,42.3
2025-08-27 06:00:00+00:00,Oshodi Bus Terminal,58.56
2025-08-27 07:00:00+00:00,Oshodi Bus Terminal,51.87
2025-08-27 08:00:00+00:00,Oshodi Bus Terminal,49.47
2025-08-27 09:00:00+00:00,Oshodi Bus Terminal,49.31
2025-08-27 10:00:00+00:00,Oshodi Bus Terminal,49.19
2025-08-27 11:00:00+00:00,Oshodi Bus Terminal,43.55
2025-08-27 12:00:00+00:00,Oshodi Bus Terminal,38.26
2025-08-27 13:00:00+00:00,Oshodi Bus Terminal,41.21
2025-08-27 14:00:00+00:00,Oshodi Bus Terminal,44.32
2025-08-27 15:00:00+00:00,Oshodi Bus Terminal,44.33
2025-08-27 16:00:00+00:00,Oshodi Bus Terminal,40.27
2025-08-27 17:00:00+00:00,Oshodi Bus Terminal,40.91
2025-08-27 18:00:00+00:00,Oshodi Bus Terminal,52.1
2025-08-27 19:00:00+00:00,Oshodi Bus Terminal,59.8
2025-08-27 20:00:00+00:00,Oshodi Bus Terminal,55.15
2025-08-27 21:00:00+00:00,Oshodi Bus Terminal,57.32
2025-08-27 22:00:00+00:00,Oshodi Bus Terminal,60.23
2025-08-27 23:00:00+00:00,Oshodi Bus Terminal,58.52
2025-08-28 00:00:00+00:00,Oshodi Bus Terminal,68.38
2025-08-28 01:00:00+00:00,Oshodi Bus Terminal,68.71
2025-08-28 02:00:00+00:00,Oshodi Bus Terminal,45.15
2025-08-28 03:00:00+00:00,Oshodi Bus Terminal,41.02
2025-08-28 04:00:00+00:00,Oshodi Bus Terminal,54.69
2025-08-28 05:00:00+00:00,Oshodi Bus Terminal,66.13
2025-08-28 06:00:00+00:00,Oshodi Bus Terminal,61.4
2025-08-28 07:00:00+00:00,Oshodi Bus Terminal,52.37
2025-08-28 08:00:00+00:00,Oshodi Bus Terminal,42.43
2025-08-28 09:00:00+00:00,Oshodi Bus Terminal,37.7
2025-08-28 10:00:00+00:00,Oshodi Bus Terminal,42.42
2025-08-28 11:00:00+00:00,Oshodi Bus Terminal,39.07
2025-08-28 12:00:00+00:00,Oshodi Bus Terminal,41.39
2025-08-28 13:00:00+00:00,Oshodi Bus Terminal,41.7
2025-08-28 14:00:00+00:00,Oshodi Bus Terminal,43.19
2025-08-28 15:00:00+00:00,Oshodi Bus Terminal,37.48
2025-08-28 16:00:00+00:00,Oshodi Bus Terminal,35.45
2025-08-28 17:00:00+00:00,Oshodi Bus Terminal,51.56
2025-08-28 18:00:00+00:00,Oshodi Bus Terminal,49.89
2025-08-28 19:00:00+00:00,Oshodi Bus Terminal,44.03
2025-08-28 20:00:00+00:00,Oshodi Bus Terminal,47.93
2025-08-28 21:00:00+00:00,Oshodi Bus Terminal,43.44
2025-08-28 22:00:00+00:00,Oshodi Bus Terminal,53.73
2025-08-28 23:00:00+00:00,Oshodi Bus Terminal,54.05
2025-08-29 00:00:00+00:00,Oshodi Bus Terminal,53.4
2025-08-29 01:00:00+00:00,Oshodi Bus Terminal,48.32
2025-08-29 02:00:00+00:00,Oshodi Bus Terminal,36.43
2025-08-29 03:00:00+00:00,Oshodi Bus Terminal,29.87
2025-08-29 04:00:00+00:00,Oshodi Bus Terminal,32.5
2025-08-29 05:00:00+00:00,Oshodi Bus Terminal,39.16
2025-08-29 06:00:00+00:00,Oshodi Bus Terminal,59.59
2025-08-29 07:00:00+00:00,Oshodi Bus Terminal,58.53
2025-08-29 08:00:00+00:00,Oshodi Bus Terminal,42.65
2025-08-29 09:00:00+00:00,Oshodi Bus Terminal,41.63
2025-08-29 10:00:00+00:00,Oshodi Bus Terminal,45.61
2025-08-29 11:00:00+00:00,Oshodi Bus Terminal,43.24
2025-08-29 12:00:00+00:00,Oshodi Bus Terminal,49.13
2025-08-29 13:00:00+00:00,Oshodi Bus Terminal,57.7
2025-08-29 14:00:00+00:00,Oshodi Bus Terminal,38.75
2025-08-29 15:00:00+00:00,Oshodi Bus Terminal,42.02
2025-08-29 16:00:00+00:00,Oshodi Bus Terminal,45.5
2025-08-29 17:00:00+00:00,Oshodi Bus Terminal,41.75
2025-08-29 18:00:00+00:00,Oshodi Bus Terminal,42.6
2025-08-29 19:00:00+00:00,Oshodi Bus Terminal,44.68
2025-08-29 20:00:00+00:00,Oshodi Bus Terminal,46.77
2025-08-29 21:00:00+00:00,Oshodi Bus Terminal,52.25
2025-08-29 22:00:00+00:00,Oshodi Bus Terminal,44.49
2025-08-29 23:00:00+00:00,Oshodi Bus Terminal,41.07
2025-08-30 00:00:00+00:00,Oshodi Bus Terminal,36.19
2025-08-30 01:00:00+00:00,Oshodi Bus Terminal,39.47
2025-08-30 02:00:00+00:00,Oshodi Bus Terminal,31.69
2025-08-30 03:00:00+00:00,Oshodi Bus Terminal,30.94
2025-08-30 04:00:00+00:00,Oshodi Bus Terminal,37.06
2025-08-30 05:00:00+00:00,Oshodi Bus Terminal,41.89
2025-08-30 06:00:00+00:00,Oshodi Bus Terminal,45.75
2025-08-30 07:00:00+00:00,Oshodi Bus Terminal,51.49
2025-08-30 08:00:00+00:00,Oshodi Bus Terminal,44.03
2025-08-30 09:00:00+00:00,Oshodi Bus Terminal,48.36
2025-08-30 10:00:00+00:00,Oshodi Bus Terminal,38.9
2025-08-30 11:00:00+00:00,Oshodi Bus Terminal,42.8
2025-08-30 12:00:00+00:00,Oshodi Bus Terminal,37.85
2025-08-30 13:00:00+00:00,Oshodi Bus Terminal,42.43
2025-08-30 14:00:00+00:00,Oshodi Bus Terminal,42.0
2025-08-30 15:00:00+00:00,Oshodi Bus Terminal,36.25
2025-08-30 16:00:00+00:00,Oshodi Bus Terminal,40.68
2025-08-30 17:00:00+00:00,Oshodi Bus Terminal,41.48
2025-08-30 18:00:00+00:00,Oshodi Bus Terminal,42.65
2025-08-30 19:00:00+00:00,Oshodi Bus Terminal,47.38
2025-08-30 20:00:00+00:00,Oshodi Bus Terminal,49.19
2025-08-30 21:00:00+00:00,Oshodi Bus Terminal,49.87
2025-08-30 22:00:00+00:00,Oshodi Bus Terminal,48.03
2025-08-30 23:00:00+00:00,Oshodi Bus Terminal,46.51
2025-08-31 00:00:00+00:00,Oshodi Bus Terminal,46.14
2025-08-31 01:00:00+00:00,Oshodi Bus Terminal,48.89
2025-08-31 02:00:00+00:00,Oshodi Bus Terminal,33.17
2025-08-31 03:00:00+00:00,Oshodi Bus Terminal,37.87
2025-08-31 04:00:00+00:00,Oshodi Bus Terminal,42.73
2025-08-31 05:00:00+00:00,Oshodi Bus Terminal,39.6
2025-08-31 06:00:00+00:00,Oshodi Bus Terminal,44.22
2025-08-31 07:00:00+00:00,Oshodi Bus Terminal,42.52
2025-08-31 08:00:00+00:00,Oshodi Bus Terminal,42.29
2025-08-31 09:00:00+00:00,Oshodi Bus Terminal,40.13
2025-08-31 10:00:00+00:00,Oshodi Bus Terminal,35.55
2025-08-31 11:00:00+00:00,Oshodi Bus Terminal,32.93
2025-08-31 12:00:00+00:00,Oshodi Bus Terminal,32.66
2025-08-31 13:00:00+00:00,Oshodi Bus Terminal,37.26
2025-08-31 14:00:00+00:00,Oshodi Bus Terminal,29.65
2025-08-31 15:00:00+00:00,Oshodi Bus Terminal,26.22
2025-08-31 16:00:00+00:00,Oshodi Bus Terminal,32.77
2025-08-31 17:00:00+00:00,Oshodi Bus Terminal,30.16
2025-08-31 18:00:00+00:00,Oshodi Bus Terminal,34.36
2025-08-31 19:00:00+00:00,Oshodi Bus Terminal,36.5
2025-08-31 20:00:00+00:00,Oshodi Bus Terminal,60.39
2025-08-31 21:00:00+00:00,Oshodi Bus Terminal,50.89
2025-08-31 22:00:00+00:00,Oshodi Bus Terminal,36.39
2025-08-31 23:00:00+00:00,Oshodi Bus Terminal,36.94
2025-08-01 08:00:00+00:00,UNILAG Colocation A,15.68
2025-08-01 09:00:00+00:00,UNILAG Colocation A,19.04
2025-08-01 10:00:00+00:00,UNILAG Colocation A,29.69
2025-08-01 11:00:00+00:00,UNILAG Colocation A,15.51
2025-08-01 12:00:00+00:00,UNILAG Colocation A,21.24
2025-08-01 13:00:00+00:00,UNILAG Colocation A,14.16
2025-08-01 15:00:00+00:00,UNILAG Colocation A,36.78
2025-08-01 16:00:00+00:00,UNILAG Colocation A,56.78
2025-08-01 17:00:00+00:00,UNILAG Colocation A,74.77
2025-08-01 19:00:00+00:00,UNILAG Colocation A,12.86
2025-08-01 20:00:00+00:00,UNILAG Colocation A,20.48
2025-08-01 21:00:00+00:00,UNILAG Colocation A,47.82
2025-08-01 23:00:00+00:00,UNILAG Colocation A,11.55
2025-08-02 00:00:00+00:00,UNILAG Colocation A,28.58
2025-08-02 04:00:00+00:00,UNILAG Colocation A,13.75
2025-08-02 05:00:00+00:00,UNILAG Colocation A,17.91
2025-08-02 06:00:00+00:00,UNILAG Colocation A,16.16
2025-08-02 08:00:00+00:00,UNILAG Colocation A,14.31
2025-08-02 09:00:00+00:00,UNILAG Colocation A,20.68
2025-08-02 10:00:00+00:00,UNILAG Colocation A,21.72
2025-08-02 11:00:00+00:00,UNILAG Colocation A,15.14
2025-08-02 12:00:00+00:00,UNILAG Colocation A,24.94
2025-08-02 13:00:00+00:00,UNILAG Colocation A,19.83
2025-08-02 14:00:00+00:00,UNILAG Colocation A,36.26
2025-08-02 15:00:00+00:00,UNILAG Colocation A,39.73
2025-08-02 16:00:00+00:00,UNILAG Colocation A,53.75
2025-08-02 19:00:00+00:00,UNILAG Colocation A,17.67
2025-08-02 21:00:00+00:00,UNILAG Colocation A,14.15
2025-08-02 22:00:00+00:00,UNILAG Colocation A,57.99
2025-08-02 23:00:00+00:00,UNILAG Colocation A,33.84
2025-08-03 00:00:00+00:00,UNILAG Colocation A,13.98
2025-08-03 01:00:00+00:00,UNILAG Colocation A,18.24
2025-08-03 02:00:00+00:00,UNILAG Colocation A,29.06
2025-08-03 03:00:00+00:00,UNILAG Colocation A,15.28
2025-08-03 04:00:00+00:00,UNILAG Colocation A,15.77
2025-08-03 05:00:00+00:00,UNILAG Colocation A,27.28
2025-08-03 06:00:00+00:00,UNILAG Colocation A,19.0
2025-08-03 07:00:00+00:00,UNILAG Colocation A,40.8
2025-08-03 09:00:00+00:00,UNILAG Colocation A,14.87
2025-08-03 10:00:00+00:00,UNILAG Colocation A,27.09
2025-08-03 11:00:00+00:00,UNILAG Colocation A,12.81
2025-08-03 12:00:00+00:00,UNILAG Colocation A,42.42
2025-08-03 14:00:00+00:00,UNILAG Colocation A,13.97
2025-08-03 15:00:00+00:00,UNILAG Colocation A,35.55
2025-08-03 17:00:00+00:00,UNILAG Colocation A,64.23
2025-08-03 18:00:00+00:00,UNILAG Colocation A,47.53
2025-08-03 19:00:00+00:00,UNILAG Colocation A,33.31
2025-08-03 20:00:00+00:00,UNILAG Colocation A,54.15
2025-08-03 21:00:00+00:00,UNILAG Colocation A,57.3
2025-08-03 22:00:00+00:00,UNILAG Colocation A,32.47
2025-08-03 23:00:00+00:00,UNILAG Colocation A,31.65
2025-08-04 00:00:00+00:00,UNILAG Colocation A,51.45
2025-08-04 10:00:00+00:00,UNILAG Colocation A,33.68
2025-08-04 11:00:00+00:00,UNILAG Colocation A,14.33
2025-08-04 12:00:00+00:00,UNILAG Colocation A,13.63
2025-08-04 13:00:00+00:00,UNILAG Colocation A,22.24
2025-08-04 14:00:00+00:00,UNILAG Colocation A,43.24
2025-08-04 15:00:00+00:00,UNILAG Colocation A,23.24
2025-08-04 16:00:00+00:00,UNILAG Colocation A,61.41
2025-08-04 17:00:00+00:00,UNILAG Colocation A,27.77
2025-08-04 18:00:00+00:00,UNILAG Colocation A,23.0
2025-08-05 09:00:00+00:00,UNILAG Colocation A,22.2
2025-08-05 10:00:00+00:00,UNILAG Colocation A,14.29
2025-08-05 11:00:00+00:00,UNILAG Colocation A,13.86
2025-08-05 12:00:00+00:00,UNILAG Colocation A,16.12
2025-08-05 13:00:00+00:00,UNILAG Colocation A,14.97
2025-08-05 14:00:00+00:00,UNILAG Colocation A,16.32
2025-08-05 15:00:00+00:00,UNILAG Colocation A,31.16
2025-08-05 16:00:00+00:00,UNILAG Colocation A,16.86
2025-08-05 17:00:00+00:00,UNILAG Colocation A,18.0
2025-08-05 18:00:00+00:00,UNILAG Colocation A,21.81
2025-08-05 21:00:00+00:00,UNILAG Colocation A,19.33
2025-08-05 22:00:00+00:00,UNILAG Colocation A,13.01
2025-08-05 23:00:00+00:00,UNILAG Colocation A,16.06
2025-08-06 00:00:00+00:00,UNILAG Colocation A,14.25
2025-08-06 01:00:00+00:00,UNILAG Colocation A,13.53
2025-08-06 02:00:00+00:00,UNILAG Colocation A,13.72
2025-08-06 03:00:00+00:00,UNILAG Colocation A,12.82
2025-08-06 04:00:00+00:00,UNILAG Colocation A,17.86
2025-08-06 10:00:00+00:00,UNILAG Colocation A,16.13
2025-08-06 11:00:00+00:00,UNILAG Colocation A,16.33
2025-08-06 12:00:00+00:00,UNILAG Colocation A,14.55
2025-08-06 13:00:00+00:00,UNILAG Colocation A,16.9
2025-08-06 14:00:00+00:00,UNILAG Colocation A,14.91
2025-08-06 15:00:00+00:00,UNILAG Colocation A,16.68
2025-08-06 16:00:00+00:00,UNILAG Colocation A,21.34
2025-08-06 17:00:00+00:00,UNILAG Colocation A,20.98
2025-08-06 18:00:00+00:00,UNILAG Colocation A,28.19
2025-08-06 19:00:00+00:00,UNILAG Colocation A,30.86
2025-08-06 20:00:00+00:00,UNILAG Colocation A,31.63
2025-08-06 21:00:00+00:00,UNILAG Colocation A,28.84
2025-08-06 22:00:00+00:00,UNILAG Colocation A,31.66
2025-08-06 23:00:00+00:00,UNILAG Colocation A,21.55
2025-08-07 00:00:00+00:00,UNILAG Colocation A,29.79
2025-08-07 10:00:00+00:00,UNILAG Colocation A,20.6
2025-08-07 11:00:00+00:00,UNILAG Colocation A,16.3
2025-08-07 12:00:00+00:00,UNILAG Colocation A,21.99
2025-08-07 13:00:00+00:00,UNILAG Colocation A,21.31
2025-08-07 14:00:00+00:00,UNILAG Colocation A,12.45
2025-08-07 15:00:00+00:00,UNILAG Colocation A,28.6
2025-08-07 16:00:00+00:00,UNILAG Colocation A,16.04
2025-08-07 17:00:00+00:00,UNILAG Colocation A,56.6
2025-08-07 18:00:00+00:00,UNILAG Colocation A,77.48
2025-08-07 19:00:00+00:00,UNILAG Colocation A,50.65
2025-08-07 20:00:00+00:00,UNILAG Colocation A,9.4
2025-08-07 21:00:00+00:00,UNILAG Colocation A,76.14
2025-08-07 22:00:00+00:00,UNILAG Colocation A,51.13
2025-08-07 23:00:00+00:00,UNILAG Colocation A,62.5
2025-08-08 00:00:00+00:00,UNILAG Colocation A,44.07
2025-08-08 01:00:00+00:00,UNILAG Colocation A,36.15
2025-08-08 02:00:00+00:00,UNILAG Colocation A,54.05
2025-08-08 03:00:00+00:00,UNILAG Colocation A,32.17
2025-08-08 09:00:00+00:00,UNILAG Colocation A,31.36
2025-08-08 10:00:00+00:00,UNILAG Colocation A,38.37
2025-08-08 11:00:00+00:00,UNILAG Colocation A,46.49
2025-08-08 12:00:00+00:00,UNILAG Colocation A,24.02
2025-08-08 13:00:00+00:00,UNILAG Colocation A,9.56
2025-08-08 14:00:00+00:00,UNILAG Colocation A,18.75
2025-08-08 15:00:00+00:00,UNILAG Colocation A,30.15
2025-08-08 16:00:00+00:00,UNILAG Colocation A,73.15
2025-08-08 17:00:00+00:00,UNILAG Colocation A,53.17
2025-08-08 18:00:00+00:00,UNILAG Colocation A,33.16
2025-08-08 20:00:00+00:00,UNILAG Colocation A,34.0
2025-08-08 21:00:00+00:00,UNILAG Colocation A,16.64
2025-08-08 22:00:00+00:00,UNILAG Colocation A,15.46
2025-08-08 23:00:00+00:00,UNILAG Colocation A,22.8
2025-08-09 00:00:00+00:00,UNILAG Colocation A,32.23
2025-08-09 01:00:00+00:00,UNILAG Colocation A,16.9
2025-08-09 02:00:00+00:00,UNILAG Colocation A,19.61
2025-08-09 03:00:00+00:00,UNILAG Colocation A,15.63
2025-08-09 04:00:00+00:00,UNILAG Colocation A,16.85
2025-08-09 05:00:00+00:00,UNILAG Colocation A,14.81
2025-08-09 11:00:00+00:00,UNILAG Colocation A,14.82
2025-08-09 12:00:00+00:00,UNILAG Colocation A,22.16
2025-08-09 13:00:00+00:00,UNILAG Colocation A,45.27
2025-08-09 14:00:00+00:00,UNILAG Colocation A,33.06
2025-08-09 15:00:00+00:00,UNILAG Colocation A,17.0
2025-08-09 16:00:00+00:00,UNILAG Colocation A,49.05
2025-08-09 17:00:00+00:00,UNILAG Colocation A,52.54
2025-08-09 18:00:00+00:00,UNILAG Colocation A,46.25
2025-08-09 19:00:00+00:00,UNILAG Colocation A,16.12
2025-08-09 20:00:00+00:00,UNILAG Colocation A,38.41
2025-08-09 21:00:00+00:00,UNILAG Colocation A,18.35
2025-08-09 22:00:00+00:00,UNILAG Colocation A,61.71
2025-08-09 23:00:00+00:00,UNILAG Colocation A,49.11
2025-08-10 00:00:00+00:00,UNILAG Colocation A,34.53
2025-08-10 01:00:00+00:00,UNILAG Colocation A,27.48
2025-08-10 02:00:00+00:00,UNILAG Colocation A,45.45
2025-08-10 03:00:00+00:00,UNILAG Colocation A,56.39
2025-08-10 09:00:00+00:00,UNILAG Colocation A,45.04
2025-08-10 10:00:00+00:00,UNILAG Colocation A,13.33
2025-08-10 11:00:00+00:00,UNILAG Colocation A,14.08
2025-08-10 13:00:00+00:00,UNILAG Colocation A,6.28
2025-08-10 14:00:00+00:00,UNILAG Colocation A,51.53
2025-08-10 15:00:00+00:00,UNILAG Colocation A,29.97
2025-08-10 16:00:00+00:00,UNILAG Colocation A,18.43
2025-08-10 17:00:00+00:00,UNILAG Colocation A,15.51
2025-08-10 18:00:00+00:00,UNILAG Colocation A,32.39
2025-08-10 19:00:00+00:00,UNILAG Colocation A,12.28
2025-08-10 21:00:00+00:00,UNILAG Colocation A,52.25
2025-08-11 00:00:00+00:00,UNILAG Colocation A,17.9
2025-08-11 01:00:00+00:00,UNILAG Colocation A,17.16
2025-08-11 04:00:00+00:00,UNILAG Colocation A,33.28
2025-08-11 05:00:00+00:00,UNILAG Colocation A,19.36
2025-08-11 06:00:00+00:00,UNILAG Colocation A,18.18
2025-08-11 09:00:00+00:00,UNILAG Colocation A,21.4
2025-08-11 10:00:00+00:00,UNILAG Colocation A,15.92
2025-08-11 11:00:00+00:00,UNILAG Colocation A,28.3
2025-08-11 12:00:00+00:00,UNILAG Colocation A,23.74
2025-08-11 13:00:00+00:00,UNILAG Colocation A,16.32
2025-08-11 14:00:00+00:00,UNILAG Colocation A,7.69
2025-08-11 15:00:00+00:00,UNILAG Colocation A,18.72
2025-08-11 16:00:00+00:00,UNILAG Colocation A,37.96
2025-08-11 17:00:00+00:00,UNILAG Colocation A,13.99
2025-08-11 18:00:00+00:00,UNILAG Colocation A,16.63
2025-08-11 19:00:00+00:00,UNILAG Colocation A,52.08
2025-08-11 20:00:00+00:00,UNILAG Colocation A,14.96
2025-08-11 21:00:00+00:00,UNILAG Colocation A,16.24
2025-08-11 22:00:00+00:00,UNILAG Colocation A,12.68
2025-08-11 23:00:00+00:00,UNILAG Colocation A,48.61
2025-08-12 00:00:00+00:00,UNILAG Colocation A,21.27
2025-08-12 01:00:00+00:00,UNILAG Colocation A,18.13
2025-08-12 02:00:00+00:00,UNILAG Colocation A,7.94
2025-08-12 04:00:00+00:00,UNILAG Colocation A,32.04
2025-08-12 05:00:00+00:00,UNILAG Colocation A,55.28
2025-08-12 06:00:00+00:00,UNILAG Colocation A,66.14
2025-08-12 07:00:00+00:00,UNILAG Colocation A,31.42
2025-08-12 08:00:00+00:00,UNILAG Colocation A,38.06
2025-08-12 09:00:00+00:00,UNILAG Colocation A,11.49
2025-08-12 10:00:00+00:00,UNILAG Colocation A,42.84
2025-08-12 11:00:00+00:00,UNILAG Colocation A,29.43
2025-08-12 12:00:00+00:00,UNILAG Colocation A,20.47
2025-08-12 13:00:00+00:00,UNILAG Colocation A,64.59
2025-08-12 14:00:00+00:00,UNILAG Colocation A,13.14
2025-08-12 15:00:00+00:00,UNILAG Colocation A,18.58
2025-08-12 16:00:00+00:00,UNILAG Colocation A,73.28
2025-08-12 17:00:00+00:00,UNILAG Colocation A,52.1
2025-08-12 18:00:00+00:00,UNILAG Colocation A,20.12
2025-08-12 19:00:00+00:00,UNILAG Colocation A,19.82
2025-08-12 20:00:00+00:00,UNILAG Colocation A,35.46
2025-08-12 21:00:00+00:00,UNILAG Colocation A,65.93
2025-08-12 22:00:00+00:00,UNILAG Colocation A,20.66
2025-08-12 23:00:00+00:00,UNILAG Colocation A,10.0
2025-08-13 00:00:00+00:00,UNILAG Colocation A,42.93
2025-08-13 01:00:00+00:00,UNILAG Colocation A,42.42
2025-08-13 02:00:00+00:00,UNILAG Colocation A,16.67
2025-08-13 03:00:00+00:00,UNILAG Colocation A,26.56
2025-08-13 04:00:00+00:00,UNILAG Colocation A,14.14
2025-08-13 06:00:00+00:00,UNILAG Colocation A,9.69
2025-08-13 07:00:00+00:00,UNILAG Colocation A,55.24
2025-08-13 11:00:00+00:00,UNILAG Colocation A,50.16
2025-08-13 12:00:00+00:00,UNILAG Colocation A,9.44
2025-08-13 13:00:00+00:00,UNILAG Colocation A,11.91
2025-08-13 14:00:00+00:00,UNILAG Colocation A,44.11
2025-08-13 15:00:00+00:00,UNILAG Colocation A,19.77
2025-08-13 16:00:00+00:00,UNILAG Colocation A,9.61
2025-08-13 17:00:00+00:00,UNILAG Colocation A,37.85
2025-08-13 18:00:00+00:00,UNILAG Colocation A,52.19
2025-08-13 19:00:00+00:00,UNILAG Colocation A,50.02
2025-08-13 20:00:00+00:00,UNILAG Colocation A,75.16
2025-08-13 21:00:00+00:00,UNILAG Colocation A,74.99
2025-08-13 22:00:00+00:00,UNILAG Colocation A,29.46
2025-08-13 23:00:00+00:00,UNILAG Colocation A,12.58
2025-08-14 00:00:00+00:00,UNILAG Colocation A,61.94
2025-08-14 01:00:00+00:00,UNILAG Colocation A,55.91
2025-08-14 09:00:00+00:00,UNILAG Colocation A,41.61
2025-08-14 10:00:00+00:00,UNILAG Colocation A,15.49
2025-08-14 11:00:00+00:00,UNILAG Colocation A,12.92
2025-08-14 12:00:00+00:00,UNILAG Colocation A,30.6
2025-08-14 13:00:00+00:00,UNILAG Colocation A,76.33
2025-08-14 14:00:00+00:00,UNILAG Colocation A,43.81
2025-08-14 15:00:00+00:00,UNILAG Colocation A,22.41
2025-08-14 17:00:00+00:00,UNILAG Colocation A,16.19
2025-08-14 18:00:00+00:00,UNILAG Colocation A,111.3
2025-08-14 19:00:00+00:00,UNILAG Colocation A,53.8
2025-08-14 21:00:00+00:00,UNILAG Colocation A,27.16
2025-08-14 22:00:00+00:00,UNILAG Colocation A,6.67
2025-08-15 01:00:00+00:00,UNILAG Colocation A,16.11
2025-08-15 02:00:00+00:00,UNILAG Colocation A,17.75
2025-08-15 03:00:00+00:00,UNILAG Colocation A,35.58
2025-08-15 04:00:00+00:00,UNILAG Colocation A,63.3
2025-08-15 05:00:00+00:00,UNILAG Colocation A,66.55
2025-08-15 09:00:00+00:00,UNILAG Colocation A,14.47
2025-08-15 10:00:00+00:00,UNILAG Colocation A,33.3
2025-08-15 11:00:00+00:00,UNILAG Colocation A,13.25
2025-08-15 12:00:00+00:00,UNILAG Colocation A,18.53
2025-08-15 13:00:00+00:00,UNILAG Colocation A,19.75
2025-08-15 14:00:00+00:00,UNILAG Colocation A,17.69
2025-08-15 15:00:00+00:00,UNILAG Colocation A,17.64
2025-08-15 16:00:00+00:00,UNILAG Colocation A,15.75
2025-08-15 17:00:00+00:00,UNILAG Colocation A,17.97
2025-08-15 18:00:00+00:00,UNILAG Colocation A,8.63
2025-08-15 19:00:00+00:00,UNILAG Colocation A,12.97
2025-08-15 20:00:00+00:00,UNILAG Colocation A,16.41
2025-08-15 21:00:00+00:00,UNILAG Colocation A,9.01
2025-08-15 22:00:00+00:00,UNILAG Colocation A,11.09
2025-08-15 23:00:00+00:00,UNILAG Colocation A,46.59
2025-08-16 00:00:00+00:00,UNILAG Colocation A,8.7
2025-08-16 01:00:00+00:00,UNILAG Colocation A,40.9
2025-08-16 02:00:00+00:00,UNILAG Colocation A,9.48
2025-08-16 09:00:00+00:00,UNILAG Colocation A,19.03
2025-08-16 10:00:00+00:00,UNILAG Colocation A,15.4
2025-08-16 11:00:00+00:00,UNILAG Colocation A,27.4
2025-08-16 12:00:00+00:00,UNILAG Colocation A,9.79
2025-08-16 13:00:00+00:00,UNILAG Colocation A,49.41
2025-08-16 14:00:00+00:00,UNILAG Colocation A,16.08
2025-08-16 15:00:00+00:00,UNILAG Colocation A,19.39
2025-08-16 16:00:00+00:00,UNILAG Colocation A,25.04
2025-08-16 17:00:00+00:00,UNILAG Colocation A,23.11
2025-08-16 18:00:00+00:00,UNILAG Colocation A,43.3
2025-08-16 20:00:00+00:00,UNILAG Colocation A,21.35
2025-08-16 21:00:00+00:00,UNILAG Colocation A,47.24
2025-08-16 22:00:00+00:00,UNILAG Colocation A,28.79
2025-08-17 00:00:00+00:00,UNILAG Colocation A,10.88
2025-08-17 01:00:00+00:00,UNILAG Colocation A,25.3
2025-08-17 02:00:00+00:00,UNILAG Colocation A,16.92
2025-08-17 08:00:00+00:00,UNILAG Colocation A,12.9
2025-08-17 09:00:00+00:00,UNILAG Colocation A,29.66
2025-08-17 10:00:00+00:00,UNILAG Colocation A,15.16
2025-08-17 11:00:00+00:00,UNILAG Colocation A,25.64
2025-08-17 12:00:00+00:00,UNILAG Colocation A,9.41
2025-08-17 13:00:00+00:00,UNILAG Colocation A,22.85
2025-08-17 14:00:00+00:00,UNILAG Colocation A,18.25
2025-08-17 15:00:00+00:00,UNILAG Colocation A,19.96
2025-08-17 16:00:00+00:00,UNILAG Colocation A,20.9
2025-08-17 17:00:00+00:00,UNILAG Colocation A,15.88
2025-08-17 18:00:00+00:00,UNILAG Colocation A,34.54
2025-08-17 19:00:00+00:00,UNILAG Colocation A,14.95
2025-08-17 20:00:00+00:00,UNILAG Colocation A,23.86
2025-08-17 21:00:00+00:00,UNILAG Colocation A,30.7
2025-08-17 22:00:00+00:00,UNILAG Colocation A,16.63
2025-08-17 23:00:00+00:00,UNILAG Colocation A,14.05
2025-08-18 00:00:00+00:00,UNILAG Colocation A,48.84
2025-08-18 01:00:00+00:00,UNILAG Colocation A,30.0
2025-08-18 02:00:00+00:00,UNILAG Colocation A,29.94
2025-08-18 03:00:00+00:00,UNILAG Colocation A,26.58
2025-08-18 04:00:00+00:00,UNILAG Colocation A,31.67
2025-08-18 05:00:00+00:00,UNILAG Colocation A,27.63
2025-08-18 06:00:00+00:00,UNILAG Colocation A,15.27
2025-08-18 09:00:00+00:00,UNILAG Colocation A,40.3
2025-08-18 10:00:00+00:00,UNILAG Colocation A,22.13
2025-08-18 11:00:00+00:00,UNILAG Colocation A,17.29
2025-08-18 12:00:00+00:00,UNILAG Colocation A,15.17
2025-08-18 13:00:00+00:00,UNILAG Colocation A,17.09
2025-08-18 14:00:00+00:00,UNILAG Colocation A,49.36
2025-08-18 15:00:00+00:00,UNILAG Colocation A,16.55
2025-08-18 16:00:00+00:00,UNILAG Colocation A,9.03
2025-08-18 17:00:00+00:00,UNILAG Colocation A,39.35
2025-08-18 18:00:00+00:00,UNILAG Colocation A,42.48
2025-08-18 19:00:00+00:00,UNILAG Colocation A,13.09
2025-08-18 20:00:00+00:00,UNILAG Colocation A,63.62
2025-08-18 21:00:00+00:00,UNILAG Colocation A,41.34
2025-08-18 22:00:00+00:00,UNILAG Colocation A,33.96
2025-08-18 23:00:00+00:00,UNILAG Colocation A,28.08
2025-08-19 00:00:00+00:00,UNILAG Colocation A,31.76
2025-08-19 01:00:00+00:00,UNILAG Colocation A,40.34
2025-08-19 02:00:00+00:00,UNILAG Colocation A,30.41
2025-08-19 03:00:00+00:00,UNILAG Colocation A,53.09
2025-08-19 04:00:00+00:00,UNILAG Colocation A,56.74
2025-08-19 05:00:00+00:00,UNILAG Colocation A,17.91
2025-08-19 06:00:00+00:00,UNILAG Colocation A,15.24
2025-08-19 07:00:00+00:00,UNILAG Colocation A,16.39
2025-08-19 09:00:00+00:00,UNILAG Colocation A,44.9
2025-08-19 10:00:00+00:00,UNILAG Colocation A,17.19
2025-08-19 11:00:00+00:00,UNILAG Colocation A,36.11
2025-08-19 12:00:00+00:00,UNILAG Colocation A,22.52
2025-08-19 13:00:00+00:00,UNILAG Colocation A,19.36
2025-08-19 14:00:00+00:00,UNILAG Colocation A,12.71
2025-08-19 15:00:00+00:00,UNILAG Colocation A,35.0
2025-08-19 16:00:00+00:00,UNILAG Colocation A,34.96
2025-08-19 17:00:00+00:00,UNILAG Colocation A,40.55
2025-08-19 18:00:00+00:00,UNILAG Colocation A,18.73
2025-08-19 19:00:00+00:00,UNILAG Colocation A,61.19
2025-08-19 20:00:00+00:00,UNILAG Colocation A,33.95
2025-08-19 21:00:00+00:00,UNILAG Colocation A,80.05
2025-08-19 22:00:00+00:00,UNILAG Colocation A,35.56
2025-08-19 23:00:00+00:00,UNILAG Colocation A,97.65
2025-08-20 00:00:00+00:00,UNILAG Colocation A,60.81
2025-08-20 01:00:00+00:00,UNILAG Colocation A,70.27
2025-08-20 02:00:00+00:00,UNILAG Colocation A,13.79
2025-08-20 08:00:00+00:00,UNILAG Colocation A,43.88
2025-08-20 09:00:00+00:00,UNILAG Colocation A,17.72
2025-08-20 10:00:00+00:00,UNILAG Colocation A,19.07
2025-08-20 11:00:00+00:00,UNILAG Colocation A,24.05
2025-08-20 12:00:00+00:00,UNILAG Colocation A,33.78
2025-08-20 13:00:00+00:00,UNILAG Colocation A,23.87
2025-08-20 14:00:00+00:00,UNILAG Colocation A,28.06
2025-08-20 15:00:00+00:00,UNILAG Colocation A,37.06
2025-08-20 16:00:00+00:00,UNILAG Colocation A,82.07
2025-08-20 17:00:00+00:00,UNILAG Colocation A,58.97
2025-08-20 19:00:00+00:00,UNILAG Colocation A,24.6
2025-08-20 20:00:00+00:00,UNILAG Colocation A,15.53
2025-08-20 22:00:00+00:00,UNILAG Colocation A,10.87
2025-08-20 23:00:00+00:00,UNILAG Colocation A,36.73
2025-08-21 00:00:00+00:00,UNILAG Colocation A,12.94
2025-08-21 01:00:00+00:00,UNILAG Colocation A,40.63
2025-08-21 02:00:00+00:00,UNILAG Colocation A,25.29
2025-08-21 08:00:00+00:00,UNILAG Colocation A,13.82
2025-08-21 09:00:00+00:00,UNILAG Colocation A,21.77
2025-08-21 10:00:00+00:00,UNILAG Colocation A,19.11
2025-08-21 11:00:00+00:00,UNILAG Colocation A,17.8
2025-08-21 12:00:00+00:00,UNILAG Colocation A,29.62
2025-08-21 13:00:00+00:00,UNILAG Colocation A,15.57
2025-08-21 14:00:00+00:00,UNILAG Colocation A,76.6
2025-08-21 15:00:00+00:00,UNILAG Colocation A,56.76
2025-08-21 16:00:00+00:00,UNILAG Colocation A,16.59
2025-08-21 17:00:00+00:00,UNILAG Colocation A,22.73
2025-08-21 19:00:00+00:00,UNILAG Colocation A,15.76
2025-08-21 20:00:00+00:00,UNILAG Colocation A,68.52
2025-08-21 21:00:00+00:00,UNILAG Colocation A,24.39
2025-08-21 22:00:00+00:00,UNILAG Colocation A,20.5
2025-08-22 00:00:00+00:00,UNILAG Colocation A,12.19
2025-08-22 02:00:00+00:00,UNILAG Colocation A,42.38
2025-08-22 03:00:00+00:00,UNILAG Colocation A,17.49
2025-08-22 09:00:00+00:00,UNILAG Colocation A,15.71
2025-08-22 12:00:00+00:00,UNILAG Colocation A,22.43
2025-08-22 13:00:00+00:00,UNILAG Colocation A,15.7
2025-08-22 14:00:00+00:00,UNILAG Colocation A,17.37
2025-08-22 15:00:00+00:00,UNILAG Colocation A,13.74
2025-08-22 16:00:00+00:00,UNILAG Colocation A,18.53
2025-08-22 17:00:00+00:00,UNILAG Colocation A,27.72
2025-08-22 18:00:00+00:00,UNILAG Colocation A,59.46
2025-08-22 20:00:00+00:00,UNILAG Colocation A,70.4
2025-08-22 21:00:00+00:00,UNILAG Colocation A,73.45
2025-08-22 22:00:00+00:00,UNILAG Colocation A,63.92
2025-08-22 23:00:00+00:00,UNILAG Colocation A,83.44
2025-08-23 00:00:00+00:00,UNILAG Colocation A,91.45
2025-08-23 01:00:00+00:00,UNILAG Colocation A,12.59
2025-08-23 02:00:00+00:00,UNILAG Colocation A,98.72
2025-08-23 03:00:00+00:00,UNILAG Colocation A,53.72
2025-08-23 04:00:00+00:00,UNILAG Colocation A,13.75
2025-08-23 09:00:00+00:00,UNILAG Colocation A,19.69
2025-08-23 10:00:00+00:00,UNILAG Colocation A,18.3
2025-08-23 11:00:00+00:00,UNILAG Colocation A,33.01
2025-08-23 13:00:00+00:00,UNILAG Colocation A,20.68
2025-08-23 14:00:00+00:00,UNILAG Colocation A,26.87
2025-08-23 15:00:00+00:00,UNILAG Colocation A,14.09
2025-08-23 16:00:00+00:00,UNILAG Colocation A,23.69
2025-08-23 17:00:00+00:00,UNILAG Colocation A,9.9
2025-08-23 19:00:00+00:00,UNILAG Colocation A,18.6
2025-08-23 20:00:00+00:00,UNILAG Colocation A,61.67
2025-08-23 22:00:00+00:00,UNILAG Colocation A,38.99
2025-08-23 23:00:00+00:00,UNILAG Colocation A,36.07
2025-08-24 00:00:00+00:00,UNILAG Colocation A,52.0
2025-08-24 01:00:00+00:00,UNILAG Colocation A,11.61
2025-08-24 02:00:00+00:00,UNILAG Colocation A,44.52
2025-08-24 03:00:00+00:00,UNILAG Colocation A,29.89
2025-08-24 04:00:00+00:00,UNILAG Colocation A,13.12
2025-08-24 05:00:00+00:00,UNILAG Colocation A,8.47
2025-08-24 09:00:00+00:00,UNILAG Colocation A,22.82
2025-08-24 10:00:00+00:00,UNILAG Colocation A,33.67
2025-08-24 11:00:00+00:00,UNILAG Colocation A,11.13
2025-08-24 12:00:00+00:00,UNILAG Colocation A,18.91
2025-08-24 13:00:00+00:00,UNILAG Colocation A,33.87
2025-08-24 14:00:00+00:00,UNILAG Colocation A,33.49
2025-08-24 15:00:00+00:00,UNILAG Colocation A,14.78
2025-08-24 17:00:00+00:00,UNILAG Colocation A,22.47
2025-08-24 19:00:00+00:00,UNILAG Colocation A,10.91
2025-08-24 20:00:00+00:00,UNILAG Colocation A,16.29
2025-08-24 21:00:00+00:00,UNILAG Colocation A,30.4
2025-08-24 22:00:00+00:00,UNILAG Colocation A,12.1
2025-08-24 23:00:00+00:00,UNILAG Colocation A,12.29
2025-08-25 00:00:00+00:00,UNILAG Colocation A,13.77
2025-08-25 01:00:00+00:00,UNILAG Colocation A,12.03
2025-08-25 02:00:00+00:00,UNILAG Colocation A,14.76
2025-08-25 03:00:00+00:00,UNILAG Colocation A,14.07
2025-08-25 04:00:00+00:00,UNILAG Colocation A,40.97
2025-08-25 05:00:00+00:00,UNILAG Colocation A,20.05
2025-08-25 06:00:00+00:00,UNILAG Colocation A,23.34
2025-08-25 09:00:00+00:00,UNILAG Colocation A,18.35
2025-08-25 10:00:00+00:00,UNILAG Colocation A,13.2
2025-08-25 11:00:00+00:00,UNILAG Colocation A,10.24
2025-08-25 12:00:00+00:00,UNILAG Colocation A,23.68
2025-08-25 13:00:00+00:00,UNILAG Colocation A,13.1
2025-08-25 14:00:00+00:00,UNILAG Colocation A,10.17
2025-08-25 16:00:00+00:00,UNILAG Colocation A,14.03
2025-08-25 17:00:00+00:00,UNILAG Colocation A,13.25
2025-08-25 20:00:00+00:00,UNILAG Colocation A,8.16
2025-08-25 21:00:00+00:00,UNILAG Colocation A,30.92
2025-08-25 22:00:00+00:00,UNILAG Colocation A,108.66
2025-08-25 23:00:00+00:00,UNILAG Colocation A,92.81
2025-08-26 00:00:00+00:00,UNILAG Colocation A,61.88
2025-08-26 01:00:00+00:00,UNILAG Colocation A,54.18
2025-08-26 02:00:00+00:00,UNILAG Colocation A,50.31
2025-08-26 03:00:00+00:00,UNILAG Colocation A,12.48
2025-08-26 04:00:00+00:00,UNILAG Colocation A,14.09
2025-08-26 05:00:00+00:00,UNILAG Colocation A,19.9
2025-08-26 08:00:00+00:00,UNILAG Colocation A,33.13
2025-08-26 10:00:00+00:00,UNILAG Colocation A,21.98
2025-08-26 11:00:00+00:00,UNILAG Colocation A,26.15
2025-08-26 12:00:00+00:00,UNILAG Colocation A,30.91
2025-08-26 13:00:00+00:00,UNILAG Colocation A,63.15
2025-08-26 15:00:00+00:00,UNILAG Colocation A,16.08
2025-08-26 16:00:00+00:00,UNILAG Colocation A,68.2
2025-08-26 17:00:00+00:00,UNILAG Colocation A,12.44
2025-08-26 18:00:00+00:00,UNILAG Colocation A,21.12
2025-08-26 20:00:00+00:00,UNILAG Colocation A,29.48
2025-08-26 21:00:00+00:00,UNILAG Colocation A,15.2
2025-08-26 22:00:00+00:00,UNILAG Colocation A,22.47
2025-08-26 23:00:00+00:00,UNILAG Colocation A,21.16
2025-08-27 00:00:00+00:00,UNILAG Colocation A,29.05
2025-08-27 01:00:00+00:00,UNILAG Colocation A,12.11
2025-08-27 10:00:00+00:00,UNILAG Colocation A,32.7
2025-08-27 11:00:00+00:00,UNILAG Colocation A,16.09
2025-08-27 12:00:00+00:00,UNILAG Colocation A,28.44
2025-08-27 13:00:00+00:00,UNILAG Colocation A,19.38
2025-08-27 14:00:00+00:00,UNILAG Colocation A,12.92
2025-08-27 15:00:00+00:00,UNILAG Colocation A,22.14
2025-08-27 16:00:00+00:00,UNILAG Colocation A,34.89
2025-08-27 18:00:00+00:00,UNILAG Colocation A,16.43
2025-08-27 19:00:00+00:00,UNILAG Colocation A,19.51
2025-08-27 20:00:00+00:00,UNILAG Colocation A,14.61
2025-08-27 22:00:00+00:00,UNILAG Colocation A,34.02
2025-08-28 00:00:00+00:00,UNILAG Colocation A,11.65
2025-08-28 01:00:00+00:00,UNILAG Colocation A,8.88
2025-08-28 02:00:00+00:00,UNILAG Colocation A,64.11
2025-08-28 03:00:00+00:00,UNILAG Colocation A,62.79
2025-08-28 05:00:00+00:00,UNILAG Colocation A,44.19
2025-08-28 09:00:00+00:00,UNILAG Colocation A,23.07
2025-08-28 10:00:00+00:00,UNILAG Colocation A,32.11
2025-08-28 11:00:00+00:00,UNILAG Colocation A,22.77
2025-08-28 12:00:00+00:00,UNILAG Colocation A,27.87
2025-08-28 13:00:00+00:00,UNILAG Colocation A,27.46
2025-08-28 14:00:00+00:00,UNILAG Colocation A,21.56
2025-08-28 15:00:00+00:00,UNILAG Colocation A,15.01
2025-08-28 17:00:00+00:00,UNILAG Colocation A,15.98
2025-08-28 18:00:00+00:00,UNILAG Colocation A,44.76
2025-08-28 20:00:00+00:00,UNILAG Colocation A,63.25
2025-08-28 21:00:00+00:00,UNILAG Colocation A,9.8
2025-08-28 22:00:00+00:00,UNILAG Colocation A,19.77
2025-08-28 23:00:00+00:00,UNILAG Colocation A,22.35
2025-08-29 00:00:00+00:00,UNILAG Colocation A,46.2
2025-08-29 01:00:00+00:00,UNILAG Colocation A,14.99
2025-08-29 03:00:00+00:00,UNILAG Colocation A,20.75
2025-08-29 04:00:00+00:00,UNILAG Colocation A,41.33
2025-08-29 05:00:00+00:00,UNILAG Colocation A,17.42
2025-08-29 10:00:00+00:00,UNILAG Colocation A,17.39
2025-08-29 11:00:00+00:00,UNILAG Colocation A,16.85
2025-08-29 12:00:00+00:00,UNILAG Colocation A,24.93
2025-08-29 13:00:00+00:00,UNILAG Colocation A,16.37
2025-08-29 14:00:00+00:00,UNILAG Colocation A,15.48
2025-08-29 15:00:00+00:00,UNILAG Colocation A,32.92
2025-08-29 16:00:00+00:00,UNILAG Colocation A,28.27
2025-08-29 17:00:00+00:00,UNILAG Colocation A,59.49
2025-08-29 18:00:00+00:00,UNILAG Colocation A,63.34
2025-08-29 19:00:00+00:00,UNILAG Colocation A,16.92
2025-08-29 20:00:00+00:00,UNILAG Colocation A,16.89
2025-08-29 21:00:00+00:00,UNILAG Colocation A,61.91
2025-08-29 23:00:00+00:00,UNILAG Colocation A,6.87
2025-08-30 01:00:00+00:00,UNILAG Colocation A,10.52
2025-08-30 03:00:00+00:00,UNILAG Colocation A,17.54
2025-08-30 04:00:00+00:00,UNILAG Colocation A,32.69
2025-08-30 05:00:00+00:00,UNILAG Colocation A,37.6
2025-08-30 06:00:00+00:00,UNILAG Colocation A,16.4
2025-08-30 09:00:00+00:00,UNILAG Colocation A,15.13
2025-08-30 10:00:00+00:00,UNILAG Colocation A,16.86
2025-08-30 11:00:00+00:00,UNILAG Colocation A,10.17
2025-08-30 12:00:00+00:00,UNILAG Colocation A,23.46
2025-08-30 13:00:00+00:00,UNILAG Colocation A,19.69
2025-08-30 14:00:00+00:00,UNILAG Colocation A,8.77
2025-08-30 15:00:00+00:00,UNILAG Colocation A,32.3
2025-08-30 16:00:00+00:00,UNILAG Colocation A,65.46
2025-08-30 17:00:00+00:00,UNILAG Colocation A,19.72
2025-08-30 18:00:00+00:00,UNILAG Colocation A,12.38
2025-08-30 19:00:00+00:00,UNILAG Colocation A,68.26
2025-08-30 20:00:00+00:00,UNILAG Colocation A,14.28
2025-08-30 22:00:00+00:00,UNILAG Colocation A,52.45
2025-08-30 23:00:00+00:00,UNILAG Colocation A,27.54
2025-08-31 00:00:00+00:00,UNILAG Colocation A,18.06
2025-08-31 01:00:00+00:00,UNILAG Colocation A,39.27
2025-08-31 02:00:00+00:00,UNILAG Colocation A,29.3
2025-08-31 04:00:00+00:00,UNILAG Colocation A,24.07
2025-08-31 05:00:00+00:00,UNILAG Colocation A,11.98
2025-08-31 09:00:00+00:00,UNILAG Colocation A,25.58
2025-08-31 10:00:00+00:00,UNILAG Colocation A,15.01
2025-08-31 11:00:00+00:00,UNILAG Colocation A,17.41
2025-08-31 12:00:00+00:00,UNILAG Colocation A,15.12
2025-08-31 13:00:00+00:00,UNILAG Colocation A,7.51
2025-08-31 14:00:00+00:00,UNILAG Colocation A,7.22
2025-08-31 15:00:00+00:00,UNILAG Colocation A,17.69
2025-08-31 16:00:00+00:00,UNILAG Colocation A,14.39
2025-08-31 17:00:00+00:00,UNILAG Colocation A,15.02
2025-08-31 18:00:00+00:00,UNILAG Colocation A,20.69
2025-08-31 19:00:00+00:00,UNILAG Colocation A,16.98
2025-08-31 22:00:00+00:00,UNILAG Colocation A,19.14
2025-08-31 23:00:00+00:00,UNILAG Colocation A,14.32
2025-08-01 07:00:00+00:00,UNILAG Colocation B,21.51
2025-08-01 08:00:00+00:00,UNILAG Colocation B,31.67
2025-08-01 09:00:00+00:00,UNILAG Colocation B,17.18
2025-08-01 10:00:00+00:00,UNILAG Colocation B,25.83
2025-08-01 11:00:00+00:00,UNILAG Colocation B,10.66
2025-08-01 12:00:00+00:00,UNILAG Colocation B,29.93
2025-08-01 13:00:00+00:00,UNILAG Colocation B,32.09
2025-08-01 14:00:00+00:00,UNILAG Colocation B,13.49
2025-08-01 15:00:00+00:00,UNILAG Colocation B,13.18
2025-08-01 16:00:00+00:00,UNILAG Colocation B,55.99
2025-08-01 17:00:00+00:00,UNILAG Colocation B,41.57
2025-08-01 18:00:00+00:00,UNILAG Colocation B,14.54
2025-08-01 19:00:00+00:00,UNILAG Colocation B,31.47
2025-08-01 20:00:00+00:00,UNILAG Colocation B,27.68
2025-08-01 21:00:00+00:00,UNILAG Colocation B,23.21
2025-08-01 22:00:00+00:00,UNILAG Colocation B,24.24
2025-08-01 23:00:00+00:00,UNILAG Colocation B,12.0
2025-08-02 00:00:00+00:00,UNILAG Colocation B,69.06
2025-08-02 01:00:00+00:00,UNILAG Colocation B,8.59
2025-08-02 09:00:00+00:00,UNILAG Colocation B,13.64
2025-08-02 10:00:00+00:00,UNILAG Colocation B,14.35
2025-08-02 11:00:00+00:00,UNILAG Colocation B,25.38
2025-08-02 12:00:00+00:00,UNILAG Colocation B,17.16
2025-08-02 13:00:00+00:00,UNILAG Colocation B,17.97
2025-08-02 14:00:00+00:00,UNILAG Colocation B,13.13
2025-08-02 15:00:00+00:00,UNILAG Colocation B,14.25
2025-08-02 16:00:00+00:00,UNILAG Colocation B,12.02
2025-08-02 17:00:00+00:00,UNILAG Colocation B,63.59
2025-08-02 18:00:00+00:00,UNILAG Colocation B,102.09
2025-08-02 19:00:00+00:00,UNILAG Colocation B,18.85
2025-08-02 23:00:00+00:00,UNILAG Colocation B,31.93
2025-08-03 00:00:00+00:00,UNILAG Colocation B,15.43
2025-08-03 08:00:00+00:00,UNILAG Colocation B,30.21
2025-08-03 09:00:00+00:00,UNILAG Colocation B,15.05
2025-08-03 10:00:00+00:00,UNILAG Colocation B,15.7
2025-08-03 11:00:00+00:00,UNILAG Colocation B,15.32
2025-08-03 12:00:00+00:00,UNILAG Colocation B,21.24
2025-08-03 13:00:00+00:00,UNILAG Colocation B,18.79
2025-08-03 14:00:00+00:00,UNILAG Colocation B,29.16
2025-08-03 15:00:00+00:00,UNILAG Colocation B,33.88
2025-08-03 16:00:00+00:00,UNILAG Colocation B,50.7
2025-08-03 18:00:00+00:00,UNILAG Colocation B,23.51
2025-08-03 19:00:00+00:00,UNILAG Colocation B,38.92
2025-08-03 20:00:00+00:00,UNILAG Colocation B,10.91
2025-08-03 21:00:00+00:00,UNILAG Colocation B,13.48
2025-08-03 22:00:00+00:00,UNILAG Colocation B,16.37
2025-08-03 23:00:00+00:00,UNILAG Colocation B,27.68
2025-08-04 00:00:00+00:00,UNILAG Colocation B,22.24
2025-08-04 01:00:00+00:00,UNILAG Colocation B,49.07
2025-08-04 10:00:00+00:00,UNILAG Colocation B,14.69
2025-08-04 11:00:00+00:00,UNILAG Colocation B,51.41
2025-08-04 12:00:00+00:00,UNILAG Colocation B,21.68
2025-08-04 13:00:00+00:00,UNILAG Colocation B,21.51
2025-08-04 14:00:00+00:00,UNILAG Colocation B,10.35
2025-08-04 15:00:00+00:00,UNILAG Colocation B,63.82
2025-08-04 16:00:00+00:00,UNILAG Colocation B,45.02
2025-08-04 17:00:00+00:00,UNILAG Colocation B,46.17
2025-08-04 18:00:00+00:00,UNILAG Colocation B,19.42
2025-08-04 19:00:00+00:00,UNILAG Colocation B,65.01
2025-08-04 20:00:00+00:00,UNILAG Colocation B,24.28
2025-08-05 08:00:00+00:00,UNILAG Colocation B,49.24
2025-08-05 09:00:00+00:00,UNILAG Colocation B,25.56
2025-08-05 10:00:00+00:00,UNILAG Colocation B,13.58
2025-08-05 11:00:00+00:00,UNILAG Colocation B,16.32
2025-08-05 13:00:00+00:00,UNILAG Colocation B,12.81
2025-08-05 14:00:00+00:00,UNILAG Colocation B,13.34
2025-08-05 15:00:00+00:00,UNILAG Colocation B,12.73
2025-08-05 16:00:00+00:00,UNILAG Colocation B,21.23
2025-08-05 18:00:00+00:00,UNILAG Colocation B,16.13
2025-08-05 19:00:00+00:00,UNILAG Colocation B,17.9
2025-08-05 21:00:00+00:00,UNILAG Colocation B,15.47
2025-08-05 22:00:00+00:00,UNILAG Colocation B,19.33
2025-08-05 23:00:00+00:00,UNILAG Colocation B,13.47
2025-08-06 01:00:00+00:00,UNILAG Colocation B,11.58
2025-08-06 09:00:00+00:00,UNILAG Colocation B,15.04
2025-08-06 10:00:00+00:00,UNILAG Colocation B,17.34
2025-08-06 11:00:00+00:00,UNILAG Colocation B,15.23
2025-08-06 12:00:00+00:00,UNILAG Colocation B,13.75
2025-08-06 13:00:00+00:00,UNILAG Colocation B,14.74
2025-08-06 14:00:00+00:00,UNILAG Colocation B,16.07
2025-08-06 15:00:00+00:00,UNILAG Colocation B,14.26
2025-08-06 16:00:00+00:00,UNILAG Colocation B,18.27
2025-08-06 17:00:00+00:00,UNILAG Colocation B,21.08
2025-08-06 18:00:00+00:00,UNILAG Colocation B,28.28
2025-08-06 19:00:00+00:00,UNILAG Colocation B,31.57
2025-08-06 20:00:00+00:00,UNILAG Colocation B,20.56
2025-08-06 21:00:00+00:00,UNILAG Colocation B,26.34
2025-08-06 22:00:00+00:00,UNILAG Colocation B,25.8
2025-08-06 23:00:00+00:00,UNILAG Colocation B,19.76
2025-08-07 00:00:00+00:00,UNILAG Colocation B,21.58
2025-08-07 01:00:00+00:00,UNILAG Colocation B,12.75
2025-08-07 09:00:00+00:00,UNILAG Colocation B,44.65
2025-08-07 10:00:00+00:00,UNILAG Colocation B,33.73
2025-08-07 11:00:00+00:00,UNILAG Colocation B,22.08
2025-08-07 12:00:00+00:00,UNILAG Colocation B,21.8
2025-08-07 13:00:00+00:00,UNILAG Colocation B,13.46
2025-08-07 14:00:00+00:00,UNILAG Colocation B,18.8
2025-08-07 15:00:00+00:00,UNILAG Colocation B,14.52
2025-08-07 16:00:00+00:00,UNILAG Colocation B,58.23
2025-08-07 17:00:00+00:00,UNILAG Colocation B,34.03
2025-08-07 20:00:00+00:00,UNILAG Colocation B,84.76
2025-08-07 21:00:00+00:00,UNILAG Colocation B,19.26
2025-08-07 22:00:00+00:00,UNILAG Colocation B,44.35
2025-08-07 23:00:00+00:00,UNILAG Colocation B,73.92
2025-08-08 00:00:00+00:00,UNILAG Colocation B,37.35
2025-08-08 01:00:00+00:00,UNILAG Colocation B,41.54
2025-08-08 09:00:00+00:00,UNILAG Colocation B,68.76
2025-08-08 10:00:00+00:00,UNILAG Colocation B,39.71
2025-08-08 11:00:00+00:00,UNILAG Colocation B,41.42
2025-08-08 12:00:00+00:00,UNILAG Colocation B,36.62
2025-08-08 13:00:00+00:00,UNILAG Colocation B,34.82
2025-08-08 14:00:00+00:00,UNILAG Colocation B,46.94
2025-08-08 16:00:00+00:00,UNILAG Colocation B,27.63
2025-08-08 17:00:00+00:00,UNILAG Colocation B,23.17
2025-08-08 18:00:00+00:00,UNILAG Colocation B,16.39
2025-08-08 19:00:00+00:00,UNILAG Colocation B,15.53
2025-08-08 22:00:00+00:00,UNILAG Colocation B,12.39
2025-08-08 23:00:00+00:00,UNILAG Colocation B,23.49
2025-08-09 00:00:00+00:00,UNILAG Colocation B,40.26
2025-08-09 01:00:00+00:00,UNILAG Colocation B,15.88
2025-08-09 08:00:00+00:00,UNILAG Colocation B,22.92
2025-08-09 09:00:00+00:00,UNILAG Colocation B,13.01
2025-08-09 10:00:00+00:00,UNILAG Colocation B,19.26
2025-08-09 11:00:00+00:00,UNILAG Colocation B,20.37
2025-08-09 12:00:00+00:00,UNILAG Colocation B,13.37
2025-08-09 14:00:00+00:00,UNILAG Colocation B,24.07
2025-08-09 15:00:00+00:00,UNILAG Colocation B,59.14
2025-08-09 16:00:00+00:00,UNILAG Colocation B,67.27
2025-08-09 17:00:00+00:00,UNILAG Colocation B,66.42
2025-08-09 18:00:00+00:00,UNILAG Colocation B,8.03
2025-08-09 19:00:00+00:00,UNILAG Colocation B,8.38
2025-08-09 20:00:00+00:00,UNILAG Colocation B,17.91
2025-08-09 21:00:00+00:00,UNILAG Colocation B,55.88
2025-08-09 22:00:00+00:00,UNILAG Colocation B,48.55
2025-08-09 23:00:00+00:00,UNILAG Colocation B,11.21
2025-08-10 01:00:00+00:00,UNILAG Colocation B,51.66
2025-08-10 02:00:00+00:00,UNILAG Colocation B,41.56
2025-08-10 07:00:00+00:00,UNILAG Colocation B,48.9
2025-08-10 08:00:00+00:00,UNILAG Colocation B,33.01
2025-08-10 09:00:00+00:00,UNILAG Colocation B,18.21
2025-08-10 10:00:00+00:00,UNILAG Colocation B,13.83
2025-08-10 11:00:00+00:00,UNILAG Colocation B,27.84
2025-08-10 12:00:00+00:00,UNILAG Colocation B,26.94
2025-08-10 13:00:00+00:00,UNILAG Colocation B,17.43
2025-08-10 14:00:00+00:00,UNILAG Colocation B,27.88
2025-08-10 15:00:00+00:00,UNILAG Colocation B,32.92
2025-08-10 16:00:00+00:00,UNILAG Colocation B,64.76
2025-08-10 17:00:00+00:00,UNILAG Colocation B,67.73
2025-08-10 18:00:00+00:00,UNILAG Colocation B,17.26
2025-08-10 20:00:00+00:00,UNILAG Colocation B,49.15
2025-08-10 22:00:00+00:00,UNILAG Colocation B,19.3
2025-08-10 23:00:00+00:00,UNILAG Colocation B,12.33
2025-08-11 08:00:00+00:00,UNILAG Colocation B,14.13
2025-08-11 09:00:00+00:00,UNILAG Colocation B,8.25
2025-08-11 10:00:00+00:00,UNILAG Colocation B,6.2
2025-08-11 11:00:00+00:00,UNILAG Colocation B,13.86
2025-08-11 12:00:00+00:00,UNILAG Colocation B,28.87
2025-08-11 13:00:00+00:00,UNILAG Colocation B,21.49
2025-08-11 14:00:00+00:00,UNILAG Colocation B,21.66
2025-08-11 15:00:00+00:00,UNILAG Colocation B,14.6
2025-08-11 16:00:00+00:00,UNILAG Colocation B,12.75
2025-08-11 18:00:00+00:00,UNILAG Colocation B,18.57
2025-08-11 20:00:00+00:00,UNILAG Colocation B,16.11
2025-08-11 21:00:00+00:00,UNILAG Colocation B,12.64
2025-08-11 22:00:00+00:00,UNILAG Colocation B,11.34
2025-08-11 23:00:00+00:00,UNILAG Colocation B,30.64
2025-08-12 00:00:00+00:00,UNILAG Colocation B,12.2
2025-08-12 01:00:00+00:00,UNILAG Colocation B,12.51
2025-08-12 02:00:00+00:00,UNILAG Colocation B,52.64
2025-08-12 07:00:00+00:00,UNILAG Colocation B,16.85
2025-08-12 08:00:00+00:00,UNILAG Colocation B,35.14
2025-08-12 09:00:00+00:00,UNILAG Colocation B,27.53
2025-08-12 10:00:00+00:00,UNILAG Colocation B,38.96
2025-08-12 11:00:00+00:00,UNILAG Colocation B,14.42
2025-08-12 12:00:00+00:00,UNILAG Colocation B,30.46
2025-08-12 13:00:00+00:00,UNILAG Colocation B,31.61
2025-08-12 14:00:00+00:00,UNILAG Colocation B,51.23
2025-08-12 15:00:00+00:00,UNILAG Colocation B,21.33
2025-08-12 16:00:00+00:00,UNILAG Colocation B,23.1
2025-08-12 17:00:00+00:00,UNILAG Colocation B,19.78
2025-08-12 18:00:00+00:00,UNILAG Colocation B,78.77
2025-08-12 19:00:00+00:00,UNILAG Colocation B,50.05
2025-08-12 20:00:00+00:00,UNILAG Colocation B,44.34
2025-08-12 21:00:00+00:00,UNILAG Colocation B,53.64
2025-08-12 22:00:00+00:00,UNILAG Colocation B,14.72
2025-08-12 23:00:00+00:00,UNILAG Colocation B,15.46
2025-08-13 00:00:00+00:00,UNILAG Colocation B,47.58
2025-08-13 01:00:00+00:00,UNILAG Colocation B,48.23
2025-08-13 09:00:00+00:00,UNILAG Colocation B,9.06
2025-08-13 10:00:00+00:00,UNILAG Colocation B,12.17
2025-08-13 11:00:00+00:00,UNILAG Colocation B,24.8
2025-08-13 12:00:00+00:00,UNILAG Colocation B,29.76
2025-08-13 13:00:00+00:00,UNILAG Colocation B,11.08
2025-08-13 14:00:00+00:00,UNILAG Colocation B,69.07
2025-08-13 15:00:00+00:00,UNILAG Colocation B,12.11
2025-08-13 16:00:00+00:00,UNILAG Colocation B,8.75
2025-08-13 17:00:00+00:00,UNILAG Colocation B,63.5
2025-08-13 18:00:00+00:00,UNILAG Colocation B,49.71
2025-08-13 19:00:00+00:00,UNILAG Colocation B,16.48
2025-08-13 20:00:00+00:00,UNILAG Colocation B,18.96
2025-08-13 21:00:00+00:00,UNILAG Colocation B,47.16
2025-08-13 22:00:00+00:00,UNILAG Colocation B,54.77
2025-08-13 23:00:00+00:00,UNILAG Colocation B,8.61
2025-08-14 00:00:00+00:00,UNILAG Colocation B,83.61
2025-08-14 01:00:00+00:00,UNILAG Colocation B,47.37
2025-08-14 08:00:00+00:00,UNILAG Colocation B,34.74
2025-08-14 09:00:00+00:00,UNILAG Colocation B,32.77
2025-08-14 10:00:00+00:00,UNILAG Colocation B,29.15
2025-08-14 11:00:00+00:00,UNILAG Colocation B,30.72
2025-08-14 12:00:00+00:00,UNILAG Colocation B,17.77
2025-08-14 13:00:00+00:00,UNILAG Colocation B,23.63
2025-08-14 14:00:00+00:00,UNILAG Colocation B,22.0
2025-08-14 15:00:00+00:00,UNILAG Colocation B,38.56
2025-08-14 16:00:00+00:00,UNILAG Colocation B,16.17
2025-08-14 17:00:00+00:00,UNILAG Colocation B,97.57
2025-08-14 18:00:00+00:00,UNILAG Colocation B,40.72
2025-08-14 19:00:00+00:00,UNILAG Colocation B,8.72
2025-08-14 20:00:00+00:00,UNILAG Colocation B,14.05
2025-08-14 23:00:00+00:00,UNILAG Colocation B,44.96
2025-08-15 00:00:00+00:00,UNILAG Colocation B,6.33
2025-08-15 01:00:00+00:00,UNILAG Colocation B,65.53
2025-08-15 08:00:00+00:00,UNILAG Colocation B,19.72
2025-08-15 09:00:00+00:00,UNILAG Colocation B,16.96
2025-08-15 10:00:00+00:00,UNILAG Colocation B,33.5
2025-08-15 11:00:00+00:00,UNILAG Colocation B,17.23
2025-08-15 13:00:00+00:00,UNILAG Colocation B,28.86
2025-08-15 14:00:00+00:00,UNILAG Colocation B,19.93
2025-08-15 15:00:00+00:00,UNILAG Colocation B,18.22
2025-08-15 16:00:00+00:00,UNILAG Colocation B,29.52
2025-08-15 17:00:00+00:00,UNILAG Colocation B,14.77
2025-08-15 22:00:00+00:00,UNILAG Colocation B,13.78
2025-08-15 23:00:00+00:00,UNILAG Colocation B,32.64
2025-08-16 00:00:00+00:00,UNILAG Colocation B,8.75
2025-08-16 01:00:00+00:00,UNILAG Colocation B,11.92
2025-08-16 08:00:00+00:00,UNILAG Colocation B,40.18
2025-08-16 09:00:00+00:00,UNILAG Colocation B,15.74
2025-08-16 10:00:00+00:00,UNILAG Colocation B,27.75
2025-08-16 11:00:00+00:00,UNILAG Colocation B,14.08
2025-08-16 12:00:00+00:00,UNILAG Colocation B,13.31
2025-08-16 13:00:00+00:00,UNILAG Colocation B,12.14
2025-08-16 14:00:00+00:00,UNILAG Colocation B,36.03
2025-08-16 15:00:00+00:00,UNILAG Colocation B,26.65
2025-08-16 16:00:00+00:00,UNILAG Colocation B,15.1
2025-08-16 17:00:00+00:00,UNILAG Colocation B,18.68
2025-08-16 18:00:00+00:00,UNILAG Colocation B,15.81
2025-08-16 19:00:00+00:00,UNILAG Colocation B,17.42
2025-08-16 20:00:00+00:00,UNILAG Colocation B,9.94
2025-08-16 22:00:00+00:00,UNILAG Colocation B,41.9
2025-08-17 00:00:00+00:00,UNILAG Colocation B,7.89
2025-08-17 01:00:00+00:00,UNILAG Colocation B,39.83
2025-08-17 07:00:00+00:00,UNILAG Colocation B,13.81
2025-08-17 08:00:00+00:00,UNILAG Colocation B,20.06
2025-08-17 09:00:00+00:00,UNILAG Colocation B,12.51
2025-08-17 10:00:00+00:00,UNILAG Colocation B,16.35
2025-08-17 11:00:00+00:00,UNILAG Colocation B,17.95
2025-08-17 12:00:00+00:00,UNILAG Colocation B,48.37
2025-08-17 13:00:00+00:00,UNILAG Colocation B,19.55
2025-08-17 14:00:00+00:00,UNILAG Colocation B,11.19
2025-08-17 15:00:00+00:00,UNILAG Colocation B,17.39
2025-08-17 17:00:00+00:00,UNILAG Colocation B,30.92
2025-08-17 18:00:00+00:00,UNILAG Colocation B,33.73
2025-08-17 19:00:00+00:00,UNILAG Colocation B,12.71
2025-08-17 20:00:00+00:00,UNILAG Colocation B,29.12
2025-08-17 21:00:00+00:00,UNILAG Colocation B,18.07
2025-08-17 22:00:00+00:00,UNILAG Colocation B,15.35
2025-08-17 23:00:00+00:00,UNILAG Colocation B,15.21
2025-08-18 00:00:00+00:00,UNILAG Colocation B,29.54
2025-08-18 08:00:00+00:00,UNILAG Colocation B,8.57
2025-08-18 09:00:00+00:00,UNILAG Colocation B,28.15
2025-08-18 10:00:00+00:00,UNILAG Colocation B,9.36
2025-08-18 11:00:00+00:00,UNILAG Colocation B,14.81
2025-08-18 12:00:00+00:00,UNILAG Colocation B,9.16
2025-08-18 13:00:00+00:00,UNILAG Colocation B,21.16
2025-08-18 14:00:00+00:00,UNILAG Colocation B,28.56
2025-08-18 15:00:00+00:00,UNILAG Colocation B,8.3
2025-08-18 17:00:00+00:00,UNILAG Colocation B,36.63
2025-08-18 18:00:00+00:00,UNILAG Colocation B,19.74
2025-08-18 19:00:00+00:00,UNILAG Colocation B,38.64
2025-08-18 20:00:00+00:00,UNILAG Colocation B,19.36
2025-08-18 21:00:00+00:00,UNILAG Colocation B,32.08
2025-08-18 22:00:00+00:00,UNILAG Colocation B,26.98
2025-08-19 00:00:00+00:00,UNILAG Colocation B,12.2
2025-08-19 01:00:00+00:00,UNILAG Colocation B,17.6
2025-08-19 02:00:00+00:00,UNILAG Colocation B,16.58
2025-08-19 07:00:00+00:00,UNILAG Colocation B,15.83
2025-08-19 08:00:00+00:00,UNILAG Colocation B,15.98
2025-08-19 09:00:00+00:00,UNILAG Colocation B,20.87
2025-08-19 10:00:00+00:00,UNILAG Colocation B,28.82
2025-08-19 11:00:00+00:00,UNILAG Colocation B,19.24
2025-08-19 12:00:00+00:00,UNILAG Colocation B,21.67
2025-08-19 13:00:00+00:00,UNILAG Colocation B,43.73
2025-08-19 14:00:00+00:00,UNILAG Colocation B,15.61
2025-08-19 15:00:00+00:00,UNILAG Colocation B,14.06
2025-08-19 16:00:00+00:00,UNILAG Colocation B,60.87
2025-08-19 17:00:00+00:00,UNILAG Colocation B,21.63
2025-08-19 18:00:00+00:00,UNILAG Colocation B,21.33
2025-08-19 19:00:00+00:00,UNILAG Colocation B,16.29
2025-08-19 20:00:00+00:00,UNILAG Colocation B,66.4
2025-08-19 21:00:00+00:00,UNILAG Colocation B,73.2
2025-08-19 22:00:00+00:00,UNILAG Colocation B,13.12
2025-08-19 23:00:00+00:00,UNILAG Colocation B,15.3
2025-08-20 00:00:00+00:00,UNILAG Colocation B,16.2
2025-08-20 01:00:00+00:00,UNILAG Colocation B,17.42
2025-08-20 07:00:00+00:00,UNILAG Colocation B,67.54
2025-08-20 08:00:00+00:00,UNILAG Colocation B,13.18
2025-08-20 09:00:00+00:00,UNILAG Colocation B,38.14
2025-08-20 10:00:00+00:00,UNILAG Colocation B,28.57
2025-08-20 11:00:00+00:00,UNILAG Colocation B,35.99
2025-08-20 12:00:00+00:00,UNILAG Colocation B,47.95
2025-08-20 13:00:00+00:00,UNILAG Colocation B,24.63
2025-08-20 14:00:00+00:00,UNILAG Colocation B,14.26
2025-08-20 15:00:00+00:00,UNILAG Colocation B,31.43
2025-08-20 16:00:00+00:00,UNILAG Colocation B,19.15
2025-08-20 17:00:00+00:00,UNILAG Colocation B,95.69
2025-08-20 19:00:00+00:00,UNILAG Colocation B,67.42
2025-08-20 20:00:00+00:00,UNILAG Colocation B,70.62
2025-08-20 22:00:00+00:00,UNILAG Colocation B,72.13
2025-08-20 23:00:00+00:00,UNILAG Colocation B,36.93
2025-08-21 00:00:00+00:00,UNILAG Colocation B,50.63
2025-08-21 01:00:00+00:00,UNILAG Colocation B,10.75
2025-08-21 08:00:00+00:00,UNILAG Colocation B,13.23
2025-08-21 09:00:00+00:00,UNILAG Colocation B,14.96
2025-08-21 10:00:00+00:00,UNILAG Colocation B,49.03
2025-08-21 11:00:00+00:00,UNILAG Colocation B,22.22
2025-08-21 12:00:00+00:00,UNILAG Colocation B,17.13
2025-08-21 13:00:00+00:00,UNILAG Colocation B,29.43
2025-08-21 14:00:00+00:00,UNILAG Colocation B,48.44
2025-08-21 15:00:00+00:00,UNILAG Colocation B,30.16
2025-08-21 16:00:00+00:00,UNILAG Colocation B,31.92
2025-08-21 17:00:00+00:00,UNILAG Colocation B,41.84
2025-08-21 19:00:00+00:00,UNILAG Colocation B,16.58
2025-08-21 20:00:00+00:00,UNILAG Colocation B,57.31
2025-08-21 21:00:00+00:00,UNILAG Colocation B,14.5
2025-08-21 22:00:00+00:00,UNILAG Colocation B,9.56
2025-08-21 23:00:00+00:00,UNILAG Colocation B,4.45
2025-08-22 00:00:00+00:00,UNILAG Colocation B,8.45
2025-08-22 01:00:00+00:00,UNILAG Colocation B,9.52
2025-08-22 08:00:00+00:00,UNILAG Colocation B,12.88
2025-08-22 09:00:00+00:00,UNILAG Colocation B,11.62
2025-08-22 12:00:00+00:00,UNILAG Colocation B,17.24
2025-08-22 13:00:00+00:00,UNILAG Colocation B,13.57
2025-08-22 14:00:00+00:00,UNILAG Colocation B,19.13
2025-08-22 15:00:00+00:00,UNILAG Colocation B,18.7
2025-08-22 16:00:00+00:00,UNILAG Colocation B,21.55
2025-08-22 17:00:00+00:00,UNILAG Colocation B,30.81
2025-08-22 18:00:00+00:00,UNILAG Colocation B,60.22
2025-08-22 20:00:00+00:00,UNILAG Colocation B,60.97
2025-08-22 21:00:00+00:00,UNILAG Colocation B,67.19
2025-08-22 22:00:00+00:00,UNILAG Colocation B,68.03
2025-08-22 23:00:00+00:00,UNILAG Colocation B,105.88
2025-08-23 00:00:00+00:00,UNILAG Colocation B,29.1
2025-08-23 01:00:00+00:00,UNILAG Colocation B,15.32
2025-08-23 08:00:00+00:00,UNILAG Colocation B,46.51
2025-08-23 09:00:00+00:00,UNILAG Colocation B,14.81
2025-08-23 10:00:00+00:00,UNILAG Colocation B,13.57
2025-08-23 11:00:00+00:00,UNILAG Colocation B,9.47
2025-08-23 12:00:00+00:00,UNILAG Colocation B,22.94
2025-08-23 13:00:00+00:00,UNILAG Colocation B,14.78
2025-08-23 14:00:00+00:00,UNILAG Colocation B,19.74
2025-08-23 15:00:00+00:00,UNILAG Colocation B,33.59
2025-08-23 16:00:00+00:00,UNILAG Colocation B,46.33
2025-08-23 17:00:00+00:00,UNILAG Colocation B,75.69
2025-08-23 18:00:00+00:00,UNILAG Colocation B,41.18
2025-08-23 19:00:00+00:00,UNILAG Colocation B,36.64
2025-08-23 21:00:00+00:00,UNILAG Colocation B,73.35
2025-08-23 22:00:00+00:00,UNILAG Colocation B,35.07
2025-08-23 23:00:00+00:00,UNILAG Colocation B,22.98
2025-08-24 00:00:00+00:00,UNILAG Colocation B,51.92
2025-08-24 01:00:00+00:00,UNILAG Colocation B,61.63
2025-08-24 08:00:00+00:00,UNILAG Colocation B,36.97
2025-08-24 09:00:00+00:00,UNILAG Colocation B,15.75
2025-08-24 10:00:00+00:00,UNILAG Colocation B,37.88
2025-08-24 11:00:00+00:00,UNILAG Colocation B,24.81
2025-08-24 12:00:00+00:00,UNILAG Colocation B,20.9
2025-08-24 13:00:00+00:00,UNILAG Colocation B,7.76
2025-08-24 14:00:00+00:00,UNILAG Colocation B,25.33
2025-08-24 15:00:00+00:00,UNILAG Colocation B,15.23
2025-08-24 17:00:00+00:00,UNILAG Colocation B,14.42
2025-08-24 18:00:00+00:00,UNILAG Colocation B,12.01
2025-08-24 19:00:00+00:00,UNILAG Colocation B,8.42
2025-08-24 20:00:00+00:00,UNILAG Colocation B,18.16
2025-08-24 22:00:00+00:00,UNILAG Colocation B,9.27
2025-08-24 23:00:00+00:00,UNILAG Colocation B,10.03
2025-08-25 00:00:00+00:00,UNILAG Colocation B,39.92
2025-08-25 01:00:00+00:00,UNILAG Colocation B,8.92
2025-08-25 07:00:00+00:00,UNILAG Colocation B,30.18
2025-08-25 08:00:00+00:00,UNILAG Colocation B,41.33
2025-08-25 09:00:00+00:00,UNILAG Colocation B,17.36
2025-08-25 10:00:00+00:00,UNILAG Colocation B,25.47
2025-08-25 11:00:00+00:00,UNILAG Colocation B,7.88
2025-08-25 12:00:00+00:00,UNILAG Colocation B,25.46
2025-08-25 13:00:00+00:00,UNILAG Colocation B,11.34
2025-08-25 15:00:00+00:00,UNILAG Colocation B,40.03
2025-08-25 18:00:00+00:00,UNILAG Colocation B,12.37
2025-08-25 19:00:00+00:00,UNILAG Colocation B,121.29
2025-08-25 20:00:00+00:00,UNILAG Colocation B,16.19
2025-08-25 22:00:00+00:00,UNILAG Colocation B,97.43
2025-08-25 23:00:00+00:00,UNILAG Colocation B,67.53
2025-08-26 07:00:00+00:00,UNILAG Colocation B,22.45
2025-08-26 08:00:00+00:00,UNILAG Colocation B,17.3
2025-08-26 09:00:00+00:00,UNILAG Colocation B,39.57
2025-08-26 10:00:00+00:00,UNILAG Colocation B,34.88
2025-08-26 11:00:00+00:00,UNILAG Colocation B,21.3
2025-08-26 12:00:00+00:00,UNILAG Colocation B,34.9
2025-08-26 13:00:00+00:00,UNILAG Colocation B,11.23
2025-08-26 15:00:00+00:00,UNILAG Colocation B,14.98
2025-08-26 16:00:00+00:00,UNILAG Colocation B,24.65
2025-08-26 17:00:00+00:00,UNILAG Colocation B,17.83
2025-08-26 18:00:00+00:00,UNILAG Colocation B,11.14
2025-08-26 19:00:00+00:00,UNILAG Colocation B,38.7
2025-08-26 20:00:00+00:00,UNILAG Colocation B,12.59
2025-08-26 21:00:00+00:00,UNILAG Colocation B,18.59
2025-08-26 22:00:00+00:00,UNILAG Colocation B,42.73
2025-08-26 23:00:00+00:00,UNILAG Colocation B,16.25
2025-08-27 08:00:00+00:00,UNILAG Colocation B,15.11
2025-08-27 09:00:00+00:00,UNILAG Colocation B,13.43
2025-08-27 10:00:00+00:00,UNILAG Colocation B,20.92
2025-08-27 11:00:00+00:00,UNILAG Colocation B,14.08
2025-08-27 12:00:00+00:00,UNILAG Colocation B,13.54
2025-08-27 13:00:00+00:00,UNILAG Colocation B,15.63
2025-08-27 14:00:00+00:00,UNILAG Colocation B,14.68
2025-08-27 15:00:00+00:00,UNILAG Colocation B,12.23
2025-08-27 17:00:00+00:00,UNILAG Colocation B,17.51
2025-08-27 18:00:00+00:00,UNILAG Colocation B,13.33
2025-08-27 19:00:00+00:00,UNILAG Colocation B,15.8
2025-08-27 21:00:00+00:00,UNILAG Colocation B,10.34
2025-08-27 23:00:00+00:00,UNILAG Colocation B,13.32
2025-08-28 00:00:00+00:00,UNILAG Colocation B,17.88
2025-08-28 01:00:00+00:00,UNILAG Colocation B,54.59
2025-08-28 07:00:00+00:00,UNILAG Colocation B,13.15
2025-08-28 08:00:00+00:00,UNILAG Colocation B,31.51
2025-08-28 09:00:00+00:00,UNILAG Colocation B,13.11
2025-08-28 10:00:00+00:00,UNILAG Colocation B,15.62
2025-08-28 11:00:00+00:00,UNILAG Colocation B,22.98
2025-08-28 12:00:00+00:00,UNILAG Colocation B,18.41
2025-08-28 13:00:00+00:00,UNILAG Colocation B,17.49
2025-08-28 14:00:00+00:00,UNILAG Colocation B,30.55
2025-08-28 15:00:00+00:00,UNILAG Colocation B,18.25
2025-08-28 17:00:00+00:00,UNILAG Colocation B,14.74
2025-08-28 18:00:00+00:00,UNILAG Colocation B,48.06
2025-08-28 19:00:00+00:00,UNILAG Colocation B,14.49
2025-08-28 20:00:00+00:00,UNILAG Colocation B,15.74
2025-08-28 21:00:00+00:00,UNILAG Colocation B,17.25
2025-08-28 22:00:00+00:00,UNILAG Colocation B,42.12
2025-08-28 23:00:00+00:00,UNILAG Colocation B,11.19
2025-08-29 00:00:00+00:00,UNILAG Colocation B,43.89
2025-08-29 01:00:00+00:00,UNILAG Colocation B,12.76
2025-08-29 07:00:00+00:00,UNILAG Colocation B,16.5
2025-08-29 08:00:00+00:00,UNILAG Colocation B,20.57
2025-08-29 09:00:00+00:00,UNILAG Colocation B,12.99
2025-08-29 10:00:00+00:00,UNILAG Colocation B,11.55
2025-08-29 11:00:00+00:00,UNILAG Colocation B,29.79
2025-08-29 12:00:00+00:00,UNILAG Colocation B,27.44
2025-08-29 13:00:00+00:00,UNILAG Colocation B,12.18
2025-08-29 14:00:00+00:00,UNILAG Colocation B,17.72
2025-08-29 15:00:00+00:00,UNILAG Colocation B,21.56
2025-08-29 16:00:00+00:00,UNILAG Colocation B,16.95
2025-08-29 17:00:00+00:00,UNILAG Colocation B,29.34
