datetime,site_name,pm25_value
2025-02-01 09:00:00+00:00,Agege,27.47
2025-02-01 10:00:00+00:00,Agege,41.91
2025-02-01 11:00:00+00:00,Agege,43.42
2025-02-01 13:00:00+00:00,Agege,61.34
2025-02-01 14:00:00+00:00,Agege,64.91
2025-02-01 15:00:00+00:00,Agege,59.79
2025-02-01 16:00:00+00:00,Agege,40.68
2025-02-01 17:00:00+00:00,Agege,27.13
2025-02-01 18:00:00+00:00,Agege,34.81
2025-02-01 19:00:00+00:00,Agege,21.26
2025-02-01 20:00:00+00:00,Agege,21.79
2025-02-01 21:00:00+00:00,Agege,25.35
2025-02-02 07:00:00+00:00,Agege,48.76
2025-02-02 08:00:00+00:00,Agege,49.9
2025-02-02 09:00:00+00:00,Agege,44.03
2025-02-02 10:00:00+00:00,Agege,32.14
2025-02-02 11:00:00+00:00,Agege,37.34
2025-02-02 12:00:00+00:00,Agege,41.66
2025-02-02 13:00:00+00:00,Agege,35.43
2025-02-02 14:00:00+00:00,Agege,44.03
2025-02-02 15:00:00+00:00,Agege,22.81
2025-02-02 16:00:00+00:00,Agege,21.82
2025-02-02 17:00:00+00:00,Agege,21.9
2025-02-02 18:00:00+00:00,Agege,24.2
2025-02-02 19:00:00+00:00,Agege,23.92
2025-02-02 20:00:00+00:00,Agege,28.36
2025-02-02 21:00:00+00:00,Agege,42.82
2025-02-02 22:00:00+00:00,Agege,47.3
2025-02-02 23:00:00+00:00,Agege,44.03
2025-02-03 00:00:00+00:00,Agege,54.54
2025-02-03 01:00:00+00:00,Agege,37.5
2025-02-03 02:00:00+00:00,Agege,37.22
2025-02-03 03:00:00+00:00,Agege,44.73
2025-02-03 04:00:00+00:00,Agege,41.61
2025-02-03 05:00:00+00:00,Agege,49.06
2025-02-03 08:00:00+00:00,Agege,57.1
2025-02-03 09:00:00+00:00,Agege,60.07
2025-02-03 10:00:00+00:00,Agege,43.37
2025-02-03 11:00:00+00:00,Agege,28.29
2025-02-03 12:00:00+00:00,Agege,28.26
2025-02-03 13:00:00+00:00,Agege,31.76
2025-02-03 14:00:00+00:00,Agege,51.99
2025-02-03 15:00:00+00:00,Agege,44.69
2025-02-03 16:00:00+00:00,Agege,40.9
2025-02-03 17:00:00+00:00,Agege,27.53
2025-02-03 18:00:00+00:00,Agege,42.45
2025-02-03 19:00:00+00:00,Agege,69.38
2025-02-03 20:00:00+00:00,Agege,38.79
2025-02-03 21:00:00+00:00,Agege,41.16
2025-02-03 22:00:00+00:00,Agege,54.34
2025-02-03 23:00:00+00:00,Agege,54.17
2025-02-04 00:00:00+00:00,Agege,55.48
2025-02-04 01:00:00+00:00,Agege,60.14
2025-02-04 02:00:00+00:00,Agege,37.7
2025-02-04 03:00:00+00:00,Agege,49.4
2025-02-04 04:00:00+00:00,Agege,53.51
2025-02-04 05:00:00+00:00,Agege,31.78
2025-02-04 06:00:00+00:00,Agege,31.78
2025-02-04 08:00:00+00:00,Agege,30.75
2025-02-04 09:00:00+00:00,Agege,27.78
2025-02-04 10:00:00+00:00,Agege,42.05
2025-02-04 11:00:00+00:00,Agege,50.2
2025-02-04 12:00:00+00:00,Agege,34.52
2025-02-04 13:00:00+00:00,Agege,51.24
2025-02-04 14:00:00+00:00,Agege,34.52
2025-02-04 15:00:00+00:00,Agege,38.19
2025-02-04 16:00:00+00:00,Agege,41.46
2025-02-04 17:00:00+00:00,Agege,42.61
2025-02-04 18:00:00+00:00,Agege,34.52
2025-02-04 19:00:00+00:00,Agege,41.84
2025-02-04 20:00:00+00:00,Agege,46.57
2025-02-04 21:00:00+00:00,Agege,34.52
2025-02-04 22:00:00+00:00,Agege,50.49
2025-02-04 23:00:00+00:00,Agege,50.99
2025-02-05 00:00:00+00:00,Agege,61.92
2025-02-05 02:00:00+00:00,Agege,34.52
2025-02-05 03:00:00+00:00,Agege,70.26
2025-02-05 04:00:00+00:00,Agege,51.32
2025-02-05 05:00:00+00:00,Agege,34.52
2025-02-05 06:00:00+00:00,Agege,34.52
2025-02-05 08:00:00+00:00,Agege,55.69
2025-02-05 09:00:00+00:00,Agege,34.52
2025-02-05 10:00:00+00:00,Agege,47.46
2025-02-05 11:00:00+00:00,Agege,40.62
2025-02-05 12:00:00+00:00,Agege,31.89
2025-02-05 13:00:00+00:00,Agege,29.82
2025-02-05 14:00:00+00:00,Agege,26.67
2025-02-05 15:00:00+00:00,Agege,24.16
2025-02-05 16:00:00+00:00,Agege,23.93
2025-02-05 17:00:00+00:00,Agege,34.52
2025-02-05 18:00:00+00:00,Agege,34.52
2025-02-05 19:00:00+00:00,Agege,34.52
2025-02-05 21:00:00+00:00,Agege,25.92
2025-02-05 22:00:00+00:00,Agege,34.52
2025-02-05 23:00:00+00:00,Agege,34.52
2025-02-06 00:00:00+00:00,Agege,34.52
2025-02-06 02:00:00+00:00,Agege,31.16
2025-02-06 03:00:00+00:00,Agege,34.52
2025-02-06 04:00:00+00:00,Agege,34.52
2025-02-06 05:00:00+00:00,Agege,34.52
2025-02-06 06:00:00+00:00,Agege,33.28
2025-02-06 07:00:00+00:00,Agege,27.71
2025-02-06 08:00:00+00:00,Agege,34.52
2025-02-06 09:00:00+00:00,Agege,27.52
2025-02-06 11:00:00+00:00,Agege,27.9
2025-02-06 12:00:00+00:00,Agege,34.52
2025-02-06 14:00:00+00:00,Agege,34.52
2025-02-06 15:00:00+00:00,Agege,34.52
2025-02-06 16:00:00+00:00,Agege,34.52
2025-02-06 17:00:00+00:00,Agege,36.75
2025-02-06 18:00:00+00:00,Agege,29.5
2025-02-06 19:00:00+00:00,Agege,26.69
2025-02-06 20:00:00+00:00,Agege,34.52
2025-02-06 21:00:00+00:00,Agege,34.52
2025-02-07 00:00:00+00:00,Agege,34.52
2025-02-07 02:00:00+00:00,Agege,34.52
2025-02-07 03:00:00+00:00,Agege,34.52
2025-02-07 04:00:00+00:00,Agege,34.52
2025-02-07 05:00:00+00:00,Agege,34.52
2025-02-07 11:00:00+00:00,Agege,34.52
2025-02-07 12:00:00+00:00,Agege,46.64
2025-02-07 13:00:00+00:00,Agege,34.52
2025-02-07 14:00:00+00:00,Agege,38.06
2025-02-07 15:00:00+00:00,Agege,30.58
2025-02-07 16:00:00+00:00,Agege,27.77
2025-02-07 17:00:00+00:00,Agege,34.52
2025-02-07 18:00:00+00:00,Agege,35.93
2025-02-07 19:00:00+00:00,Agege,34.52
2025-02-07 20:00:00+00:00,Agege,36.01
2025-02-07 21:00:00+00:00,Agege,38.14
2025-02-07 22:00:00+00:00,Agege,34.52
2025-02-07 23:00:00+00:00,Agege,40.55
2025-02-08 00:00:00+00:00,Agege,34.52
2025-02-08 02:00:00+00:00,Agege,34.52
2025-02-08 03:00:00+00:00,Agege,35.16
2025-02-08 08:00:00+00:00,Agege,34.52
2025-02-08 09:00:00+00:00,Agege,34.52
2025-02-08 11:00:00+00:00,Agege,34.92
2025-02-08 12:00:00+00:00,Agege,34.52
2025-02-08 13:00:00+00:00,Agege,27.21
2025-02-08 15:00:00+00:00,Agege,25.46
2025-02-08 16:00:00+00:00,Agege,34.52
2025-02-08 17:00:00+00:00,Agege,29.78
2025-02-08 18:00:00+00:00,Agege,27.0
2025-02-08 19:00:00+00:00,Agege,34.52
2025-02-08 20:00:00+00:00,Agege,34.52
2025-02-08 21:00:00+00:00,Agege,34.52
2025-02-08 22:00:00+00:00,Agege,25.81
2025-02-08 23:00:00+00:00,Agege,34.52
2025-02-09 08:00:00+00:00,Agege,31.16
2025-02-09 09:00:00+00:00,Agege,33.93
2025-02-09 10:00:00+00:00,Agege,34.52
2025-02-09 12:00:00+00:00,Agege,34.52
2025-02-09 13:00:00+00:00,Agege,34.52
2025-02-09 15:00:00+00:00,Agege,34.52
2025-02-09 17:00:00+00:00,Agege,27.49
2025-02-09 18:00:00+00:00,Agege,21.79
2025-02-09 19:00:00+00:00,Agege,21.54
2025-02-10 05:00:00+00:00,Agege,37.48
2025-02-10 06:00:00+00:00,Agege,25.2
2025-02-10 08:00:00+00:00,Agege,21.5
2025-02-10 09:00:00+00:00,Agege,34.52
2025-02-10 10:00:00+00:00,Agege,34.52
2025-02-10 11:00:00+00:00,Agege,27.93
2025-02-10 12:00:00+00:00,Agege,34.52
2025-02-10 13:00:00+00:00,Agege,29.17
2025-02-10 14:00:00+00:00,Agege,22.56
2025-02-10 15:00:00+00:00,Agege,34.52
2025-02-10 16:00:00+00:00,Agege,34.52
2025-02-10 17:00:00+00:00,Agege,34.52
2025-02-10 18:00:00+00:00,Agege,21.48
2025-02-10 19:00:00+00:00,Agege,21.2
2025-02-10 20:00:00+00:00,Agege,20.6
2025-02-10 21:00:00+00:00,Agege,20.88
2025-02-10 22:00:00+00:00,Agege,34.52
2025-02-10 23:00:00+00:00,Agege,34.52
2025-02-11 00:00:00+00:00,Agege,17.53
2025-02-11 01:00:00+00:00,Agege,34.52
2025-02-11 02:00:00+00:00,Agege,34.52
2025-02-11 03:00:00+00:00,Agege,24.47
2025-02-11 04:00:00+00:00,Agege,34.52
2025-02-11 05:00:00+00:00,Agege,24.76
2025-02-11 06:00:00+00:00,Agege,34.52
2025-02-11 07:00:00+00:00,Agege,34.52
2025-02-11 08:00:00+00:00,Agege,34.52
2025-02-11 09:00:00+00:00,Agege,18.42
2025-02-11 10:00:00+00:00,Agege,34.52
2025-02-11 11:00:00+00:00,Agege,26.02
2025-02-11 12:00:00+00:00,Agege,34.52
2025-02-11 13:00:00+00:00,Agege,34.52
2025-02-11 14:00:00+00:00,Agege,34.52
2025-02-11 15:00:00+00:00,Agege,17.81
2025-02-11 16:00:00+00:00,Agege,18.92
2025-02-11 17:00:00+00:00,Agege,34.52
2025-02-11 18:00:00+00:00,Agege,34.52
2025-02-11 19:00:00+00:00,Agege,20.14
2025-02-11 20:00:00+00:00,Agege,18.08
2025-02-11 21:00:00+00:00,Agege,34.52
2025-02-11 22:00:00+00:00,Agege,34.52
2025-02-11 23:00:00+00:00,Agege,22.13
2025-02-12 06:00:00+00:00,Agege,57.18
2025-02-12 07:00:00+00:00,Agege,34.52
2025-02-12 08:00:00+00:00,Agege,34.52
2025-02-12 09:00:00+00:00,Agege,41.09
2025-02-12 10:00:00+00:00,Agege,34.52
2025-02-12 11:00:00+00:00,Agege,33.43
2025-02-12 12:00:00+00:00,Agege,34.52
2025-02-12 13:00:00+00:00,Agege,34.52
2025-02-12 14:00:00+00:00,Agege,24.42
2025-02-12 15:00:00+00:00,Agege,34.52
2025-02-12 16:00:00+00:00,Agege,34.52
2025-02-12 17:00:00+00:00,Agege,34.52
2025-02-12 18:00:00+00:00,Agege,25.38
2025-02-12 19:00:00+00:00,Agege,34.52
2025-02-12 20:00:00+00:00,Agege,34.52
2025-02-12 21:00:00+00:00,Agege,34.52
2025-02-12 22:00:00+00:00,Agege,21.48
2025-02-12 23:00:00+00:00,Agege,20.6
2025-02-13 00:00:00+00:00,Agege,17.63
2025-02-13 01:00:00+00:00,Agege,23.75
2025-02-13 02:00:00+00:00,Agege,25.65
2025-02-13 03:00:00+00:00,Agege,19.22
2025-02-13 04:00:00+00:00,Agege,34.52
2025-02-13 05:00:00+00:00,Agege,29.16
2025-02-13 06:00:00+00:00,Agege,50.64
2025-02-13 08:00:00+00:00,Agege,22.93
2025-02-13 09:00:00+00:00,Agege,20.65
2025-02-13 10:00:00+00:00,Agege,34.52
2025-02-13 11:00:00+00:00,Agege,34.52
2025-02-13 12:00:00+00:00,Agege,34.52
2025-02-13 13:00:00+00:00,Agege,22.62
2025-02-13 14:00:00+00:00,Agege,34.52
2025-02-13 15:00:00+00:00,Agege,21.42
2025-02-13 16:00:00+00:00,Agege,34.52
2025-02-13 17:00:00+00:00,Agege,34.52
2025-02-13 18:00:00+00:00,Agege,34.52
2025-02-13 19:00:00+00:00,Agege,34.52
2025-02-13 20:00:00+00:00,Agege,21.33
2025-02-13 21:00:00+00:00,Agege,34.52
2025-02-13 22:00:00+00:00,Agege,34.52
2025-02-13 23:00:00+00:00,Agege,23.95
2025-02-14 00:00:00+00:00,Agege,34.52
2025-02-14 01:00:00+00:00,Agege,34.52
2025-02-14 02:00:00+00:00,Agege,15.43
2025-02-14 03:00:00+00:00,Agege,34.52
2025-02-14 04:00:00+00:00,Agege,34.52
2025-02-14 05:00:00+00:00,Agege,34.52
2025-02-14 06:00:00+00:00,Agege,40.16
2025-02-14 07:00:00+00:00,Agege,46.99
2025-02-14 08:00:00+00:00,Agege,34.52
2025-02-14 09:00:00+00:00,Agege,21.58
2025-02-14 10:00:00+00:00,Agege,34.52
2025-02-14 11:00:00+00:00,Agege,34.52
2025-02-14 12:00:00+00:00,Agege,42.14
2025-02-14 13:00:00+00:00,Agege,34.52
2025-02-14 14:00:00+00:00,Agege,34.52
2025-02-14 15:00:00+00:00,Agege,34.52
2025-02-14 16:00:00+00:00,Agege,34.52
2025-02-14 17:00:00+00:00,Agege,21.53
2025-02-14 18:00:00+00:00,Agege,21.57
2025-02-14 19:00:00+00:00,Agege,19.84
2025-02-14 20:00:00+00:00,Agege,34.52
2025-02-14 21:00:00+00:00,Agege,18.34
2025-02-14 22:00:00+00:00,Agege,19.29
2025-02-14 23:00:00+00:00,Agege,20.78
2025-02-15 00:00:00+00:00,Agege,17.58
2025-02-15 01:00:00+00:00,Agege,27.92
2025-02-15 02:00:00+00:00,Agege,18.23
2025-02-15 03:00:00+00:00,Agege,17.43
2025-02-15 04:00:00+00:00,Agege,18.09
2025-02-15 05:00:00+00:00,Agege,29.6
2025-02-15 06:00:00+00:00,Agege,25.83
2025-02-15 07:00:00+00:00,Agege,37.37
2025-02-15 08:00:00+00:00,Agege,21.7
2025-02-15 09:00:00+00:00,Agege,28.53
2025-02-15 10:00:00+00:00,Agege,26.76
2025-02-15 11:00:00+00:00,Agege,27.6
2025-02-15 12:00:00+00:00,Agege,27.52
2025-02-15 13:00:00+00:00,Agege,23.32
2025-02-15 14:00:00+00:00,Agege,23.3
2025-02-15 15:00:00+00:00,Agege,22.67
2025-02-15 16:00:00+00:00,Agege,21.41
2025-02-15 17:00:00+00:00,Agege,22.06
2025-02-15 18:00:00+00:00,Agege,22.34
2025-02-15 19:00:00+00:00,Agege,21.77
2025-02-15 20:00:00+00:00,Agege,20.33
2025-02-15 21:00:00+00:00,Agege,20.54
2025-02-15 22:00:00+00:00,Agege,21.92
2025-02-15 23:00:00+00:00,Agege,27.37
2025-02-16 00:00:00+00:00,Agege,39.87
2025-02-16 01:00:00+00:00,Agege,38.82
2025-02-16 02:00:00+00:00,Agege,38.04
2025-02-16 03:00:00+00:00,Agege,15.45
2025-02-16 04:00:00+00:00,Agege,35.09
2025-02-16 08:00:00+00:00,Agege,51.83
2025-02-16 09:00:00+00:00,Agege,26.42
2025-02-16 10:00:00+00:00,Agege,29.73
2025-02-16 13:00:00+00:00,Agege,28.9
2025-02-16 14:00:00+00:00,Agege,24.62
2025-02-16 15:00:00+00:00,Agege,22.59
2025-02-16 16:00:00+00:00,Agege,21.46
2025-02-16 17:00:00+00:00,Agege,21.01
2025-02-16 18:00:00+00:00,Agege,22.07
2025-02-16 19:00:00+00:00,Agege,22.04
2025-02-16 20:00:00+00:00,Agege,18.68
2025-02-16 21:00:00+00:00,Agege,18.31
2025-02-16 22:00:00+00:00,Agege,18.1
2025-02-16 23:00:00+00:00,Agege,18.72
2025-02-17 00:00:00+00:00,Agege,17.86
2025-02-17 01:00:00+00:00,Agege,18.35
2025-02-17 02:00:00+00:00,Agege,17.93
2025-02-17 03:00:00+00:00,Agege,25.81
2025-02-17 04:00:00+00:00,Agege,25.62
2025-02-17 05:00:00+00:00,Agege,24.78
2025-02-17 06:00:00+00:00,Agege,30.51
2025-02-17 07:00:00+00:00,Agege,45.8
2025-02-17 08:00:00+00:00,Agege,27.78
2025-02-17 09:00:00+00:00,Agege,22.37
2025-02-17 10:00:00+00:00,Agege,27.47
2025-02-17 12:00:00+00:00,Agege,44.82
2025-02-17 14:00:00+00:00,Agege,21.8
2025-02-17 15:00:00+00:00,Agege,22.66
2025-02-17 16:00:00+00:00,Agege,23.12
2025-02-17 17:00:00+00:00,Agege,26.97
2025-02-17 18:00:00+00:00,Agege,22.28
2025-02-17 19:00:00+00:00,Agege,31.39
2025-02-17 20:00:00+00:00,Agege,40.44
2025-02-17 21:00:00+00:00,Agege,27.62
2025-02-17 22:00:00+00:00,Agege,22.17
2025-02-17 23:00:00+00:00,Agege,22.44
2025-02-18 00:00:00+00:00,Agege,26.45
2025-02-18 01:00:00+00:00,Agege,37.27
2025-02-18 02:00:00+00:00,Agege,25.05
2025-02-18 03:00:00+00:00,Agege,39.39
2025-02-18 04:00:00+00:00,Agege,40.54
2025-02-18 05:00:00+00:00,Agege,41.24
2025-02-18 06:00:00+00:00,Agege,44.29
2025-02-18 07:00:00+00:00,Agege,25.71
2025-02-18 08:00:00+00:00,Agege,27.31
2025-02-18 09:00:00+00:00,Agege,29.0
2025-02-18 10:00:00+00:00,Agege,28.8
2025-02-18 11:00:00+00:00,Agege,29.06
2025-02-18 12:00:00+00:00,Agege,28.95
2025-02-18 13:00:00+00:00,Agege,25.43
2025-02-18 14:00:00+00:00,Agege,29.37
2025-02-18 15:00:00+00:00,Agege,26.6
2025-02-18 16:00:00+00:00,Agege,23.07
2025-02-18 17:00:00+00:00,Agege,22.4
2025-02-18 18:00:00+00:00,Agege,23.31
2025-02-18 19:00:00+00:00,Agege,25.62
2025-02-18 20:00:00+00:00,Agege,35.71
2025-02-18 21:00:00+00:00,Agege,34.22
2025-02-18 22:00:00+00:00,Agege,34.57
2025-02-18 23:00:00+00:00,Agege,43.66
2025-02-19 00:00:00+00:00,Agege,27.66
2025-02-19 01:00:00+00:00,Agege,34.83
2025-02-19 02:00:00+00:00,Agege,33.94
2025-02-19 03:00:00+00:00,Agege,40.63
2025-02-19 04:00:00+00:00,Agege,37.54
2025-02-19 05:00:00+00:00,Agege,42.45
2025-02-19 06:00:00+00:00,Agege,26.31
2025-02-19 07:00:00+00:00,Agege,29.71
2025-02-19 08:00:00+00:00,Agege,27.89
2025-02-19 09:00:00+00:00,Agege,27.7
2025-02-19 10:00:00+00:00,Agege,29.22
2025-02-19 11:00:00+00:00,Agege,22.68
2025-02-19 12:00:00+00:00,Agege,26.31
2025-02-19 13:00:00+00:00,Agege,26.96
2025-02-19 14:00:00+00:00,Agege,22.0
2025-02-19 15:00:00+00:00,Agege,22.34
2025-02-19 16:00:00+00:00,Agege,23.08
2025-02-19 17:00:00+00:00,Agege,21.31
2025-02-19 18:00:00+00:00,Agege,32.77
2025-02-19 19:00:00+00:00,Agege,32.08
2025-02-19 20:00:00+00:00,Agege,21.18
2025-02-19 21:00:00+00:00,Agege,25.41
2025-02-19 22:00:00+00:00,Agege,27.17
2025-02-19 23:00:00+00:00,Agege,39.91
2025-02-20 00:00:00+00:00,Agege,25.56
2025-02-20 01:00:00+00:00,Agege,28.92
2025-02-20 02:00:00+00:00,Agege,29.64
2025-02-20 03:00:00+00:00,Agege,27.04
2025-02-20 04:00:00+00:00,Agege,36.45
2025-02-20 05:00:00+00:00,Agege,37.02
2025-02-20 07:00:00+00:00,Agege,28.52
2025-02-20 08:00:00+00:00,Agege,26.77
2025-02-20 09:00:00+00:00,Agege,22.98
2025-02-20 10:00:00+00:00,Agege,27.3
2025-02-20 11:00:00+00:00,Agege,27.84
2025-02-20 12:00:00+00:00,Agege,26.99
2025-02-20 13:00:00+00:00,Agege,22.15
2025-02-20 14:00:00+00:00,Agege,21.65
2025-02-20 15:00:00+00:00,Agege,24.12
2025-02-20 16:00:00+00:00,Agege,21.39
2025-02-20 17:00:00+00:00,Agege,22.63
2025-02-20 18:00:00+00:00,Agege,22.0
2025-02-20 19:00:00+00:00,Agege,24.96
2025-02-20 20:00:00+00:00,Agege,18.87
2025-02-20 21:00:00+00:00,Agege,20.93
2025-02-20 22:00:00+00:00,Agege,19.53
2025-02-20 23:00:00+00:00,Agege,20.52
2025-02-21 00:00:00+00:00,Agege,17.6
2025-02-21 01:00:00+00:00,Agege,17.76
2025-02-21 02:00:00+00:00,Agege,18.47
2025-02-21 03:00:00+00:00,Agege,24.45
2025-02-21 04:00:00+00:00,Agege,17.23
2025-02-21 05:00:00+00:00,Agege,18.12
2025-02-21 07:00:00+00:00,Agege,21.08
2025-02-21 08:00:00+00:00,Agege,20.04
2025-02-21 09:00:00+00:00,Agege,27.79
2025-02-21 10:00:00+00:00,Agege,28.95
2025-02-21 11:00:00+00:00,Agege,27.15
2025-02-21 12:00:00+00:00,Agege,23.19
2025-02-21 13:00:00+00:00,Agege,23.14
2025-02-21 14:00:00+00:00,Agege,27.2
2025-02-21 15:00:00+00:00,Agege,22.22
2025-02-21 16:00:00+00:00,Agege,21.55
2025-02-21 17:00:00+00:00,Agege,32.28
2025-02-21 18:00:00+00:00,Agege,31.72
2025-02-21 19:00:00+00:00,Agege,30.57
2025-02-21 20:00:00+00:00,Agege,24.75
2025-02-21 21:00:00+00:00,Agege,21.45
2025-02-21 22:00:00+00:00,Agege,21.24
2025-02-21 23:00:00+00:00,Agege,19.75
2025-02-22 00:00:00+00:00,Agege,17.15
2025-02-22 01:00:00+00:00,Agege,17.59
2025-02-22 02:00:00+00:00,Agege,16.73
2025-02-22 03:00:00+00:00,Agege,19.71
2025-02-22 04:00:00+00:00,Agege,18.33
2025-02-22 05:00:00+00:00,Agege,17.83
2025-02-22 07:00:00+00:00,Agege,27.99
2025-02-22 08:00:00+00:00,Agege,27.96
2025-02-22 09:00:00+00:00,Agege,21.89
2025-02-22 10:00:00+00:00,Agege,24.17
2025-02-22 11:00:00+00:00,Agege,23.18
2025-02-22 12:00:00+00:00,Agege,21.85
2025-02-22 13:00:00+00:00,Agege,18.68
2025-02-22 14:00:00+00:00,Agege,66.13
2025-02-22 15:00:00+00:00,Agege,149.6
2025-02-22 16:00:00+00:00,Agege,70.07
2025-02-22 17:00:00+00:00,Agege,54.94
2025-02-22 18:00:00+00:00,Agege,119.32
2025-02-22 19:00:00+00:00,Agege,106.59
2025-02-22 20:00:00+00:00,Agege,105.74
2025-02-22 21:00:00+00:00,Agege,62.61
2025-02-22 22:00:00+00:00,Agege,82.81
2025-02-22 23:00:00+00:00,Agege,55.5
2025-02-23 00:00:00+00:00,Agege,60.12
2025-02-23 01:00:00+00:00,Agege,49.72
2025-02-23 02:00:00+00:00,Agege,51.52
2025-02-23 03:00:00+00:00,Agege,49.1
2025-02-23 04:00:00+00:00,Agege,41.76
2025-02-23 08:00:00+00:00,Agege,56.71
2025-02-23 11:00:00+00:00,Agege,65.2
2025-02-23 12:00:00+00:00,Agege,68.37
2025-02-23 13:00:00+00:00,Agege,44.05
2025-02-23 14:00:00+00:00,Agege,36.14
2025-02-23 15:00:00+00:00,Agege,43.84
2025-02-23 16:00:00+00:00,Agege,41.82
2025-02-23 17:00:00+00:00,Agege,35.51
2025-02-23 18:00:00+00:00,Agege,40.16
2025-02-23 19:00:00+00:00,Agege,49.22
2025-02-23 20:00:00+00:00,Agege,43.73
2025-02-23 21:00:00+00:00,Agege,43.39
2025-02-23 22:00:00+00:00,Agege,47.2
2025-02-23 23:00:00+00:00,Agege,30.82
2025-02-24 00:00:00+00:00,Agege,34.1
2025-02-24 01:00:00+00:00,Agege,37.57
2025-02-24 02:00:00+00:00,Agege,33.8
2025-02-24 03:00:00+00:00,Agege,37.04
2025-02-24 04:00:00+00:00,Agege,38.01
2025-02-24 07:00:00+00:00,Agege,41.11
2025-02-24 08:00:00+00:00,Agege,32.61
2025-02-24 09:00:00+00:00,Agege,40.34
2025-02-24 10:00:00+00:00,Agege,27.87
2025-02-24 11:00:00+00:00,Agege,22.74
2025-02-24 12:00:00+00:00,Agege,23.16
2025-02-24 13:00:00+00:00,Agege,24.69
2025-02-24 14:00:00+00:00,Agege,21.74
2025-02-24 15:00:00+00:00,Agege,22.35
2025-02-24 16:00:00+00:00,Agege,21.57
2025-02-24 17:00:00+00:00,Agege,21.82
2025-02-24 18:00:00+00:00,Agege,26.32
2025-02-24 19:00:00+00:00,Agege,21.22
2025-02-24 20:00:00+00:00,Agege,18.16
2025-02-24 21:00:00+00:00,Agege,18.09
2025-02-24 22:00:00+00:00,Agege,18.6
2025-02-24 23:00:00+00:00,Agege,20.63
2025-02-25 00:00:00+00:00,Agege,26.66
2025-02-25 01:00:00+00:00,Agege,35.15
2025-02-25 03:00:00+00:00,Agege,37.41
2025-02-25 04:00:00+00:00,Agege,41.01
2025-02-25 05:00:00+00:00,Agege,30.63
2025-02-25 06:00:00+00:00,Agege,37.61
2025-02-25 07:00:00+00:00,Agege,28.89
2025-02-25 08:00:00+00:00,Agege,22.01
2025-02-25 09:00:00+00:00,Agege,21.83
2025-02-25 10:00:00+00:00,Agege,29.27
2025-02-25 11:00:00+00:00,Agege,40.58
2025-02-25 12:00:00+00:00,Agege,35.49
2025-02-25 13:00:00+00:00,Agege,25.98
2025-02-25 14:00:00+00:00,Agege,38.51
2025-02-25 15:00:00+00:00,Agege,50.47
2025-02-25 16:00:00+00:00,Agege,34.5
2025-02-25 17:00:00+00:00,Agege,30.06
2025-02-25 18:00:00+00:00,Agege,50.72
2025-02-25 19:00:00+00:00,Agege,53.33
2025-02-25 20:00:00+00:00,Agege,22.36
2025-02-25 21:00:00+00:00,Agege,20.92
2025-02-25 22:00:00+00:00,Agege,25.6
2025-02-25 23:00:00+00:00,Agege,25.29
2025-02-26 00:00:00+00:00,Agege,23.91
2025-02-26 01:00:00+00:00,Agege,17.84
2025-02-26 02:00:00+00:00,Agege,21.44
2025-02-26 03:00:00+00:00,Agege,15.36
2025-02-26 04:00:00+00:00,Agege,17.95
2025-02-26 05:00:00+00:00,Agege,27.87
2025-02-26 07:00:00+00:00,Agege,52.2
2025-02-26 09:00:00+00:00,Agege,45.78
2025-02-26 10:00:00+00:00,Agege,26.62
2025-02-26 11:00:00+00:00,Agege,35.46
2025-02-26 12:00:00+00:00,Agege,47.5
2025-02-26 13:00:00+00:00,Agege,35.05
2025-02-26 14:00:00+00:00,Agege,26.56
2025-02-26 15:00:00+00:00,Agege,28.42
2025-02-26 16:00:00+00:00,Agege,30.46
2025-02-26 17:00:00+00:00,Agege,23.3
2025-02-26 18:00:00+00:00,Agege,25.75
2025-02-26 19:00:00+00:00,Agege,29.21
2025-02-26 20:00:00+00:00,Agege,21.89
2025-02-26 21:00:00+00:00,Agege,21.66
2025-02-26 22:00:00+00:00,Agege,37.73
2025-02-26 23:00:00+00:00,Agege,40.81
2025-02-27 00:00:00+00:00,Agege,35.95
2025-02-27 01:00:00+00:00,Agege,35.6
2025-02-27 02:00:00+00:00,Agege,28.13
2025-02-27 03:00:00+00:00,Agege,34.89
2025-02-27 04:00:00+00:00,Agege,41.5
2025-02-27 05:00:00+00:00,Agege,38.03
2025-02-27 08:00:00+00:00,Agege,59.11
2025-02-27 09:00:00+00:00,Agege,31.77
2025-02-27 10:00:00+00:00,Agege,35.62
2025-02-27 11:00:00+00:00,Agege,51.83
2025-02-27 12:00:00+00:00,Agege,41.3
2025-02-27 13:00:00+00:00,Agege,42.09
2025-02-27 14:00:00+00:00,Agege,21.87
2025-02-27 15:00:00+00:00,Agege,22.12
2025-02-27 16:00:00+00:00,Agege,21.61
2025-02-27 17:00:00+00:00,Agege,21.73
2025-02-27 18:00:00+00:00,Agege,21.57
2025-02-27 19:00:00+00:00,Agege,20.59
2025-02-27 20:00:00+00:00,Agege,19.41
2025-02-27 21:00:00+00:00,Agege,18.85
2025-02-27 22:00:00+00:00,Agege,20.04
2025-02-27 23:00:00+00:00,Agege,29.14
2025-02-28 00:00:00+00:00,Agege,32.95
2025-02-28 01:00:00+00:00,Agege,28.8
2025-02-28 02:00:00+00:00,Agege,30.51
2025-02-28 03:00:00+00:00,Agege,39.33
2025-02-28 04:00:00+00:00,Agege,35.13
2025-02-28 05:00:00+00:00,Agege,42.19
2025-02-28 06:00:00+00:00,Agege,46.83
2025-02-28 08:00:00+00:00,Agege,44.36
2025-02-28 09:00:00+00:00,Agege,28.07
2025-02-28 10:00:00+00:00,Agege,29.07
2025-02-28 11:00:00+00:00,Agege,40.54
2025-02-28 12:00:00+00:00,Agege,59.83
2025-02-28 13:00:00+00:00,Agege,66.88
2025-02-28 14:00:00+00:00,Agege,33.75
2025-02-28 15:00:00+00:00,Agege,26.83
2025-02-28 16:00:00+00:00,Agege,27.07
2025-02-28 17:00:00+00:00,Agege,26.5
2025-02-28 18:00:00+00:00,Agege,21.22
2025-02-28 19:00:00+00:00,Agege,21.94
2025-02-28 22:00:00+00:00,Agege,27.06
2025-02-28 23:00:00+00:00,Agege,27.76
2025-02-01 00:00:00+00:00,Araromi,18.34
2025-02-01 01:00:00+00:00,Araromi,29.72
2025-02-01 09:00:00+00:00,Araromi,33.04
2025-02-01 10:00:00+00:00,Araromi,43.79
2025-02-01 11:00:00+00:00,Araromi,31.31
2025-02-01 12:00:00+00:00,Araromi,30.69
2025-02-01 13:00:00+00:00,Araromi,35.96
2025-02-01 14:00:00+00:00,Araromi,26.32
2025-02-01 15:00:00+00:00,Araromi,27.88
2025-02-01 16:00:00+00:00,Araromi,24.31
2025-02-01 17:00:00+00:00,Araromi,24.03
2025-02-01 18:00:00+00:00,Araromi,37.46
2025-02-01 19:00:00+00:00,Araromi,22.56
2025-02-01 20:00:00+00:00,Araromi,22.18
2025-02-01 21:00:00+00:00,Araromi,23.2
2025-02-01 22:00:00+00:00,Araromi,21.87
2025-02-02 07:00:00+00:00,Araromi,45.52
2025-02-02 08:00:00+00:00,Araromi,46.22
2025-02-02 09:00:00+00:00,Araromi,40.61
2025-02-02 10:00:00+00:00,Araromi,36.42
2025-02-02 11:00:00+00:00,Araromi,46.02
2025-02-02 12:00:00+00:00,Araromi,35.42
2025-02-02 13:00:00+00:00,Araromi,30.92
2025-02-02 14:00:00+00:00,Araromi,40.61
2025-02-02 15:00:00+00:00,Araromi,26.04
2025-02-02 16:00:00+00:00,Araromi,28.33
2025-02-02 17:00:00+00:00,Araromi,31.16
2025-02-02 18:00:00+00:00,Araromi,27.54
2025-02-02 19:00:00+00:00,Araromi,32.05
2025-02-02 20:00:00+00:00,Araromi,31.9
2025-02-02 21:00:00+00:00,Araromi,34.19
2025-02-02 22:00:00+00:00,Araromi,40.45
2025-02-02 23:00:00+00:00,Araromi,53.95
2025-02-03 00:00:00+00:00,Araromi,40.61
2025-02-03 01:00:00+00:00,Araromi,43.47
2025-02-03 02:00:00+00:00,Araromi,39.33
2025-02-03 04:00:00+00:00,Araromi,43.42
2025-02-03 05:00:00+00:00,Araromi,56.96
2025-02-03 06:00:00+00:00,Araromi,41.83
2025-02-03 07:00:00+00:00,Araromi,32.59
2025-02-03 08:00:00+00:00,Araromi,30.42
2025-02-03 09:00:00+00:00,Araromi,32.13
2025-02-03 10:00:00+00:00,Araromi,32.13
2025-02-03 11:00:00+00:00,Araromi,33.61
2025-02-03 12:00:00+00:00,Araromi,43.14
2025-02-03 13:00:00+00:00,Araromi,46.94
2025-02-03 14:00:00+00:00,Araromi,36.6
2025-02-03 15:00:00+00:00,Araromi,41.76
2025-02-03 16:00:00+00:00,Araromi,32.99
2025-02-03 17:00:00+00:00,Araromi,44.19
2025-02-03 18:00:00+00:00,Araromi,45.81
2025-02-03 19:00:00+00:00,Araromi,46.2
2025-02-03 20:00:00+00:00,Araromi,34.36
2025-02-03 21:00:00+00:00,Araromi,46.34
2025-02-03 22:00:00+00:00,Araromi,48.59
2025-02-03 23:00:00+00:00,Araromi,49.54
2025-02-04 00:00:00+00:00,Araromi,45.76
2025-02-04 01:00:00+00:00,Araromi,32.71
2025-02-04 02:00:00+00:00,Araromi,38.68
2025-02-04 03:00:00+00:00,Araromi,40.32
2025-02-04 04:00:00+00:00,Araromi,56.64
2025-02-04 05:00:00+00:00,Araromi,40.85
2025-02-04 06:00:00+00:00,Araromi,40.85
2025-02-04 07:00:00+00:00,Araromi,41.87
2025-02-04 08:00:00+00:00,Araromi,33.42
2025-02-04 09:00:00+00:00,Araromi,32.94
2025-02-04 10:00:00+00:00,Araromi,44.01
2025-02-04 11:00:00+00:00,Araromi,43.33
2025-02-04 12:00:00+00:00,Araromi,43.33
2025-02-04 13:00:00+00:00,Araromi,43.33
2025-02-04 14:00:00+00:00,Araromi,43.33
2025-02-04 15:00:00+00:00,Araromi,40.73
2025-02-04 16:00:00+00:00,Araromi,43.33
2025-02-04 17:00:00+00:00,Araromi,43.25
2025-02-04 18:00:00+00:00,Araromi,43.54
2025-02-04 19:00:00+00:00,Araromi,42.24
2025-02-04 20:00:00+00:00,Araromi,42.09
2025-02-04 21:00:00+00:00,Araromi,42.8
2025-02-04 22:00:00+00:00,Araromi,42.77
2025-02-04 23:00:00+00:00,Araromi,43.33
2025-02-05 00:00:00+00:00,Araromi,47.47
2025-02-05 02:00:00+00:00,Araromi,43.33
2025-02-05 03:00:00+00:00,Araromi,43.33
2025-02-05 05:00:00+00:00,Araromi,43.33
2025-02-05 08:00:00+00:00,Araromi,43.33
2025-02-05 09:00:00+00:00,Araromi,43.33
2025-02-05 10:00:00+00:00,Araromi,41.14
2025-02-05 11:00:00+00:00,Araromi,39.31
2025-02-05 12:00:00+00:00,Araromi,43.33
2025-02-05 15:00:00+00:00,Araromi,43.33
2025-02-05 16:00:00+00:00,Araromi,43.33
2025-02-05 17:00:00+00:00,Araromi,43.33
2025-02-05 18:00:00+00:00,Araromi,28.15
2025-02-05 19:00:00+00:00,Araromi,26.89
2025-02-05 20:00:00+00:00,Araromi,24.44
2025-02-05 21:00:00+00:00,Araromi,43.33
2025-02-05 22:00:00+00:00,Araromi,43.33
2025-02-05 23:00:00+00:00,Araromi,43.33
2025-02-06 00:00:00+00:00,Araromi,43.33
2025-02-06 01:00:00+00:00,Araromi,43.33
2025-02-06 02:00:00+00:00,Araromi,28.25
2025-02-06 03:00:00+00:00,Araromi,43.33
2025-02-06 04:00:00+00:00,Araromi,28.29
2025-02-06 05:00:00+00:00,Araromi,43.33
2025-02-06 06:00:00+00:00,Araromi,43.33
2025-02-06 07:00:00+00:00,Araromi,43.33
2025-02-06 08:00:00+00:00,Araromi,43.33
2025-02-06 09:00:00+00:00,Araromi,43.33
2025-02-06 10:00:00+00:00,Araromi,42.48
2025-02-06 11:00:00+00:00,Araromi,43.33
2025-02-06 12:00:00+00:00,Araromi,38.51
2025-02-06 13:00:00+00:00,Araromi,43.33
2025-02-06 14:00:00+00:00,Araromi,25.35
2025-02-06 15:00:00+00:00,Araromi,43.33
2025-02-06 16:00:00+00:00,Araromi,43.33
2025-02-06 17:00:00+00:00,Araromi,43.33
2025-02-06 19:00:00+00:00,Araromi,43.33
2025-02-06 20:00:00+00:00,Araromi,43.33
2025-02-06 22:00:00+00:00,Araromi,43.33
2025-02-06 23:00:00+00:00,Araromi,43.33
2025-02-07 01:00:00+00:00,Araromi,43.33
2025-02-07 02:00:00+00:00,Araromi,43.33
2025-02-07 05:00:00+00:00,Araromi,41.08
2025-02-07 06:00:00+00:00,Araromi,43.33
2025-02-07 07:00:00+00:00,Araromi,44.68
2025-02-07 09:00:00+00:00,Araromi,41.2
2025-02-07 10:00:00+00:00,Araromi,40.74
2025-02-07 11:00:00+00:00,Araromi,37.25
2025-02-07 12:00:00+00:00,Araromi,43.33
2025-02-07 13:00:00+00:00,Araromi,33.41
2025-02-07 14:00:00+00:00,Araromi,31.03
2025-02-07 15:00:00+00:00,Araromi,30.75
2025-02-07 16:00:00+00:00,Araromi,33.68
2025-02-07 17:00:00+00:00,Araromi,33.41
2025-02-07 18:00:00+00:00,Araromi,36.35
2025-02-07 19:00:00+00:00,Araromi,43.33
2025-02-07 20:00:00+00:00,Araromi,37.51
2025-02-07 21:00:00+00:00,Araromi,43.33
2025-02-07 22:00:00+00:00,Araromi,36.45
2025-02-07 23:00:00+00:00,Araromi,35.69
2025-02-08 02:00:00+00:00,Araromi,43.33
2025-02-08 03:00:00+00:00,Araromi,43.33
2025-02-08 04:00:00+00:00,Araromi,24.86
2025-02-08 05:00:00+00:00,Araromi,43.33
2025-02-08 06:00:00+00:00,Araromi,29.58
2025-02-08 07:00:00+00:00,Araromi,43.33
2025-02-08 08:00:00+00:00,Araromi,31.81
2025-02-08 09:00:00+00:00,Araromi,43.33
2025-02-08 10:00:00+00:00,Araromi,34.12
2025-02-08 11:00:00+00:00,Araromi,30.94
2025-02-08 12:00:00+00:00,Araromi,43.33
2025-02-08 13:00:00+00:00,Araromi,43.33
2025-02-08 14:00:00+00:00,Araromi,43.33
2025-02-08 15:00:00+00:00,Araromi,26.5
2025-02-08 16:00:00+00:00,Araromi,43.33
2025-02-08 17:00:00+00:00,Araromi,43.33
2025-02-08 18:00:00+00:00,Araromi,34.6
2025-02-08 19:00:00+00:00,Araromi,33.99
2025-02-08 20:00:00+00:00,Araromi,33.64
2025-02-08 21:00:00+00:00,Araromi,34.22
2025-02-08 22:00:00+00:00,Araromi,30.78
2025-02-09 08:00:00+00:00,Araromi,38.17
2025-02-09 09:00:00+00:00,Araromi,43.33
2025-02-09 12:00:00+00:00,Araromi,43.33
2025-02-09 13:00:00+00:00,Araromi,43.33
2025-02-09 14:00:00+00:00,Araromi,43.33
2025-02-09 15:00:00+00:00,Araromi,43.33
2025-02-09 17:00:00+00:00,Araromi,43.33
2025-02-09 18:00:00+00:00,Araromi,43.33
2025-02-09 21:00:00+00:00,Araromi,43.33
2025-02-10 02:00:00+00:00,Araromi,43.33
2025-02-10 04:00:00+00:00,Araromi,27.41
2025-02-10 11:00:00+00:00,Araromi,27.83
2025-02-10 12:00:00+00:00,Araromi,43.33
2025-02-10 13:00:00+00:00,Araromi,22.85
2025-02-10 14:00:00+00:00,Araromi,16.91
2025-02-10 15:00:00+00:00,Araromi,43.33
2025-02-10 16:00:00+00:00,Araromi,17.83
2025-02-10 17:00:00+00:00,Araromi,17.31
2025-02-10 18:00:00+00:00,Araromi,43.33
2025-02-10 19:00:00+00:00,Araromi,43.33
2025-02-10 20:00:00+00:00,Araromi,43.33
2025-02-10 21:00:00+00:00,Araromi,43.33
2025-02-10 22:00:00+00:00,Araromi,16.51
2025-02-10 23:00:00+00:00,Araromi,15.24
2025-02-11 00:00:00+00:00,Araromi,12.03
2025-02-11 01:00:00+00:00,Araromi,43.33
2025-02-11 02:00:00+00:00,Araromi,43.33
2025-02-11 03:00:00+00:00,Araromi,12.44
2025-02-11 04:00:00+00:00,Araromi,15.27
2025-02-11 05:00:00+00:00,Araromi,18.27
2025-02-11 06:00:00+00:00,Araromi,43.33
2025-02-11 07:00:00+00:00,Araromi,43.33
2025-02-11 08:00:00+00:00,Araromi,20.97
2025-02-11 09:00:00+00:00,Araromi,43.33
2025-02-11 10:00:00+00:00,Araromi,43.33
2025-02-11 11:00:00+00:00,Araromi,43.33
2025-02-11 12:00:00+00:00,Araromi,23.57
2025-02-11 13:00:00+00:00,Araromi,17.85
2025-02-11 14:00:00+00:00,Araromi,43.33
2025-02-11 15:00:00+00:00,Araromi,43.33
2025-02-11 16:00:00+00:00,Araromi,43.33
2025-02-11 17:00:00+00:00,Araromi,43.33
2025-02-11 18:00:00+00:00,Araromi,43.33
2025-02-11 19:00:00+00:00,Araromi,18.26
2025-02-11 20:00:00+00:00,Araromi,43.33
2025-02-11 21:00:00+00:00,Araromi,43.33
2025-02-11 22:00:00+00:00,Araromi,21.11
2025-02-11 23:00:00+00:00,Araromi,43.33
2025-02-12 00:00:00+00:00,Araromi,13.61
2025-02-12 01:00:00+00:00,Araromi,14.26
2025-02-12 02:00:00+00:00,Araromi,18.23
2025-02-12 03:00:00+00:00,Araromi,17.37
2025-02-12 04:00:00+00:00,Araromi,18.51
2025-02-12 05:00:00+00:00,Araromi,43.33
2025-02-12 06:00:00+00:00,Araromi,43.33
2025-02-12 07:00:00+00:00,Araromi,18.15
2025-02-12 08:00:00+00:00,Araromi,43.33
2025-02-12 09:00:00+00:00,Araromi,43.33
2025-02-12 10:00:00+00:00,Araromi,24.16
2025-02-12 11:00:00+00:00,Araromi,28.28
2025-02-12 12:00:00+00:00,Araromi,24.83
2025-02-12 13:00:00+00:00,Araromi,22.72
2025-02-12 14:00:00+00:00,Araromi,43.33
2025-02-12 15:00:00+00:00,Araromi,43.33
2025-02-12 16:00:00+00:00,Araromi,18.12
2025-02-12 17:00:00+00:00,Araromi,43.33
2025-02-12 18:00:00+00:00,Araromi,21.47
2025-02-12 19:00:00+00:00,Araromi,21.92
2025-02-12 20:00:00+00:00,Araromi,43.33
2025-02-12 21:00:00+00:00,Araromi,43.33
2025-02-12 22:00:00+00:00,Araromi,43.33
2025-02-12 23:00:00+00:00,Araromi,43.33
2025-02-13 00:00:00+00:00,Araromi,15.44
2025-02-13 01:00:00+00:00,Araromi,43.33
2025-02-13 02:00:00+00:00,Araromi,43.33
2025-02-13 03:00:00+00:00,Araromi,43.33
2025-02-13 04:00:00+00:00,Araromi,43.33
2025-02-13 05:00:00+00:00,Araromi,24.56
2025-02-13 06:00:00+00:00,Araromi,43.33
2025-02-13 07:00:00+00:00,Araromi,25.5
2025-02-13 08:00:00+00:00,Araromi,43.33
2025-02-13 09:00:00+00:00,Araromi,43.33
2025-02-13 10:00:00+00:00,Araromi,23.33
2025-02-13 18:00:00+00:00,Araromi,22.25
2025-02-13 19:00:00+00:00,Araromi,43.33
2025-02-13 20:00:00+00:00,Araromi,16.39
2025-02-13 21:00:00+00:00,Araromi,43.33
2025-02-13 22:00:00+00:00,Araromi,17.41
2025-02-13 23:00:00+00:00,Araromi,19.51
2025-02-14 00:00:00+00:00,Araromi,43.33
2025-02-14 01:00:00+00:00,Araromi,43.33
2025-02-14 02:00:00+00:00,Araromi,43.33
2025-02-14 03:00:00+00:00,Araromi,43.33
2025-02-14 04:00:00+00:00,Araromi,14.04
2025-02-14 05:00:00+00:00,Araromi,43.33
2025-02-14 06:00:00+00:00,Araromi,29.81
2025-02-14 07:00:00+00:00,Araromi,43.33
2025-02-14 08:00:00+00:00,Araromi,21.84
2025-02-14 09:00:00+00:00,Araromi,43.33
2025-02-14 10:00:00+00:00,Araromi,24.33
2025-02-14 11:00:00+00:00,Araromi,43.33
2025-02-14 12:00:00+00:00,Araromi,43.33
2025-02-14 13:00:00+00:00,Araromi,25.56
2025-02-14 14:00:00+00:00,Araromi,23.26
2025-02-14 15:00:00+00:00,Araromi,43.33
2025-02-14 16:00:00+00:00,Araromi,43.33
2025-02-14 17:00:00+00:00,Araromi,43.33
2025-02-14 18:00:00+00:00,Araromi,19.63
2025-02-14 19:00:00+00:00,Araromi,43.33
2025-02-14 20:00:00+00:00,Araromi,43.33
2025-02-14 21:00:00+00:00,Araromi,43.33
2025-02-14 22:00:00+00:00,Araromi,43.33
2025-02-14 23:00:00+00:00,Araromi,43.33
2025-02-15 00:00:00+00:00,Araromi,17.17
2025-02-15 01:00:00+00:00,Araromi,17.49
2025-02-15 02:00:00+00:00,Araromi,18.48
2025-02-15 03:00:00+00:00,Araromi,17.71
2025-02-15 04:00:00+00:00,Araromi,17.36
2025-02-15 05:00:00+00:00,Araromi,26.89
2025-02-15 06:00:00+00:00,Araromi,29.04
2025-02-15 07:00:00+00:00,Araromi,29.6
2025-02-15 08:00:00+00:00,Araromi,21.27
2025-02-15 09:00:00+00:00,Araromi,23.46
2025-02-15 10:00:00+00:00,Araromi,31.32
2025-02-15 11:00:00+00:00,Araromi,24.96
2025-02-15 12:00:00+00:00,Araromi,24.46
2025-02-15 13:00:00+00:00,Araromi,23.44
2025-02-15 14:00:00+00:00,Araromi,22.04
2025-02-15 15:00:00+00:00,Araromi,21.11
2025-02-15 16:00:00+00:00,Araromi,18.31
2025-02-15 17:00:00+00:00,Araromi,22.76
2025-02-15 18:00:00+00:00,Araromi,24.29
2025-02-15 19:00:00+00:00,Araromi,24.97
2025-02-15 20:00:00+00:00,Araromi,22.22
2025-02-15 21:00:00+00:00,Araromi,21.56
2025-02-15 22:00:00+00:00,Araromi,20.93
2025-02-15 23:00:00+00:00,Araromi,20.68
2025-02-16 00:00:00+00:00,Araromi,18.19
2025-02-16 01:00:00+00:00,Araromi,19.34
2025-02-16 02:00:00+00:00,Araromi,18.19
2025-02-16 03:00:00+00:00,Araromi,18.92
2025-02-16 04:00:00+00:00,Araromi,18.48
2025-02-16 05:00:00+00:00,Araromi,18.99
2025-02-16 06:00:00+00:00,Araromi,25.37
2025-02-16 07:00:00+00:00,Araromi,21.04
2025-02-16 08:00:00+00:00,Araromi,31.75
2025-02-16 09:00:00+00:00,Araromi,22.23
2025-02-16 10:00:00+00:00,Araromi,28.0
2025-02-16 11:00:00+00:00,Araromi,30.65
2025-02-16 12:00:00+00:00,Araromi,32.7
2025-02-16 13:00:00+00:00,Araromi,30.68
2025-02-16 14:00:00+00:00,Araromi,25.2
2025-02-16 15:00:00+00:00,Araromi,23.86
2025-02-16 16:00:00+00:00,Araromi,24.08
2025-02-16 17:00:00+00:00,Araromi,22.32
2025-02-16 18:00:00+00:00,Araromi,23.84
2025-02-16 19:00:00+00:00,Araromi,21.98
2025-02-16 20:00:00+00:00,Araromi,21.26
2025-02-16 21:00:00+00:00,Araromi,19.05
2025-02-16 22:00:00+00:00,Araromi,19.88
2025-02-16 23:00:00+00:00,Araromi,20.37
2025-02-17 00:00:00+00:00,Araromi,17.36
2025-02-17 01:00:00+00:00,Araromi,18.93
2025-02-17 02:00:00+00:00,Araromi,17.44
2025-02-17 03:00:00+00:00,Araromi,18.03
2025-02-17 04:00:00+00:00,Araromi,16.98
2025-02-17 05:00:00+00:00,Araromi,17.75
2025-02-17 06:00:00+00:00,Araromi,29.16
2025-02-17 07:00:00+00:00,Araromi,22.69
2025-02-17 08:00:00+00:00,Araromi,21.64
2025-02-17 09:00:00+00:00,Araromi,27.22
2025-02-17 10:00:00+00:00,Araromi,28.23
2025-02-17 11:00:00+00:00,Araromi,32.08
2025-02-17 12:00:00+00:00,Araromi,31.26
2025-02-17 13:00:00+00:00,Araromi,25.67
2025-02-17 14:00:00+00:00,Araromi,23.63
2025-02-17 15:00:00+00:00,Araromi,22.86
2025-02-17 16:00:00+00:00,Araromi,23.34
2025-02-17 17:00:00+00:00,Araromi,27.72
2025-02-17 18:00:00+00:00,Araromi,24.65
2025-02-17 19:00:00+00:00,Araromi,23.15
2025-02-17 20:00:00+00:00,Araromi,22.7
2025-02-17 21:00:00+00:00,Araromi,22.97
2025-02-17 22:00:00+00:00,Araromi,21.23
2025-02-17 23:00:00+00:00,Araromi,21.08
2025-02-18 00:00:00+00:00,Araromi,21.44
2025-02-18 01:00:00+00:00,Araromi,18.17
2025-02-18 02:00:00+00:00,Araromi,18.05
2025-02-18 03:00:00+00:00,Araromi,18.66
2025-02-18 04:00:00+00:00,Araromi,26.01
2025-02-18 05:00:00+00:00,Araromi,28.95
2025-02-18 06:00:00+00:00,Araromi,29.59
2025-02-18 07:00:00+00:00,Araromi,19.91
2025-02-18 08:00:00+00:00,Araromi,22.31
2025-02-18 09:00:00+00:00,Araromi,23.0
2025-02-18 10:00:00+00:00,Araromi,24.23
2025-02-18 11:00:00+00:00,Araromi,24.49
2025-02-18 12:00:00+00:00,Araromi,25.14
2025-02-18 13:00:00+00:00,Araromi,23.97
2025-02-18 14:00:00+00:00,Araromi,25.41
2025-02-18 15:00:00+00:00,Araromi,25.47
2025-02-18 16:00:00+00:00,Araromi,23.54
2025-02-18 17:00:00+00:00,Araromi,23.54
2025-02-18 18:00:00+00:00,Araromi,24.49
2025-02-18 19:00:00+00:00,Araromi,25.3
2025-02-18 21:00:00+00:00,Araromi,22.27
2025-02-18 22:00:00+00:00,Araromi,25.57
2025-02-18 23:00:00+00:00,Araromi,21.87
2025-02-19 01:00:00+00:00,Araromi,18.44
2025-02-19 02:00:00+00:00,Araromi,18.65
2025-02-19 03:00:00+00:00,Araromi,25.43
2025-02-19 04:00:00+00:00,Araromi,23.1
2025-02-19 06:00:00+00:00,Araromi,29.96
2025-02-19 07:00:00+00:00,Araromi,26.52
2025-02-19 08:00:00+00:00,Araromi,21.63
2025-02-19 09:00:00+00:00,Araromi,21.32
2025-02-19 10:00:00+00:00,Araromi,20.07
2025-02-19 11:00:00+00:00,Araromi,18.64
2025-02-19 12:00:00+00:00,Araromi,18.12
2025-02-19 14:00:00+00:00,Araromi,17.08
2025-02-19 15:00:00+00:00,Araromi,20.02
2025-02-19 16:00:00+00:00,Araromi,19.33
2025-02-19 17:00:00+00:00,Araromi,20.87
2025-02-19 18:00:00+00:00,Araromi,22.4
2025-02-19 19:00:00+00:00,Araromi,22.15
2025-02-19 20:00:00+00:00,Araromi,22.7
2025-02-19 21:00:00+00:00,Araromi,23.21
2025-02-19 22:00:00+00:00,Araromi,20.02
2025-02-19 23:00:00+00:00,Araromi,21.23
2025-02-20 00:00:00+00:00,Araromi,17.85
2025-02-20 01:00:00+00:00,Araromi,19.16
2025-02-20 02:00:00+00:00,Araromi,18.52
2025-02-20 03:00:00+00:00,Araromi,17.62
2025-02-20 04:00:00+00:00,Araromi,18.99
2025-02-20 05:00:00+00:00,Araromi,21.09
2025-02-20 06:00:00+00:00,Araromi,25.69
2025-02-20 07:00:00+00:00,Araromi,21.0
2025-02-20 08:00:00+00:00,Araromi,21.52
2025-02-20 09:00:00+00:00,Araromi,17.61
2025-02-20 10:00:00+00:00,Araromi,16.67
2025-02-20 11:00:00+00:00,Araromi,18.41
2025-02-20 12:00:00+00:00,Araromi,17.73
2025-02-20 13:00:00+00:00,Araromi,17.12
2025-02-20 14:00:00+00:00,Araromi,18.25
2025-02-20 15:00:00+00:00,Araromi,16.25
2025-02-20 16:00:00+00:00,Araromi,17.18
2025-02-20 17:00:00+00:00,Araromi,18.49
2025-02-20 19:00:00+00:00,Araromi,22.81
2025-02-20 20:00:00+00:00,Araromi,16.92
2025-02-20 21:00:00+00:00,Araromi,16.51
2025-02-20 22:00:00+00:00,Araromi,16.29
2025-02-20 23:00:00+00:00,Araromi,16.9
2025-02-21 00:00:00+00:00,Araromi,19.22
2025-02-21 01:00:00+00:00,Araromi,18.99
2025-02-21 02:00:00+00:00,Araromi,13.49
2025-02-21 03:00:00+00:00,Araromi,13.79
2025-02-21 04:00:00+00:00,Araromi,15.23
2025-02-21 05:00:00+00:00,Araromi,16.45
2025-02-21 06:00:00+00:00,Araromi,19.36
2025-02-21 07:00:00+00:00,Araromi,18.09
2025-02-21 08:00:00+00:00,Araromi,21.67
2025-02-21 09:00:00+00:00,Araromi,22.42
2025-02-21 10:00:00+00:00,Araromi,21.92
2025-02-21 11:00:00+00:00,Araromi,23.38
2025-02-21 12:00:00+00:00,Araromi,21.68
2025-02-21 13:00:00+00:00,Araromi,20.41
2025-02-21 14:00:00+00:00,Araromi,17.67
2025-02-21 15:00:00+00:00,Araromi,19.71
2025-02-21 16:00:00+00:00,Araromi,17.54
2025-02-21 17:00:00+00:00,Araromi,22.91
2025-02-21 18:00:00+00:00,Araromi,22.38
2025-02-21 19:00:00+00:00,Araromi,22.99
2025-02-21 20:00:00+00:00,Araromi,21.19
2025-02-21 21:00:00+00:00,Araromi,20.25
2025-02-21 22:00:00+00:00,Araromi,18.73
2025-02-21 23:00:00+00:00,Araromi,16.41
2025-02-22 00:00:00+00:00,Araromi,13.97
2025-02-22 01:00:00+00:00,Araromi,13.9
2025-02-22 02:00:00+00:00,Araromi,17.98
2025-02-22 03:00:00+00:00,Araromi,15.87
2025-02-22 04:00:00+00:00,Araromi,18.19
2025-02-22 05:00:00+00:00,Araromi,18.96
2025-02-22 06:00:00+00:00,Araromi,18.23
2025-02-22 07:00:00+00:00,Araromi,22.76
2025-02-22 08:00:00+00:00,Araromi,21.63
2025-02-22 09:00:00+00:00,Araromi,21.18
2025-02-22 10:00:00+00:00,Araromi,18.06
2025-02-22 11:00:00+00:00,Araromi,17.1
2025-02-22 12:00:00+00:00,Araromi,19.37
2025-02-22 13:00:00+00:00,Araromi,22.89
2025-02-22 14:00:00+00:00,Araromi,15.12
2025-02-22 15:00:00+00:00,Araromi,31.08
2025-02-22 16:00:00+00:00,Araromi,31.1
2025-02-22 17:00:00+00:00,Araromi,38.08
2025-02-22 18:00:00+00:00,Araromi,44.86
2025-02-22 19:00:00+00:00,Araromi,55.34
2025-02-22 20:00:00+00:00,Araromi,57.21
2025-02-22 21:00:00+00:00,Araromi,50.14
2025-02-22 22:00:00+00:00,Araromi,48.45
2025-02-22 23:00:00+00:00,Araromi,47.16
2025-02-23 00:00:00+00:00,Araromi,41.94
2025-02-23 01:00:00+00:00,Araromi,19.94
2025-02-23 02:00:00+00:00,Araromi,15.76
2025-02-23 03:00:00+00:00,Araromi,16.33
2025-02-23 04:00:00+00:00,Araromi,17.68
2025-02-23 05:00:00+00:00,Araromi,16.44
2025-02-23 06:00:00+00:00,Araromi,26.93
2025-02-23 07:00:00+00:00,Araromi,34.49
2025-02-23 08:00:00+00:00,Araromi,43.84
2025-02-23 09:00:00+00:00,Araromi,36.05
2025-02-23 10:00:00+00:00,Araromi,45.39
2025-02-23 11:00:00+00:00,Araromi,46.73
2025-02-23 12:00:00+00:00,Araromi,42.57
2025-02-23 13:00:00+00:00,Araromi,65.9
2025-02-23 14:00:00+00:00,Araromi,48.64
2025-02-23 15:00:00+00:00,Araromi,33.57
2025-02-23 16:00:00+00:00,Araromi,24.99
2025-02-23 17:00:00+00:00,Araromi,25.94
2025-02-23 18:00:00+00:00,Araromi,24.28
2025-02-23 19:00:00+00:00,Araromi,22.52
2025-02-23 20:00:00+00:00,Araromi,21.77
2025-02-23 21:00:00+00:00,Araromi,30.67
2025-02-23 22:00:00+00:00,Araromi,34.34
2025-02-23 23:00:00+00:00,Araromi,31.26
2025-02-24 00:00:00+00:00,Araromi,40.57
2025-02-24 01:00:00+00:00,Araromi,25.67
2025-02-24 02:00:00+00:00,Araromi,26.25
2025-02-24 03:00:00+00:00,Araromi,29.03
2025-02-24 04:00:00+00:00,Araromi,30.22
2025-02-24 05:00:00+00:00,Araromi,40.19
2025-02-24 07:00:00+00:00,Araromi,30.76
2025-02-24 08:00:00+00:00,Araromi,23.63
2025-02-24 09:00:00+00:00,Araromi,25.66
2025-02-24 10:00:00+00:00,Araromi,16.02
2025-02-24 11:00:00+00:00,Araromi,16.52
2025-02-24 12:00:00+00:00,Araromi,18.02
2025-02-24 13:00:00+00:00,Araromi,16.43
2025-02-24 14:00:00+00:00,Araromi,15.88
2025-02-24 15:00:00+00:00,Araromi,15.47
2025-02-24 16:00:00+00:00,Araromi,15.18
2025-02-24 17:00:00+00:00,Araromi,16.7
2025-02-24 18:00:00+00:00,Araromi,16.85
2025-02-24 19:00:00+00:00,Araromi,16.74
2025-02-24 20:00:00+00:00,Araromi,15.45
2025-02-24 21:00:00+00:00,Araromi,15.2
2025-02-24 22:00:00+00:00,Araromi,16.39
2025-02-24 23:00:00+00:00,Araromi,18.36
2025-02-25 00:00:00+00:00,Araromi,20.06
2025-02-25 01:00:00+00:00,Araromi,19.16
2025-02-25 02:00:00+00:00,Araromi,18.04
2025-02-25 03:00:00+00:00,Araromi,18.56
2025-02-25 04:00:00+00:00,Araromi,18.86
2025-02-25 08:00:00+00:00,Araromi,20.97
2025-02-25 09:00:00+00:00,Araromi,22.02
2025-02-25 10:00:00+00:00,Araromi,24.7
2025-02-25 11:00:00+00:00,Araromi,23.02
2025-02-25 12:00:00+00:00,Araromi,19.77
2025-02-25 13:00:00+00:00,Araromi,18.67
2025-02-25 14:00:00+00:00,Araromi,19.75
2025-02-25 15:00:00+00:00,Araromi,24.51
2025-02-25 16:00:00+00:00,Araromi,22.21
2025-02-25 17:00:00+00:00,Araromi,18.19
2025-02-25 18:00:00+00:00,Araromi,18.11
2025-02-25 19:00:00+00:00,Araromi,20.92
2025-02-25 20:00:00+00:00,Araromi,17.48
2025-02-25 21:00:00+00:00,Araromi,18.57
2025-02-25 22:00:00+00:00,Araromi,16.53
2025-02-25 23:00:00+00:00,Araromi,17.2
2025-02-26 00:00:00+00:00,Araromi,12.92
2025-02-26 01:00:00+00:00,Araromi,12.44
2025-02-26 02:00:00+00:00,Araromi,12.18
2025-02-26 03:00:00+00:00,Araromi,13.59
2025-02-26 04:00:00+00:00,Araromi,15.13
2025-02-26 05:00:00+00:00,Araromi,15.8
2025-02-26 06:00:00+00:00,Araromi,19.62
2025-02-26 08:00:00+00:00,Araromi,25.1
2025-02-26 09:00:00+00:00,Araromi,28.82
2025-02-26 10:00:00+00:00,Araromi,32.44
2025-02-26 11:00:00+00:00,Araromi,39.69
2025-02-26 12:00:00+00:00,Araromi,32.55
2025-02-26 13:00:00+00:00,Araromi,28.47
2025-02-26 14:00:00+00:00,Araromi,27.3
2025-02-26 15:00:00+00:00,Araromi,23.95
2025-02-26 16:00:00+00:00,Araromi,23.19
2025-02-26 17:00:00+00:00,Araromi,21.78
2025-02-26 18:00:00+00:00,Araromi,24.28
2025-02-26 19:00:00+00:00,Araromi,29.78
2025-02-26 20:00:00+00:00,Araromi,22.98
2025-02-26 21:00:00+00:00,Araromi,21.8
2025-02-26 22:00:00+00:00,Araromi,21.36
2025-02-26 23:00:00+00:00,Araromi,16.15
2025-02-27 08:00:00+00:00,Araromi,33.67
2025-02-27 09:00:00+00:00,Araromi,26.74
2025-02-27 10:00:00+00:00,Araromi,28.22
2025-02-27 11:00:00+00:00,Araromi,31.89
2025-02-27 12:00:00+00:00,Araromi,24.79
2025-02-27 13:00:00+00:00,Araromi,18.39
2025-02-27 14:00:00+00:00,Araromi,17.89
2025-02-27 15:00:00+00:00,Araromi,18.12
2025-02-27 16:00:00+00:00,Araromi,19.64
2025-02-27 17:00:00+00:00,Araromi,19.27
2025-02-27 18:00:00+00:00,Araromi,17.79
2025-02-27 19:00:00+00:00,Araromi,16.37
2025-02-27 20:00:00+00:00,Araromi,17.24
2025-02-27 21:00:00+00:00,Araromi,17.56
2025-02-27 22:00:00+00:00,Araromi,16.56
2025-02-27 23:00:00+00:00,Araromi,19.99
2025-02-28 00:00:00+00:00,Araromi,19.17
2025-02-28 01:00:00+00:00,Araromi,18.77
2025-02-28 02:00:00+00:00,Araromi,28.65
2025-02-28 03:00:00+00:00,Araromi,22.38
2025-02-28 04:00:00+00:00,Araromi,29.57
2025-02-28 05:00:00+00:00,Araromi,24.13
2025-02-28 06:00:00+00:00,Araromi,41.01
2025-02-28 07:00:00+00:00,Araromi,34.28
2025-02-28 08:00:00+00:00,Araromi,32.33
2025-02-28 09:00:00+00:00,Araromi,33.54
2025-02-28 10:00:00+00:00,Araromi,36.19
2025-02-28 11:00:00+00:00,Araromi,28.05
2025-02-28 12:00:00+00:00,Araromi,24.66
2025-02-28 13:00:00+00:00,Araromi,24.55
2025-02-28 14:00:00+00:00,Araromi,19.93
2025-02-28 15:00:00+00:00,Araromi,16.63
2025-02-28 16:00:00+00:00,Araromi,15.88
2025-02-28 17:00:00+00:00,Araromi,17.19
2025-02-28 18:00:00+00:00,Araromi,17.05
2025-02-28 19:00:00+00:00,Araromi,18.96
2025-02-28 20:00:00+00:00,Araromi,21.76
2025-02-28 21:00:00+00:00,Araromi,21.83
2025-02-28 22:00:00+00:00,Araromi,20.75
2025-02-28 23:00:00+00:00,Araromi,20.11
2025-02-01 00:00:00+00:00,Egbeda,35.85
2025-02-01 01:00:00+00:00,Egbeda,28.99
2025-02-01 02:00:00+00:00,Egbeda,26.55
2025-02-01 03:00:00+00:00,Egbeda,32.07
2025-02-01 04:00:00+00:00,Egbeda,40.4
2025-02-01 05:00:00+00:00,Egbeda,48.94
2025-02-01 06:00:00+00:00,Egbeda,48.0
2025-02-01 08:00:00+00:00,Egbeda,34.12
2025-02-01 09:00:00+00:00,Egbeda,22.97
2025-02-01 10:00:00+00:00,Egbeda,45.85
2025-02-01 11:00:00+00:00,Egbeda,31.91
2025-02-01 12:00:00+00:00,Egbeda,30.69
2025-02-01 13:00:00+00:00,Egbeda,36.97
2025-02-01 14:00:00+00:00,Egbeda,27.42
2025-02-01 15:00:00+00:00,Egbeda,25.09
2025-02-01 16:00:00+00:00,Egbeda,27.68
2025-02-01 17:00:00+00:00,Egbeda,26.36
2025-02-01 18:00:00+00:00,Egbeda,39.52
2025-02-01 19:00:00+00:00,Egbeda,31.43
2025-02-01 20:00:00+00:00,Egbeda,31.92
2025-02-01 21:00:00+00:00,Egbeda,30.83
2025-02-01 22:00:00+00:00,Egbeda,28.79
2025-02-01 23:00:00+00:00,Egbeda,44.42
2025-02-02 00:00:00+00:00,Egbeda,42.77
2025-02-02 01:00:00+00:00,Egbeda,40.81
2025-02-02 02:00:00+00:00,Egbeda,36.71
2025-02-02 03:00:00+00:00,Egbeda,35.18
2025-02-02 04:00:00+00:00,Egbeda,40.97
2025-02-02 05:00:00+00:00,Egbeda,46.04
2025-02-02 06:00:00+00:00,Egbeda,44.54
2025-02-02 07:00:00+00:00,Egbeda,52.2
2025-02-02 08:00:00+00:00,Egbeda,52.16
2025-02-02 09:00:00+00:00,Egbeda,47.57
2025-02-02 10:00:00+00:00,Egbeda,37.95
2025-02-02 11:00:00+00:00,Egbeda,48.66
2025-02-02 12:00:00+00:00,Egbeda,44.37
2025-02-02 13:00:00+00:00,Egbeda,33.71
2025-02-02 14:00:00+00:00,Egbeda,34.27
2025-02-02 15:00:00+00:00,Egbeda,34.27
2025-02-02 16:00:00+00:00,Egbeda,28.24
2025-02-02 17:00:00+00:00,Egbeda,36.04
2025-02-02 18:00:00+00:00,Egbeda,30.79
2025-02-02 19:00:00+00:00,Egbeda,34.04
2025-02-02 20:00:00+00:00,Egbeda,36.42
2025-02-02 21:00:00+00:00,Egbeda,43.9
2025-02-02 22:00:00+00:00,Egbeda,54.53
2025-02-02 23:00:00+00:00,Egbeda,57.35
2025-02-03 00:00:00+00:00,Egbeda,45.91
2025-02-03 01:00:00+00:00,Egbeda,40.81
2025-02-03 02:00:00+00:00,Egbeda,40.81
2025-02-03 03:00:00+00:00,Egbeda,41.74
2025-02-03 04:00:00+00:00,Egbeda,40.19
2025-02-03 05:00:00+00:00,Egbeda,57.78
2025-02-03 07:00:00+00:00,Egbeda,51.05
2025-02-03 08:00:00+00:00,Egbeda,50.42
2025-02-03 09:00:00+00:00,Egbeda,33.08
2025-02-03 10:00:00+00:00,Egbeda,28.45
2025-02-03 11:00:00+00:00,Egbeda,28.43
2025-02-03 12:00:00+00:00,Egbeda,42.34
2025-02-03 13:00:00+00:00,Egbeda,42.88
2025-02-03 14:00:00+00:00,Egbeda,41.62
2025-02-03 15:00:00+00:00,Egbeda,44.07
2025-02-03 16:00:00+00:00,Egbeda,33.64
2025-02-03 17:00:00+00:00,Egbeda,45.15
2025-02-03 18:00:00+00:00,Egbeda,43.03
2025-02-03 19:00:00+00:00,Egbeda,44.39
2025-02-03 20:00:00+00:00,Egbeda,37.41
2025-02-03 21:00:00+00:00,Egbeda,42.78
2025-02-03 22:00:00+00:00,Egbeda,34.28
2025-02-03 23:00:00+00:00,Egbeda,48.04
2025-02-04 00:00:00+00:00,Egbeda,48.6
2025-02-04 01:00:00+00:00,Egbeda,35.81
2025-02-04 02:00:00+00:00,Egbeda,40.11
2025-02-04 03:00:00+00:00,Egbeda,37.93
2025-02-04 04:00:00+00:00,Egbeda,64.59
2025-02-04 06:00:00+00:00,Egbeda,69.02
2025-02-04 07:00:00+00:00,Egbeda,41.24
2025-02-04 08:00:00+00:00,Egbeda,30.43
2025-02-04 09:00:00+00:00,Egbeda,26.13
2025-02-04 10:00:00+00:00,Egbeda,37.2
2025-02-04 11:00:00+00:00,Egbeda,44.36
2025-02-04 12:00:00+00:00,Egbeda,47.65
2025-02-04 13:00:00+00:00,Egbeda,47.65
2025-02-04 14:00:00+00:00,Egbeda,47.65
2025-02-04 15:00:00+00:00,Egbeda,41.3
2025-02-04 16:00:00+00:00,Egbeda,40.25
2025-02-04 17:00:00+00:00,Egbeda,37.78
2025-02-04 18:00:00+00:00,Egbeda,39.99
2025-02-04 19:00:00+00:00,Egbeda,47.25
2025-02-04 20:00:00+00:00,Egbeda,49.63
2025-02-04 21:00:00+00:00,Egbeda,47.65
2025-02-04 22:00:00+00:00,Egbeda,45.89
2025-02-04 23:00:00+00:00,Egbeda,47.65
2025-02-05 02:00:00+00:00,Egbeda,47.65
2025-02-05 03:00:00+00:00,Egbeda,47.65
2025-02-05 04:00:00+00:00,Egbeda,56.45
2025-02-05 06:00:00+00:00,Egbeda,69.44
2025-02-05 07:00:00+00:00,Egbeda,69.43
2025-02-05 08:00:00+00:00,Egbeda,47.65
2025-02-05 09:00:00+00:00,Egbeda,47.65
2025-02-05 10:00:00+00:00,Egbeda,34.99
2025-02-05 11:00:00+00:00,Egbeda,35.88
2025-02-05 12:00:00+00:00,Egbeda,47.65
2025-02-05 14:00:00+00:00,Egbeda,25.72
2025-02-05 15:00:00+00:00,Egbeda,47.65
2025-02-05 16:00:00+00:00,Egbeda,47.65
2025-02-05 17:00:00+00:00,Egbeda,47.65
2025-02-05 18:00:00+00:00,Egbeda,47.65
2025-02-05 19:00:00+00:00,Egbeda,30.66
2025-02-05 20:00:00+00:00,Egbeda,47.65
2025-02-05 21:00:00+00:00,Egbeda,47.65
2025-02-05 22:00:00+00:00,Egbeda,47.65
2025-02-05 23:00:00+00:00,Egbeda,31.12
2025-02-06 00:00:00+00:00,Egbeda,27.71
2025-02-06 01:00:00+00:00,Egbeda,29.07
2025-02-06 02:00:00+00:00,Egbeda,39.09
2025-02-06 10:00:00+00:00,Egbeda,39.09
2025-02-06 11:00:00+00:00,Egbeda,25.8
2025-02-06 12:00:00+00:00,Egbeda,37.98
2025-02-06 13:00:00+00:00,Egbeda,47.65
2025-02-06 14:00:00+00:00,Egbeda,24.91
2025-02-06 15:00:00+00:00,Egbeda,47.65
2025-02-06 16:00:00+00:00,Egbeda,47.65
2025-02-06 17:00:00+00:00,Egbeda,34.7
2025-02-06 18:00:00+00:00,Egbeda,47.65
2025-02-06 19:00:00+00:00,Egbeda,47.65
2025-02-06 20:00:00+00:00,Egbeda,27.45
2025-02-06 21:00:00+00:00,Egbeda,27.77
2025-02-07 07:00:00+00:00,Egbeda,50.93
2025-02-07 08:00:00+00:00,Egbeda,47.65
2025-02-07 09:00:00+00:00,Egbeda,47.65
2025-02-07 10:00:00+00:00,Egbeda,40.66
2025-02-07 11:00:00+00:00,Egbeda,47.65
2025-02-07 12:00:00+00:00,Egbeda,47.65
2025-02-07 13:00:00+00:00,Egbeda,37.23
2025-02-07 14:00:00+00:00,Egbeda,32.28
2025-02-07 15:00:00+00:00,Egbeda,29.84
2025-02-07 16:00:00+00:00,Egbeda,31.48
2025-02-07 17:00:00+00:00,Egbeda,33.12
2025-02-07 18:00:00+00:00,Egbeda,47.65
2025-02-07 19:00:00+00:00,Egbeda,36.51
2025-02-07 20:00:00+00:00,Egbeda,47.65
2025-02-07 21:00:00+00:00,Egbeda,34.64
2025-02-07 22:00:00+00:00,Egbeda,35.74
2025-02-07 23:00:00+00:00,Egbeda,36.24
2025-02-08 00:00:00+00:00,Egbeda,22.67
2025-02-08 01:00:00+00:00,Egbeda,47.65
2025-02-08 02:00:00+00:00,Egbeda,25.57
2025-02-08 03:00:00+00:00,Egbeda,47.65
2025-02-08 04:00:00+00:00,Egbeda,28.77
2025-02-08 05:00:00+00:00,Egbeda,47.65
2025-02-08 06:00:00+00:00,Egbeda,48.58
2025-02-08 07:00:00+00:00,Egbeda,47.65
2025-02-08 08:00:00+00:00,Egbeda,47.65
2025-02-08 09:00:00+00:00,Egbeda,22.54
2025-02-08 10:00:00+00:00,Egbeda,47.65
2025-02-08 11:00:00+00:00,Egbeda,32.68
2025-02-08 12:00:00+00:00,Egbeda,29.0
2025-02-08 13:00:00+00:00,Egbeda,47.65
2025-02-08 14:00:00+00:00,Egbeda,47.65
2025-02-08 15:00:00+00:00,Egbeda,27.98
2025-02-08 16:00:00+00:00,Egbeda,28.54
2025-02-08 17:00:00+00:00,Egbeda,47.65
2025-02-08 18:00:00+00:00,Egbeda,47.65
2025-02-08 19:00:00+00:00,Egbeda,34.53
2025-02-08 20:00:00+00:00,Egbeda,49.72
2025-02-08 21:00:00+00:00,Egbeda,47.65
2025-02-08 22:00:00+00:00,Egbeda,40.77
2025-02-08 23:00:00+00:00,Egbeda,28.06
2025-02-09 00:00:00+00:00,Egbeda,47.65
2025-02-09 01:00:00+00:00,Egbeda,38.83
2025-02-09 08:00:00+00:00,Egbeda,47.65
2025-02-09 09:00:00+00:00,Egbeda,31.69
2025-02-09 16:00:00+00:00,Egbeda,19.6
2025-02-09 17:00:00+00:00,Egbeda,19.08
2025-02-09 18:00:00+00:00,Egbeda,47.65
2025-02-09 19:00:00+00:00,Egbeda,47.65
2025-02-09 20:00:00+00:00,Egbeda,47.65
2025-02-09 21:00:00+00:00,Egbeda,18.69
2025-02-09 22:00:00+00:00,Egbeda,47.65
2025-02-09 23:00:00+00:00,Egbeda,47.65
2025-02-10 00:00:00+00:00,Egbeda,47.65
2025-02-10 01:00:00+00:00,Egbeda,47.65
2025-02-10 02:00:00+00:00,Egbeda,41.44
2025-02-10 03:00:00+00:00,Egbeda,32.75
2025-02-10 04:00:00+00:00,Egbeda,47.65
2025-02-10 05:00:00+00:00,Egbeda,29.7
2025-02-10 06:00:00+00:00,Egbeda,38.74
2025-02-10 07:00:00+00:00,Egbeda,31.77
2025-02-10 08:00:00+00:00,Egbeda,47.65
2025-02-10 09:00:00+00:00,Egbeda,47.65
2025-02-10 10:00:00+00:00,Egbeda,47.65
2025-02-10 11:00:00+00:00,Egbeda,47.65
2025-02-10 12:00:00+00:00,Egbeda,28.54
2025-02-10 13:00:00+00:00,Egbeda,47.65
2025-02-10 14:00:00+00:00,Egbeda,16.73
2025-02-10 15:00:00+00:00,Egbeda,15.94
2025-02-10 16:00:00+00:00,Egbeda,47.65
2025-02-10 17:00:00+00:00,Egbeda,47.65
2025-02-10 18:00:00+00:00,Egbeda,19.14
2025-02-10 19:00:00+00:00,Egbeda,47.65
2025-02-10 20:00:00+00:00,Egbeda,21.95
2025-02-10 21:00:00+00:00,Egbeda,17.41
2025-02-10 22:00:00+00:00,Egbeda,16.21
2025-02-10 23:00:00+00:00,Egbeda,15.69
2025-02-11 00:00:00+00:00,Egbeda,47.65
2025-02-11 01:00:00+00:00,Egbeda,47.65
2025-02-11 02:00:00+00:00,Egbeda,17.2
2025-02-11 03:00:00+00:00,Egbeda,47.65
2025-02-11 04:00:00+00:00,Egbeda,47.65
2025-02-11 05:00:00+00:00,Egbeda,18.33
2025-02-11 06:00:00+00:00,Egbeda,29.74
2025-02-11 07:00:00+00:00,Egbeda,27.11
2025-02-11 08:00:00+00:00,Egbeda,47.65
2025-02-11 09:00:00+00:00,Egbeda,47.65
2025-02-11 10:00:00+00:00,Egbeda,25.34
2025-02-11 11:00:00+00:00,Egbeda,25.29
2025-02-11 12:00:00+00:00,Egbeda,47.65
2025-02-11 13:00:00+00:00,Egbeda,47.65
2025-02-11 14:00:00+00:00,Egbeda,16.32
2025-02-11 15:00:00+00:00,Egbeda,18.32
2025-02-11 16:00:00+00:00,Egbeda,15.69
2025-02-11 17:00:00+00:00,Egbeda,47.65
2025-02-11 18:00:00+00:00,Egbeda,17.3
2025-02-12 02:00:00+00:00,Egbeda,13.69
2025-02-12 03:00:00+00:00,Egbeda,15.72
2025-02-12 04:00:00+00:00,Egbeda,47.65
2025-02-12 05:00:00+00:00,Egbeda,47.65
2025-02-12 06:00:00+00:00,Egbeda,29.97
2025-02-12 07:00:00+00:00,Egbeda,47.65
2025-02-12 08:00:00+00:00,Egbeda,19.04
2025-02-12 09:00:00+00:00,Egbeda,47.65
2025-02-12 10:00:00+00:00,Egbeda,47.65
2025-02-12 11:00:00+00:00,Egbeda,33.66
2025-02-12 12:00:00+00:00,Egbeda,47.65
2025-02-12 13:00:00+00:00,Egbeda,23.66
2025-02-12 14:00:00+00:00,Egbeda,47.65
2025-02-12 15:00:00+00:00,Egbeda,47.65
2025-02-12 16:00:00+00:00,Egbeda,47.65
2025-02-12 17:00:00+00:00,Egbeda,18.66
2025-02-12 18:00:00+00:00,Egbeda,47.65
2025-02-12 19:00:00+00:00,Egbeda,17.64
2025-02-12 20:00:00+00:00,Egbeda,47.65
2025-02-12 21:00:00+00:00,Egbeda,47.65
2025-02-12 22:00:00+00:00,Egbeda,47.65
2025-02-12 23:00:00+00:00,Egbeda,47.65
2025-02-13 00:00:00+00:00,Egbeda,47.65
2025-02-13 01:00:00+00:00,Egbeda,14.27
2025-02-13 02:00:00+00:00,Egbeda,47.65
2025-02-13 03:00:00+00:00,Egbeda,47.65
2025-02-13 04:00:00+00:00,Egbeda,47.65
2025-02-13 05:00:00+00:00,Egbeda,47.65
2025-02-13 06:00:00+00:00,Egbeda,47.65
2025-02-13 07:00:00+00:00,Egbeda,29.28
2025-02-13 08:00:00+00:00,Egbeda,47.65
2025-02-13 09:00:00+00:00,Egbeda,19.92
2025-02-13 10:00:00+00:00,Egbeda,24.25
2025-02-13 11:00:00+00:00,Egbeda,24.69
2025-02-13 12:00:00+00:00,Egbeda,28.07
2025-02-13 13:00:00+00:00,Egbeda,24.41
2025-02-13 14:00:00+00:00,Egbeda,47.65
2025-02-13 15:00:00+00:00,Egbeda,18.98
2025-02-13 16:00:00+00:00,Egbeda,17.77
2025-02-13 17:00:00+00:00,Egbeda,47.65
2025-02-13 18:00:00+00:00,Egbeda,47.65
2025-02-13 20:00:00+00:00,Egbeda,20.19
2025-02-13 21:00:00+00:00,Egbeda,18.07
2025-02-13 22:00:00+00:00,Egbeda,47.65
2025-02-13 23:00:00+00:00,Egbeda,47.65
2025-02-14 00:00:00+00:00,Egbeda,17.27
2025-02-14 01:00:00+00:00,Egbeda,47.65
2025-02-14 02:00:00+00:00,Egbeda,47.65
2025-02-14 03:00:00+00:00,Egbeda,47.65
2025-02-14 04:00:00+00:00,Egbeda,28.26
2025-02-14 05:00:00+00:00,Egbeda,34.7
2025-02-14 06:00:00+00:00,Egbeda,47.65
2025-02-14 07:00:00+00:00,Egbeda,47.65
2025-02-14 08:00:00+00:00,Egbeda,20.69
2025-02-14 09:00:00+00:00,Egbeda,47.65
2025-02-14 10:00:00+00:00,Egbeda,24.4
2025-02-14 11:00:00+00:00,Egbeda,47.65
2025-02-14 12:00:00+00:00,Egbeda,47.65
2025-02-14 13:00:00+00:00,Egbeda,26.99
2025-02-14 14:00:00+00:00,Egbeda,24.81
2025-02-14 15:00:00+00:00,Egbeda,23.79
2025-02-14 16:00:00+00:00,Egbeda,27.08
2025-02-14 17:00:00+00:00,Egbeda,47.65
2025-02-14 18:00:00+00:00,Egbeda,47.65
2025-02-14 19:00:00+00:00,Egbeda,20.74
2025-02-14 20:00:00+00:00,Egbeda,47.65
2025-02-14 21:00:00+00:00,Egbeda,47.65
2025-02-14 22:00:00+00:00,Egbeda,47.65
2025-02-14 23:00:00+00:00,Egbeda,47.65
2025-02-15 00:00:00+00:00,Egbeda,18.27
2025-02-15 01:00:00+00:00,Egbeda,22.07
2025-02-15 02:00:00+00:00,Egbeda,29.03
2025-02-15 03:00:00+00:00,Egbeda,32.03
2025-02-15 05:00:00+00:00,Egbeda,28.32
2025-02-15 06:00:00+00:00,Egbeda,28.36
2025-02-15 07:00:00+00:00,Egbeda,23.66
2025-02-15 08:00:00+00:00,Egbeda,20.66
2025-02-15 09:00:00+00:00,Egbeda,22.44
2025-02-15 10:00:00+00:00,Egbeda,27.3
2025-02-15 11:00:00+00:00,Egbeda,31.28
2025-02-15 12:00:00+00:00,Egbeda,28.37
2025-02-15 13:00:00+00:00,Egbeda,26.97
2025-02-15 14:00:00+00:00,Egbeda,24.04
2025-02-15 15:00:00+00:00,Egbeda,22.7
2025-02-15 16:00:00+00:00,Egbeda,22.6
2025-02-15 17:00:00+00:00,Egbeda,23.12
2025-02-15 18:00:00+00:00,Egbeda,24.15
2025-02-15 19:00:00+00:00,Egbeda,18.21
2025-02-15 20:00:00+00:00,Egbeda,19.15
2025-02-15 21:00:00+00:00,Egbeda,21.58
2025-02-15 22:00:00+00:00,Egbeda,20.5
2025-02-15 23:00:00+00:00,Egbeda,21.12
2025-02-16 00:00:00+00:00,Egbeda,16.84
2025-02-16 01:00:00+00:00,Egbeda,24.23
2025-02-16 02:00:00+00:00,Egbeda,16.1
2025-02-16 03:00:00+00:00,Egbeda,27.0
2025-02-16 04:00:00+00:00,Egbeda,28.11
2025-02-16 06:00:00+00:00,Egbeda,37.97
2025-02-16 07:00:00+00:00,Egbeda,33.67
2025-02-16 08:00:00+00:00,Egbeda,26.8
2025-02-16 09:00:00+00:00,Egbeda,21.76
2025-02-16 10:00:00+00:00,Egbeda,27.21
2025-02-16 11:00:00+00:00,Egbeda,32.17
2025-02-16 12:00:00+00:00,Egbeda,34.57
2025-02-16 13:00:00+00:00,Egbeda,33.97
2025-02-16 14:00:00+00:00,Egbeda,27.34
2025-02-16 15:00:00+00:00,Egbeda,31.37
2025-02-16 16:00:00+00:00,Egbeda,29.62
2025-02-16 17:00:00+00:00,Egbeda,27.85
2025-02-16 18:00:00+00:00,Egbeda,27.0
2025-02-16 19:00:00+00:00,Egbeda,22.09
2025-02-16 20:00:00+00:00,Egbeda,22.08
2025-02-16 21:00:00+00:00,Egbeda,22.08
2025-02-16 22:00:00+00:00,Egbeda,18.9
2025-02-16 23:00:00+00:00,Egbeda,20.0
2025-02-17 00:00:00+00:00,Egbeda,17.11
2025-02-17 01:00:00+00:00,Egbeda,18.6
2025-02-17 02:00:00+00:00,Egbeda,22.37
2025-02-17 03:00:00+00:00,Egbeda,19.66
2025-02-17 04:00:00+00:00,Egbeda,24.07
2025-02-17 05:00:00+00:00,Egbeda,27.78
2025-02-17 06:00:00+00:00,Egbeda,20.63
2025-02-17 07:00:00+00:00,Egbeda,32.06
2025-02-17 08:00:00+00:00,Egbeda,18.4
2025-02-17 09:00:00+00:00,Egbeda,22.02
2025-02-17 10:00:00+00:00,Egbeda,26.82
2025-02-17 11:00:00+00:00,Egbeda,30.48
2025-02-17 12:00:00+00:00,Egbeda,31.99
2025-02-17 13:00:00+00:00,Egbeda,27.78
2025-02-17 14:00:00+00:00,Egbeda,25.58
2025-02-17 15:00:00+00:00,Egbeda,23.95
2025-02-17 16:00:00+00:00,Egbeda,25.11
2025-02-17 17:00:00+00:00,Egbeda,30.04
2025-02-17 18:00:00+00:00,Egbeda,23.49
2025-02-17 19:00:00+00:00,Egbeda,22.0
2025-02-17 20:00:00+00:00,Egbeda,21.22
2025-02-17 21:00:00+00:00,Egbeda,21.89
2025-02-17 22:00:00+00:00,Egbeda,20.47
2025-02-17 23:00:00+00:00,Egbeda,32.35
2025-02-18 00:00:00+00:00,Egbeda,15.53
2025-02-18 01:00:00+00:00,Egbeda,16.99
2025-02-18 02:00:00+00:00,Egbeda,24.75
2025-02-18 03:00:00+00:00,Egbeda,27.76
2025-02-18 04:00:00+00:00,Egbeda,28.98
2025-02-18 05:00:00+00:00,Egbeda,29.3
2025-02-18 06:00:00+00:00,Egbeda,29.6
2025-02-18 07:00:00+00:00,Egbeda,19.06
2025-02-18 08:00:00+00:00,Egbeda,16.81
2025-02-18 09:00:00+00:00,Egbeda,21.14
2025-02-18 10:00:00+00:00,Egbeda,22.71
2025-02-18 11:00:00+00:00,Egbeda,26.11
2025-02-18 12:00:00+00:00,Egbeda,27.28
2025-02-18 13:00:00+00:00,Egbeda,25.25
2025-02-18 14:00:00+00:00,Egbeda,24.96
2025-02-18 15:00:00+00:00,Egbeda,25.83
2025-02-18 16:00:00+00:00,Egbeda,23.52
2025-02-18 17:00:00+00:00,Egbeda,27.99
2025-02-18 18:00:00+00:00,Egbeda,30.92
2025-02-18 19:00:00+00:00,Egbeda,22.55
2025-02-18 20:00:00+00:00,Egbeda,21.55
2025-02-18 21:00:00+00:00,Egbeda,24.48
2025-02-18 22:00:00+00:00,Egbeda,21.31
2025-02-18 23:00:00+00:00,Egbeda,24.88
2025-02-19 00:00:00+00:00,Egbeda,16.87
2025-02-19 01:00:00+00:00,Egbeda,16.27
2025-02-19 02:00:00+00:00,Egbeda,18.34
2025-02-19 03:00:00+00:00,Egbeda,18.19
2025-02-19 04:00:00+00:00,Egbeda,19.98
2025-02-19 05:00:00+00:00,Egbeda,26.97
2025-02-19 06:00:00+00:00,Egbeda,30.06
2025-02-19 07:00:00+00:00,Egbeda,19.83
2025-02-19 08:00:00+00:00,Egbeda,21.58
2025-02-19 09:00:00+00:00,Egbeda,20.98
2025-02-19 10:00:00+00:00,Egbeda,18.36
2025-02-19 11:00:00+00:00,Egbeda,17.39
2025-02-19 12:00:00+00:00,Egbeda,20.42
2025-02-19 13:00:00+00:00,Egbeda,17.59
2025-02-19 14:00:00+00:00,Egbeda,18.24
2025-02-19 15:00:00+00:00,Egbeda,22.13
2025-02-19 16:00:00+00:00,Egbeda,20.18
2025-02-19 17:00:00+00:00,Egbeda,18.55
2025-02-19 18:00:00+00:00,Egbeda,22.51
2025-02-19 19:00:00+00:00,Egbeda,21.7
2025-02-19 20:00:00+00:00,Egbeda,22.53
2025-02-19 21:00:00+00:00,Egbeda,19.85
2025-02-19 22:00:00+00:00,Egbeda,20.96
2025-02-19 23:00:00+00:00,Egbeda,26.33
2025-02-20 00:00:00+00:00,Egbeda,18.13
2025-02-20 01:00:00+00:00,Egbeda,25.64
2025-02-20 02:00:00+00:00,Egbeda,17.04
2025-02-20 03:00:00+00:00,Egbeda,16.94
2025-02-20 04:00:00+00:00,Egbeda,24.95
2025-02-20 05:00:00+00:00,Egbeda,28.07
2025-02-20 06:00:00+00:00,Egbeda,28.55
2025-02-20 07:00:00+00:00,Egbeda,18.91
2025-02-20 08:00:00+00:00,Egbeda,17.23
2025-02-20 09:00:00+00:00,Egbeda,19.3
2025-02-20 10:00:00+00:00,Egbeda,18.39
2025-02-20 11:00:00+00:00,Egbeda,23.68
2025-02-20 12:00:00+00:00,Egbeda,24.02
2025-02-20 13:00:00+00:00,Egbeda,22.58
2025-02-20 14:00:00+00:00,Egbeda,19.69
2025-02-20 15:00:00+00:00,Egbeda,18.11
2025-02-20 16:00:00+00:00,Egbeda,16.58
2025-02-20 17:00:00+00:00,Egbeda,22.11
2025-02-20 18:00:00+00:00,Egbeda,22.35
2025-02-20 19:00:00+00:00,Egbeda,16.49
2025-02-20 20:00:00+00:00,Egbeda,20.89
2025-02-20 21:00:00+00:00,Egbeda,19.03
2025-02-20 22:00:00+00:00,Egbeda,16.86
2025-02-20 23:00:00+00:00,Egbeda,15.97
2025-02-21 00:00:00+00:00,Egbeda,12.6
2025-02-21 01:00:00+00:00,Egbeda,13.67
2025-02-21 02:00:00+00:00,Egbeda,13.81
2025-02-21 03:00:00+00:00,Egbeda,16.53
2025-02-21 04:00:00+00:00,Egbeda,17.31
2025-02-21 05:00:00+00:00,Egbeda,16.59
2025-02-21 06:00:00+00:00,Egbeda,15.64
2025-02-21 07:00:00+00:00,Egbeda,17.32
2025-02-21 08:00:00+00:00,Egbeda,16.95
2025-02-21 09:00:00+00:00,Egbeda,17.07
2025-02-21 10:00:00+00:00,Egbeda,22.61
2025-02-21 11:00:00+00:00,Egbeda,17.26
2025-02-21 12:00:00+00:00,Egbeda,17.4
2025-02-21 13:00:00+00:00,Egbeda,26.53
2025-02-21 14:00:00+00:00,Egbeda,21.55
2025-02-21 15:00:00+00:00,Egbeda,18.07
2025-02-21 16:00:00+00:00,Egbeda,19.43
2025-02-21 17:00:00+00:00,Egbeda,22.59
2025-02-21 18:00:00+00:00,Egbeda,23.19
2025-02-21 19:00:00+00:00,Egbeda,25.0
2025-02-21 21:00:00+00:00,Egbeda,20.52
2025-02-21 22:00:00+00:00,Egbeda,17.06
2025-02-21 23:00:00+00:00,Egbeda,14.59
2025-02-22 00:00:00+00:00,Egbeda,12.27
2025-02-22 01:00:00+00:00,Egbeda,12.4
2025-02-22 02:00:00+00:00,Egbeda,13.74
2025-02-22 03:00:00+00:00,Egbeda,15.17
2025-02-22 04:00:00+00:00,Egbeda,16.82
2025-02-22 05:00:00+00:00,Egbeda,15.2
2025-02-22 06:00:00+00:00,Egbeda,16.64
2025-02-22 07:00:00+00:00,Egbeda,18.6
2025-02-22 08:00:00+00:00,Egbeda,20.48
2025-02-22 09:00:00+00:00,Egbeda,22.36
2025-02-22 10:00:00+00:00,Egbeda,17.4
2025-02-22 11:00:00+00:00,Egbeda,17.78
2025-02-22 12:00:00+00:00,Egbeda,15.73
2025-02-22 13:00:00+00:00,Egbeda,16.9
2025-02-22 14:00:00+00:00,Egbeda,17.02
2025-02-22 15:00:00+00:00,Egbeda,29.1
2025-02-22 16:00:00+00:00,Egbeda,29.69
2025-02-22 17:00:00+00:00,Egbeda,35.32
2025-02-22 18:00:00+00:00,Egbeda,45.83
2025-02-23 03:00:00+00:00,Egbeda,30.14
2025-02-23 04:00:00+00:00,Egbeda,27.93
2025-02-23 05:00:00+00:00,Egbeda,28.55
2025-02-23 06:00:00+00:00,Egbeda,28.61
2025-02-23 09:00:00+00:00,Egbeda,34.6
2025-02-23 10:00:00+00:00,Egbeda,37.27
2025-02-23 11:00:00+00:00,Egbeda,34.06
2025-02-23 12:00:00+00:00,Egbeda,35.67
2025-02-23 13:00:00+00:00,Egbeda,31.88
2025-02-23 14:00:00+00:00,Egbeda,37.03
2025-02-23 15:00:00+00:00,Egbeda,31.26
2025-02-23 16:00:00+00:00,Egbeda,32.27
2025-02-23 17:00:00+00:00,Egbeda,24.41
2025-02-23 18:00:00+00:00,Egbeda,28.17
2025-02-23 19:00:00+00:00,Egbeda,34.06
2025-02-23 20:00:00+00:00,Egbeda,25.33
2025-02-23 21:00:00+00:00,Egbeda,33.42
2025-02-23 22:00:00+00:00,Egbeda,33.74
2025-02-23 23:00:00+00:00,Egbeda,46.48
2025-02-24 00:00:00+00:00,Egbeda,29.66
2025-02-24 01:00:00+00:00,Egbeda,28.43
2025-02-24 08:00:00+00:00,Egbeda,24.51
2025-02-24 09:00:00+00:00,Egbeda,23.71
2025-02-24 10:00:00+00:00,Egbeda,16.7
2025-02-24 11:00:00+00:00,Egbeda,16.8
2025-02-24 12:00:00+00:00,Egbeda,18.06
2025-02-24 13:00:00+00:00,Egbeda,17.24
2025-02-24 14:00:00+00:00,Egbeda,15.23
2025-02-24 15:00:00+00:00,Egbeda,15.08
2025-02-24 16:00:00+00:00,Egbeda,15.11
2025-02-24 17:00:00+00:00,Egbeda,16.06
2025-02-24 18:00:00+00:00,Egbeda,14.71
2025-02-24 19:00:00+00:00,Egbeda,18.42
2025-02-24 20:00:00+00:00,Egbeda,17.99
2025-02-24 21:00:00+00:00,Egbeda,17.96
2025-02-24 22:00:00+00:00,Egbeda,17.32
2025-02-24 23:00:00+00:00,Egbeda,17.18
2025-02-25 00:00:00+00:00,Egbeda,18.83
2025-02-25 01:00:00+00:00,Egbeda,17.36
2025-02-25 02:00:00+00:00,Egbeda,18.38
2025-02-25 04:00:00+00:00,Egbeda,25.32
2025-02-25 08:00:00+00:00,Egbeda,21.15
2025-02-25 09:00:00+00:00,Egbeda,22.49
2025-02-25 10:00:00+00:00,Egbeda,23.33
2025-02-25 11:00:00+00:00,Egbeda,23.35
2025-02-25 12:00:00+00:00,Egbeda,16.18
2025-02-25 13:00:00+00:00,Egbeda,22.75
2025-02-25 14:00:00+00:00,Egbeda,23.06
2025-02-25 15:00:00+00:00,Egbeda,19.09
2025-02-25 16:00:00+00:00,Egbeda,18.27
2025-02-25 17:00:00+00:00,Egbeda,17.14
2025-02-25 18:00:00+00:00,Egbeda,19.04
2025-02-25 19:00:00+00:00,Egbeda,20.97
2025-02-25 20:00:00+00:00,Egbeda,18.24
2025-02-25 21:00:00+00:00,Egbeda,15.35
2025-02-25 22:00:00+00:00,Egbeda,16.1
2025-02-25 23:00:00+00:00,Egbeda,14.35
2025-02-26 00:00:00+00:00,Egbeda,14.09
2025-02-26 01:00:00+00:00,Egbeda,12.2
2025-02-26 02:00:00+00:00,Egbeda,12.15
2025-02-26 03:00:00+00:00,Egbeda,18.5
2025-02-26 04:00:00+00:00,Egbeda,16.5
2025-02-26 05:00:00+00:00,Egbeda,16.46
2025-02-26 06:00:00+00:00,Egbeda,30.41
2025-02-26 08:00:00+00:00,Egbeda,39.82
2025-02-26 09:00:00+00:00,Egbeda,25.67
2025-02-26 10:00:00+00:00,Egbeda,27.65
2025-02-26 11:00:00+00:00,Egbeda,28.18
2025-02-26 12:00:00+00:00,Egbeda,27.01
2025-02-26 13:00:00+00:00,Egbeda,24.33
2025-02-26 14:00:00+00:00,Egbeda,24.78
2025-02-26 15:00:00+00:00,Egbeda,26.98
2025-02-26 16:00:00+00:00,Egbeda,33.46
2025-02-26 17:00:00+00:00,Egbeda,24.07
2025-02-26 18:00:00+00:00,Egbeda,22.8
2025-02-26 19:00:00+00:00,Egbeda,22.75
2025-02-26 20:00:00+00:00,Egbeda,26.52
2025-02-26 21:00:00+00:00,Egbeda,30.4
2025-02-26 22:00:00+00:00,Egbeda,22.43
2025-02-26 23:00:00+00:00,Egbeda,20.87
2025-02-27 00:00:00+00:00,Egbeda,28.79
2025-02-27 01:00:00+00:00,Egbeda,15.59
2025-02-27 02:00:00+00:00,Egbeda,17.19
2025-02-27 08:00:00+00:00,Egbeda,45.65
2025-02-27 09:00:00+00:00,Egbeda,32.27
2025-02-27 10:00:00+00:00,Egbeda,30.66
2025-02-27 11:00:00+00:00,Egbeda,30.63
2025-02-27 12:00:00+00:00,Egbeda,37.43
2025-02-27 13:00:00+00:00,Egbeda,25.88
2025-02-27 14:00:00+00:00,Egbeda,22.04
2025-02-27 15:00:00+00:00,Egbeda,27.62
2025-02-27 16:00:00+00:00,Egbeda,24.14
2025-02-27 18:00:00+00:00,Egbeda,34.66
2025-02-27 19:00:00+00:00,Egbeda,18.72
2025-02-27 20:00:00+00:00,Egbeda,21.07
2025-02-27 21:00:00+00:00,Egbeda,18.13
2025-02-27 22:00:00+00:00,Egbeda,20.08
2025-02-27 23:00:00+00:00,Egbeda,25.21
2025-02-28 00:00:00+00:00,Egbeda,29.82
2025-02-28 01:00:00+00:00,Egbeda,22.71
2025-02-28 02:00:00+00:00,Egbeda,19.71
2025-02-28 03:00:00+00:00,Egbeda,18.16
2025-02-28 04:00:00+00:00,Egbeda,26.82
2025-02-28 05:00:00+00:00,Egbeda,32.29
2025-02-28 06:00:00+00:00,Egbeda,39.91
2025-02-28 07:00:00+00:00,Egbeda,45.37
2025-02-28 08:00:00+00:00,Egbeda,21.48
2025-02-28 09:00:00+00:00,Egbeda,22.31
2025-02-28 10:00:00+00:00,Egbeda,27.98
2025-02-28 11:00:00+00:00,Egbeda,32.15
2025-02-28 12:00:00+00:00,Egbeda,32.62
2025-02-28 13:00:00+00:00,Egbeda,31.3
2025-02-28 14:00:00+00:00,Egbeda,24.55
2025-02-28 15:00:00+00:00,Egbeda,21.33
2025-02-28 16:00:00+00:00,Egbeda,17.38
2025-02-28 17:00:00+00:00,Egbeda,18.82
2025-02-28 18:00:00+00:00,Egbeda,24.86
2025-02-28 19:00:00+00:00,Egbeda,22.25
2025-02-28 20:00:00+00:00,Egbeda,21.98
2025-02-28 21:00:00+00:00,Egbeda,25.97
2025-02-28 22:00:00+00:00,Egbeda,36.13
2025-02-01 00:00:00+00:00,Eti-Osa,15.37
2025-02-01 01:00:00+00:00,Eti-Osa,15.69
2025-02-01 02:00:00+00:00,Eti-Osa,16.16
2025-02-01 03:00:00+00:00,Eti-Osa,16.25
2025-02-01 04:00:00+00:00,Eti-Osa,16.82
2025-02-01 06:00:00+00:00,Eti-Osa,19.17
2025-02-01 07:00:00+00:00,Eti-Osa,19.81
2025-02-01 09:00:00+00:00,Eti-Osa,17.13
2025-02-01 10:00:00+00:00,Eti-Osa,20.47
2025-02-01 11:00:00+00:00,Eti-Osa,18.35
2025-02-01 12:00:00+00:00,Eti-Osa,17.02
2025-02-01 13:00:00+00:00,Eti-Osa,17.21
2025-02-01 14:00:00+00:00,Eti-Osa,16.41
2025-02-01 15:00:00+00:00,Eti-Osa,16.8
2025-02-01 16:00:00+00:00,Eti-Osa,17.02
2025-02-01 17:00:00+00:00,Eti-Osa,18.56
2025-02-01 18:00:00+00:00,Eti-Osa,21.01
2025-02-01 19:00:00+00:00,Eti-Osa,19.13
2025-02-01 20:00:00+00:00,Eti-Osa,19.71
2025-02-01 21:00:00+00:00,Eti-Osa,21.04
2025-02-01 22:00:00+00:00,Eti-Osa,20.01
2025-02-01 23:00:00+00:00,Eti-Osa,20.44
2025-02-02 00:00:00+00:00,Eti-Osa,18.32
2025-02-02 01:00:00+00:00,Eti-Osa,18.32
2025-02-02 02:00:00+00:00,Eti-Osa,18.39
2025-02-02 03:00:00+00:00,Eti-Osa,18.39
2025-02-02 04:00:00+00:00,Eti-Osa,18.58
2025-02-02 05:00:00+00:00,Eti-Osa,18.54
2025-02-02 06:00:00+00:00,Eti-Osa,15.76
2025-02-02 07:00:00+00:00,Eti-Osa,20.83
2025-02-02 10:00:00+00:00,Eti-Osa,31.46
2025-02-02 11:00:00+00:00,Eti-Osa,23.23
2025-02-02 12:00:00+00:00,Eti-Osa,21.87
2025-02-02 13:00:00+00:00,Eti-Osa,21.17
2025-02-02 14:00:00+00:00,Eti-Osa,21.14
2025-02-02 15:00:00+00:00,Eti-Osa,20.39
2025-02-02 16:00:00+00:00,Eti-Osa,26.92
2025-02-02 17:00:00+00:00,Eti-Osa,21.67
2025-02-02 18:00:00+00:00,Eti-Osa,21.69
2025-02-02 19:00:00+00:00,Eti-Osa,21.34
2025-02-02 20:00:00+00:00,Eti-Osa,21.53
2025-02-02 21:00:00+00:00,Eti-Osa,23.66
2025-02-02 22:00:00+00:00,Eti-Osa,21.77
2025-02-02 23:00:00+00:00,Eti-Osa,22.89
2025-02-03 00:00:00+00:00,Eti-Osa,21.37
2025-02-03 01:00:00+00:00,Eti-Osa,22.09
2025-02-03 02:00:00+00:00,Eti-Osa,22.32
2025-02-03 03:00:00+00:00,Eti-Osa,35.61
2025-02-03 04:00:00+00:00,Eti-Osa,45.94
2025-02-03 05:00:00+00:00,Eti-Osa,49.94
2025-02-03 06:00:00+00:00,Eti-Osa,49.91
2025-02-03 07:00:00+00:00,Eti-Osa,49.8
2025-02-03 08:00:00+00:00,Eti-Osa,47.72
2025-02-03 09:00:00+00:00,Eti-Osa,38.1
2025-02-03 10:00:00+00:00,Eti-Osa,35.58
2025-02-03 11:00:00+00:00,Eti-Osa,30.38
2025-02-03 12:00:00+00:00,Eti-Osa,27.29
2025-02-03 13:00:00+00:00,Eti-Osa,23.47
2025-02-03 14:00:00+00:00,Eti-Osa,22.55
2025-02-03 15:00:00+00:00,Eti-Osa,21.64
2025-02-03 16:00:00+00:00,Eti-Osa,23.13
2025-02-03 17:00:00+00:00,Eti-Osa,27.24
2025-02-03 18:00:00+00:00,Eti-Osa,28.26
2025-02-03 19:00:00+00:00,Eti-Osa,27.72
2025-02-03 20:00:00+00:00,Eti-Osa,39.17
2025-02-03 21:00:00+00:00,Eti-Osa,26.92
2025-02-03 22:00:00+00:00,Eti-Osa,26.92
2025-02-03 23:00:00+00:00,Eti-Osa,28.05
2025-02-04 00:00:00+00:00,Eti-Osa,25.4
2025-02-04 01:00:00+00:00,Eti-Osa,26.25
2025-02-04 02:00:00+00:00,Eti-Osa,26.29
2025-02-04 03:00:00+00:00,Eti-Osa,41.66
2025-02-04 04:00:00+00:00,Eti-Osa,45.26
2025-02-04 06:00:00+00:00,Eti-Osa,45.0
2025-02-04 09:00:00+00:00,Eti-Osa,34.96
2025-02-04 10:00:00+00:00,Eti-Osa,27.61
2025-02-04 11:00:00+00:00,Eti-Osa,26.13
2025-02-04 12:00:00+00:00,Eti-Osa,23.32
2025-02-04 13:00:00+00:00,Eti-Osa,26.89
2025-02-04 14:00:00+00:00,Eti-Osa,26.3
2025-02-04 15:00:00+00:00,Eti-Osa,23.3
2025-02-04 16:00:00+00:00,Eti-Osa,23.15
2025-02-04 17:00:00+00:00,Eti-Osa,22.75
2025-02-04 18:00:00+00:00,Eti-Osa,21.95
2025-02-04 19:00:00+00:00,Eti-Osa,21.15
2025-02-04 20:00:00+00:00,Eti-Osa,22.78
2025-02-04 21:00:00+00:00,Eti-Osa,22.03
2025-02-04 22:00:00+00:00,Eti-Osa,21.4
2025-02-04 23:00:00+00:00,Eti-Osa,21.15
2025-02-05 00:00:00+00:00,Eti-Osa,19.29
2025-02-05 01:00:00+00:00,Eti-Osa,18.93
2025-02-05 02:00:00+00:00,Eti-Osa,19.34
2025-02-05 03:00:00+00:00,Eti-Osa,18.95
2025-02-05 04:00:00+00:00,Eti-Osa,19.26
2025-02-05 10:00:00+00:00,Eti-Osa,20.34
2025-02-05 11:00:00+00:00,Eti-Osa,20.33
2025-02-05 12:00:00+00:00,Eti-Osa,22.06
2025-02-05 13:00:00+00:00,Eti-Osa,21.3
2025-02-05 14:00:00+00:00,Eti-Osa,19.48
2025-02-05 15:00:00+00:00,Eti-Osa,16.96
2025-02-05 16:00:00+00:00,Eti-Osa,18.79
2025-02-05 17:00:00+00:00,Eti-Osa,20.74
2025-02-05 18:00:00+00:00,Eti-Osa,22.24
2025-02-05 19:00:00+00:00,Eti-Osa,21.19
2025-02-05 20:00:00+00:00,Eti-Osa,21.27
2025-02-05 21:00:00+00:00,Eti-Osa,21.15
2025-02-05 22:00:00+00:00,Eti-Osa,20.82
2025-02-05 23:00:00+00:00,Eti-Osa,20.72
2025-02-06 00:00:00+00:00,Eti-Osa,18.13
2025-02-06 01:00:00+00:00,Eti-Osa,18.3
2025-02-06 02:00:00+00:00,Eti-Osa,18.14
2025-02-06 03:00:00+00:00,Eti-Osa,19.62
2025-02-06 04:00:00+00:00,Eti-Osa,20.35
2025-02-06 05:00:00+00:00,Eti-Osa,21.7
2025-02-06 06:00:00+00:00,Eti-Osa,23.23
2025-02-06 07:00:00+00:00,Eti-Osa,28.03
2025-02-06 08:00:00+00:00,Eti-Osa,21.92
2025-02-06 09:00:00+00:00,Eti-Osa,21.89
2025-02-06 10:00:00+00:00,Eti-Osa,21.7
2025-02-06 11:00:00+00:00,Eti-Osa,21.98
2025-02-06 12:00:00+00:00,Eti-Osa,21.99
2025-02-06 13:00:00+00:00,Eti-Osa,23.45
2025-02-06 14:00:00+00:00,Eti-Osa,23.79
2025-02-06 15:00:00+00:00,Eti-Osa,23.58
2025-02-06 19:00:00+00:00,Eti-Osa,23.58
2025-02-06 20:00:00+00:00,Eti-Osa,24.05
2025-02-06 21:00:00+00:00,Eti-Osa,23.78
2025-02-06 22:00:00+00:00,Eti-Osa,22.17
2025-02-06 23:00:00+00:00,Eti-Osa,21.72
2025-02-07 00:00:00+00:00,Eti-Osa,19.97
2025-02-07 01:00:00+00:00,Eti-Osa,19.1
2025-02-07 02:00:00+00:00,Eti-Osa,20.25
2025-02-07 03:00:00+00:00,Eti-Osa,19.91
2025-02-07 04:00:00+00:00,Eti-Osa,19.74
2025-02-07 06:00:00+00:00,Eti-Osa,20.32
2025-02-07 07:00:00+00:00,Eti-Osa,20.22
2025-02-07 08:00:00+00:00,Eti-Osa,21.38
2025-02-07 09:00:00+00:00,Eti-Osa,20.59
2025-02-07 10:00:00+00:00,Eti-Osa,17.91
2025-02-07 11:00:00+00:00,Eti-Osa,20.25
2025-02-07 12:00:00+00:00,Eti-Osa,17.2
2025-02-07 13:00:00+00:00,Eti-Osa,18.05
2025-02-07 14:00:00+00:00,Eti-Osa,18.3
2025-02-07 15:00:00+00:00,Eti-Osa,16.89
2025-02-07 16:00:00+00:00,Eti-Osa,18.96
2025-02-07 17:00:00+00:00,Eti-Osa,21.82
2025-02-07 18:00:00+00:00,Eti-Osa,22.3
2025-02-07 19:00:00+00:00,Eti-Osa,21.42
2025-02-07 20:00:00+00:00,Eti-Osa,21.52
2025-02-07 21:00:00+00:00,Eti-Osa,21.49
2025-02-07 22:00:00+00:00,Eti-Osa,20.59
2025-02-07 23:00:00+00:00,Eti-Osa,20.51
2025-02-08 00:00:00+00:00,Eti-Osa,18.16
2025-02-08 01:00:00+00:00,Eti-Osa,18.64
2025-02-08 02:00:00+00:00,Eti-Osa,18.7
2025-02-08 03:00:00+00:00,Eti-Osa,18.49
2025-02-08 04:00:00+00:00,Eti-Osa,18.94
2025-02-08 05:00:00+00:00,Eti-Osa,19.0
2025-02-08 06:00:00+00:00,Eti-Osa,20.58
2025-02-08 11:00:00+00:00,Eti-Osa,20.29
2025-02-08 12:00:00+00:00,Eti-Osa,19.88
2025-02-08 17:00:00+00:00,Eti-Osa,18.62
2025-02-08 18:00:00+00:00,Eti-Osa,16.47
2025-02-08 19:00:00+00:00,Eti-Osa,16.65
2025-02-08 20:00:00+00:00,Eti-Osa,16.52
2025-02-08 21:00:00+00:00,Eti-Osa,16.28
2025-02-08 22:00:00+00:00,Eti-Osa,16.29
2025-02-08 23:00:00+00:00,Eti-Osa,16.54
2025-02-09 00:00:00+00:00,Eti-Osa,15.45
2025-02-09 01:00:00+00:00,Eti-Osa,14.85
2025-02-09 02:00:00+00:00,Eti-Osa,14.3
2025-02-09 03:00:00+00:00,Eti-Osa,14.52
2025-02-09 04:00:00+00:00,Eti-Osa,14.6
2025-02-09 05:00:00+00:00,Eti-Osa,15.93
2025-02-09 13:00:00+00:00,Eti-Osa,16.49
2025-02-09 14:00:00+00:00,Eti-Osa,18.95
2025-02-09 15:00:00+00:00,Eti-Osa,17.78
2025-02-09 16:00:00+00:00,Eti-Osa,16.97
2025-02-09 17:00:00+00:00,Eti-Osa,16.72
2025-02-09 18:00:00+00:00,Eti-Osa,21.0
2025-02-09 19:00:00+00:00,Eti-Osa,18.45
2025-02-09 20:00:00+00:00,Eti-Osa,16.43
2025-02-09 21:00:00+00:00,Eti-Osa,16.94
2025-02-09 22:00:00+00:00,Eti-Osa,16.36
2025-02-09 23:00:00+00:00,Eti-Osa,17.23
2025-02-10 00:00:00+00:00,Eti-Osa,15.16
2025-02-10 01:00:00+00:00,Eti-Osa,14.86
2025-02-10 02:00:00+00:00,Eti-Osa,14.08
2025-02-10 03:00:00+00:00,Eti-Osa,14.33
2025-02-10 04:00:00+00:00,Eti-Osa,16.51
2025-02-10 08:00:00+00:00,Eti-Osa,19.64
2025-02-10 09:00:00+00:00,Eti-Osa,16.16
2025-02-10 10:00:00+00:00,Eti-Osa,16.87
2025-02-10 11:00:00+00:00,Eti-Osa,17.87
2025-02-10 12:00:00+00:00,Eti-Osa,17.27
2025-02-10 13:00:00+00:00,Eti-Osa,20.41
2025-02-10 14:00:00+00:00,Eti-Osa,17.45
2025-02-10 15:00:00+00:00,Eti-Osa,17.6
2025-02-10 16:00:00+00:00,Eti-Osa,16.78
2025-02-10 17:00:00+00:00,Eti-Osa,16.41
2025-02-10 18:00:00+00:00,Eti-Osa,16.23
2025-02-10 19:00:00+00:00,Eti-Osa,15.97
2025-02-10 20:00:00+00:00,Eti-Osa,15.96
2025-02-10 21:00:00+00:00,Eti-Osa,16.54
2025-02-10 22:00:00+00:00,Eti-Osa,16.14
2025-02-10 23:00:00+00:00,Eti-Osa,16.02
2025-02-11 00:00:00+00:00,Eti-Osa,13.92
2025-02-11 01:00:00+00:00,Eti-Osa,14.22
2025-02-11 02:00:00+00:00,Eti-Osa,14.3
2025-02-11 03:00:00+00:00,Eti-Osa,14.21
2025-02-11 04:00:00+00:00,Eti-Osa,13.69
2025-02-11 05:00:00+00:00,Eti-Osa,13.8
2025-02-11 07:00:00+00:00,Eti-Osa,15.16
2025-02-11 08:00:00+00:00,Eti-Osa,15.79
2025-02-11 09:00:00+00:00,Eti-Osa,15.98
2025-02-11 10:00:00+00:00,Eti-Osa,16.65
2025-02-11 11:00:00+00:00,Eti-Osa,17.56
2025-02-11 12:00:00+00:00,Eti-Osa,17.71
2025-02-11 13:00:00+00:00,Eti-Osa,16.68
2025-02-11 14:00:00+00:00,Eti-Osa,17.23
2025-02-11 15:00:00+00:00,Eti-Osa,17.3
2025-02-11 16:00:00+00:00,Eti-Osa,18.0
2025-02-11 17:00:00+00:00,Eti-Osa,16.98
2025-02-11 18:00:00+00:00,Eti-Osa,17.62
2025-02-11 19:00:00+00:00,Eti-Osa,18.73
2025-02-11 20:00:00+00:00,Eti-Osa,16.57
2025-02-11 21:00:00+00:00,Eti-Osa,17.8
2025-02-11 22:00:00+00:00,Eti-Osa,16.22
2025-02-11 23:00:00+00:00,Eti-Osa,16.12
2025-02-12 00:00:00+00:00,Eti-Osa,13.79
2025-02-12 01:00:00+00:00,Eti-Osa,14.16
2025-02-12 02:00:00+00:00,Eti-Osa,14.41
2025-02-12 03:00:00+00:00,Eti-Osa,14.25
2025-02-12 04:00:00+00:00,Eti-Osa,13.76
2025-02-12 05:00:00+00:00,Eti-Osa,18.52
2025-02-12 08:00:00+00:00,Eti-Osa,20.44
2025-02-12 09:00:00+00:00,Eti-Osa,16.32
2025-02-12 10:00:00+00:00,Eti-Osa,16.0
2025-02-12 11:00:00+00:00,Eti-Osa,16.34
2025-02-12 12:00:00+00:00,Eti-Osa,16.68
2025-02-12 13:00:00+00:00,Eti-Osa,16.95
2025-02-12 14:00:00+00:00,Eti-Osa,17.8
2025-02-12 15:00:00+00:00,Eti-Osa,17.66
2025-02-12 16:00:00+00:00,Eti-Osa,17.39
2025-02-12 17:00:00+00:00,Eti-Osa,16.58
2025-02-12 18:00:00+00:00,Eti-Osa,17.3
2025-02-12 19:00:00+00:00,Eti-Osa,16.4
2025-02-12 20:00:00+00:00,Eti-Osa,16.64
2025-02-12 21:00:00+00:00,Eti-Osa,16.36
2025-02-12 22:00:00+00:00,Eti-Osa,16.07
2025-02-12 23:00:00+00:00,Eti-Osa,16.0
2025-02-13 00:00:00+00:00,Eti-Osa,14.15
2025-02-13 01:00:00+00:00,Eti-Osa,14.39
2025-02-13 02:00:00+00:00,Eti-Osa,14.21
2025-02-13 03:00:00+00:00,Eti-Osa,14.33
2025-02-13 04:00:00+00:00,Eti-Osa,14.34
2025-02-13 05:00:00+00:00,Eti-Osa,18.37
2025-02-13 06:00:00+00:00,Eti-Osa,26.82
2025-02-13 07:00:00+00:00,Eti-Osa,29.95
2025-02-13 08:00:00+00:00,Eti-Osa,25.53
2025-02-13 09:00:00+00:00,Eti-Osa,24.38
2025-02-13 10:00:00+00:00,Eti-Osa,25.36
2025-02-13 11:00:00+00:00,Eti-Osa,26.99
2025-02-13 12:00:00+00:00,Eti-Osa,28.48
2025-02-13 13:00:00+00:00,Eti-Osa,29.75
2025-02-13 14:00:00+00:00,Eti-Osa,19.41
2025-02-13 15:00:00+00:00,Eti-Osa,16.7
2025-02-13 16:00:00+00:00,Eti-Osa,17.11
2025-02-13 17:00:00+00:00,Eti-Osa,16.8
2025-02-13 18:00:00+00:00,Eti-Osa,16.54
2025-02-13 19:00:00+00:00,Eti-Osa,16.67
2025-02-13 21:00:00+00:00,Eti-Osa,16.47
2025-02-13 22:00:00+00:00,Eti-Osa,16.22
2025-02-13 23:00:00+00:00,Eti-Osa,16.15
2025-02-14 00:00:00+00:00,Eti-Osa,13.7
2025-02-14 01:00:00+00:00,Eti-Osa,14.04
2025-02-14 02:00:00+00:00,Eti-Osa,14.23
2025-02-14 03:00:00+00:00,Eti-Osa,18.45
2025-02-14 04:00:00+00:00,Eti-Osa,18.48
2025-02-14 05:00:00+00:00,Eti-Osa,28.42
2025-02-14 06:00:00+00:00,Eti-Osa,27.79
2025-02-14 10:00:00+00:00,Eti-Osa,22.55
2025-02-14 11:00:00+00:00,Eti-Osa,16.47
2025-02-14 12:00:00+00:00,Eti-Osa,17.2
2025-02-14 13:00:00+00:00,Eti-Osa,16.28
2025-02-14 14:00:00+00:00,Eti-Osa,16.22
2025-02-14 15:00:00+00:00,Eti-Osa,16.59
2025-02-14 16:00:00+00:00,Eti-Osa,18.01
2025-02-14 17:00:00+00:00,Eti-Osa,16.97
2025-02-14 18:00:00+00:00,Eti-Osa,17.33
2025-02-14 19:00:00+00:00,Eti-Osa,17.92
2025-02-14 20:00:00+00:00,Eti-Osa,18.07
2025-02-14 21:00:00+00:00,Eti-Osa,18.11
2025-02-14 22:00:00+00:00,Eti-Osa,17.43
2025-02-14 23:00:00+00:00,Eti-Osa,17.7
2025-02-15 00:00:00+00:00,Eti-Osa,14.01
2025-02-15 01:00:00+00:00,Eti-Osa,14.21
2025-02-15 02:00:00+00:00,Eti-Osa,15.27
2025-02-15 03:00:00+00:00,Eti-Osa,15.4
2025-02-15 08:00:00+00:00,Eti-Osa,20.59
2025-02-15 09:00:00+00:00,Eti-Osa,17.79
2025-02-15 10:00:00+00:00,Eti-Osa,16.46
2025-02-15 11:00:00+00:00,Eti-Osa,17.23
2025-02-15 12:00:00+00:00,Eti-Osa,17.17
2025-02-15 13:00:00+00:00,Eti-Osa,16.54
2025-02-15 14:00:00+00:00,Eti-Osa,17.59
2025-02-15 15:00:00+00:00,Eti-Osa,16.76
2025-02-15 16:00:00+00:00,Eti-Osa,16.92
2025-02-15 17:00:00+00:00,Eti-Osa,17.08
2025-02-15 18:00:00+00:00,Eti-Osa,17.96
2025-02-15 19:00:00+00:00,Eti-Osa,18.27
2025-02-15 20:00:00+00:00,Eti-Osa,17.93
2025-02-15 21:00:00+00:00,Eti-Osa,18.12
2025-02-15 22:00:00+00:00,Eti-Osa,17.49
2025-02-15 23:00:00+00:00,Eti-Osa,17.21
2025-02-16 00:00:00+00:00,Eti-Osa,15.16
2025-02-16 01:00:00+00:00,Eti-Osa,15.02
2025-02-16 02:00:00+00:00,Eti-Osa,15.66
2025-02-16 03:00:00+00:00,Eti-Osa,18.56
2025-02-16 04:00:00+00:00,Eti-Osa,28.35
2025-02-16 05:00:00+00:00,Eti-Osa,25.58
2025-02-16 09:00:00+00:00,Eti-Osa,28.67
2025-02-16 10:00:00+00:00,Eti-Osa,21.23
2025-02-16 11:00:00+00:00,Eti-Osa,20.9
2025-02-16 12:00:00+00:00,Eti-Osa,20.57
2025-02-16 13:00:00+00:00,Eti-Osa,16.39
2025-02-16 14:00:00+00:00,Eti-Osa,16.26
2025-02-16 15:00:00+00:00,Eti-Osa,16.67
2025-02-16 16:00:00+00:00,Eti-Osa,17.42
2025-02-16 17:00:00+00:00,Eti-Osa,18.3
2025-02-16 18:00:00+00:00,Eti-Osa,18.19
2025-02-16 19:00:00+00:00,Eti-Osa,20.26
2025-02-16 20:00:00+00:00,Eti-Osa,19.04
2025-02-16 21:00:00+00:00,Eti-Osa,18.32
2025-02-16 22:00:00+00:00,Eti-Osa,18.48
2025-02-16 23:00:00+00:00,Eti-Osa,19.72
2025-02-17 00:00:00+00:00,Eti-Osa,16.49
2025-02-17 01:00:00+00:00,Eti-Osa,18.24
2025-02-17 02:00:00+00:00,Eti-Osa,18.14
2025-02-17 03:00:00+00:00,Eti-Osa,17.09
2025-02-17 04:00:00+00:00,Eti-Osa,17.24
2025-02-17 05:00:00+00:00,Eti-Osa,17.83
2025-02-17 06:00:00+00:00,Eti-Osa,18.41
2025-02-17 07:00:00+00:00,Eti-Osa,20.94
2025-02-17 16:00:00+00:00,Eti-Osa,16.44
2025-02-17 17:00:00+00:00,Eti-Osa,17.52
2025-02-17 18:00:00+00:00,Eti-Osa,18.43
2025-02-17 19:00:00+00:00,Eti-Osa,18.87
2025-02-17 20:00:00+00:00,Eti-Osa,20.4
2025-02-17 21:00:00+00:00,Eti-Osa,21.23
2025-02-17 22:00:00+00:00,Eti-Osa,19.92
2025-02-17 23:00:00+00:00,Eti-Osa,21.26
2025-02-18 00:00:00+00:00,Eti-Osa,18.29
2025-02-18 01:00:00+00:00,Eti-Osa,18.05
2025-02-18 02:00:00+00:00,Eti-Osa,18.28
2025-02-18 03:00:00+00:00,Eti-Osa,18.01
2025-02-18 04:00:00+00:00,Eti-Osa,18.5
2025-02-18 05:00:00+00:00,Eti-Osa,18.4
2025-02-18 06:00:00+00:00,Eti-Osa,19.04
2025-02-18 07:00:00+00:00,Eti-Osa,16.92
2025-02-18 08:00:00+00:00,Eti-Osa,16.01
2025-02-18 09:00:00+00:00,Eti-Osa,16.37
2025-02-18 10:00:00+00:00,Eti-Osa,16.39
2025-02-18 11:00:00+00:00,Eti-Osa,16.08
2025-02-18 12:00:00+00:00,Eti-Osa,16.41
2025-02-18 13:00:00+00:00,Eti-Osa,16.03
2025-02-18 14:00:00+00:00,Eti-Osa,16.53
2025-02-18 15:00:00+00:00,Eti-Osa,16.56
2025-02-18 16:00:00+00:00,Eti-Osa,16.79
2025-02-18 17:00:00+00:00,Eti-Osa,18.34
2025-02-18 18:00:00+00:00,Eti-Osa,20.46
2025-02-18 19:00:00+00:00,Eti-Osa,21.25
2025-02-18 20:00:00+00:00,Eti-Osa,20.57
2025-02-18 21:00:00+00:00,Eti-Osa,20.63
2025-02-18 23:00:00+00:00,Eti-Osa,19.87
2025-02-19 00:00:00+00:00,Eti-Osa,16.88
2025-02-19 01:00:00+00:00,Eti-Osa,17.27
2025-02-19 02:00:00+00:00,Eti-Osa,17.17
2025-02-19 03:00:00+00:00,Eti-Osa,16.4
2025-02-19 04:00:00+00:00,Eti-Osa,16.95
2025-02-19 05:00:00+00:00,Eti-Osa,18.08
2025-02-19 07:00:00+00:00,Eti-Osa,16.67
2025-02-19 08:00:00+00:00,Eti-Osa,15.14
2025-02-19 11:00:00+00:00,Eti-Osa,16.95
2025-02-19 12:00:00+00:00,Eti-Osa,16.46
2025-02-19 13:00:00+00:00,Eti-Osa,17.05
2025-02-19 14:00:00+00:00,Eti-Osa,17.17
2025-02-19 15:00:00+00:00,Eti-Osa,16.95
2025-02-19 16:00:00+00:00,Eti-Osa,16.19
2025-02-19 17:00:00+00:00,Eti-Osa,16.55
2025-02-19 18:00:00+00:00,Eti-Osa,18.26
2025-02-19 19:00:00+00:00,Eti-Osa,18.13
2025-02-19 20:00:00+00:00,Eti-Osa,17.78
2025-02-19 21:00:00+00:00,Eti-Osa,18.12
2025-02-19 22:00:00+00:00,Eti-Osa,17.54
2025-02-19 23:00:00+00:00,Eti-Osa,17.87
2025-02-20 00:00:00+00:00,Eti-Osa,15.18
2025-02-20 01:00:00+00:00,Eti-Osa,15.23
2025-02-20 02:00:00+00:00,Eti-Osa,15.23
2025-02-20 03:00:00+00:00,Eti-Osa,15.46
2025-02-20 04:00:00+00:00,Eti-Osa,14.92
2025-02-20 05:00:00+00:00,Eti-Osa,15.85
2025-02-20 06:00:00+00:00,Eti-Osa,15.88
2025-02-20 07:00:00+00:00,Eti-Osa,14.64
2025-02-20 08:00:00+00:00,Eti-Osa,15.7
2025-02-20 09:00:00+00:00,Eti-Osa,16.42
2025-02-20 10:00:00+00:00,Eti-Osa,17.38
2025-02-20 11:00:00+00:00,Eti-Osa,18.16
2025-02-20 12:00:00+00:00,Eti-Osa,17.71
2025-02-20 13:00:00+00:00,Eti-Osa,17.63
2025-02-20 14:00:00+00:00,Eti-Osa,17.9
2025-02-20 15:00:00+00:00,Eti-Osa,17.41
2025-02-20 16:00:00+00:00,Eti-Osa,17.53
2025-02-20 17:00:00+00:00,Eti-Osa,16.76
2025-02-20 18:00:00+00:00,Eti-Osa,16.67
2025-02-20 19:00:00+00:00,Eti-Osa,17.13
2025-02-20 20:00:00+00:00,Eti-Osa,15.91
2025-02-20 21:00:00+00:00,Eti-Osa,16.34
2025-02-21 01:00:00+00:00,Eti-Osa,14.09
2025-02-21 02:00:00+00:00,Eti-Osa,14.32
2025-02-21 03:00:00+00:00,Eti-Osa,14.05
2025-02-21 04:00:00+00:00,Eti-Osa,14.03
2025-02-21 07:00:00+00:00,Eti-Osa,16.04
2025-02-21 10:00:00+00:00,Eti-Osa,15.41
2025-02-21 11:00:00+00:00,Eti-Osa,16.06
2025-02-21 12:00:00+00:00,Eti-Osa,15.92
2025-02-21 13:00:00+00:00,Eti-Osa,16.24
2025-02-21 14:00:00+00:00,Eti-Osa,17.87
2025-02-21 15:00:00+00:00,Eti-Osa,17.98
2025-02-21 16:00:00+00:00,Eti-Osa,16.98
2025-02-21 17:00:00+00:00,Eti-Osa,16.72
2025-02-21 18:00:00+00:00,Eti-Osa,17.9
2025-02-21 19:00:00+00:00,Eti-Osa,17.68
2025-02-21 20:00:00+00:00,Eti-Osa,17.14
2025-02-21 21:00:00+00:00,Eti-Osa,17.75
2025-02-21 22:00:00+00:00,Eti-Osa,17.37
2025-02-21 23:00:00+00:00,Eti-Osa,17.44
2025-02-22 00:00:00+00:00,Eti-Osa,14.01
2025-02-22 01:00:00+00:00,Eti-Osa,14.45
2025-02-22 02:00:00+00:00,Eti-Osa,14.31
2025-02-22 03:00:00+00:00,Eti-Osa,14.22
2025-02-22 04:00:00+00:00,Eti-Osa,14.15
2025-02-22 05:00:00+00:00,Eti-Osa,15.15
2025-02-22 06:00:00+00:00,Eti-Osa,18.61
2025-02-22 07:00:00+00:00,Eti-Osa,19.59
2025-02-22 08:00:00+00:00,Eti-Osa,15.81
2025-02-22 09:00:00+00:00,Eti-Osa,14.92
2025-02-22 10:00:00+00:00,Eti-Osa,15.79
2025-02-22 11:00:00+00:00,Eti-Osa,16.11
2025-02-22 12:00:00+00:00,Eti-Osa,17.88
2025-02-22 13:00:00+00:00,Eti-Osa,17.45
2025-02-22 14:00:00+00:00,Eti-Osa,17.83
2025-02-22 15:00:00+00:00,Eti-Osa,17.44
2025-02-22 16:00:00+00:00,Eti-Osa,22.74
2025-02-22 22:00:00+00:00,Eti-Osa,20.35
2025-02-22 23:00:00+00:00,Eti-Osa,21.5
2025-02-23 00:00:00+00:00,Eti-Osa,14.89
2025-02-23 01:00:00+00:00,Eti-Osa,14.52
2025-02-23 02:00:00+00:00,Eti-Osa,14.3
2025-02-23 03:00:00+00:00,Eti-Osa,17.28
2025-02-23 04:00:00+00:00,Eti-Osa,14.53
2025-02-23 05:00:00+00:00,Eti-Osa,15.6
2025-02-23 06:00:00+00:00,Eti-Osa,19.88
2025-02-23 07:00:00+00:00,Eti-Osa,27.73
2025-02-23 15:00:00+00:00,Eti-Osa,17.0
2025-02-23 16:00:00+00:00,Eti-Osa,16.64
2025-02-23 17:00:00+00:00,Eti-Osa,17.58
2025-02-23 18:00:00+00:00,Eti-Osa,20.8
2025-02-23 19:00:00+00:00,Eti-Osa,16.38
2025-02-23 20:00:00+00:00,Eti-Osa,17.5
2025-02-23 21:00:00+00:00,Eti-Osa,18.04
2025-02-23 22:00:00+00:00,Eti-Osa,17.3
2025-02-23 23:00:00+00:00,Eti-Osa,16.4
2025-02-24 00:00:00+00:00,Eti-Osa,14.43
2025-02-24 01:00:00+00:00,Eti-Osa,15.7
2025-02-24 02:00:00+00:00,Eti-Osa,15.67
2025-02-24 03:00:00+00:00,Eti-Osa,15.41
2025-02-24 04:00:00+00:00,Eti-Osa,14.41
2025-02-24 05:00:00+00:00,Eti-Osa,15.32
2025-02-24 06:00:00+00:00,Eti-Osa,15.06
2025-02-24 07:00:00+00:00,Eti-Osa,15.2
2025-02-24 08:00:00+00:00,Eti-Osa,15.51
2025-02-24 09:00:00+00:00,Eti-Osa,15.49
2025-02-24 10:00:00+00:00,Eti-Osa,16.11
2025-02-24 11:00:00+00:00,Eti-Osa,16.7
2025-02-24 12:00:00+00:00,Eti-Osa,18.47
2025-02-24 13:00:00+00:00,Eti-Osa,18.32
2025-02-24 14:00:00+00:00,Eti-Osa,15.9
2025-02-24 15:00:00+00:00,Eti-Osa,17.6
2025-02-24 16:00:00+00:00,Eti-Osa,17.05
2025-02-24 17:00:00+00:00,Eti-Osa,16.67
2025-02-24 18:00:00+00:00,Eti-Osa,17.38
2025-02-24 19:00:00+00:00,Eti-Osa,16.97
2025-02-24 20:00:00+00:00,Eti-Osa,16.78
2025-02-24 21:00:00+00:00,Eti-Osa,16.56
2025-02-24 22:00:00+00:00,Eti-Osa,17.34
2025-02-24 23:00:00+00:00,Eti-Osa,17.11
2025-02-25 00:00:00+00:00,Eti-Osa,15.27
2025-02-25 01:00:00+00:00,Eti-Osa,15.27
2025-02-25 02:00:00+00:00,Eti-Osa,14.61
2025-02-25 03:00:00+00:00,Eti-Osa,14.64
2025-02-25 04:00:00+00:00,Eti-Osa,15.12
2025-02-25 05:00:00+00:00,Eti-Osa,14.58
2025-02-25 06:00:00+00:00,Eti-Osa,15.18
2025-02-25 07:00:00+00:00,Eti-Osa,15.18
2025-02-25 08:00:00+00:00,Eti-Osa,15.47
2025-02-25 09:00:00+00:00,Eti-Osa,16.42
2025-02-25 10:00:00+00:00,Eti-Osa,16.96
2025-02-25 11:00:00+00:00,Eti-Osa,17.54
2025-02-25 12:00:00+00:00,Eti-Osa,16.05
2025-02-25 13:00:00+00:00,Eti-Osa,16.33
2025-02-25 14:00:00+00:00,Eti-Osa,17.09
2025-02-25 15:00:00+00:00,Eti-Osa,15.97
2025-02-25 16:00:00+00:00,Eti-Osa,15.46
2025-02-25 17:00:00+00:00,Eti-Osa,15.77
2025-02-25 18:00:00+00:00,Eti-Osa,16.87
2025-02-25 19:00:00+00:00,Eti-Osa,17.1
2025-02-25 20:00:00+00:00,Eti-Osa,16.68
2025-02-25 21:00:00+00:00,Eti-Osa,18.04
2025-02-25 23:00:00+00:00,Eti-Osa,17.22
2025-02-26 00:00:00+00:00,Eti-Osa,15.1
2025-02-26 01:00:00+00:00,Eti-Osa,15.11
2025-02-26 02:00:00+00:00,Eti-Osa,15.91
2025-02-26 03:00:00+00:00,Eti-Osa,15.19
2025-02-26 04:00:00+00:00,Eti-Osa,15.03
2025-02-26 05:00:00+00:00,Eti-Osa,19.16
2025-02-26 06:00:00+00:00,Eti-Osa,28.83
2025-02-26 07:00:00+00:00,Eti-Osa,20.24
2025-02-26 08:00:00+00:00,Eti-Osa,28.3
2025-02-26 09:00:00+00:00,Eti-Osa,20.51
2025-02-26 10:00:00+00:00,Eti-Osa,21.49
2025-02-26 11:00:00+00:00,Eti-Osa,19.29
2025-02-26 12:00:00+00:00,Eti-Osa,19.79
2025-02-26 13:00:00+00:00,Eti-Osa,19.48
2025-02-26 14:00:00+00:00,Eti-Osa,16.81
2025-02-26 16:00:00+00:00,Eti-Osa,21.28
2025-02-26 17:00:00+00:00,Eti-Osa,16.98
2025-02-26 18:00:00+00:00,Eti-Osa,19.74
2025-02-26 19:00:00+00:00,Eti-Osa,16.72
2025-02-26 20:00:00+00:00,Eti-Osa,17.82
2025-02-26 21:00:00+00:00,Eti-Osa,17.6
2025-02-26 22:00:00+00:00,Eti-Osa,17.06
2025-02-26 23:00:00+00:00,Eti-Osa,17.82
2025-02-27 00:00:00+00:00,Eti-Osa,14.39
2025-02-27 01:00:00+00:00,Eti-Osa,15.13
2025-02-27 02:00:00+00:00,Eti-Osa,15.19
2025-02-27 03:00:00+00:00,Eti-Osa,15.49
2025-02-27 04:00:00+00:00,Eti-Osa,20.34
2025-02-27 11:00:00+00:00,Eti-Osa,17.86
2025-02-27 12:00:00+00:00,Eti-Osa,17.56
2025-02-27 13:00:00+00:00,Eti-Osa,17.99
2025-02-27 14:00:00+00:00,Eti-Osa,17.68
2025-02-27 15:00:00+00:00,Eti-Osa,16.98
2025-02-27 16:00:00+00:00,Eti-Osa,17.79
2025-02-27 17:00:00+00:00,Eti-Osa,16.86
2025-02-27 18:00:00+00:00,Eti-Osa,17.01
2025-02-27 19:00:00+00:00,Eti-Osa,17.11
2025-02-27 20:00:00+00:00,Eti-Osa,17.09
2025-02-27 21:00:00+00:00,Eti-Osa,17.45
2025-02-27 22:00:00+00:00,Eti-Osa,17.16
2025-02-27 23:00:00+00:00,Eti-Osa,16.96
2025-02-28 00:00:00+00:00,Eti-Osa,15.67
2025-02-28 01:00:00+00:00,Eti-Osa,15.29
2025-02-28 02:00:00+00:00,Eti-Osa,15.63
2025-02-28 03:00:00+00:00,Eti-Osa,16.11
2025-02-28 05:00:00+00:00,Eti-Osa,19.92
2025-02-28 07:00:00+00:00,Eti-Osa,36.14
2025-02-28 10:00:00+00:00,Eti-Osa,16.63
2025-02-28 11:00:00+00:00,Eti-Osa,17.3
2025-02-28 12:00:00+00:00,Eti-Osa,16.67
2025-02-28 13:00:00+00:00,Eti-Osa,18.16
2025-02-28 14:00:00+00:00,Eti-Osa,17.49
2025-02-28 15:00:00+00:00,Eti-Osa,16.76
2025-02-28 16:00:00+00:00,Eti-Osa,17.25
2025-02-28 17:00:00+00:00,Eti-Osa,17.39
2025-02-28 18:00:00+00:00,Eti-Osa,16.45
2025-02-28 19:00:00+00:00,Eti-Osa,16.74
2025-02-28 20:00:00+00:00,Eti-Osa,16.83
2025-02-28 21:00:00+00:00,Eti-Osa,17.02
2025-02-28 22:00:00+00:00,Eti-Osa,16.46
2025-02-28 23:00:00+00:00,Eti-Osa,16.36
2025-02-01 10:00:00+00:00,Ifako-Ijaiye,40.58
2025-02-01 11:00:00+00:00,Ifako-Ijaiye,30.26
2025-02-01 12:00:00+00:00,Ifako-Ijaiye,32.51
2025-02-01 13:00:00+00:00,Ifako-Ijaiye,41.26
2025-02-02 10:00:00+00:00,Ifako-Ijaiye,30.51
2025-02-02 11:00:00+00:00,Ifako-Ijaiye,39.22
2025-02-02 12:00:00+00:00,Ifako-Ijaiye,37.41
2025-02-02 13:00:00+00:00,Ifako-Ijaiye,40.55
2025-02-02 14:00:00+00:00,Ifako-Ijaiye,39.22
2025-02-02 15:00:00+00:00,Ifako-Ijaiye,39.22
2025-02-02 16:00:00+00:00,Ifako-Ijaiye,27.34
2025-02-02 17:00:00+00:00,Ifako-Ijaiye,27.31
2025-02-02 18:00:00+00:00,Ifako-Ijaiye,31.0
2025-02-02 19:00:00+00:00,Ifako-Ijaiye,35.06
2025-02-02 20:00:00+00:00,Ifako-Ijaiye,37.43
2025-02-02 21:00:00+00:00,Ifako-Ijaiye,51.41
2025-02-02 22:00:00+00:00,Ifako-Ijaiye,41.89
2025-02-02 23:00:00+00:00,Ifako-Ijaiye,38.86
2025-02-03 00:00:00+00:00,Ifako-Ijaiye,39.22
2025-02-03 01:00:00+00:00,Ifako-Ijaiye,43.35
2025-02-03 02:00:00+00:00,Ifako-Ijaiye,43.53
2025-02-03 03:00:00+00:00,Ifako-Ijaiye,35.96
2025-02-03 04:00:00+00:00,Ifako-Ijaiye,36.77
2025-02-03 05:00:00+00:00,Ifako-Ijaiye,43.86
2025-02-03 06:00:00+00:00,Ifako-Ijaiye,46.84
2025-02-03 07:00:00+00:00,Ifako-Ijaiye,39.22
2025-02-03 08:00:00+00:00,Ifako-Ijaiye,39.22
2025-02-03 09:00:00+00:00,Ifako-Ijaiye,32.63
2025-02-03 10:00:00+00:00,Ifako-Ijaiye,27.64
2025-02-03 11:00:00+00:00,Ifako-Ijaiye,28.69
2025-02-03 12:00:00+00:00,Ifako-Ijaiye,28.72
2025-02-03 13:00:00+00:00,Ifako-Ijaiye,40.43
2025-02-03 14:00:00+00:00,Ifako-Ijaiye,31.56
2025-02-03 15:00:00+00:00,Ifako-Ijaiye,42.12
2025-02-03 16:00:00+00:00,Ifako-Ijaiye,42.57
2025-02-03 17:00:00+00:00,Ifako-Ijaiye,32.31
2025-02-03 18:00:00+00:00,Ifako-Ijaiye,43.11
2025-02-03 19:00:00+00:00,Ifako-Ijaiye,50.75
2025-02-03 20:00:00+00:00,Ifako-Ijaiye,48.82
2025-02-03 21:00:00+00:00,Ifako-Ijaiye,53.51
2025-02-03 22:00:00+00:00,Ifako-Ijaiye,56.36
2025-02-03 23:00:00+00:00,Ifako-Ijaiye,48.98
2025-02-04 00:00:00+00:00,Ifako-Ijaiye,44.09
2025-02-04 01:00:00+00:00,Ifako-Ijaiye,30.68
2025-02-04 02:00:00+00:00,Ifako-Ijaiye,33.76
2025-02-04 03:00:00+00:00,Ifako-Ijaiye,52.1
2025-02-04 04:00:00+00:00,Ifako-Ijaiye,43.62
2025-02-04 05:00:00+00:00,Ifako-Ijaiye,58.7
2025-02-04 06:00:00+00:00,Ifako-Ijaiye,43.62
2025-02-04 07:00:00+00:00,Ifako-Ijaiye,46.32
2025-02-04 10:00:00+00:00,Ifako-Ijaiye,43.62
2025-02-04 11:00:00+00:00,Ifako-Ijaiye,40.57
2025-02-04 13:00:00+00:00,Ifako-Ijaiye,43.85
2025-02-04 14:00:00+00:00,Ifako-Ijaiye,43.85
2025-02-04 16:00:00+00:00,Ifako-Ijaiye,42.0
2025-02-04 17:00:00+00:00,Ifako-Ijaiye,43.85
2025-02-04 18:00:00+00:00,Ifako-Ijaiye,43.85
2025-02-04 19:00:00+00:00,Ifako-Ijaiye,42.35
2025-02-04 20:00:00+00:00,Ifako-Ijaiye,43.84
2025-02-04 21:00:00+00:00,Ifako-Ijaiye,44.89
2025-02-04 23:00:00+00:00,Ifako-Ijaiye,43.85
2025-02-05 00:00:00+00:00,Ifako-Ijaiye,43.85
2025-02-05 02:00:00+00:00,Ifako-Ijaiye,43.85
2025-02-05 03:00:00+00:00,Ifako-Ijaiye,43.85
2025-02-05 05:00:00+00:00,Ifako-Ijaiye,43.85
2025-02-05 06:00:00+00:00,Ifako-Ijaiye,69.45
2025-02-05 07:00:00+00:00,Ifako-Ijaiye,57.25
2025-02-05 08:00:00+00:00,Ifako-Ijaiye,49.05
2025-02-05 09:00:00+00:00,Ifako-Ijaiye,41.26
2025-02-05 10:00:00+00:00,Ifako-Ijaiye,37.85
2025-02-05 11:00:00+00:00,Ifako-Ijaiye,37.01
2025-02-05 12:00:00+00:00,Ifako-Ijaiye,29.47
2025-02-05 13:00:00+00:00,Ifako-Ijaiye,43.85
2025-02-05 14:00:00+00:00,Ifako-Ijaiye,25.33
2025-02-05 15:00:00+00:00,Ifako-Ijaiye,23.97
2025-02-05 16:00:00+00:00,Ifako-Ijaiye,25.83
2025-02-05 17:00:00+00:00,Ifako-Ijaiye,26.17
2025-02-05 18:00:00+00:00,Ifako-Ijaiye,27.29
2025-02-05 19:00:00+00:00,Ifako-Ijaiye,43.85
2025-02-05 20:00:00+00:00,Ifako-Ijaiye,32.34
2025-02-05 21:00:00+00:00,Ifako-Ijaiye,43.85
2025-02-05 22:00:00+00:00,Ifako-Ijaiye,43.85
2025-02-05 23:00:00+00:00,Ifako-Ijaiye,43.85
2025-02-06 00:00:00+00:00,Ifako-Ijaiye,25.75
2025-02-06 01:00:00+00:00,Ifako-Ijaiye,24.2
2025-02-06 02:00:00+00:00,Ifako-Ijaiye,26.8
2025-02-06 03:00:00+00:00,Ifako-Ijaiye,26.62
2025-02-06 04:00:00+00:00,Ifako-Ijaiye,29.04
2025-02-06 05:00:00+00:00,Ifako-Ijaiye,43.52
2025-02-06 07:00:00+00:00,Ifako-Ijaiye,31.01
2025-02-06 08:00:00+00:00,Ifako-Ijaiye,43.85
2025-02-06 09:00:00+00:00,Ifako-Ijaiye,43.85
2025-02-06 10:00:00+00:00,Ifako-Ijaiye,39.8
2025-02-06 11:00:00+00:00,Ifako-Ijaiye,43.85
2025-02-06 12:00:00+00:00,Ifako-Ijaiye,43.85
2025-02-06 13:00:00+00:00,Ifako-Ijaiye,25.59
2025-02-06 14:00:00+00:00,Ifako-Ijaiye,43.85
2025-02-06 15:00:00+00:00,Ifako-Ijaiye,27.06
2025-02-06 16:00:00+00:00,Ifako-Ijaiye,43.85
2025-02-06 17:00:00+00:00,Ifako-Ijaiye,43.85
2025-02-06 18:00:00+00:00,Ifako-Ijaiye,43.85
2025-02-06 19:00:00+00:00,Ifako-Ijaiye,27.15
2025-02-06 20:00:00+00:00,Ifako-Ijaiye,24.88
2025-02-06 21:00:00+00:00,Ifako-Ijaiye,29.72
2025-02-06 22:00:00+00:00,Ifako-Ijaiye,30.36
2025-02-06 23:00:00+00:00,Ifako-Ijaiye,43.85
2025-02-07 01:00:00+00:00,Ifako-Ijaiye,43.85
2025-02-07 02:00:00+00:00,Ifako-Ijaiye,38.38
2025-02-07 03:00:00+00:00,Ifako-Ijaiye,34.06
2025-02-07 04:00:00+00:00,Ifako-Ijaiye,39.43
2025-02-07 05:00:00+00:00,Ifako-Ijaiye,55.99
2025-02-07 06:00:00+00:00,Ifako-Ijaiye,55.49
2025-02-07 07:00:00+00:00,Ifako-Ijaiye,54.27
2025-02-07 08:00:00+00:00,Ifako-Ijaiye,43.85
2025-02-07 09:00:00+00:00,Ifako-Ijaiye,41.71
2025-02-07 10:00:00+00:00,Ifako-Ijaiye,38.0
2025-02-07 11:00:00+00:00,Ifako-Ijaiye,40.75
2025-02-07 12:00:00+00:00,Ifako-Ijaiye,43.85
2025-02-07 13:00:00+00:00,Ifako-Ijaiye,43.85
2025-02-07 15:00:00+00:00,Ifako-Ijaiye,29.33
2025-02-07 16:00:00+00:00,Ifako-Ijaiye,30.02
2025-02-07 17:00:00+00:00,Ifako-Ijaiye,38.03
2025-02-07 18:00:00+00:00,Ifako-Ijaiye,33.79
2025-02-07 19:00:00+00:00,Ifako-Ijaiye,43.85
2025-02-07 20:00:00+00:00,Ifako-Ijaiye,35.55
2025-02-07 21:00:00+00:00,Ifako-Ijaiye,43.85
2025-02-07 22:00:00+00:00,Ifako-Ijaiye,39.97
2025-02-07 23:00:00+00:00,Ifako-Ijaiye,41.22
2025-02-08 00:00:00+00:00,Ifako-Ijaiye,28.09
2025-02-08 01:00:00+00:00,Ifako-Ijaiye,23.55
2025-02-08 02:00:00+00:00,Ifako-Ijaiye,26.92
2025-02-08 03:00:00+00:00,Ifako-Ijaiye,43.85
2025-02-08 04:00:00+00:00,Ifako-Ijaiye,25.67
2025-02-08 05:00:00+00:00,Ifako-Ijaiye,43.85
2025-02-08 06:00:00+00:00,Ifako-Ijaiye,30.66
2025-02-08 07:00:00+00:00,Ifako-Ijaiye,30.81
2025-02-08 08:00:00+00:00,Ifako-Ijaiye,43.85
2025-02-08 09:00:00+00:00,Ifako-Ijaiye,26.85
2025-02-08 10:00:00+00:00,Ifako-Ijaiye,29.62
2025-02-08 11:00:00+00:00,Ifako-Ijaiye,31.21
2025-02-08 13:00:00+00:00,Ifako-Ijaiye,43.85
2025-02-08 14:00:00+00:00,Ifako-Ijaiye,43.85
2025-02-08 15:00:00+00:00,Ifako-Ijaiye,21.89
2025-02-08 16:00:00+00:00,Ifako-Ijaiye,43.85
2025-02-08 17:00:00+00:00,Ifako-Ijaiye,27.51
2025-02-08 18:00:00+00:00,Ifako-Ijaiye,27.07
2025-02-08 19:00:00+00:00,Ifako-Ijaiye,31.42
2025-02-08 20:00:00+00:00,Ifako-Ijaiye,30.9
2025-02-08 21:00:00+00:00,Ifako-Ijaiye,43.85
2025-02-08 23:00:00+00:00,Ifako-Ijaiye,29.82
2025-02-09 00:00:00+00:00,Ifako-Ijaiye,43.85
2025-02-09 01:00:00+00:00,Ifako-Ijaiye,30.06
2025-02-09 02:00:00+00:00,Ifako-Ijaiye,43.85
2025-02-09 07:00:00+00:00,Ifako-Ijaiye,27.08
2025-02-09 08:00:00+00:00,Ifako-Ijaiye,24.31
2025-02-09 09:00:00+00:00,Ifako-Ijaiye,22.8
2025-02-09 11:00:00+00:00,Ifako-Ijaiye,20.9
2025-02-09 12:00:00+00:00,Ifako-Ijaiye,43.85
2025-02-09 13:00:00+00:00,Ifako-Ijaiye,43.85
2025-02-09 14:00:00+00:00,Ifako-Ijaiye,25.48
2025-02-09 15:00:00+00:00,Ifako-Ijaiye,31.13
2025-02-09 16:00:00+00:00,Ifako-Ijaiye,43.85
2025-02-09 17:00:00+00:00,Ifako-Ijaiye,20.94
2025-02-09 18:00:00+00:00,Ifako-Ijaiye,43.85
2025-02-09 19:00:00+00:00,Ifako-Ijaiye,43.85
2025-02-09 20:00:00+00:00,Ifako-Ijaiye,21.5
2025-02-09 21:00:00+00:00,Ifako-Ijaiye,21.38
2025-02-09 22:00:00+00:00,Ifako-Ijaiye,21.46
2025-02-09 23:00:00+00:00,Ifako-Ijaiye,43.85
2025-02-10 00:00:00+00:00,Ifako-Ijaiye,43.85
2025-02-10 01:00:00+00:00,Ifako-Ijaiye,43.85
2025-02-10 02:00:00+00:00,Ifako-Ijaiye,28.47
2025-02-10 03:00:00+00:00,Ifako-Ijaiye,17.77
2025-02-10 04:00:00+00:00,Ifako-Ijaiye,24.34
2025-02-10 05:00:00+00:00,Ifako-Ijaiye,43.85
2025-02-10 06:00:00+00:00,Ifako-Ijaiye,43.85
2025-02-10 07:00:00+00:00,Ifako-Ijaiye,43.85
2025-02-10 08:00:00+00:00,Ifako-Ijaiye,25.87
2025-02-10 09:00:00+00:00,Ifako-Ijaiye,17.49
2025-02-10 10:00:00+00:00,Ifako-Ijaiye,43.85
2025-02-10 11:00:00+00:00,Ifako-Ijaiye,43.85
2025-02-10 12:00:00+00:00,Ifako-Ijaiye,24.46
2025-02-10 13:00:00+00:00,Ifako-Ijaiye,43.85
2025-02-10 14:00:00+00:00,Ifako-Ijaiye,43.85
2025-02-10 15:00:00+00:00,Ifako-Ijaiye,43.85
2025-02-10 16:00:00+00:00,Ifako-Ijaiye,43.85
2025-02-10 17:00:00+00:00,Ifako-Ijaiye,43.85
2025-02-10 18:00:00+00:00,Ifako-Ijaiye,21.28
2025-02-10 19:00:00+00:00,Ifako-Ijaiye,43.85
2025-02-10 20:00:00+00:00,Ifako-Ijaiye,43.85
2025-02-10 21:00:00+00:00,Ifako-Ijaiye,21.54
2025-02-10 22:00:00+00:00,Ifako-Ijaiye,43.85
2025-02-10 23:00:00+00:00,Ifako-Ijaiye,21.07
2025-02-11 00:00:00+00:00,Ifako-Ijaiye,15.67
2025-02-11 01:00:00+00:00,Ifako-Ijaiye,43.85
2025-02-11 02:00:00+00:00,Ifako-Ijaiye,43.85
2025-02-11 03:00:00+00:00,Ifako-Ijaiye,43.85
2025-02-11 04:00:00+00:00,Ifako-Ijaiye,43.85
2025-02-11 05:00:00+00:00,Ifako-Ijaiye,26.61
2025-02-11 06:00:00+00:00,Ifako-Ijaiye,20.98
2025-02-11 07:00:00+00:00,Ifako-Ijaiye,43.85
2025-02-11 08:00:00+00:00,Ifako-Ijaiye,16.72
2025-02-11 09:00:00+00:00,Ifako-Ijaiye,43.85
2025-02-11 10:00:00+00:00,Ifako-Ijaiye,21.23
2025-02-11 11:00:00+00:00,Ifako-Ijaiye,24.28
2025-02-11 12:00:00+00:00,Ifako-Ijaiye,25.24
2025-02-11 13:00:00+00:00,Ifako-Ijaiye,43.85
2025-02-11 14:00:00+00:00,Ifako-Ijaiye,43.85
2025-02-11 15:00:00+00:00,Ifako-Ijaiye,17.18
2025-02-11 16:00:00+00:00,Ifako-Ijaiye,17.83
2025-02-11 17:00:00+00:00,Ifako-Ijaiye,43.85
2025-02-11 18:00:00+00:00,Ifako-Ijaiye,43.85
2025-02-11 19:00:00+00:00,Ifako-Ijaiye,43.85
2025-02-11 20:00:00+00:00,Ifako-Ijaiye,18.38
2025-02-11 21:00:00+00:00,Ifako-Ijaiye,43.85
2025-02-11 22:00:00+00:00,Ifako-Ijaiye,43.85
2025-02-11 23:00:00+00:00,Ifako-Ijaiye,43.85
2025-02-12 00:00:00+00:00,Ifako-Ijaiye,16.53
2025-02-12 01:00:00+00:00,Ifako-Ijaiye,14.98
2025-02-12 02:00:00+00:00,Ifako-Ijaiye,43.85
2025-02-12 03:00:00+00:00,Ifako-Ijaiye,14.52
2025-02-12 04:00:00+00:00,Ifako-Ijaiye,43.85
2025-02-12 05:00:00+00:00,Ifako-Ijaiye,20.57
2025-02-12 06:00:00+00:00,Ifako-Ijaiye,43.85
2025-02-12 07:00:00+00:00,Ifako-Ijaiye,29.15
2025-02-12 08:00:00+00:00,Ifako-Ijaiye,43.85
2025-02-12 09:00:00+00:00,Ifako-Ijaiye,19.35
2025-02-12 10:00:00+00:00,Ifako-Ijaiye,22.0
2025-02-12 11:00:00+00:00,Ifako-Ijaiye,22.92
2025-02-12 12:00:00+00:00,Ifako-Ijaiye,43.85
2025-02-12 13:00:00+00:00,Ifako-Ijaiye,23.08
2025-02-13 08:00:00+00:00,Ifako-Ijaiye,18.62
2025-02-13 09:00:00+00:00,Ifako-Ijaiye,43.85
2025-02-13 10:00:00+00:00,Ifako-Ijaiye,43.85
2025-02-13 11:00:00+00:00,Ifako-Ijaiye,43.85
2025-02-13 12:00:00+00:00,Ifako-Ijaiye,43.85
2025-02-13 13:00:00+00:00,Ifako-Ijaiye,24.24
2025-02-13 14:00:00+00:00,Ifako-Ijaiye,26.21
2025-02-13 15:00:00+00:00,Ifako-Ijaiye,23.25
2025-02-13 16:00:00+00:00,Ifako-Ijaiye,19.48
2025-02-13 17:00:00+00:00,Ifako-Ijaiye,21.46
2025-02-13 18:00:00+00:00,Ifako-Ijaiye,21.16
2025-02-13 19:00:00+00:00,Ifako-Ijaiye,21.4
2025-02-13 20:00:00+00:00,Ifako-Ijaiye,21.23
2025-02-13 21:00:00+00:00,Ifako-Ijaiye,43.85
2025-02-13 22:00:00+00:00,Ifako-Ijaiye,21.01
2025-02-13 23:00:00+00:00,Ifako-Ijaiye,19.67
2025-02-14 00:00:00+00:00,Ifako-Ijaiye,15.83
2025-02-14 01:00:00+00:00,Ifako-Ijaiye,43.85
2025-02-14 02:00:00+00:00,Ifako-Ijaiye,19.05
2025-02-14 03:00:00+00:00,Ifako-Ijaiye,43.85
2025-02-14 04:00:00+00:00,Ifako-Ijaiye,43.85
2025-02-14 05:00:00+00:00,Ifako-Ijaiye,43.85
2025-02-14 06:00:00+00:00,Ifako-Ijaiye,37.06
2025-02-14 07:00:00+00:00,Ifako-Ijaiye,43.85
2025-02-14 08:00:00+00:00,Ifako-Ijaiye,20.52
2025-02-14 09:00:00+00:00,Ifako-Ijaiye,43.85
2025-02-14 10:00:00+00:00,Ifako-Ijaiye,43.85
2025-02-14 11:00:00+00:00,Ifako-Ijaiye,43.85
2025-02-14 12:00:00+00:00,Ifako-Ijaiye,43.85
2025-02-14 13:00:00+00:00,Ifako-Ijaiye,43.85
2025-02-14 14:00:00+00:00,Ifako-Ijaiye,24.65
2025-02-14 15:00:00+00:00,Ifako-Ijaiye,43.85
2025-02-14 16:00:00+00:00,Ifako-Ijaiye,22.95
2025-02-14 17:00:00+00:00,Ifako-Ijaiye,24.95
2025-02-14 18:00:00+00:00,Ifako-Ijaiye,43.85
2025-02-14 19:00:00+00:00,Ifako-Ijaiye,22.35
2025-02-14 20:00:00+00:00,Ifako-Ijaiye,43.85
2025-02-14 21:00:00+00:00,Ifako-Ijaiye,21.74
2025-02-14 22:00:00+00:00,Ifako-Ijaiye,43.85
2025-02-14 23:00:00+00:00,Ifako-Ijaiye,43.85
2025-02-15 00:00:00+00:00,Ifako-Ijaiye,17.31
2025-02-15 01:00:00+00:00,Ifako-Ijaiye,15.23
2025-02-15 02:00:00+00:00,Ifako-Ijaiye,15.58
2025-02-15 03:00:00+00:00,Ifako-Ijaiye,19.01
2025-02-15 04:00:00+00:00,Ifako-Ijaiye,21.39
2025-02-15 05:00:00+00:00,Ifako-Ijaiye,29.01
2025-02-15 06:00:00+00:00,Ifako-Ijaiye,31.19
2025-02-15 07:00:00+00:00,Ifako-Ijaiye,27.26
2025-02-15 08:00:00+00:00,Ifako-Ijaiye,19.99
2025-02-15 09:00:00+00:00,Ifako-Ijaiye,19.21
2025-02-15 10:00:00+00:00,Ifako-Ijaiye,24.2
2025-02-15 11:00:00+00:00,Ifako-Ijaiye,26.85
2025-02-15 12:00:00+00:00,Ifako-Ijaiye,28.95
2025-02-15 13:00:00+00:00,Ifako-Ijaiye,24.36
2025-02-15 14:00:00+00:00,Ifako-Ijaiye,25.66
2025-02-15 15:00:00+00:00,Ifako-Ijaiye,22.37
2025-02-15 16:00:00+00:00,Ifako-Ijaiye,21.45
2025-02-15 17:00:00+00:00,Ifako-Ijaiye,21.79
2025-02-15 18:00:00+00:00,Ifako-Ijaiye,21.18
2025-02-15 20:00:00+00:00,Ifako-Ijaiye,17.97
2025-02-15 21:00:00+00:00,Ifako-Ijaiye,17.45
2025-02-15 22:00:00+00:00,Ifako-Ijaiye,18.51
2025-02-15 23:00:00+00:00,Ifako-Ijaiye,18.03
2025-02-16 00:00:00+00:00,Ifako-Ijaiye,19.31
2025-02-16 01:00:00+00:00,Ifako-Ijaiye,16.18
2025-02-16 02:00:00+00:00,Ifako-Ijaiye,15.34
2025-02-16 03:00:00+00:00,Ifako-Ijaiye,19.49
2025-02-16 04:00:00+00:00,Ifako-Ijaiye,19.18
2025-02-16 06:00:00+00:00,Ifako-Ijaiye,29.29
2025-02-16 07:00:00+00:00,Ifako-Ijaiye,27.18
2025-02-16 08:00:00+00:00,Ifako-Ijaiye,21.29
2025-02-16 09:00:00+00:00,Ifako-Ijaiye,22.15
2025-02-16 10:00:00+00:00,Ifako-Ijaiye,22.69
2025-02-16 11:00:00+00:00,Ifako-Ijaiye,25.66
2025-02-16 12:00:00+00:00,Ifako-Ijaiye,25.06
2025-02-16 13:00:00+00:00,Ifako-Ijaiye,24.71
2025-02-16 14:00:00+00:00,Ifako-Ijaiye,25.4
2025-02-16 15:00:00+00:00,Ifako-Ijaiye,23.38
2025-02-16 16:00:00+00:00,Ifako-Ijaiye,22.26
2025-02-16 17:00:00+00:00,Ifako-Ijaiye,23.1
2025-02-16 18:00:00+00:00,Ifako-Ijaiye,21.51
2025-02-16 19:00:00+00:00,Ifako-Ijaiye,19.14
2025-02-16 20:00:00+00:00,Ifako-Ijaiye,20.38
2025-02-16 21:00:00+00:00,Ifako-Ijaiye,21.75
2025-02-16 22:00:00+00:00,Ifako-Ijaiye,20.87
2025-02-16 23:00:00+00:00,Ifako-Ijaiye,20.83
2025-02-17 00:00:00+00:00,Ifako-Ijaiye,15.92
2025-02-17 01:00:00+00:00,Ifako-Ijaiye,15.62
2025-02-17 02:00:00+00:00,Ifako-Ijaiye,15.1
2025-02-17 03:00:00+00:00,Ifako-Ijaiye,16.65
2025-02-17 06:00:00+00:00,Ifako-Ijaiye,31.96
2025-02-17 07:00:00+00:00,Ifako-Ijaiye,26.86
2025-02-17 08:00:00+00:00,Ifako-Ijaiye,22.58
2025-02-17 09:00:00+00:00,Ifako-Ijaiye,21.65
2025-02-17 10:00:00+00:00,Ifako-Ijaiye,23.9
2025-02-17 11:00:00+00:00,Ifako-Ijaiye,25.11
2025-02-17 12:00:00+00:00,Ifako-Ijaiye,27.25
2025-02-17 14:00:00+00:00,Ifako-Ijaiye,22.14
2025-02-17 15:00:00+00:00,Ifako-Ijaiye,23.66
2025-02-17 16:00:00+00:00,Ifako-Ijaiye,21.82
2025-02-17 17:00:00+00:00,Ifako-Ijaiye,24.39
2025-02-17 18:00:00+00:00,Ifako-Ijaiye,22.34
2025-02-17 19:00:00+00:00,Ifako-Ijaiye,22.13
2025-02-17 20:00:00+00:00,Ifako-Ijaiye,20.99
2025-02-17 21:00:00+00:00,Ifako-Ijaiye,21.91
2025-02-17 22:00:00+00:00,Ifako-Ijaiye,21.0
2025-02-17 23:00:00+00:00,Ifako-Ijaiye,21.04
2025-02-18 00:00:00+00:00,Ifako-Ijaiye,22.17
2025-02-18 03:00:00+00:00,Ifako-Ijaiye,17.28
2025-02-18 04:00:00+00:00,Ifako-Ijaiye,20.96
2025-02-18 05:00:00+00:00,Ifako-Ijaiye,27.03
2025-02-18 06:00:00+00:00,Ifako-Ijaiye,27.51
2025-02-18 07:00:00+00:00,Ifako-Ijaiye,28.54
2025-02-18 08:00:00+00:00,Ifako-Ijaiye,20.38
2025-02-18 09:00:00+00:00,Ifako-Ijaiye,20.89
2025-02-18 10:00:00+00:00,Ifako-Ijaiye,24.18
2025-02-18 11:00:00+00:00,Ifako-Ijaiye,24.02
2025-02-18 12:00:00+00:00,Ifako-Ijaiye,24.81
2025-02-18 13:00:00+00:00,Ifako-Ijaiye,22.85
2025-02-18 14:00:00+00:00,Ifako-Ijaiye,22.87
2025-02-18 15:00:00+00:00,Ifako-Ijaiye,23.65
2025-02-18 16:00:00+00:00,Ifako-Ijaiye,22.4
2025-02-18 17:00:00+00:00,Ifako-Ijaiye,18.77
2025-02-18 18:00:00+00:00,Ifako-Ijaiye,22.02
2025-02-18 19:00:00+00:00,Ifako-Ijaiye,25.05
2025-02-18 20:00:00+00:00,Ifako-Ijaiye,22.38
2025-02-18 21:00:00+00:00,Ifako-Ijaiye,23.7
2025-02-18 22:00:00+00:00,Ifako-Ijaiye,30.33
2025-02-18 23:00:00+00:00,Ifako-Ijaiye,29.98
2025-02-19 00:00:00+00:00,Ifako-Ijaiye,28.42
2025-02-19 01:00:00+00:00,Ifako-Ijaiye,20.41
2025-02-19 02:00:00+00:00,Ifako-Ijaiye,19.21
2025-02-19 03:00:00+00:00,Ifako-Ijaiye,20.16
2025-02-19 04:00:00+00:00,Ifako-Ijaiye,21.87
2025-02-19 05:00:00+00:00,Ifako-Ijaiye,28.86
2025-02-19 06:00:00+00:00,Ifako-Ijaiye,29.75
2025-02-19 07:00:00+00:00,Ifako-Ijaiye,28.35
2025-02-19 08:00:00+00:00,Ifako-Ijaiye,21.99
2025-02-19 09:00:00+00:00,Ifako-Ijaiye,18.05
2025-02-19 10:00:00+00:00,Ifako-Ijaiye,19.25
2025-02-19 11:00:00+00:00,Ifako-Ijaiye,17.66
2025-02-19 12:00:00+00:00,Ifako-Ijaiye,17.97
2025-02-19 13:00:00+00:00,Ifako-Ijaiye,19.76
2025-02-19 14:00:00+00:00,Ifako-Ijaiye,19.2
2025-02-19 15:00:00+00:00,Ifako-Ijaiye,17.93
2025-02-19 16:00:00+00:00,Ifako-Ijaiye,19.0
2025-02-19 17:00:00+00:00,Ifako-Ijaiye,20.84
2025-02-19 18:00:00+00:00,Ifako-Ijaiye,21.77
2025-02-19 19:00:00+00:00,Ifako-Ijaiye,21.77
2025-02-19 20:00:00+00:00,Ifako-Ijaiye,22.12
2025-02-19 21:00:00+00:00,Ifako-Ijaiye,23.11
2025-02-19 22:00:00+00:00,Ifako-Ijaiye,22.87
2025-02-19 23:00:00+00:00,Ifako-Ijaiye,22.46
2025-02-20 00:00:00+00:00,Ifako-Ijaiye,18.99
2025-02-20 01:00:00+00:00,Ifako-Ijaiye,17.84
2025-02-20 02:00:00+00:00,Ifako-Ijaiye,24.0
2025-02-20 03:00:00+00:00,Ifako-Ijaiye,18.88
2025-02-20 06:00:00+00:00,Ifako-Ijaiye,20.2
2025-02-20 07:00:00+00:00,Ifako-Ijaiye,24.25
2025-02-20 08:00:00+00:00,Ifako-Ijaiye,22.11
2025-02-20 09:00:00+00:00,Ifako-Ijaiye,21.34
2025-02-20 10:00:00+00:00,Ifako-Ijaiye,19.15
2025-02-20 11:00:00+00:00,Ifako-Ijaiye,21.06
2025-02-20 12:00:00+00:00,Ifako-Ijaiye,23.93
2025-02-20 13:00:00+00:00,Ifako-Ijaiye,21.09
2025-02-20 14:00:00+00:00,Ifako-Ijaiye,23.15
2025-02-20 15:00:00+00:00,Ifako-Ijaiye,18.66
2025-02-20 16:00:00+00:00,Ifako-Ijaiye,19.44
2025-02-20 17:00:00+00:00,Ifako-Ijaiye,19.36
2025-02-20 18:00:00+00:00,Ifako-Ijaiye,20.65
2025-02-20 19:00:00+00:00,Ifako-Ijaiye,21.96
2025-02-20 20:00:00+00:00,Ifako-Ijaiye,18.84
2025-02-20 21:00:00+00:00,Ifako-Ijaiye,18.77
2025-02-20 22:00:00+00:00,Ifako-Ijaiye,21.23
2025-02-20 23:00:00+00:00,Ifako-Ijaiye,18.6
2025-02-21 00:00:00+00:00,Ifako-Ijaiye,14.41
2025-02-21 01:00:00+00:00,Ifako-Ijaiye,16.82
2025-02-21 02:00:00+00:00,Ifako-Ijaiye,18.89
2025-02-21 03:00:00+00:00,Ifako-Ijaiye,14.39
2025-02-21 04:00:00+00:00,Ifako-Ijaiye,14.76
2025-02-21 05:00:00+00:00,Ifako-Ijaiye,16.31
2025-02-21 06:00:00+00:00,Ifako-Ijaiye,20.04
2025-02-21 07:00:00+00:00,Ifako-Ijaiye,20.3
2025-02-21 08:00:00+00:00,Ifako-Ijaiye,17.62
2025-02-21 09:00:00+00:00,Ifako-Ijaiye,20.8
2025-02-21 10:00:00+00:00,Ifako-Ijaiye,19.11
2025-02-21 11:00:00+00:00,Ifako-Ijaiye,18.18
2025-02-21 12:00:00+00:00,Ifako-Ijaiye,20.83
2025-02-21 13:00:00+00:00,Ifako-Ijaiye,18.52
2025-02-21 14:00:00+00:00,Ifako-Ijaiye,17.34
2025-02-21 15:00:00+00:00,Ifako-Ijaiye,17.61
2025-02-21 16:00:00+00:00,Ifako-Ijaiye,21.87
2025-02-21 17:00:00+00:00,Ifako-Ijaiye,22.34
2025-02-21 18:00:00+00:00,Ifako-Ijaiye,23.35
2025-02-21 19:00:00+00:00,Ifako-Ijaiye,27.62
2025-02-21 20:00:00+00:00,Ifako-Ijaiye,23.22
2025-02-21 21:00:00+00:00,Ifako-Ijaiye,22.32
2025-02-21 22:00:00+00:00,Ifako-Ijaiye,22.78
2025-02-21 23:00:00+00:00,Ifako-Ijaiye,19.45
2025-02-22 00:00:00+00:00,Ifako-Ijaiye,14.46
2025-02-22 01:00:00+00:00,Ifako-Ijaiye,14.95
2025-02-22 02:00:00+00:00,Ifako-Ijaiye,14.13
2025-02-22 03:00:00+00:00,Ifako-Ijaiye,14.78
2025-02-22 04:00:00+00:00,Ifako-Ijaiye,14.75
2025-02-22 05:00:00+00:00,Ifako-Ijaiye,16.46
2025-02-22 06:00:00+00:00,Ifako-Ijaiye,20.05
2025-02-22 07:00:00+00:00,Ifako-Ijaiye,19.68
2025-02-22 08:00:00+00:00,Ifako-Ijaiye,20.45
2025-02-22 09:00:00+00:00,Ifako-Ijaiye,17.38
2025-02-22 10:00:00+00:00,Ifako-Ijaiye,21.26
2025-02-22 11:00:00+00:00,Ifako-Ijaiye,17.98
2025-02-22 12:00:00+00:00,Ifako-Ijaiye,23.81
2025-02-22 13:00:00+00:00,Ifako-Ijaiye,18.71
2025-02-22 14:00:00+00:00,Ifako-Ijaiye,17.66
2025-02-22 15:00:00+00:00,Ifako-Ijaiye,16.89
2025-02-22 16:00:00+00:00,Ifako-Ijaiye,27.08
2025-02-22 18:00:00+00:00,Ifako-Ijaiye,32.98
2025-02-22 19:00:00+00:00,Ifako-Ijaiye,29.14
2025-02-22 20:00:00+00:00,Ifako-Ijaiye,29.51
2025-02-22 21:00:00+00:00,Ifako-Ijaiye,34.36
2025-02-22 22:00:00+00:00,Ifako-Ijaiye,53.92
2025-02-22 23:00:00+00:00,Ifako-Ijaiye,52.38
2025-02-23 00:00:00+00:00,Ifako-Ijaiye,45.09
2025-02-23 01:00:00+00:00,Ifako-Ijaiye,48.11
2025-02-23 02:00:00+00:00,Ifako-Ijaiye,46.86
2025-02-23 03:00:00+00:00,Ifako-Ijaiye,39.48
2025-02-23 04:00:00+00:00,Ifako-Ijaiye,37.51
2025-02-23 05:00:00+00:00,Ifako-Ijaiye,39.98
2025-02-23 06:00:00+00:00,Ifako-Ijaiye,35.94
2025-02-23 08:00:00+00:00,Ifako-Ijaiye,35.67
2025-02-23 09:00:00+00:00,Ifako-Ijaiye,29.29
2025-02-23 10:00:00+00:00,Ifako-Ijaiye,25.55
2025-02-23 11:00:00+00:00,Ifako-Ijaiye,23.53
2025-02-23 12:00:00+00:00,Ifako-Ijaiye,22.33
2025-02-23 13:00:00+00:00,Ifako-Ijaiye,21.44
2025-02-23 14:00:00+00:00,Ifako-Ijaiye,23.56
2025-02-23 15:00:00+00:00,Ifako-Ijaiye,28.41
2025-02-23 16:00:00+00:00,Ifako-Ijaiye,23.69
2025-02-23 17:00:00+00:00,Ifako-Ijaiye,24.34
2025-02-23 18:00:00+00:00,Ifako-Ijaiye,26.59
2025-02-23 19:00:00+00:00,Ifako-Ijaiye,23.58
2025-02-23 20:00:00+00:00,Ifako-Ijaiye,25.93
2025-02-23 21:00:00+00:00,Ifako-Ijaiye,28.58
2025-02-23 22:00:00+00:00,Ifako-Ijaiye,32.87
2025-02-23 23:00:00+00:00,Ifako-Ijaiye,32.65
2025-02-24 00:00:00+00:00,Ifako-Ijaiye,28.66
2025-02-24 01:00:00+00:00,Ifako-Ijaiye,30.25
2025-02-24 02:00:00+00:00,Ifako-Ijaiye,29.02
2025-02-24 07:00:00+00:00,Ifako-Ijaiye,26.99
2025-02-24 08:00:00+00:00,Ifako-Ijaiye,23.88
2025-02-24 09:00:00+00:00,Ifako-Ijaiye,23.91
2025-02-24 10:00:00+00:00,Ifako-Ijaiye,21.6
2025-02-24 11:00:00+00:00,Ifako-Ijaiye,17.33
2025-02-24 12:00:00+00:00,Ifako-Ijaiye,18.36
2025-02-24 13:00:00+00:00,Ifako-Ijaiye,17.96
2025-02-24 14:00:00+00:00,Ifako-Ijaiye,17.68
2025-02-24 15:00:00+00:00,Ifako-Ijaiye,17.25
2025-02-24 18:00:00+00:00,Ifako-Ijaiye,18.37
2025-02-24 19:00:00+00:00,Ifako-Ijaiye,17.95
2025-02-24 20:00:00+00:00,Ifako-Ijaiye,18.15
2025-02-24 21:00:00+00:00,Ifako-Ijaiye,19.06
2025-02-24 22:00:00+00:00,Ifako-Ijaiye,21.47
2025-02-24 23:00:00+00:00,Ifako-Ijaiye,19.75
2025-02-25 00:00:00+00:00,Ifako-Ijaiye,29.44
2025-02-25 01:00:00+00:00,Ifako-Ijaiye,19.53
2025-02-25 02:00:00+00:00,Ifako-Ijaiye,19.52
2025-02-25 03:00:00+00:00,Ifako-Ijaiye,18.71
2025-02-25 08:00:00+00:00,Ifako-Ijaiye,21.25
2025-02-25 09:00:00+00:00,Ifako-Ijaiye,19.36
2025-02-25 10:00:00+00:00,Ifako-Ijaiye,18.93
2025-02-25 11:00:00+00:00,Ifako-Ijaiye,18.05
2025-02-25 13:00:00+00:00,Ifako-Ijaiye,20.37
2025-02-25 14:00:00+00:00,Ifako-Ijaiye,23.68
2025-02-25 15:00:00+00:00,Ifako-Ijaiye,17.4
2025-02-25 17:00:00+00:00,Ifako-Ijaiye,26.1
2025-02-25 18:00:00+00:00,Ifako-Ijaiye,19.79
2025-02-25 19:00:00+00:00,Ifako-Ijaiye,18.95
2025-02-25 20:00:00+00:00,Ifako-Ijaiye,19.19
2025-02-25 21:00:00+00:00,Ifako-Ijaiye,20.44
2025-02-25 22:00:00+00:00,Ifako-Ijaiye,18.45
2025-02-25 23:00:00+00:00,Ifako-Ijaiye,21.16
2025-02-26 00:00:00+00:00,Ifako-Ijaiye,14.71
2025-02-26 01:00:00+00:00,Ifako-Ijaiye,14.76
2025-02-26 02:00:00+00:00,Ifako-Ijaiye,18.38
2025-02-26 03:00:00+00:00,Ifako-Ijaiye,14.63
2025-02-26 04:00:00+00:00,Ifako-Ijaiye,14.42
2025-02-26 05:00:00+00:00,Ifako-Ijaiye,19.72
2025-02-26 06:00:00+00:00,Ifako-Ijaiye,26.72
2025-02-26 07:00:00+00:00,Ifako-Ijaiye,26.97
2025-02-26 08:00:00+00:00,Ifako-Ijaiye,23.1
2025-02-26 09:00:00+00:00,Ifako-Ijaiye,20.67
2025-02-26 10:00:00+00:00,Ifako-Ijaiye,18.03
2025-02-26 11:00:00+00:00,Ifako-Ijaiye,22.69
2025-02-27 08:00:00+00:00,Ifako-Ijaiye,22.16
2025-02-27 09:00:00+00:00,Ifako-Ijaiye,18.06
2025-02-27 10:00:00+00:00,Ifako-Ijaiye,19.43
2025-02-27 11:00:00+00:00,Ifako-Ijaiye,24.47
2025-02-27 12:00:00+00:00,Ifako-Ijaiye,26.1
2025-02-27 13:00:00+00:00,Ifako-Ijaiye,28.38
2025-02-27 14:00:00+00:00,Ifako-Ijaiye,23.7
2025-02-27 15:00:00+00:00,Ifako-Ijaiye,22.6
2025-02-27 16:00:00+00:00,Ifako-Ijaiye,24.79
2025-02-27 17:00:00+00:00,Ifako-Ijaiye,22.35
2025-02-27 18:00:00+00:00,Ifako-Ijaiye,19.31
2025-02-27 19:00:00+00:00,Ifako-Ijaiye,19.03
2025-02-27 20:00:00+00:00,Ifako-Ijaiye,18.88
2025-02-27 21:00:00+00:00,Ifako-Ijaiye,17.58
2025-02-27 22:00:00+00:00,Ifako-Ijaiye,21.16
2025-02-27 23:00:00+00:00,Ifako-Ijaiye,16.26
2025-02-28 00:00:00+00:00,Ifako-Ijaiye,14.88
2025-02-28 01:00:00+00:00,Ifako-Ijaiye,15.32
2025-02-28 02:00:00+00:00,Ifako-Ijaiye,14.58
2025-02-28 03:00:00+00:00,Ifako-Ijaiye,16.63
2025-02-28 04:00:00+00:00,Ifako-Ijaiye,28.35
2025-02-28 05:00:00+00:00,Ifako-Ijaiye,28.89
2025-02-28 06:00:00+00:00,Ifako-Ijaiye,28.05
2025-02-28 07:00:00+00:00,Ifako-Ijaiye,26.87
2025-02-28 08:00:00+00:00,Ifako-Ijaiye,22.95
2025-02-28 09:00:00+00:00,Ifako-Ijaiye,21.94
2025-02-28 10:00:00+00:00,Ifako-Ijaiye,23.16
2025-02-28 11:00:00+00:00,Ifako-Ijaiye,24.59
2025-02-28 12:00:00+00:00,Ifako-Ijaiye,36.23
2025-02-28 13:00:00+00:00,Ifako-Ijaiye,30.49
2025-02-28 14:00:00+00:00,Ifako-Ijaiye,28.18
2025-02-28 15:00:00+00:00,Ifako-Ijaiye,23.41
2025-02-28 16:00:00+00:00,Ifako-Ijaiye,18.68
2025-02-28 17:00:00+00:00,Ifako-Ijaiye,19.06
2025-02-28 18:00:00+00:00,Ifako-Ijaiye,18.95
2025-02-28 19:00:00+00:00,Ifako-Ijaiye,39.57
2025-02-28 20:00:00+00:00,Ifako-Ijaiye,27.06
2025-02-28 21:00:00+00:00,Ifako-Ijaiye,29.15
2025-02-28 22:00:00+00:00,Ifako-Ijaiye,29.4
2025-02-28 23:00:00+00:00,Ifako-Ijaiye,21.68
2025-02-01 10:00:00+00:00,Ikeja Hospital Road,51.98
2025-02-01 12:00:00+00:00,Ikeja Hospital Road,31.0
2025-02-01 13:00:00+00:00,Ikeja Hospital Road,37.74
2025-02-01 14:00:00+00:00,Ikeja Hospital Road,27.03
2025-02-01 15:00:00+00:00,Ikeja Hospital Road,29.07
2025-02-01 16:00:00+00:00,Ikeja Hospital Road,28.53
2025-02-01 17:00:00+00:00,Ikeja Hospital Road,23.15
2025-02-01 18:00:00+00:00,Ikeja Hospital Road,26.01
2025-02-01 19:00:00+00:00,Ikeja Hospital Road,43.97
2025-02-01 20:00:00+00:00,Ikeja Hospital Road,45.08
2025-02-02 08:00:00+00:00,Ikeja Hospital Road,38.86
2025-02-02 09:00:00+00:00,Ikeja Hospital Road,36.44
2025-02-02 10:00:00+00:00,Ikeja Hospital Road,37.53
2025-02-02 11:00:00+00:00,Ikeja Hospital Road,37.49
2025-02-02 12:00:00+00:00,Ikeja Hospital Road,37.62
2025-02-02 13:00:00+00:00,Ikeja Hospital Road,34.79
2025-02-02 14:00:00+00:00,Ikeja Hospital Road,36.44
2025-02-02 15:00:00+00:00,Ikeja Hospital Road,28.12
2025-02-02 16:00:00+00:00,Ikeja Hospital Road,28.22
2025-02-02 17:00:00+00:00,Ikeja Hospital Road,28.88
2025-02-02 18:00:00+00:00,Ikeja Hospital Road,29.33
2025-02-02 19:00:00+00:00,Ikeja Hospital Road,34.41
2025-02-02 20:00:00+00:00,Ikeja Hospital Road,38.26
2025-02-02 21:00:00+00:00,Ikeja Hospital Road,47.43
2025-02-02 22:00:00+00:00,Ikeja Hospital Road,45.75
2025-02-02 23:00:00+00:00,Ikeja Hospital Road,36.44
2025-02-03 00:00:00+00:00,Ikeja Hospital Road,64.56
2025-02-03 01:00:00+00:00,Ikeja Hospital Road,61.52
2025-02-03 02:00:00+00:00,Ikeja Hospital Road,65.75
2025-02-03 03:00:00+00:00,Ikeja Hospital Road,88.07
2025-02-03 04:00:00+00:00,Ikeja Hospital Road,73.79
2025-02-03 05:00:00+00:00,Ikeja Hospital Road,66.54
2025-02-03 06:00:00+00:00,Ikeja Hospital Road,70.38
2025-02-03 07:00:00+00:00,Ikeja Hospital Road,73.14
2025-02-03 08:00:00+00:00,Ikeja Hospital Road,66.99
2025-02-03 09:00:00+00:00,Ikeja Hospital Road,34.94
2025-02-03 10:00:00+00:00,Ikeja Hospital Road,30.0
2025-02-03 11:00:00+00:00,Ikeja Hospital Road,30.02
2025-02-03 12:00:00+00:00,Ikeja Hospital Road,30.93
2025-02-03 13:00:00+00:00,Ikeja Hospital Road,43.93
2025-02-03 14:00:00+00:00,Ikeja Hospital Road,32.44
2025-02-03 15:00:00+00:00,Ikeja Hospital Road,43.09
2025-02-03 16:00:00+00:00,Ikeja Hospital Road,38.68
2025-02-03 17:00:00+00:00,Ikeja Hospital Road,35.17
2025-02-03 18:00:00+00:00,Ikeja Hospital Road,45.08
2025-02-03 19:00:00+00:00,Ikeja Hospital Road,46.13
2025-02-03 20:00:00+00:00,Ikeja Hospital Road,38.05
2025-02-03 21:00:00+00:00,Ikeja Hospital Road,44.98
2025-02-03 22:00:00+00:00,Ikeja Hospital Road,46.92
2025-02-03 23:00:00+00:00,Ikeja Hospital Road,51.3
2025-02-04 00:00:00+00:00,Ikeja Hospital Road,51.32
2025-02-04 01:00:00+00:00,Ikeja Hospital Road,43.88
2025-02-04 02:00:00+00:00,Ikeja Hospital Road,79.51
2025-02-04 03:00:00+00:00,Ikeja Hospital Road,66.68
2025-02-04 04:00:00+00:00,Ikeja Hospital Road,59.96
2025-02-04 05:00:00+00:00,Ikeja Hospital Road,58.68
2025-02-04 06:00:00+00:00,Ikeja Hospital Road,58.68
2025-02-04 07:00:00+00:00,Ikeja Hospital Road,57.74
2025-02-04 08:00:00+00:00,Ikeja Hospital Road,30.16
2025-02-04 09:00:00+00:00,Ikeja Hospital Road,31.58
2025-02-04 10:00:00+00:00,Ikeja Hospital Road,43.06
2025-02-04 11:00:00+00:00,Ikeja Hospital Road,53.14
2025-02-04 12:00:00+00:00,Ikeja Hospital Road,45.63
2025-02-04 13:00:00+00:00,Ikeja Hospital Road,53.14
2025-02-04 14:00:00+00:00,Ikeja Hospital Road,53.14
2025-02-04 15:00:00+00:00,Ikeja Hospital Road,42.52
2025-02-04 16:00:00+00:00,Ikeja Hospital Road,53.14
2025-02-04 17:00:00+00:00,Ikeja Hospital Road,42.95
2025-02-04 18:00:00+00:00,Ikeja Hospital Road,42.58
2025-02-04 19:00:00+00:00,Ikeja Hospital Road,45.05
2025-02-04 20:00:00+00:00,Ikeja Hospital Road,43.83
2025-02-04 21:00:00+00:00,Ikeja Hospital Road,53.14
2025-02-04 22:00:00+00:00,Ikeja Hospital Road,53.14
2025-02-04 23:00:00+00:00,Ikeja Hospital Road,53.14
2025-02-05 00:00:00+00:00,Ikeja Hospital Road,48.04
2025-02-05 01:00:00+00:00,Ikeja Hospital Road,50.23
2025-02-05 02:00:00+00:00,Ikeja Hospital Road,52.82
2025-02-05 03:00:00+00:00,Ikeja Hospital Road,53.14
2025-02-05 04:00:00+00:00,Ikeja Hospital Road,60.17
2025-02-05 05:00:00+00:00,Ikeja Hospital Road,53.14
2025-02-05 06:00:00+00:00,Ikeja Hospital Road,59.41
2025-02-05 08:00:00+00:00,Ikeja Hospital Road,36.03
2025-02-05 09:00:00+00:00,Ikeja Hospital Road,53.14
2025-02-05 10:00:00+00:00,Ikeja Hospital Road,40.79
2025-02-05 11:00:00+00:00,Ikeja Hospital Road,40.4
2025-02-06 01:00:00+00:00,Ikeja Hospital Road,35.23
2025-02-06 02:00:00+00:00,Ikeja Hospital Road,29.32
2025-02-06 03:00:00+00:00,Ikeja Hospital Road,53.14
2025-02-06 04:00:00+00:00,Ikeja Hospital Road,42.43
2025-02-06 05:00:00+00:00,Ikeja Hospital Road,47.44
2025-02-06 06:00:00+00:00,Ikeja Hospital Road,53.14
2025-02-06 07:00:00+00:00,Ikeja Hospital Road,53.14
2025-02-06 08:00:00+00:00,Ikeja Hospital Road,53.14
2025-02-06 09:00:00+00:00,Ikeja Hospital Road,30.43
2025-02-06 10:00:00+00:00,Ikeja Hospital Road,42.81
2025-02-06 11:00:00+00:00,Ikeja Hospital Road,53.14
2025-02-06 12:00:00+00:00,Ikeja Hospital Road,53.14
2025-02-06 13:00:00+00:00,Ikeja Hospital Road,53.14
2025-02-06 14:00:00+00:00,Ikeja Hospital Road,53.14
2025-02-06 15:00:00+00:00,Ikeja Hospital Road,28.24
2025-02-06 16:00:00+00:00,Ikeja Hospital Road,35.28
2025-02-06 23:00:00+00:00,Ikeja Hospital Road,33.61
2025-02-07 00:00:00+00:00,Ikeja Hospital Road,39.55
2025-02-07 01:00:00+00:00,Ikeja Hospital Road,38.07
2025-02-07 02:00:00+00:00,Ikeja Hospital Road,39.24
2025-02-07 03:00:00+00:00,Ikeja Hospital Road,38.98
2025-02-07 04:00:00+00:00,Ikeja Hospital Road,53.14
2025-02-07 05:00:00+00:00,Ikeja Hospital Road,43.29
2025-02-07 06:00:00+00:00,Ikeja Hospital Road,53.14
2025-02-07 07:00:00+00:00,Ikeja Hospital Road,53.14
2025-02-07 08:00:00+00:00,Ikeja Hospital Road,53.14
2025-02-07 09:00:00+00:00,Ikeja Hospital Road,53.14
2025-02-07 10:00:00+00:00,Ikeja Hospital Road,40.02
2025-02-07 11:00:00+00:00,Ikeja Hospital Road,53.14
2025-02-07 12:00:00+00:00,Ikeja Hospital Road,53.14
2025-02-07 13:00:00+00:00,Ikeja Hospital Road,33.66
2025-02-07 14:00:00+00:00,Ikeja Hospital Road,32.07
2025-02-07 15:00:00+00:00,Ikeja Hospital Road,31.85
2025-02-07 16:00:00+00:00,Ikeja Hospital Road,34.16
2025-02-07 17:00:00+00:00,Ikeja Hospital Road,36.66
2025-02-07 18:00:00+00:00,Ikeja Hospital Road,39.91
2025-02-07 19:00:00+00:00,Ikeja Hospital Road,39.2
2025-02-07 20:00:00+00:00,Ikeja Hospital Road,53.14
2025-02-07 21:00:00+00:00,Ikeja Hospital Road,53.14
2025-02-07 22:00:00+00:00,Ikeja Hospital Road,53.14
2025-02-07 23:00:00+00:00,Ikeja Hospital Road,38.06
2025-02-08 00:00:00+00:00,Ikeja Hospital Road,53.14
2025-02-08 01:00:00+00:00,Ikeja Hospital Road,38.59
2025-02-08 02:00:00+00:00,Ikeja Hospital Road,39.73
2025-02-08 03:00:00+00:00,Ikeja Hospital Road,38.43
2025-02-08 04:00:00+00:00,Ikeja Hospital Road,41.37
2025-02-08 05:00:00+00:00,Ikeja Hospital Road,43.5
2025-02-08 06:00:00+00:00,Ikeja Hospital Road,58.04
2025-02-08 07:00:00+00:00,Ikeja Hospital Road,39.53
2025-02-08 08:00:00+00:00,Ikeja Hospital Road,28.83
2025-02-08 09:00:00+00:00,Ikeja Hospital Road,30.95
2025-02-08 10:00:00+00:00,Ikeja Hospital Road,34.17
2025-02-08 11:00:00+00:00,Ikeja Hospital Road,53.14
2025-02-08 12:00:00+00:00,Ikeja Hospital Road,53.14
2025-02-08 13:00:00+00:00,Ikeja Hospital Road,25.36
2025-02-08 14:00:00+00:00,Ikeja Hospital Road,32.55
2025-02-08 21:00:00+00:00,Ikeja Hospital Road,36.07
2025-02-08 22:00:00+00:00,Ikeja Hospital Road,53.14
2025-02-08 23:00:00+00:00,Ikeja Hospital Road,27.91
2025-02-09 09:00:00+00:00,Ikeja Hospital Road,29.18
2025-02-09 10:00:00+00:00,Ikeja Hospital Road,53.14
2025-02-09 11:00:00+00:00,Ikeja Hospital Road,24.69
2025-02-09 12:00:00+00:00,Ikeja Hospital Road,24.81
2025-02-09 13:00:00+00:00,Ikeja Hospital Road,53.14
2025-02-09 14:00:00+00:00,Ikeja Hospital Road,25.5
2025-02-09 15:00:00+00:00,Ikeja Hospital Road,53.14
2025-02-09 16:00:00+00:00,Ikeja Hospital Road,18.56
2025-02-09 17:00:00+00:00,Ikeja Hospital Road,53.14
2025-02-09 18:00:00+00:00,Ikeja Hospital Road,53.14
2025-02-09 19:00:00+00:00,Ikeja Hospital Road,22.05
2025-02-09 20:00:00+00:00,Ikeja Hospital Road,53.14
2025-02-09 21:00:00+00:00,Ikeja Hospital Road,19.53
2025-02-09 22:00:00+00:00,Ikeja Hospital Road,32.02
2025-02-09 23:00:00+00:00,Ikeja Hospital Road,53.14
2025-02-10 00:00:00+00:00,Ikeja Hospital Road,37.16
2025-02-10 01:00:00+00:00,Ikeja Hospital Road,33.64
2025-02-10 02:00:00+00:00,Ikeja Hospital Road,53.14
2025-02-10 03:00:00+00:00,Ikeja Hospital Road,53.14
2025-02-10 04:00:00+00:00,Ikeja Hospital Road,53.14
2025-02-10 05:00:00+00:00,Ikeja Hospital Road,43.43
2025-02-10 06:00:00+00:00,Ikeja Hospital Road,43.41
2025-02-10 07:00:00+00:00,Ikeja Hospital Road,53.14
2025-02-10 08:00:00+00:00,Ikeja Hospital Road,23.38
2025-02-10 09:00:00+00:00,Ikeja Hospital Road,53.14
2025-02-10 10:00:00+00:00,Ikeja Hospital Road,53.14
2025-02-10 11:00:00+00:00,Ikeja Hospital Road,22.61
2025-02-10 12:00:00+00:00,Ikeja Hospital Road,27.52
2025-02-10 13:00:00+00:00,Ikeja Hospital Road,23.12
2025-02-10 14:00:00+00:00,Ikeja Hospital Road,22.99
2025-02-10 15:00:00+00:00,Ikeja Hospital Road,22.71
2025-02-10 16:00:00+00:00,Ikeja Hospital Road,17.37
2025-02-10 17:00:00+00:00,Ikeja Hospital Road,53.14
2025-02-10 18:00:00+00:00,Ikeja Hospital Road,53.14
2025-02-10 19:00:00+00:00,Ikeja Hospital Road,27.74
2025-02-10 20:00:00+00:00,Ikeja Hospital Road,27.66
2025-02-10 21:00:00+00:00,Ikeja Hospital Road,53.14
2025-02-10 22:00:00+00:00,Ikeja Hospital Road,53.14
2025-02-10 23:00:00+00:00,Ikeja Hospital Road,28.16
2025-02-11 00:00:00+00:00,Ikeja Hospital Road,28.46
2025-02-11 07:00:00+00:00,Ikeja Hospital Road,18.35
2025-02-11 08:00:00+00:00,Ikeja Hospital Road,53.14
2025-02-11 09:00:00+00:00,Ikeja Hospital Road,21.74
2025-02-11 10:00:00+00:00,Ikeja Hospital Road,27.49
2025-02-11 11:00:00+00:00,Ikeja Hospital Road,53.14
2025-02-11 12:00:00+00:00,Ikeja Hospital Road,30.43
2025-02-11 13:00:00+00:00,Ikeja Hospital Road,53.14
2025-02-11 14:00:00+00:00,Ikeja Hospital Road,53.14
2025-02-11 15:00:00+00:00,Ikeja Hospital Road,16.97
2025-02-11 16:00:00+00:00,Ikeja Hospital Road,22.53
2025-02-11 17:00:00+00:00,Ikeja Hospital Road,53.14
2025-02-11 18:00:00+00:00,Ikeja Hospital Road,53.14
2025-02-11 19:00:00+00:00,Ikeja Hospital Road,53.14
2025-02-11 22:00:00+00:00,Ikeja Hospital Road,53.14
2025-02-12 01:00:00+00:00,Ikeja Hospital Road,53.14
2025-02-12 03:00:00+00:00,Ikeja Hospital Road,53.14
2025-02-12 04:00:00+00:00,Ikeja Hospital Road,53.14
2025-02-12 05:00:00+00:00,Ikeja Hospital Road,53.14
2025-02-12 06:00:00+00:00,Ikeja Hospital Road,55.8
2025-02-12 09:00:00+00:00,Ikeja Hospital Road,53.14
2025-02-12 10:00:00+00:00,Ikeja Hospital Road,53.14
2025-02-12 12:00:00+00:00,Ikeja Hospital Road,53.14
2025-02-12 13:00:00+00:00,Ikeja Hospital Road,53.14
2025-02-12 14:00:00+00:00,Ikeja Hospital Road,53.14
2025-02-12 15:00:00+00:00,Ikeja Hospital Road,53.14
2025-02-12 18:00:00+00:00,Ikeja Hospital Road,53.14
2025-02-12 20:00:00+00:00,Ikeja Hospital Road,53.14
2025-02-12 21:00:00+00:00,Ikeja Hospital Road,31.1
2025-02-12 22:00:00+00:00,Ikeja Hospital Road,53.14
2025-02-12 23:00:00+00:00,Ikeja Hospital Road,35.21
2025-02-13 00:00:00+00:00,Ikeja Hospital Road,53.14
2025-02-13 01:00:00+00:00,Ikeja Hospital Road,29.09
2025-02-13 02:00:00+00:00,Ikeja Hospital Road,28.97
2025-02-13 03:00:00+00:00,Ikeja Hospital Road,53.14
2025-02-13 04:00:00+00:00,Ikeja Hospital Road,53.14
2025-02-13 05:00:00+00:00,Ikeja Hospital Road,35.74
2025-02-13 06:00:00+00:00,Ikeja Hospital Road,40.76
2025-02-13 07:00:00+00:00,Ikeja Hospital Road,53.14
2025-02-13 08:00:00+00:00,Ikeja Hospital Road,53.14
2025-02-13 09:00:00+00:00,Ikeja Hospital Road,53.14
2025-02-13 10:00:00+00:00,Ikeja Hospital Road,22.54
2025-02-13 11:00:00+00:00,Ikeja Hospital Road,24.67
2025-02-13 18:00:00+00:00,Ikeja Hospital Road,18.8
2025-02-13 19:00:00+00:00,Ikeja Hospital Road,29.79
2025-02-13 20:00:00+00:00,Ikeja Hospital Road,28.11
2025-02-13 21:00:00+00:00,Ikeja Hospital Road,29.22
2025-02-13 22:00:00+00:00,Ikeja Hospital Road,28.74
2025-02-13 23:00:00+00:00,Ikeja Hospital Road,53.14
2025-02-14 00:00:00+00:00,Ikeja Hospital Road,53.14
2025-02-14 01:00:00+00:00,Ikeja Hospital Road,53.14
2025-02-14 02:00:00+00:00,Ikeja Hospital Road,33.01
2025-02-14 03:00:00+00:00,Ikeja Hospital Road,53.14
2025-02-14 04:00:00+00:00,Ikeja Hospital Road,37.22
2025-02-14 05:00:00+00:00,Ikeja Hospital Road,47.3
2025-02-14 06:00:00+00:00,Ikeja Hospital Road,64.84
2025-02-14 07:00:00+00:00,Ikeja Hospital Road,40.4
2025-02-14 08:00:00+00:00,Ikeja Hospital Road,19.65
2025-02-14 09:00:00+00:00,Ikeja Hospital Road,21.58
2025-02-14 10:00:00+00:00,Ikeja Hospital Road,24.51
2025-02-14 11:00:00+00:00,Ikeja Hospital Road,33.01
2025-02-14 12:00:00+00:00,Ikeja Hospital Road,53.14
2025-02-14 13:00:00+00:00,Ikeja Hospital Road,27.52
2025-02-14 14:00:00+00:00,Ikeja Hospital Road,53.14
2025-02-14 15:00:00+00:00,Ikeja Hospital Road,22.85
2025-02-14 16:00:00+00:00,Ikeja Hospital Road,53.14
2025-02-14 17:00:00+00:00,Ikeja Hospital Road,22.69
2025-02-14 18:00:00+00:00,Ikeja Hospital Road,53.14
2025-02-14 19:00:00+00:00,Ikeja Hospital Road,53.14
2025-02-14 20:00:00+00:00,Ikeja Hospital Road,29.45
2025-02-14 21:00:00+00:00,Ikeja Hospital Road,28.67
2025-02-14 22:00:00+00:00,Ikeja Hospital Road,29.95
2025-02-14 23:00:00+00:00,Ikeja Hospital Road,33.73
2025-02-15 00:00:00+00:00,Ikeja Hospital Road,36.19
2025-02-15 01:00:00+00:00,Ikeja Hospital Road,36.99
2025-02-15 02:00:00+00:00,Ikeja Hospital Road,24.83
2025-02-15 03:00:00+00:00,Ikeja Hospital Road,31.85
2025-02-15 04:00:00+00:00,Ikeja Hospital Road,30.6
2025-02-15 05:00:00+00:00,Ikeja Hospital Road,34.14
2025-02-15 06:00:00+00:00,Ikeja Hospital Road,33.36
2025-02-15 07:00:00+00:00,Ikeja Hospital Road,25.16
2025-02-15 08:00:00+00:00,Ikeja Hospital Road,19.98
2025-02-15 09:00:00+00:00,Ikeja Hospital Road,23.37
2025-02-15 10:00:00+00:00,Ikeja Hospital Road,32.91
2025-02-15 11:00:00+00:00,Ikeja Hospital Road,29.0
2025-02-15 12:00:00+00:00,Ikeja Hospital Road,24.77
2025-02-15 13:00:00+00:00,Ikeja Hospital Road,26.15
2025-02-15 14:00:00+00:00,Ikeja Hospital Road,24.47
2025-02-15 15:00:00+00:00,Ikeja Hospital Road,19.08
2025-02-15 16:00:00+00:00,Ikeja Hospital Road,22.53
2025-02-15 17:00:00+00:00,Ikeja Hospital Road,21.41
2025-02-15 18:00:00+00:00,Ikeja Hospital Road,21.74
2025-02-15 19:00:00+00:00,Ikeja Hospital Road,21.29
2025-02-15 20:00:00+00:00,Ikeja Hospital Road,33.27
2025-02-15 21:00:00+00:00,Ikeja Hospital Road,26.41
2025-02-15 22:00:00+00:00,Ikeja Hospital Road,25.87
2025-02-15 23:00:00+00:00,Ikeja Hospital Road,25.61
2025-02-16 00:00:00+00:00,Ikeja Hospital Road,37.59
2025-02-16 01:00:00+00:00,Ikeja Hospital Road,35.87
2025-02-16 02:00:00+00:00,Ikeja Hospital Road,24.3
2025-02-16 03:00:00+00:00,Ikeja Hospital Road,37.09
2025-02-16 04:00:00+00:00,Ikeja Hospital Road,34.67
2025-02-16 05:00:00+00:00,Ikeja Hospital Road,45.12
2025-02-16 06:00:00+00:00,Ikeja Hospital Road,44.6
2025-02-16 07:00:00+00:00,Ikeja Hospital Road,27.06
2025-02-16 08:00:00+00:00,Ikeja Hospital Road,27.3
2025-02-16 09:00:00+00:00,Ikeja Hospital Road,30.48
2025-02-16 10:00:00+00:00,Ikeja Hospital Road,29.29
2025-02-16 11:00:00+00:00,Ikeja Hospital Road,31.51
2025-02-16 12:00:00+00:00,Ikeja Hospital Road,34.92
2025-02-16 13:00:00+00:00,Ikeja Hospital Road,35.13
2025-02-16 14:00:00+00:00,Ikeja Hospital Road,28.01
2025-02-16 15:00:00+00:00,Ikeja Hospital Road,25.48
2025-02-16 16:00:00+00:00,Ikeja Hospital Road,23.19
2025-02-16 17:00:00+00:00,Ikeja Hospital Road,21.55
2025-02-16 18:00:00+00:00,Ikeja Hospital Road,23.13
2025-02-16 19:00:00+00:00,Ikeja Hospital Road,25.91
2025-02-16 20:00:00+00:00,Ikeja Hospital Road,33.23
2025-02-16 21:00:00+00:00,Ikeja Hospital Road,26.88
2025-02-16 22:00:00+00:00,Ikeja Hospital Road,25.85
2025-02-16 23:00:00+00:00,Ikeja Hospital Road,33.0
2025-02-17 00:00:00+00:00,Ikeja Hospital Road,34.71
2025-02-17 01:00:00+00:00,Ikeja Hospital Road,33.65
2025-02-17 02:00:00+00:00,Ikeja Hospital Road,36.38
2025-02-17 03:00:00+00:00,Ikeja Hospital Road,35.03
2025-02-17 05:00:00+00:00,Ikeja Hospital Road,31.81
2025-02-17 06:00:00+00:00,Ikeja Hospital Road,33.88
2025-02-17 07:00:00+00:00,Ikeja Hospital Road,37.03
2025-02-17 08:00:00+00:00,Ikeja Hospital Road,20.92
2025-02-17 09:00:00+00:00,Ikeja Hospital Road,28.37
2025-02-17 10:00:00+00:00,Ikeja Hospital Road,28.95
2025-02-17 11:00:00+00:00,Ikeja Hospital Road,36.0
2025-02-17 12:00:00+00:00,Ikeja Hospital Road,34.43
2025-02-17 13:00:00+00:00,Ikeja Hospital Road,28.97
2025-02-17 14:00:00+00:00,Ikeja Hospital Road,28.78
2025-02-17 15:00:00+00:00,Ikeja Hospital Road,23.63
2025-02-17 16:00:00+00:00,Ikeja Hospital Road,25.46
2025-02-17 17:00:00+00:00,Ikeja Hospital Road,24.58
2025-02-17 18:00:00+00:00,Ikeja Hospital Road,26.31
2025-02-17 19:00:00+00:00,Ikeja Hospital Road,26.23
2025-02-17 20:00:00+00:00,Ikeja Hospital Road,35.16
2025-02-17 21:00:00+00:00,Ikeja Hospital Road,36.26
2025-02-17 22:00:00+00:00,Ikeja Hospital Road,35.12
2025-02-17 23:00:00+00:00,Ikeja Hospital Road,27.68
2025-02-18 00:00:00+00:00,Ikeja Hospital Road,38.55
2025-02-18 01:00:00+00:00,Ikeja Hospital Road,28.9
2025-02-18 02:00:00+00:00,Ikeja Hospital Road,28.77
2025-02-18 03:00:00+00:00,Ikeja Hospital Road,33.63
2025-02-18 05:00:00+00:00,Ikeja Hospital Road,35.3
2025-02-18 06:00:00+00:00,Ikeja Hospital Road,36.4
2025-02-18 07:00:00+00:00,Ikeja Hospital Road,25.51
2025-02-18 08:00:00+00:00,Ikeja Hospital Road,23.77
2025-02-18 09:00:00+00:00,Ikeja Hospital Road,22.69
2025-02-18 10:00:00+00:00,Ikeja Hospital Road,25.96
2025-02-18 11:00:00+00:00,Ikeja Hospital Road,27.39
2025-02-18 12:00:00+00:00,Ikeja Hospital Road,24.33
2025-02-18 13:00:00+00:00,Ikeja Hospital Road,24.03
2025-02-18 14:00:00+00:00,Ikeja Hospital Road,25.25
2025-02-18 15:00:00+00:00,Ikeja Hospital Road,24.0
2025-02-18 16:00:00+00:00,Ikeja Hospital Road,24.48
2025-02-18 17:00:00+00:00,Ikeja Hospital Road,22.31
2025-02-18 18:00:00+00:00,Ikeja Hospital Road,24.06
2025-02-18 19:00:00+00:00,Ikeja Hospital Road,22.94
2025-02-18 20:00:00+00:00,Ikeja Hospital Road,30.64
2025-02-18 21:00:00+00:00,Ikeja Hospital Road,32.99
2025-02-18 22:00:00+00:00,Ikeja Hospital Road,34.07
2025-02-18 23:00:00+00:00,Ikeja Hospital Road,35.72
2025-02-19 00:00:00+00:00,Ikeja Hospital Road,28.89
2025-02-19 01:00:00+00:00,Ikeja Hospital Road,25.72
2025-02-19 02:00:00+00:00,Ikeja Hospital Road,33.4
2025-02-19 03:00:00+00:00,Ikeja Hospital Road,31.92
2025-02-19 04:00:00+00:00,Ikeja Hospital Road,24.88
2025-02-19 05:00:00+00:00,Ikeja Hospital Road,30.02
2025-02-19 08:00:00+00:00,Ikeja Hospital Road,21.11
2025-02-19 09:00:00+00:00,Ikeja Hospital Road,20.8
2025-02-19 10:00:00+00:00,Ikeja Hospital Road,21.18
2025-02-19 11:00:00+00:00,Ikeja Hospital Road,19.42
2025-02-19 12:00:00+00:00,Ikeja Hospital Road,17.52
2025-02-19 13:00:00+00:00,Ikeja Hospital Road,21.0
2025-02-19 14:00:00+00:00,Ikeja Hospital Road,23.2
2025-02-19 15:00:00+00:00,Ikeja Hospital Road,18.03
2025-02-19 16:00:00+00:00,Ikeja Hospital Road,18.56
2025-02-19 17:00:00+00:00,Ikeja Hospital Road,18.79
2025-02-19 18:00:00+00:00,Ikeja Hospital Road,22.03
2025-02-19 19:00:00+00:00,Ikeja Hospital Road,22.72
2025-02-19 20:00:00+00:00,Ikeja Hospital Road,33.35
2025-02-19 21:00:00+00:00,Ikeja Hospital Road,35.24
2025-02-19 22:00:00+00:00,Ikeja Hospital Road,33.45
2025-02-19 23:00:00+00:00,Ikeja Hospital Road,35.23
2025-02-20 01:00:00+00:00,Ikeja Hospital Road,24.85
2025-02-20 02:00:00+00:00,Ikeja Hospital Road,30.63
2025-02-20 03:00:00+00:00,Ikeja Hospital Road,24.21
2025-02-20 04:00:00+00:00,Ikeja Hospital Road,28.24
2025-02-20 05:00:00+00:00,Ikeja Hospital Road,30.43
2025-02-20 06:00:00+00:00,Ikeja Hospital Road,30.9
2025-02-20 07:00:00+00:00,Ikeja Hospital Road,21.97
2025-02-20 08:00:00+00:00,Ikeja Hospital Road,19.86
2025-02-20 09:00:00+00:00,Ikeja Hospital Road,19.95
2025-02-20 10:00:00+00:00,Ikeja Hospital Road,18.93
2025-02-20 11:00:00+00:00,Ikeja Hospital Road,19.75
2025-02-20 12:00:00+00:00,Ikeja Hospital Road,23.57
2025-02-20 13:00:00+00:00,Ikeja Hospital Road,21.87
2025-02-20 14:00:00+00:00,Ikeja Hospital Road,16.9
2025-02-20 15:00:00+00:00,Ikeja Hospital Road,21.43
2025-02-20 16:00:00+00:00,Ikeja Hospital Road,18.4
2025-02-20 17:00:00+00:00,Ikeja Hospital Road,18.68
2025-02-20 18:00:00+00:00,Ikeja Hospital Road,21.16
2025-02-20 19:00:00+00:00,Ikeja Hospital Road,27.33
2025-02-20 20:00:00+00:00,Ikeja Hospital Road,28.25
2025-02-20 21:00:00+00:00,Ikeja Hospital Road,27.82
2025-02-20 22:00:00+00:00,Ikeja Hospital Road,28.54
2025-02-20 23:00:00+00:00,Ikeja Hospital Road,30.03
2025-02-21 00:00:00+00:00,Ikeja Hospital Road,27.37
2025-02-21 01:00:00+00:00,Ikeja Hospital Road,28.71
2025-02-21 02:00:00+00:00,Ikeja Hospital Road,29.67
2025-02-21 03:00:00+00:00,Ikeja Hospital Road,34.24
2025-02-21 04:00:00+00:00,Ikeja Hospital Road,23.07
2025-02-21 05:00:00+00:00,Ikeja Hospital Road,35.85
2025-02-21 06:00:00+00:00,Ikeja Hospital Road,29.41
2025-02-21 07:00:00+00:00,Ikeja Hospital Road,19.79
2025-02-21 08:00:00+00:00,Ikeja Hospital Road,20.18
2025-02-21 09:00:00+00:00,Ikeja Hospital Road,21.97
2025-02-21 10:00:00+00:00,Ikeja Hospital Road,21.81
2025-02-21 11:00:00+00:00,Ikeja Hospital Road,21.53
2025-02-21 12:00:00+00:00,Ikeja Hospital Road,21.76
2025-02-21 13:00:00+00:00,Ikeja Hospital Road,22.47
2025-02-21 14:00:00+00:00,Ikeja Hospital Road,23.81
2025-02-21 15:00:00+00:00,Ikeja Hospital Road,20.69
2025-02-21 16:00:00+00:00,Ikeja Hospital Road,19.02
2025-02-21 17:00:00+00:00,Ikeja Hospital Road,22.56
2025-02-21 18:00:00+00:00,Ikeja Hospital Road,23.73
2025-02-21 19:00:00+00:00,Ikeja Hospital Road,22.32
2025-02-21 20:00:00+00:00,Ikeja Hospital Road,32.73
2025-02-21 21:00:00+00:00,Ikeja Hospital Road,28.5
2025-02-21 22:00:00+00:00,Ikeja Hospital Road,26.81
2025-02-21 23:00:00+00:00,Ikeja Hospital Road,31.11
2025-02-22 00:00:00+00:00,Ikeja Hospital Road,20.32
2025-02-22 01:00:00+00:00,Ikeja Hospital Road,27.96
2025-02-22 02:00:00+00:00,Ikeja Hospital Road,22.82
2025-02-22 03:00:00+00:00,Ikeja Hospital Road,21.76
2025-02-22 04:00:00+00:00,Ikeja Hospital Road,23.24
2025-02-22 05:00:00+00:00,Ikeja Hospital Road,34.99
2025-02-22 06:00:00+00:00,Ikeja Hospital Road,29.24
2025-02-22 07:00:00+00:00,Ikeja Hospital Road,20.7
2025-02-22 08:00:00+00:00,Ikeja Hospital Road,20.4
2025-02-22 09:00:00+00:00,Ikeja Hospital Road,19.24
2025-02-22 10:00:00+00:00,Ikeja Hospital Road,18.34
2025-02-22 11:00:00+00:00,Ikeja Hospital Road,20.32
2025-02-22 12:00:00+00:00,Ikeja Hospital Road,22.52
2025-02-22 13:00:00+00:00,Ikeja Hospital Road,21.1
2025-02-22 14:00:00+00:00,Ikeja Hospital Road,17.65
2025-02-22 15:00:00+00:00,Ikeja Hospital Road,31.19
2025-02-22 16:00:00+00:00,Ikeja Hospital Road,41.66
2025-02-22 17:00:00+00:00,Ikeja Hospital Road,49.71
2025-02-22 18:00:00+00:00,Ikeja Hospital Road,39.93
2025-02-22 19:00:00+00:00,Ikeja Hospital Road,44.25
2025-02-22 20:00:00+00:00,Ikeja Hospital Road,56.79
2025-02-22 21:00:00+00:00,Ikeja Hospital Road,70.38
2025-02-22 22:00:00+00:00,Ikeja Hospital Road,74.43
2025-02-22 23:00:00+00:00,Ikeja Hospital Road,52.35
2025-02-23 00:00:00+00:00,Ikeja Hospital Road,45.59
2025-02-23 01:00:00+00:00,Ikeja Hospital Road,38.8
2025-02-23 02:00:00+00:00,Ikeja Hospital Road,24.83
2025-02-23 03:00:00+00:00,Ikeja Hospital Road,18.05
2025-02-23 04:00:00+00:00,Ikeja Hospital Road,29.76
2025-02-23 05:00:00+00:00,Ikeja Hospital Road,36.65
2025-02-23 06:00:00+00:00,Ikeja Hospital Road,35.6
2025-02-23 09:00:00+00:00,Ikeja Hospital Road,44.38
2025-02-23 10:00:00+00:00,Ikeja Hospital Road,43.14
2025-02-23 11:00:00+00:00,Ikeja Hospital Road,36.08
2025-02-23 12:00:00+00:00,Ikeja Hospital Road,33.57
2025-02-23 13:00:00+00:00,Ikeja Hospital Road,30.5
2025-02-23 14:00:00+00:00,Ikeja Hospital Road,33.52
2025-02-23 15:00:00+00:00,Ikeja Hospital Road,31.2
2025-02-23 16:00:00+00:00,Ikeja Hospital Road,26.76
2025-02-23 17:00:00+00:00,Ikeja Hospital Road,25.48
2025-02-23 18:00:00+00:00,Ikeja Hospital Road,21.9
2025-02-23 19:00:00+00:00,Ikeja Hospital Road,22.56
2025-02-23 20:00:00+00:00,Ikeja Hospital Road,39.47
2025-02-23 21:00:00+00:00,Ikeja Hospital Road,36.53
2025-02-23 22:00:00+00:00,Ikeja Hospital Road,28.89
2025-02-23 23:00:00+00:00,Ikeja Hospital Road,33.32
2025-02-24 00:00:00+00:00,Ikeja Hospital Road,32.23
2025-02-24 08:00:00+00:00,Ikeja Hospital Road,27.41
2025-02-24 09:00:00+00:00,Ikeja Hospital Road,27.31
2025-02-24 10:00:00+00:00,Ikeja Hospital Road,20.94
2025-02-24 11:00:00+00:00,Ikeja Hospital Road,16.89
2025-02-24 12:00:00+00:00,Ikeja Hospital Road,18.5
2025-02-24 13:00:00+00:00,Ikeja Hospital Road,21.27
2025-02-24 14:00:00+00:00,Ikeja Hospital Road,16.74
2025-02-24 15:00:00+00:00,Ikeja Hospital Road,16.24
2025-02-24 16:00:00+00:00,Ikeja Hospital Road,15.81
2025-02-24 17:00:00+00:00,Ikeja Hospital Road,14.83
2025-02-24 18:00:00+00:00,Ikeja Hospital Road,16.41
2025-02-24 19:00:00+00:00,Ikeja Hospital Road,16.13
2025-02-24 20:00:00+00:00,Ikeja Hospital Road,16.63
2025-02-24 21:00:00+00:00,Ikeja Hospital Road,19.0
2025-02-24 22:00:00+00:00,Ikeja Hospital Road,16.73
2025-02-24 23:00:00+00:00,Ikeja Hospital Road,18.7
2025-02-25 00:00:00+00:00,Ikeja Hospital Road,22.53
2025-02-25 01:00:00+00:00,Ikeja Hospital Road,18.24
2025-02-25 02:00:00+00:00,Ikeja Hospital Road,19.08
2025-02-25 03:00:00+00:00,Ikeja Hospital Road,21.68
2025-02-25 04:00:00+00:00,Ikeja Hospital Road,24.97
2025-02-25 06:00:00+00:00,Ikeja Hospital Road,26.94
2025-02-25 07:00:00+00:00,Ikeja Hospital Road,19.53
2025-02-25 08:00:00+00:00,Ikeja Hospital Road,20.18
2025-02-25 09:00:00+00:00,Ikeja Hospital Road,23.77
2025-02-25 10:00:00+00:00,Ikeja Hospital Road,22.35
2025-02-25 11:00:00+00:00,Ikeja Hospital Road,23.02
2025-02-25 12:00:00+00:00,Ikeja Hospital Road,16.99
2025-02-25 13:00:00+00:00,Ikeja Hospital Road,16.91
2025-02-25 14:00:00+00:00,Ikeja Hospital Road,17.49
2025-02-25 15:00:00+00:00,Ikeja Hospital Road,33.38
2025-02-25 16:00:00+00:00,Ikeja Hospital Road,22.59
2025-02-25 17:00:00+00:00,Ikeja Hospital Road,17.08
2025-02-25 18:00:00+00:00,Ikeja Hospital Road,21.53
2025-02-25 19:00:00+00:00,Ikeja Hospital Road,25.85
2025-02-25 20:00:00+00:00,Ikeja Hospital Road,20.68
2025-02-25 21:00:00+00:00,Ikeja Hospital Road,17.96
2025-02-25 22:00:00+00:00,Ikeja Hospital Road,16.85
2025-02-25 23:00:00+00:00,Ikeja Hospital Road,19.1
2025-02-26 00:00:00+00:00,Ikeja Hospital Road,17.39
2025-02-26 01:00:00+00:00,Ikeja Hospital Road,19.84
2025-02-26 02:00:00+00:00,Ikeja Hospital Road,23.22
2025-02-26 03:00:00+00:00,Ikeja Hospital Road,18.45
2025-02-26 04:00:00+00:00,Ikeja Hospital Road,32.45
2025-02-26 09:00:00+00:00,Ikeja Hospital Road,29.9
2025-02-26 10:00:00+00:00,Ikeja Hospital Road,27.76
2025-02-26 11:00:00+00:00,Ikeja Hospital Road,38.68
2025-02-26 12:00:00+00:00,Ikeja Hospital Road,26.58
2025-02-26 13:00:00+00:00,Ikeja Hospital Road,35.05
2025-02-26 14:00:00+00:00,Ikeja Hospital Road,25.15
2025-02-26 15:00:00+00:00,Ikeja Hospital Road,25.83
2025-02-26 16:00:00+00:00,Ikeja Hospital Road,23.28
2025-02-26 17:00:00+00:00,Ikeja Hospital Road,21.03
2025-02-26 18:00:00+00:00,Ikeja Hospital Road,22.55
2025-02-26 19:00:00+00:00,Ikeja Hospital Road,30.23
2025-02-26 20:00:00+00:00,Ikeja Hospital Road,27.45
2025-02-26 21:00:00+00:00,Ikeja Hospital Road,29.05
2025-02-26 22:00:00+00:00,Ikeja Hospital Road,26.25
2025-02-27 08:00:00+00:00,Ikeja Hospital Road,30.0
2025-02-27 09:00:00+00:00,Ikeja Hospital Road,27.95
2025-02-27 10:00:00+00:00,Ikeja Hospital Road,29.22
2025-02-27 11:00:00+00:00,Ikeja Hospital Road,34.67
2025-02-27 12:00:00+00:00,Ikeja Hospital Road,36.33
2025-02-27 13:00:00+00:00,Ikeja Hospital Road,23.66
2025-02-27 14:00:00+00:00,Ikeja Hospital Road,24.31
2025-02-27 15:00:00+00:00,Ikeja Hospital Road,24.48
2025-02-27 16:00:00+00:00,Ikeja Hospital Road,22.76
2025-02-27 17:00:00+00:00,Ikeja Hospital Road,21.76
2025-02-27 18:00:00+00:00,Ikeja Hospital Road,17.7
2025-02-27 19:00:00+00:00,Ikeja Hospital Road,17.56
2025-02-27 20:00:00+00:00,Ikeja Hospital Road,18.01
2025-02-27 21:00:00+00:00,Ikeja Hospital Road,16.85
2025-02-27 22:00:00+00:00,Ikeja Hospital Road,17.26
2025-02-27 23:00:00+00:00,Ikeja Hospital Road,20.64
2025-02-28 00:00:00+00:00,Ikeja Hospital Road,15.91
2025-02-28 01:00:00+00:00,Ikeja Hospital Road,16.84
2025-02-28 02:00:00+00:00,Ikeja Hospital Road,17.94
2025-02-28 03:00:00+00:00,Ikeja Hospital Road,18.35
2025-02-28 04:00:00+00:00,Ikeja Hospital Road,30.69
2025-02-28 05:00:00+00:00,Ikeja Hospital Road,38.27
2025-02-28 06:00:00+00:00,Ikeja Hospital Road,38.21
2025-02-28 07:00:00+00:00,Ikeja Hospital Road,34.6
2025-02-28 08:00:00+00:00,Ikeja Hospital Road,28.9
2025-02-28 09:00:00+00:00,Ikeja Hospital Road,22.76
2025-02-28 10:00:00+00:00,Ikeja Hospital Road,28.65
2025-02-28 11:00:00+00:00,Ikeja Hospital Road,33.06
2025-02-28 12:00:00+00:00,Ikeja Hospital Road,32.27
2025-02-28 13:00:00+00:00,Ikeja Hospital Road,31.79
2025-02-28 14:00:00+00:00,Ikeja Hospital Road,24.83
2025-02-28 15:00:00+00:00,Ikeja Hospital Road,20.8
2025-02-28 16:00:00+00:00,Ikeja Hospital Road,17.35
2025-02-28 17:00:00+00:00,Ikeja Hospital Road,17.22
2025-02-28 18:00:00+00:00,Ikeja Hospital Road,18.2
2025-02-28 19:00:00+00:00,Ikeja Hospital Road,21.33
2025-02-28 20:00:00+00:00,Ikeja Hospital Road,22.13
2025-02-28 21:00:00+00:00,Ikeja Hospital Road,27.2
2025-02-28 22:00:00+00:00,Ikeja Hospital Road,28.75
2025-02-28 23:00:00+00:00,Ikeja Hospital Road,27.48
2025-02-01 00:00:00+00:00,Ikotun,48.66
2025-02-01 01:00:00+00:00,Ikotun,31.08
2025-02-01 02:00:00+00:00,Ikotun,27.47
2025-02-01 03:00:00+00:00,Ikotun,33.13
2025-02-01 04:00:00+00:00,Ikotun,48.88
2025-02-01 05:00:00+00:00,Ikotun,49.05
2025-02-01 07:00:00+00:00,Ikotun,52.37
2025-02-01 08:00:00+00:00,Ikotun,42.7
2025-02-01 09:00:00+00:00,Ikotun,30.02
2025-02-01 10:00:00+00:00,Ikotun,43.64
2025-02-01 11:00:00+00:00,Ikotun,32.93
2025-02-01 12:00:00+00:00,Ikotun,28.58
2025-02-01 13:00:00+00:00,Ikotun,35.13
2025-02-01 14:00:00+00:00,Ikotun,27.66
2025-02-01 15:00:00+00:00,Ikotun,30.99
2025-02-01 16:00:00+00:00,Ikotun,32.05
2025-02-01 17:00:00+00:00,Ikotun,27.76
2025-02-01 18:00:00+00:00,Ikotun,40.11
2025-02-01 19:00:00+00:00,Ikotun,32.26
2025-02-01 20:00:00+00:00,Ikotun,35.33
2025-02-01 21:00:00+00:00,Ikotun,36.32
2025-02-01 22:00:00+00:00,Ikotun,51.66
2025-02-01 23:00:00+00:00,Ikotun,46.18
2025-02-02 00:00:00+00:00,Ikotun,37.76
2025-02-02 01:00:00+00:00,Ikotun,33.18
2025-02-02 02:00:00+00:00,Ikotun,31.35
2025-02-02 03:00:00+00:00,Ikotun,31.57
2025-02-02 04:00:00+00:00,Ikotun,44.18
2025-02-02 05:00:00+00:00,Ikotun,44.33
2025-02-02 07:00:00+00:00,Ikotun,53.82
2025-02-02 08:00:00+00:00,Ikotun,47.74
2025-02-02 09:00:00+00:00,Ikotun,39.54
2025-02-02 10:00:00+00:00,Ikotun,39.82
2025-02-02 11:00:00+00:00,Ikotun,41.81
2025-02-02 12:00:00+00:00,Ikotun,48.05
2025-02-02 13:00:00+00:00,Ikotun,33.6
2025-02-02 14:00:00+00:00,Ikotun,33.6
2025-02-02 15:00:00+00:00,Ikotun,30.42
2025-02-02 16:00:00+00:00,Ikotun,28.07
2025-02-02 17:00:00+00:00,Ikotun,33.83
2025-02-02 18:00:00+00:00,Ikotun,37.61
2025-02-02 19:00:00+00:00,Ikotun,49.32
2025-02-02 20:00:00+00:00,Ikotun,52.66
2025-02-02 21:00:00+00:00,Ikotun,51.08
2025-02-02 22:00:00+00:00,Ikotun,52.95
2025-02-02 23:00:00+00:00,Ikotun,56.59
2025-02-03 00:00:00+00:00,Ikotun,52.95
2025-02-03 01:00:00+00:00,Ikotun,43.75
2025-02-03 02:00:00+00:00,Ikotun,43.75
2025-02-03 08:00:00+00:00,Ikotun,47.48
2025-02-03 09:00:00+00:00,Ikotun,45.2
2025-02-03 10:00:00+00:00,Ikotun,32.89
2025-02-03 11:00:00+00:00,Ikotun,33.81
2025-02-03 12:00:00+00:00,Ikotun,32.68
2025-02-03 13:00:00+00:00,Ikotun,44.43
2025-02-03 14:00:00+00:00,Ikotun,44.31
2025-02-03 15:00:00+00:00,Ikotun,48.69
2025-02-03 16:00:00+00:00,Ikotun,35.37
2025-02-03 17:00:00+00:00,Ikotun,39.6
2025-02-03 18:00:00+00:00,Ikotun,62.34
2025-02-03 19:00:00+00:00,Ikotun,57.45
2025-02-03 20:00:00+00:00,Ikotun,41.33
2025-02-03 21:00:00+00:00,Ikotun,53.11
2025-02-03 22:00:00+00:00,Ikotun,52.88
2025-02-03 23:00:00+00:00,Ikotun,51.47
2025-02-04 00:00:00+00:00,Ikotun,56.73
2025-02-04 01:00:00+00:00,Ikotun,60.89
2025-02-04 02:00:00+00:00,Ikotun,46.62
2025-02-04 03:00:00+00:00,Ikotun,45.28
2025-02-04 04:00:00+00:00,Ikotun,64.39
2025-02-04 05:00:00+00:00,Ikotun,75.67
2025-02-04 08:00:00+00:00,Ikotun,44.45
2025-02-04 09:00:00+00:00,Ikotun,37.77
2025-02-04 10:00:00+00:00,Ikotun,47.04
2025-02-04 11:00:00+00:00,Ikotun,44.77
2025-02-04 12:00:00+00:00,Ikotun,50.19
2025-02-04 13:00:00+00:00,Ikotun,44.49
2025-02-04 14:00:00+00:00,Ikotun,50.19
2025-02-04 15:00:00+00:00,Ikotun,43.76
2025-02-04 16:00:00+00:00,Ikotun,50.19
2025-02-04 17:00:00+00:00,Ikotun,50.19
2025-02-04 18:00:00+00:00,Ikotun,47.75
2025-02-04 19:00:00+00:00,Ikotun,50.19
2025-02-04 20:00:00+00:00,Ikotun,44.61
2025-02-04 21:00:00+00:00,Ikotun,50.19
2025-02-04 22:00:00+00:00,Ikotun,50.19
2025-02-04 23:00:00+00:00,Ikotun,50.19
2025-02-05 00:00:00+00:00,Ikotun,63.54
2025-02-05 01:00:00+00:00,Ikotun,55.05
2025-02-05 02:00:00+00:00,Ikotun,60.34
2025-02-05 08:00:00+00:00,Ikotun,50.19
2025-02-05 09:00:00+00:00,Ikotun,50.19
2025-02-05 10:00:00+00:00,Ikotun,41.55
2025-02-05 11:00:00+00:00,Ikotun,40.76
2025-02-05 12:00:00+00:00,Ikotun,50.19
2025-02-05 14:00:00+00:00,Ikotun,50.19
2025-02-05 15:00:00+00:00,Ikotun,31.15
2025-02-05 16:00:00+00:00,Ikotun,50.19
2025-02-05 17:00:00+00:00,Ikotun,27.95
2025-02-05 18:00:00+00:00,Ikotun,41.79
2025-02-05 19:00:00+00:00,Ikotun,35.69
2025-02-05 20:00:00+00:00,Ikotun,50.19
2025-02-05 21:00:00+00:00,Ikotun,50.19
2025-02-05 22:00:00+00:00,Ikotun,34.18
2025-02-05 23:00:00+00:00,Ikotun,50.19
2025-02-06 00:00:00+00:00,Ikotun,37.22
2025-02-06 01:00:00+00:00,Ikotun,50.19
2025-02-06 02:00:00+00:00,Ikotun,28.89
2025-02-06 03:00:00+00:00,Ikotun,50.19
2025-02-06 04:00:00+00:00,Ikotun,50.19
2025-02-06 05:00:00+00:00,Ikotun,50.19
2025-02-06 08:00:00+00:00,Ikotun,33.75
2025-02-06 09:00:00+00:00,Ikotun,50.19
2025-02-06 10:00:00+00:00,Ikotun,39.7
2025-02-06 11:00:00+00:00,Ikotun,32.01
2025-02-06 12:00:00+00:00,Ikotun,50.19
2025-02-06 13:00:00+00:00,Ikotun,50.19
2025-02-06 14:00:00+00:00,Ikotun,28.56
2025-02-06 15:00:00+00:00,Ikotun,50.19
2025-02-06 16:00:00+00:00,Ikotun,50.19
2025-02-06 17:00:00+00:00,Ikotun,50.19
2025-02-06 18:00:00+00:00,Ikotun,42.23
2025-02-06 19:00:00+00:00,Ikotun,50.19
2025-02-06 20:00:00+00:00,Ikotun,50.19
2025-02-06 21:00:00+00:00,Ikotun,45.6
2025-02-06 22:00:00+00:00,Ikotun,39.45
2025-02-06 23:00:00+00:00,Ikotun,50.19
2025-02-07 00:00:00+00:00,Ikotun,50.19
2025-02-07 01:00:00+00:00,Ikotun,39.1
2025-02-07 02:00:00+00:00,Ikotun,38.55
2025-02-07 03:00:00+00:00,Ikotun,41.43
2025-02-07 04:00:00+00:00,Ikotun,50.19
2025-02-07 05:00:00+00:00,Ikotun,50.19
2025-02-07 08:00:00+00:00,Ikotun,50.58
2025-02-07 09:00:00+00:00,Ikotun,50.19
2025-02-07 10:00:00+00:00,Ikotun,50.19
2025-02-07 11:00:00+00:00,Ikotun,50.19
2025-02-07 12:00:00+00:00,Ikotun,37.76
2025-02-07 13:00:00+00:00,Ikotun,35.18
2025-02-07 14:00:00+00:00,Ikotun,33.11
2025-02-07 15:00:00+00:00,Ikotun,36.01
2025-02-07 16:00:00+00:00,Ikotun,38.68
2025-02-07 17:00:00+00:00,Ikotun,38.57
2025-02-07 18:00:00+00:00,Ikotun,47.09
2025-02-07 19:00:00+00:00,Ikotun,46.69
2025-02-07 20:00:00+00:00,Ikotun,50.19
2025-02-07 21:00:00+00:00,Ikotun,50.19
2025-02-07 22:00:00+00:00,Ikotun,50.19
2025-02-07 23:00:00+00:00,Ikotun,50.19
2025-02-08 00:00:00+00:00,Ikotun,50.19
2025-02-08 01:00:00+00:00,Ikotun,50.19
2025-02-08 02:00:00+00:00,Ikotun,27.5
2025-02-08 03:00:00+00:00,Ikotun,50.19
2025-02-08 09:00:00+00:00,Ikotun,50.19
2025-02-08 10:00:00+00:00,Ikotun,34.27
2025-02-08 11:00:00+00:00,Ikotun,33.72
2025-02-08 12:00:00+00:00,Ikotun,35.03
2025-02-08 13:00:00+00:00,Ikotun,30.19
2025-02-08 14:00:00+00:00,Ikotun,50.19
2025-02-08 15:00:00+00:00,Ikotun,50.19
2025-02-08 16:00:00+00:00,Ikotun,50.19
2025-02-08 17:00:00+00:00,Ikotun,51.48
2025-02-08 18:00:00+00:00,Ikotun,54.91
2025-02-08 19:00:00+00:00,Ikotun,50.19
2025-02-08 20:00:00+00:00,Ikotun,50.19
2025-02-09 08:00:00+00:00,Ikotun,39.14
2025-02-09 09:00:00+00:00,Ikotun,50.19
2025-02-09 10:00:00+00:00,Ikotun,24.26
2025-02-09 17:00:00+00:00,Ikotun,25.92
2025-02-09 18:00:00+00:00,Ikotun,37.85
2025-02-09 19:00:00+00:00,Ikotun,50.19
2025-02-09 20:00:00+00:00,Ikotun,52.72
2025-02-09 21:00:00+00:00,Ikotun,50.19
2025-02-09 22:00:00+00:00,Ikotun,35.86
2025-02-09 23:00:00+00:00,Ikotun,36.98
2025-02-10 00:00:00+00:00,Ikotun,50.19
2025-02-10 01:00:00+00:00,Ikotun,27.73
2025-02-10 02:00:00+00:00,Ikotun,50.19
2025-02-10 03:00:00+00:00,Ikotun,50.19
2025-02-10 04:00:00+00:00,Ikotun,34.34
2025-02-10 05:00:00+00:00,Ikotun,50.19
2025-02-10 06:00:00+00:00,Ikotun,50.19
2025-02-10 08:00:00+00:00,Ikotun,31.81
2025-02-10 09:00:00+00:00,Ikotun,50.19
2025-02-10 10:00:00+00:00,Ikotun,50.19
2025-02-10 11:00:00+00:00,Ikotun,50.19
2025-02-10 12:00:00+00:00,Ikotun,25.74
2025-02-10 22:00:00+00:00,Ikotun,22.37
2025-02-10 23:00:00+00:00,Ikotun,50.19
2025-02-11 00:00:00+00:00,Ikotun,17.23
2025-02-11 01:00:00+00:00,Ikotun,19.33
2025-02-11 02:00:00+00:00,Ikotun,50.19
2025-02-11 03:00:00+00:00,Ikotun,50.19
2025-02-11 04:00:00+00:00,Ikotun,22.98
2025-02-11 05:00:00+00:00,Ikotun,31.32
2025-02-11 06:00:00+00:00,Ikotun,50.19
2025-02-11 07:00:00+00:00,Ikotun,50.19
2025-02-11 08:00:00+00:00,Ikotun,26.23
2025-02-11 09:00:00+00:00,Ikotun,50.19
2025-02-11 10:00:00+00:00,Ikotun,28.88
2025-02-11 19:00:00+00:00,Ikotun,25.43
2025-02-11 20:00:00+00:00,Ikotun,50.19
2025-02-11 21:00:00+00:00,Ikotun,50.19
2025-02-11 22:00:00+00:00,Ikotun,33.86
2025-02-11 23:00:00+00:00,Ikotun,50.19
2025-02-12 00:00:00+00:00,Ikotun,50.19
2025-02-12 01:00:00+00:00,Ikotun,50.19
2025-02-12 02:00:00+00:00,Ikotun,50.19
2025-02-12 03:00:00+00:00,Ikotun,27.91
2025-02-12 04:00:00+00:00,Ikotun,50.19
2025-02-12 05:00:00+00:00,Ikotun,50.19
2025-02-12 08:00:00+00:00,Ikotun,22.25
2025-02-12 09:00:00+00:00,Ikotun,50.19
2025-02-12 10:00:00+00:00,Ikotun,28.72
2025-02-12 11:00:00+00:00,Ikotun,50.19
2025-02-12 12:00:00+00:00,Ikotun,27.8
2025-02-12 19:00:00+00:00,Ikotun,26.75
2025-02-12 20:00:00+00:00,Ikotun,50.19
2025-02-12 21:00:00+00:00,Ikotun,50.19
2025-02-12 22:00:00+00:00,Ikotun,50.19
2025-02-12 23:00:00+00:00,Ikotun,23.89
2025-02-13 00:00:00+00:00,Ikotun,20.17
2025-02-13 10:00:00+00:00,Ikotun,28.47
2025-02-13 11:00:00+00:00,Ikotun,50.19
2025-02-13 12:00:00+00:00,Ikotun,50.19
2025-02-13 13:00:00+00:00,Ikotun,50.19
2025-02-13 14:00:00+00:00,Ikotun,24.24
2025-02-13 15:00:00+00:00,Ikotun,50.19
2025-02-13 16:00:00+00:00,Ikotun,50.19
2025-02-13 17:00:00+00:00,Ikotun,50.19
2025-02-13 18:00:00+00:00,Ikotun,50.19
2025-02-13 19:00:00+00:00,Ikotun,28.45
2025-02-13 20:00:00+00:00,Ikotun,50.19
2025-02-13 21:00:00+00:00,Ikotun,50.19
2025-02-13 23:00:00+00:00,Ikotun,26.98
2025-02-14 00:00:00+00:00,Ikotun,50.19
2025-02-14 01:00:00+00:00,Ikotun,20.34
2025-02-14 02:00:00+00:00,Ikotun,50.19
2025-02-14 03:00:00+00:00,Ikotun,50.19
2025-02-14 04:00:00+00:00,Ikotun,20.32
2025-02-14 08:00:00+00:00,Ikotun,26.33
2025-02-14 09:00:00+00:00,Ikotun,50.19
2025-02-14 10:00:00+00:00,Ikotun,28.68
2025-02-14 11:00:00+00:00,Ikotun,28.9
2025-02-14 12:00:00+00:00,Ikotun,50.19
2025-02-14 13:00:00+00:00,Ikotun,26.09
2025-02-14 14:00:00+00:00,Ikotun,50.19
2025-02-14 15:00:00+00:00,Ikotun,50.19
2025-02-14 16:00:00+00:00,Ikotun,22.59
2025-02-14 17:00:00+00:00,Ikotun,22.81
2025-02-14 18:00:00+00:00,Ikotun,23.06
2025-02-14 19:00:00+00:00,Ikotun,50.19
2025-02-14 23:00:00+00:00,Ikotun,32.59
2025-02-15 00:00:00+00:00,Ikotun,21.97
2025-02-15 01:00:00+00:00,Ikotun,19.57
2025-02-15 02:00:00+00:00,Ikotun,26.6
2025-02-15 03:00:00+00:00,Ikotun,26.36
2025-02-15 04:00:00+00:00,Ikotun,31.97
2025-02-15 05:00:00+00:00,Ikotun,32.44
2025-02-15 08:00:00+00:00,Ikotun,23.03
2025-02-15 09:00:00+00:00,Ikotun,28.14
2025-02-15 10:00:00+00:00,Ikotun,25.56
2025-02-15 11:00:00+00:00,Ikotun,27.23
2025-02-15 12:00:00+00:00,Ikotun,26.73
2025-02-15 13:00:00+00:00,Ikotun,26.46
2025-02-15 14:00:00+00:00,Ikotun,24.34
2025-02-15 15:00:00+00:00,Ikotun,23.2
2025-02-15 16:00:00+00:00,Ikotun,25.2
2025-02-15 17:00:00+00:00,Ikotun,25.34
2025-02-15 18:00:00+00:00,Ikotun,32.47
2025-02-15 19:00:00+00:00,Ikotun,28.31
2025-02-15 20:00:00+00:00,Ikotun,27.44
2025-02-15 21:00:00+00:00,Ikotun,28.27
2025-02-15 22:00:00+00:00,Ikotun,26.84
2025-02-15 23:00:00+00:00,Ikotun,23.65
2025-02-16 00:00:00+00:00,Ikotun,20.92
2025-02-16 01:00:00+00:00,Ikotun,21.1
2025-02-16 02:00:00+00:00,Ikotun,20.24
2025-02-16 03:00:00+00:00,Ikotun,20.7
2025-02-16 04:00:00+00:00,Ikotun,22.93
2025-02-16 05:00:00+00:00,Ikotun,26.28
2025-02-16 08:00:00+00:00,Ikotun,27.75
2025-02-16 09:00:00+00:00,Ikotun,27.04
2025-02-16 10:00:00+00:00,Ikotun,33.93
2025-02-16 11:00:00+00:00,Ikotun,33.61
2025-02-16 12:00:00+00:00,Ikotun,33.5
2025-02-16 13:00:00+00:00,Ikotun,29.41
2025-02-16 14:00:00+00:00,Ikotun,25.57
2025-02-16 15:00:00+00:00,Ikotun,24.25
2025-02-16 16:00:00+00:00,Ikotun,24.21
2025-02-16 17:00:00+00:00,Ikotun,27.63
2025-02-16 18:00:00+00:00,Ikotun,28.35
2025-02-16 19:00:00+00:00,Ikotun,28.52
2025-02-16 20:00:00+00:00,Ikotun,27.27
2025-02-16 21:00:00+00:00,Ikotun,24.04
2025-02-16 22:00:00+00:00,Ikotun,23.91
2025-02-16 23:00:00+00:00,Ikotun,23.11
2025-02-17 00:00:00+00:00,Ikotun,21.21
2025-02-17 01:00:00+00:00,Ikotun,21.53
2025-02-17 02:00:00+00:00,Ikotun,27.77
2025-02-17 03:00:00+00:00,Ikotun,30.83
2025-02-17 04:00:00+00:00,Ikotun,32.38
2025-02-17 05:00:00+00:00,Ikotun,37.62
2025-02-17 07:00:00+00:00,Ikotun,36.89
2025-02-17 08:00:00+00:00,Ikotun,31.43
2025-02-17 09:00:00+00:00,Ikotun,28.1
2025-02-17 10:00:00+00:00,Ikotun,30.37
2025-02-17 11:00:00+00:00,Ikotun,46.33
2025-02-17 12:00:00+00:00,Ikotun,32.41
2025-02-17 13:00:00+00:00,Ikotun,28.5
2025-02-17 14:00:00+00:00,Ikotun,25.56
2025-02-17 15:00:00+00:00,Ikotun,26.2
2025-02-17 16:00:00+00:00,Ikotun,27.94
2025-02-17 17:00:00+00:00,Ikotun,31.83
2025-02-17 18:00:00+00:00,Ikotun,46.71
2025-02-17 19:00:00+00:00,Ikotun,35.27
2025-02-17 20:00:00+00:00,Ikotun,31.01
2025-02-17 21:00:00+00:00,Ikotun,31.22
2025-02-17 22:00:00+00:00,Ikotun,36.22
2025-02-17 23:00:00+00:00,Ikotun,31.97
2025-02-18 00:00:00+00:00,Ikotun,27.89
2025-02-18 01:00:00+00:00,Ikotun,21.09
2025-02-18 02:00:00+00:00,Ikotun,27.57
2025-02-18 03:00:00+00:00,Ikotun,32.83
2025-02-18 04:00:00+00:00,Ikotun,32.38
2025-02-18 05:00:00+00:00,Ikotun,34.32
2025-02-18 07:00:00+00:00,Ikotun,32.35
2025-02-18 08:00:00+00:00,Ikotun,27.94
2025-02-18 09:00:00+00:00,Ikotun,24.28
2025-02-18 10:00:00+00:00,Ikotun,29.13
2025-02-18 11:00:00+00:00,Ikotun,33.06
2025-02-18 12:00:00+00:00,Ikotun,26.07
2025-02-18 13:00:00+00:00,Ikotun,25.63
2025-02-18 14:00:00+00:00,Ikotun,26.51
2025-02-18 15:00:00+00:00,Ikotun,26.1
2025-02-18 16:00:00+00:00,Ikotun,26.16
2025-02-18 17:00:00+00:00,Ikotun,31.76
2025-02-18 19:00:00+00:00,Ikotun,40.15
2025-02-18 20:00:00+00:00,Ikotun,35.25
2025-02-18 21:00:00+00:00,Ikotun,34.44
2025-02-18 22:00:00+00:00,Ikotun,36.01
2025-02-18 23:00:00+00:00,Ikotun,35.07
2025-02-19 00:00:00+00:00,Ikotun,28.97
2025-02-19 01:00:00+00:00,Ikotun,21.09
2025-02-19 02:00:00+00:00,Ikotun,20.38
2025-02-19 03:00:00+00:00,Ikotun,25.28
2025-02-19 04:00:00+00:00,Ikotun,28.86
2025-02-19 07:00:00+00:00,Ikotun,29.49
2025-02-19 08:00:00+00:00,Ikotun,25.8
2025-02-19 09:00:00+00:00,Ikotun,23.42
2025-02-19 10:00:00+00:00,Ikotun,24.0
2025-02-19 11:00:00+00:00,Ikotun,24.88
2025-02-19 12:00:00+00:00,Ikotun,25.11
2025-02-19 13:00:00+00:00,Ikotun,24.84
2025-02-19 14:00:00+00:00,Ikotun,24.03
2025-02-19 15:00:00+00:00,Ikotun,23.12
2025-02-19 16:00:00+00:00,Ikotun,23.55
2025-02-19 17:00:00+00:00,Ikotun,27.82
2025-02-19 18:00:00+00:00,Ikotun,32.71
2025-02-19 19:00:00+00:00,Ikotun,31.55
2025-02-19 20:00:00+00:00,Ikotun,31.88
2025-02-19 21:00:00+00:00,Ikotun,32.3
2025-02-20 00:00:00+00:00,Ikotun,31.53
2025-02-20 01:00:00+00:00,Ikotun,28.32
2025-02-20 02:00:00+00:00,Ikotun,32.54
2025-02-20 03:00:00+00:00,Ikotun,20.23
2025-02-20 04:00:00+00:00,Ikotun,34.77
2025-02-20 08:00:00+00:00,Ikotun,22.68
2025-02-20 09:00:00+00:00,Ikotun,23.89
2025-02-20 10:00:00+00:00,Ikotun,23.06
2025-02-20 11:00:00+00:00,Ikotun,24.57
2025-02-20 12:00:00+00:00,Ikotun,20.6
2025-02-20 13:00:00+00:00,Ikotun,21.47
2025-02-20 14:00:00+00:00,Ikotun,23.97
2025-02-20 15:00:00+00:00,Ikotun,23.01
2025-02-20 16:00:00+00:00,Ikotun,23.43
2025-02-20 17:00:00+00:00,Ikotun,26.24
2025-02-20 18:00:00+00:00,Ikotun,24.47
2025-02-20 19:00:00+00:00,Ikotun,25.62
2025-02-20 20:00:00+00:00,Ikotun,25.44
2025-02-20 21:00:00+00:00,Ikotun,27.69
2025-02-20 22:00:00+00:00,Ikotun,23.75
2025-02-20 23:00:00+00:00,Ikotun,28.7
2025-02-21 00:00:00+00:00,Ikotun,19.27
2025-02-21 01:00:00+00:00,Ikotun,20.01
2025-02-21 02:00:00+00:00,Ikotun,19.8
2025-02-21 03:00:00+00:00,Ikotun,23.0
2025-02-21 04:00:00+00:00,Ikotun,20.85
2025-02-21 08:00:00+00:00,Ikotun,22.32
2025-02-21 09:00:00+00:00,Ikotun,24.19
2025-02-21 10:00:00+00:00,Ikotun,24.12
2025-02-21 11:00:00+00:00,Ikotun,25.57
2025-02-21 12:00:00+00:00,Ikotun,26.91
2025-02-21 13:00:00+00:00,Ikotun,26.09
2025-02-21 14:00:00+00:00,Ikotun,28.63
2025-02-21 15:00:00+00:00,Ikotun,23.66
2025-02-21 16:00:00+00:00,Ikotun,24.9
2025-02-21 17:00:00+00:00,Ikotun,27.44
2025-02-21 18:00:00+00:00,Ikotun,38.12
2025-02-21 19:00:00+00:00,Ikotun,35.99
2025-02-21 20:00:00+00:00,Ikotun,38.76
2025-02-21 21:00:00+00:00,Ikotun,25.91
2025-02-21 22:00:00+00:00,Ikotun,25.65
2025-02-21 23:00:00+00:00,Ikotun,21.95
2025-02-22 00:00:00+00:00,Ikotun,20.22
2025-02-22 01:00:00+00:00,Ikotun,17.61
2025-02-22 02:00:00+00:00,Ikotun,20.92
2025-02-22 03:00:00+00:00,Ikotun,20.22
2025-02-22 04:00:00+00:00,Ikotun,28.18
2025-02-22 08:00:00+00:00,Ikotun,28.06
2025-02-22 09:00:00+00:00,Ikotun,23.85
2025-02-22 10:00:00+00:00,Ikotun,22.15
2025-02-22 11:00:00+00:00,Ikotun,24.67
2025-02-22 12:00:00+00:00,Ikotun,24.71
2025-02-22 13:00:00+00:00,Ikotun,24.43
2025-02-22 14:00:00+00:00,Ikotun,21.66
2025-02-22 15:00:00+00:00,Ikotun,24.11
2025-02-22 16:00:00+00:00,Ikotun,33.7
2025-02-23 07:00:00+00:00,Ikotun,50.23
2025-02-23 08:00:00+00:00,Ikotun,45.44
2025-02-23 09:00:00+00:00,Ikotun,37.72
2025-02-23 10:00:00+00:00,Ikotun,35.08
2025-02-23 11:00:00+00:00,Ikotun,37.73
2025-02-23 12:00:00+00:00,Ikotun,34.03
2025-02-23 13:00:00+00:00,Ikotun,51.23
2025-02-23 14:00:00+00:00,Ikotun,32.99
2025-02-23 15:00:00+00:00,Ikotun,32.41
2025-02-23 16:00:00+00:00,Ikotun,33.52
2025-02-23 17:00:00+00:00,Ikotun,34.18
2025-02-23 18:00:00+00:00,Ikotun,36.14
2025-02-23 19:00:00+00:00,Ikotun,35.89
2025-02-23 20:00:00+00:00,Ikotun,42.28
2025-02-23 21:00:00+00:00,Ikotun,43.8
2025-02-23 22:00:00+00:00,Ikotun,43.35
2025-02-23 23:00:00+00:00,Ikotun,35.42
2025-02-24 00:00:00+00:00,Ikotun,33.33
2025-02-24 01:00:00+00:00,Ikotun,35.54
2025-02-24 02:00:00+00:00,Ikotun,32.39
2025-02-24 03:00:00+00:00,Ikotun,31.57
2025-02-24 08:00:00+00:00,Ikotun,39.8
2025-02-24 09:00:00+00:00,Ikotun,28.26
2025-02-24 10:00:00+00:00,Ikotun,23.59
2025-02-24 11:00:00+00:00,Ikotun,22.86
2025-02-24 12:00:00+00:00,Ikotun,24.34
2025-02-24 13:00:00+00:00,Ikotun,22.47
2025-02-24 14:00:00+00:00,Ikotun,19.84
2025-02-24 15:00:00+00:00,Ikotun,18.04
2025-02-24 16:00:00+00:00,Ikotun,18.59
2025-02-24 17:00:00+00:00,Ikotun,23.28
2025-02-24 18:00:00+00:00,Ikotun,23.36
2025-02-24 19:00:00+00:00,Ikotun,25.43
2025-02-24 20:00:00+00:00,Ikotun,27.72
2025-02-24 21:00:00+00:00,Ikotun,28.73
2025-02-24 22:00:00+00:00,Ikotun,34.78
2025-02-24 23:00:00+00:00,Ikotun,23.75
2025-02-25 00:00:00+00:00,Ikotun,22.22
2025-02-25 01:00:00+00:00,Ikotun,20.01
2025-02-25 02:00:00+00:00,Ikotun,25.84
2025-02-25 03:00:00+00:00,Ikotun,33.53
2025-02-25 07:00:00+00:00,Ikotun,35.42
2025-02-25 08:00:00+00:00,Ikotun,27.62
2025-02-25 09:00:00+00:00,Ikotun,25.06
2025-02-25 10:00:00+00:00,Ikotun,22.25
2025-02-25 11:00:00+00:00,Ikotun,22.92
2025-02-25 12:00:00+00:00,Ikotun,20.92
2025-02-25 13:00:00+00:00,Ikotun,18.51
2025-02-25 14:00:00+00:00,Ikotun,28.23
2025-02-25 15:00:00+00:00,Ikotun,22.68
2025-02-25 16:00:00+00:00,Ikotun,17.22
2025-02-25 17:00:00+00:00,Ikotun,27.81
2025-02-25 18:00:00+00:00,Ikotun,24.81
2025-02-25 19:00:00+00:00,Ikotun,24.41
2025-02-25 20:00:00+00:00,Ikotun,24.38
2025-02-25 21:00:00+00:00,Ikotun,29.98
2025-02-25 22:00:00+00:00,Ikotun,23.03
2025-02-25 23:00:00+00:00,Ikotun,18.3
2025-02-26 00:00:00+00:00,Ikotun,14.95
2025-02-26 01:00:00+00:00,Ikotun,19.21
2025-02-26 02:00:00+00:00,Ikotun,14.17
2025-02-26 03:00:00+00:00,Ikotun,18.98
2025-02-26 04:00:00+00:00,Ikotun,16.41
2025-02-26 05:00:00+00:00,Ikotun,16.31
2025-02-26 07:00:00+00:00,Ikotun,36.43
2025-02-26 08:00:00+00:00,Ikotun,27.55
2025-02-26 09:00:00+00:00,Ikotun,31.06
2025-02-26 10:00:00+00:00,Ikotun,28.11
2025-02-26 11:00:00+00:00,Ikotun,23.96
2025-02-26 12:00:00+00:00,Ikotun,23.8
2025-02-26 13:00:00+00:00,Ikotun,24.32
2025-02-26 14:00:00+00:00,Ikotun,25.28
2025-02-26 15:00:00+00:00,Ikotun,24.12
2025-02-26 16:00:00+00:00,Ikotun,22.24
2025-02-26 17:00:00+00:00,Ikotun,23.79
2025-02-26 19:00:00+00:00,Ikotun,40.59
2025-02-26 20:00:00+00:00,Ikotun,40.95
2025-02-26 22:00:00+00:00,Ikotun,35.02
2025-02-26 23:00:00+00:00,Ikotun,31.16
2025-02-27 00:00:00+00:00,Ikotun,27.3
2025-02-27 01:00:00+00:00,Ikotun,21.14
2025-02-27 02:00:00+00:00,Ikotun,20.58
2025-02-27 03:00:00+00:00,Ikotun,27.53
2025-02-27 07:00:00+00:00,Ikotun,33.51
2025-02-27 08:00:00+00:00,Ikotun,27.17
2025-02-27 09:00:00+00:00,Ikotun,24.74
2025-02-27 10:00:00+00:00,Ikotun,24.36
2025-02-27 11:00:00+00:00,Ikotun,26.04
2025-02-27 12:00:00+00:00,Ikotun,32.91
2025-02-27 13:00:00+00:00,Ikotun,26.04
2025-02-27 14:00:00+00:00,Ikotun,19.56
2025-02-27 15:00:00+00:00,Ikotun,17.39
2025-02-27 16:00:00+00:00,Ikotun,19.89
2025-02-27 17:00:00+00:00,Ikotun,20.61
2025-02-27 18:00:00+00:00,Ikotun,25.22
2025-02-27 19:00:00+00:00,Ikotun,36.36
2025-02-27 20:00:00+00:00,Ikotun,23.42
2025-02-27 21:00:00+00:00,Ikotun,22.89
2025-02-27 22:00:00+00:00,Ikotun,22.84
2025-02-27 23:00:00+00:00,Ikotun,22.95
2025-02-28 00:00:00+00:00,Ikotun,21.82
2025-02-28 01:00:00+00:00,Ikotun,22.06
2025-02-28 02:00:00+00:00,Ikotun,33.55
2025-02-28 03:00:00+00:00,Ikotun,28.15
2025-02-28 04:00:00+00:00,Ikotun,33.28
2025-02-28 07:00:00+00:00,Ikotun,29.16
2025-02-28 08:00:00+00:00,Ikotun,24.74
2025-02-28 09:00:00+00:00,Ikotun,24.39
2025-02-28 10:00:00+00:00,Ikotun,28.03
2025-02-28 11:00:00+00:00,Ikotun,28.51
2025-02-28 12:00:00+00:00,Ikotun,31.49
2025-02-28 13:00:00+00:00,Ikotun,36.54
2025-02-28 14:00:00+00:00,Ikotun,24.81
2025-02-28 15:00:00+00:00,Ikotun,23.13
2025-02-28 16:00:00+00:00,Ikotun,23.9
2025-02-28 17:00:00+00:00,Ikotun,26.79
2025-02-28 18:00:00+00:00,Ikotun,33.1
2025-02-28 19:00:00+00:00,Ikotun,35.44
2025-02-28 20:00:00+00:00,Ikotun,29.61
2025-02-28 21:00:00+00:00,Ikotun,30.09
2025-02-28 22:00:00+00:00,Ikotun,25.64
2025-02-28 23:00:00+00:00,Ikotun,35.81
2025-02-01 00:00:00+00:00,Lekki (LASEPA),30.05
2025-02-01 01:00:00+00:00,Lekki (LASEPA),29.7
2025-02-01 02:00:00+00:00,Lekki (LASEPA),28.7
2025-02-01 03:00:00+00:00,Lekki (LASEPA),28.2
2025-02-01 04:00:00+00:00,Lekki (LASEPA),28.3
2025-02-01 05:00:00+00:00,Lekki (LASEPA),28.3
2025-02-01 06:00:00+00:00,Lekki (LASEPA),27.45
2025-02-01 07:00:00+00:00,Lekki (LASEPA),28.0
2025-02-01 08:00:00+00:00,Lekki (LASEPA),28.25
2025-02-01 09:00:00+00:00,Lekki (LASEPA),28.9
2025-02-01 10:00:00+00:00,Lekki (LASEPA),31.0
2025-02-01 11:00:00+00:00,Lekki (LASEPA),32.1
2025-02-01 12:00:00+00:00,Lekki (LASEPA),32.75
2025-02-01 13:00:00+00:00,Lekki (LASEPA),33.0
2025-02-01 14:00:00+00:00,Lekki (LASEPA),33.7
2025-02-01 15:00:00+00:00,Lekki (LASEPA),33.15
2025-02-01 16:00:00+00:00,Lekki (LASEPA),32.8
2025-02-01 17:00:00+00:00,Lekki (LASEPA),32.25
2025-02-01 18:00:00+00:00,Lekki (LASEPA),32.4
2025-02-01 19:00:00+00:00,Lekki (LASEPA),32.75
2025-02-01 20:00:00+00:00,Lekki (LASEPA),32.65
2025-02-01 21:00:00+00:00,Lekki (LASEPA),32.4
2025-02-01 22:00:00+00:00,Lekki (LASEPA),32.15
2025-02-01 23:00:00+00:00,Lekki (LASEPA),32.0
2025-02-02 00:00:00+00:00,Lekki (LASEPA),31.55
2025-02-02 01:00:00+00:00,Lekki (LASEPA),31.1
2025-02-02 02:00:00+00:00,Lekki (LASEPA),30.45
2025-02-02 03:00:00+00:00,Lekki (LASEPA),30.25
2025-02-02 04:00:00+00:00,Lekki (LASEPA),30.4
2025-02-02 05:00:00+00:00,Lekki (LASEPA),30.85
2025-02-02 06:00:00+00:00,Lekki (LASEPA),31.25
2025-02-02 07:00:00+00:00,Lekki (LASEPA),31.2
2025-02-02 08:00:00+00:00,Lekki (LASEPA),30.95
2025-02-02 09:00:00+00:00,Lekki (LASEPA),30.85
2025-02-02 10:00:00+00:00,Lekki (LASEPA),30.25
2025-02-02 11:00:00+00:00,Lekki (LASEPA),30.65
2025-02-02 12:00:00+00:00,Lekki (LASEPA),35.0
2025-02-02 17:00:00+00:00,Lekki (LASEPA),38.15
2025-02-02 18:00:00+00:00,Lekki (LASEPA),38.05
2025-02-02 19:00:00+00:00,Lekki (LASEPA),36.65
2025-02-02 20:00:00+00:00,Lekki (LASEPA),35.85
2025-02-02 21:00:00+00:00,Lekki (LASEPA),35.25
2025-02-02 22:00:00+00:00,Lekki (LASEPA),34.6
2025-02-02 23:00:00+00:00,Lekki (LASEPA),33.75
2025-02-03 00:00:00+00:00,Lekki (LASEPA),33.1
2025-02-03 01:00:00+00:00,Lekki (LASEPA),32.45
2025-02-03 02:00:00+00:00,Lekki (LASEPA),31.95
2025-02-03 03:00:00+00:00,Lekki (LASEPA),31.55
2025-02-03 04:00:00+00:00,Lekki (LASEPA),31.55
2025-02-03 05:00:00+00:00,Lekki (LASEPA),32.3
2025-02-03 06:00:00+00:00,Lekki (LASEPA),32.35
2025-02-03 07:00:00+00:00,Lekki (LASEPA),28.5
2025-02-03 08:00:00+00:00,Lekki (LASEPA),26.0
2025-02-03 09:00:00+00:00,Lekki (LASEPA),23.15
2025-02-03 10:00:00+00:00,Lekki (LASEPA),21.4
2025-02-03 11:00:00+00:00,Lekki (LASEPA),23.95
2025-02-03 12:00:00+00:00,Lekki (LASEPA),36.1
2025-02-03 13:00:00+00:00,Lekki (LASEPA),40.85
2025-02-03 14:00:00+00:00,Lekki (LASEPA),38.1
2025-02-03 15:00:00+00:00,Lekki (LASEPA),37.3
2025-02-03 16:00:00+00:00,Lekki (LASEPA),38.05
2025-02-03 17:00:00+00:00,Lekki (LASEPA),39.7
2025-02-03 18:00:00+00:00,Lekki (LASEPA),43.05
2025-02-03 19:00:00+00:00,Lekki (LASEPA),43.15
2025-02-03 20:00:00+00:00,Lekki (LASEPA),43.1
2025-02-03 21:00:00+00:00,Lekki (LASEPA),44.35
2025-02-03 22:00:00+00:00,Lekki (LASEPA),42.7
2025-02-03 23:00:00+00:00,Lekki (LASEPA),41.1
2025-02-04 00:00:00+00:00,Lekki (LASEPA),38.95
2025-02-04 01:00:00+00:00,Lekki (LASEPA),37.35
2025-02-04 02:00:00+00:00,Lekki (LASEPA),36.65
2025-02-04 03:00:00+00:00,Lekki (LASEPA),37.0
2025-02-04 04:00:00+00:00,Lekki (LASEPA),40.65
2025-02-04 05:00:00+00:00,Lekki (LASEPA),41.45
2025-02-04 06:00:00+00:00,Lekki (LASEPA),36.95
2025-02-04 07:00:00+00:00,Lekki (LASEPA),31.55
2025-02-04 08:00:00+00:00,Lekki (LASEPA),30.7
2025-02-04 09:00:00+00:00,Lekki (LASEPA),29.35
2025-02-04 10:00:00+00:00,Lekki (LASEPA),33.6
2025-02-04 11:00:00+00:00,Lekki (LASEPA),34.9
2025-02-04 12:00:00+00:00,Lekki (LASEPA),37.6
2025-02-04 13:00:00+00:00,Lekki (LASEPA),37.8
2025-02-04 14:00:00+00:00,Lekki (LASEPA),38.9
2025-02-04 15:00:00+00:00,Lekki (LASEPA),36.55
2025-02-04 16:00:00+00:00,Lekki (LASEPA),34.65
2025-02-04 17:00:00+00:00,Lekki (LASEPA),35.35
2025-02-04 18:00:00+00:00,Lekki (LASEPA),38.05
2025-02-04 19:00:00+00:00,Lekki (LASEPA),38.2
2025-02-04 20:00:00+00:00,Lekki (LASEPA),38.65
2025-02-04 21:00:00+00:00,Lekki (LASEPA),38.3
2025-02-04 22:00:00+00:00,Lekki (LASEPA),37.55
2025-02-04 23:00:00+00:00,Lekki (LASEPA),36.85
2025-02-05 00:00:00+00:00,Lekki (LASEPA),36.5
2025-02-05 01:00:00+00:00,Lekki (LASEPA),35.6
2025-02-05 02:00:00+00:00,Lekki (LASEPA),34.15
2025-02-05 03:00:00+00:00,Lekki (LASEPA),32.4
2025-02-05 04:00:00+00:00,Lekki (LASEPA),31.95
2025-02-05 05:00:00+00:00,Lekki (LASEPA),31.3
2025-02-05 06:00:00+00:00,Lekki (LASEPA),31.05
2025-02-05 07:00:00+00:00,Lekki (LASEPA),27.35
2025-02-05 08:00:00+00:00,Lekki (LASEPA),25.95
2025-02-05 09:00:00+00:00,Lekki (LASEPA),29.3
2025-02-05 10:00:00+00:00,Lekki (LASEPA),29.15
2025-02-05 11:00:00+00:00,Lekki (LASEPA),29.05
2025-02-05 12:00:00+00:00,Lekki (LASEPA),32.3
2025-02-05 13:00:00+00:00,Lekki (LASEPA),33.1
2025-02-05 14:00:00+00:00,Lekki (LASEPA),32.15
2025-02-05 15:00:00+00:00,Lekki (LASEPA),30.05
2025-02-05 16:00:00+00:00,Lekki (LASEPA),29.05
2025-02-05 17:00:00+00:00,Lekki (LASEPA),31.05
2025-02-05 18:00:00+00:00,Lekki (LASEPA),35.45
2025-02-05 19:00:00+00:00,Lekki (LASEPA),36.35
2025-02-05 20:00:00+00:00,Lekki (LASEPA),35.95
2025-02-05 21:00:00+00:00,Lekki (LASEPA),35.45
2025-02-05 22:00:00+00:00,Lekki (LASEPA),35.05
2025-02-05 23:00:00+00:00,Lekki (LASEPA),33.9
2025-02-06 00:00:00+00:00,Lekki (LASEPA),33.4
2025-02-06 01:00:00+00:00,Lekki (LASEPA),32.25
2025-02-06 02:00:00+00:00,Lekki (LASEPA),31.2
2025-02-06 03:00:00+00:00,Lekki (LASEPA),29.9
2025-02-06 04:00:00+00:00,Lekki (LASEPA),29.6
2025-02-06 05:00:00+00:00,Lekki (LASEPA),30.2
2025-02-06 06:00:00+00:00,Lekki (LASEPA),28.75
2025-02-06 07:00:00+00:00,Lekki (LASEPA),23.2
2025-02-06 08:00:00+00:00,Lekki (LASEPA),22.35
2025-02-06 09:00:00+00:00,Lekki (LASEPA),23.15
2025-02-06 10:00:00+00:00,Lekki (LASEPA),24.1
2025-02-06 11:00:00+00:00,Lekki (LASEPA),29.75
2025-02-06 12:00:00+00:00,Lekki (LASEPA),32.55
2025-02-06 13:00:00+00:00,Lekki (LASEPA),32.95
2025-02-06 14:00:00+00:00,Lekki (LASEPA),33.0
2025-02-06 15:00:00+00:00,Lekki (LASEPA),33.1
2025-02-06 16:00:00+00:00,Lekki (LASEPA),32.2
2025-02-06 17:00:00+00:00,Lekki (LASEPA),34.1
2025-02-06 18:00:00+00:00,Lekki (LASEPA),37.9
2025-02-06 19:00:00+00:00,Lekki (LASEPA),36.9
2025-02-06 20:00:00+00:00,Lekki (LASEPA),36.3
2025-02-06 21:00:00+00:00,Lekki (LASEPA),36.25
2025-02-06 22:00:00+00:00,Lekki (LASEPA),35.15
2025-02-06 23:00:00+00:00,Lekki (LASEPA),33.65
2025-02-07 00:00:00+00:00,Lekki (LASEPA),32.45
2025-02-07 01:00:00+00:00,Lekki (LASEPA),32.0
2025-02-07 02:00:00+00:00,Lekki (LASEPA),31.65
2025-02-07 03:00:00+00:00,Lekki (LASEPA),31.25
2025-02-07 04:00:00+00:00,Lekki (LASEPA),30.7
2025-02-07 05:00:00+00:00,Lekki (LASEPA),29.6
2025-02-07 06:00:00+00:00,Lekki (LASEPA),26.35
2025-02-07 07:00:00+00:00,Lekki (LASEPA),20.85
2025-02-07 08:00:00+00:00,Lekki (LASEPA),18.2
2025-02-07 09:00:00+00:00,Lekki (LASEPA),21.6
2025-02-07 10:00:00+00:00,Lekki (LASEPA),25.7
2025-02-07 11:00:00+00:00,Lekki (LASEPA),28.0
2025-02-07 12:00:00+00:00,Lekki (LASEPA),29.05
2025-02-07 13:00:00+00:00,Lekki (LASEPA),27.15
2025-02-07 14:00:00+00:00,Lekki (LASEPA),28.4
2025-02-07 15:00:00+00:00,Lekki (LASEPA),27.4
2025-02-07 16:00:00+00:00,Lekki (LASEPA),26.7
2025-02-07 17:00:00+00:00,Lekki (LASEPA),29.8
2025-02-07 18:00:00+00:00,Lekki (LASEPA),34.6
2025-02-07 19:00:00+00:00,Lekki (LASEPA),34.25
2025-02-07 20:00:00+00:00,Lekki (LASEPA),33.35
2025-02-07 21:00:00+00:00,Lekki (LASEPA),32.05
2025-02-07 22:00:00+00:00,Lekki (LASEPA),30.8
2025-02-07 23:00:00+00:00,Lekki (LASEPA),29.7
2025-02-08 00:00:00+00:00,Lekki (LASEPA),29.05
2025-02-08 01:00:00+00:00,Lekki (LASEPA),28.45
2025-02-08 02:00:00+00:00,Lekki (LASEPA),28.3
2025-02-08 03:00:00+00:00,Lekki (LASEPA),27.0
2025-02-08 04:00:00+00:00,Lekki (LASEPA),26.65
2025-02-08 05:00:00+00:00,Lekki (LASEPA),26.35
2025-02-08 06:00:00+00:00,Lekki (LASEPA),26.4
2025-02-08 07:00:00+00:00,Lekki (LASEPA),25.9
2025-02-08 08:00:00+00:00,Lekki (LASEPA),26.9
2025-02-08 09:00:00+00:00,Lekki (LASEPA),30.4
2025-02-08 10:00:00+00:00,Lekki (LASEPA),36.15
2025-02-08 11:00:00+00:00,Lekki (LASEPA),38.85
2025-02-08 12:00:00+00:00,Lekki (LASEPA),36.95
2025-02-08 13:00:00+00:00,Lekki (LASEPA),35.8
2025-02-08 14:00:00+00:00,Lekki (LASEPA),34.0
2025-02-08 15:00:00+00:00,Lekki (LASEPA),32.1
2025-02-08 16:00:00+00:00,Lekki (LASEPA),29.6
2025-02-08 17:00:00+00:00,Lekki (LASEPA),28.05
2025-02-08 18:00:00+00:00,Lekki (LASEPA),26.8
2025-02-08 19:00:00+00:00,Lekki (LASEPA),25.8
2025-02-08 20:00:00+00:00,Lekki (LASEPA),25.45
2025-02-08 21:00:00+00:00,Lekki (LASEPA),24.15
2025-02-08 22:00:00+00:00,Lekki (LASEPA),23.5
2025-02-08 23:00:00+00:00,Lekki (LASEPA),26.65
2025-02-09 00:00:00+00:00,Lekki (LASEPA),29.15
2025-02-09 01:00:00+00:00,Lekki (LASEPA),26.3
2025-02-09 02:00:00+00:00,Lekki (LASEPA),23.95
2025-02-09 03:00:00+00:00,Lekki (LASEPA),23.45
2025-02-09 04:00:00+00:00,Lekki (LASEPA),22.45
2025-02-09 05:00:00+00:00,Lekki (LASEPA),21.0
2025-02-09 06:00:00+00:00,Lekki (LASEPA),19.55
2025-02-09 07:00:00+00:00,Lekki (LASEPA),20.15
2025-02-09 08:00:00+00:00,Lekki (LASEPA),21.65
2025-02-09 09:00:00+00:00,Lekki (LASEPA),23.3
2025-02-09 10:00:00+00:00,Lekki (LASEPA),23.7
2025-02-09 11:00:00+00:00,Lekki (LASEPA),24.05
2025-02-09 12:00:00+00:00,Lekki (LASEPA),27.1
2025-02-09 20:00:00+00:00,Lekki (LASEPA),30.1
2025-02-09 21:00:00+00:00,Lekki (LASEPA),27.1
2025-02-09 22:00:00+00:00,Lekki (LASEPA),23.4
2025-02-09 23:00:00+00:00,Lekki (LASEPA),22.4
2025-02-10 00:00:00+00:00,Lekki (LASEPA),22.9
2025-02-10 01:00:00+00:00,Lekki (LASEPA),22.45
2025-02-10 02:00:00+00:00,Lekki (LASEPA),21.45
2025-02-10 03:00:00+00:00,Lekki (LASEPA),20.65
2025-02-10 04:00:00+00:00,Lekki (LASEPA),20.9
2025-02-10 05:00:00+00:00,Lekki (LASEPA),21.3
2025-02-10 06:00:00+00:00,Lekki (LASEPA),20.2
2025-02-10 07:00:00+00:00,Lekki (LASEPA),17.0
2025-02-10 08:00:00+00:00,Lekki (LASEPA),16.35
2025-02-10 09:00:00+00:00,Lekki (LASEPA),15.75
2025-02-10 10:00:00+00:00,Lekki (LASEPA),17.75
2025-02-10 11:00:00+00:00,Lekki (LASEPA),21.6
2025-02-10 12:00:00+00:00,Lekki (LASEPA),23.3
2025-02-10 13:00:00+00:00,Lekki (LASEPA),22.1
2025-02-10 14:00:00+00:00,Lekki (LASEPA),18.5
2025-02-10 15:00:00+00:00,Lekki (LASEPA),18.25
2025-02-10 16:00:00+00:00,Lekki (LASEPA),19.35
2025-02-10 17:00:00+00:00,Lekki (LASEPA),21.15
2025-02-10 18:00:00+00:00,Lekki (LASEPA),23.95
2025-02-10 19:00:00+00:00,Lekki (LASEPA),24.15
2025-02-10 20:00:00+00:00,Lekki (LASEPA),23.2
2025-02-10 21:00:00+00:00,Lekki (LASEPA),22.55
2025-02-10 22:00:00+00:00,Lekki (LASEPA),22.7
2025-02-10 23:00:00+00:00,Lekki (LASEPA),21.6
2025-02-11 00:00:00+00:00,Lekki (LASEPA),20.2
2025-02-11 01:00:00+00:00,Lekki (LASEPA),18.9
2025-02-11 02:00:00+00:00,Lekki (LASEPA),18.6
2025-02-11 03:00:00+00:00,Lekki (LASEPA),18.7
2025-02-11 04:00:00+00:00,Lekki (LASEPA),19.1
2025-02-11 05:00:00+00:00,Lekki (LASEPA),18.75
2025-02-11 06:00:00+00:00,Lekki (LASEPA),17.6
2025-02-11 07:00:00+00:00,Lekki (LASEPA),14.4
2025-02-11 08:00:00+00:00,Lekki (LASEPA),14.35
2025-02-11 09:00:00+00:00,Lekki (LASEPA),14.7
2025-02-11 10:00:00+00:00,Lekki (LASEPA),15.2
2025-02-11 11:00:00+00:00,Lekki (LASEPA),17.9
2025-02-11 12:00:00+00:00,Lekki (LASEPA),21.7
2025-02-11 13:00:00+00:00,Lekki (LASEPA),21.7
2025-02-11 14:00:00+00:00,Lekki (LASEPA),20.6
2025-02-11 15:00:00+00:00,Lekki (LASEPA),22.65
2025-02-11 16:00:00+00:00,Lekki (LASEPA),20.8
2025-02-11 17:00:00+00:00,Lekki (LASEPA),21.95
2025-02-11 18:00:00+00:00,Lekki (LASEPA),24.95
2025-02-11 19:00:00+00:00,Lekki (LASEPA),25.1
2025-02-11 20:00:00+00:00,Lekki (LASEPA),24.55
2025-02-11 21:00:00+00:00,Lekki (LASEPA),23.85
2025-02-11 22:00:00+00:00,Lekki (LASEPA),24.0
2025-02-11 23:00:00+00:00,Lekki (LASEPA),23.8
2025-02-12 00:00:00+00:00,Lekki (LASEPA),23.2
2025-02-12 01:00:00+00:00,Lekki (LASEPA),21.5
2025-02-12 02:00:00+00:00,Lekki (LASEPA),21.15
2025-02-12 03:00:00+00:00,Lekki (LASEPA),21.15
2025-02-12 04:00:00+00:00,Lekki (LASEPA),21.45
2025-02-12 05:00:00+00:00,Lekki (LASEPA),20.95
2025-02-12 06:00:00+00:00,Lekki (LASEPA),19.0
2025-02-12 07:00:00+00:00,Lekki (LASEPA),14.25
2025-02-12 09:00:00+00:00,Lekki (LASEPA),14.6
2025-02-12 10:00:00+00:00,Lekki (LASEPA),18.75
2025-02-12 11:00:00+00:00,Lekki (LASEPA),20.35
2025-02-12 12:00:00+00:00,Lekki (LASEPA),23.45
2025-02-12 13:00:00+00:00,Lekki (LASEPA),23.1
2025-02-12 14:00:00+00:00,Lekki (LASEPA),22.5
2025-02-12 15:00:00+00:00,Lekki (LASEPA),22.4
2025-02-12 16:00:00+00:00,Lekki (LASEPA),21.85
2025-02-12 17:00:00+00:00,Lekki (LASEPA),24.5
2025-02-12 18:00:00+00:00,Lekki (LASEPA),26.65
2025-02-12 19:00:00+00:00,Lekki (LASEPA),26.35
2025-02-12 20:00:00+00:00,Lekki (LASEPA),26.2
2025-02-12 21:00:00+00:00,Lekki (LASEPA),25.85
2025-02-12 22:00:00+00:00,Lekki (LASEPA),25.25
2025-02-12 23:00:00+00:00,Lekki (LASEPA),23.55
2025-02-13 00:00:00+00:00,Lekki (LASEPA),22.8
2025-02-13 01:00:00+00:00,Lekki (LASEPA),21.75
2025-02-13 02:00:00+00:00,Lekki (LASEPA),20.4
2025-02-13 03:00:00+00:00,Lekki (LASEPA),19.55
2025-02-13 04:00:00+00:00,Lekki (LASEPA),19.4
2025-02-13 05:00:00+00:00,Lekki (LASEPA),19.65
2025-02-13 06:00:00+00:00,Lekki (LASEPA),18.7
2025-02-13 07:00:00+00:00,Lekki (LASEPA),15.25
2025-02-13 08:00:00+00:00,Lekki (LASEPA),14.4
2025-02-13 09:00:00+00:00,Lekki (LASEPA),14.65
2025-02-13 10:00:00+00:00,Lekki (LASEPA),21.95
2025-02-13 11:00:00+00:00,Lekki (LASEPA),27.1
2025-02-13 12:00:00+00:00,Lekki (LASEPA),25.1
2025-02-13 13:00:00+00:00,Lekki (LASEPA),24.6
2025-02-13 14:00:00+00:00,Lekki (LASEPA),24.3
2025-02-13 15:00:00+00:00,Lekki (LASEPA),23.45
2025-02-13 16:00:00+00:00,Lekki (LASEPA),21.65
2025-02-13 17:00:00+00:00,Lekki (LASEPA),21.55
2025-02-13 18:00:00+00:00,Lekki (LASEPA),23.4
2025-02-13 19:00:00+00:00,Lekki (LASEPA),24.9
2025-02-13 20:00:00+00:00,Lekki (LASEPA),23.5
2025-02-13 21:00:00+00:00,Lekki (LASEPA),22.55
2025-02-13 22:00:00+00:00,Lekki (LASEPA),22.5
2025-02-13 23:00:00+00:00,Lekki (LASEPA),22.15
2025-02-14 00:00:00+00:00,Lekki (LASEPA),20.7
2025-02-14 01:00:00+00:00,Lekki (LASEPA),19.75
2025-02-14 02:00:00+00:00,Lekki (LASEPA),19.3
2025-02-14 03:00:00+00:00,Lekki (LASEPA),20.25
2025-02-14 04:00:00+00:00,Lekki (LASEPA),20.75
2025-02-14 05:00:00+00:00,Lekki (LASEPA),21.3
2025-02-14 06:00:00+00:00,Lekki (LASEPA),18.1
2025-02-14 07:00:00+00:00,Lekki (LASEPA),13.35
2025-02-14 08:00:00+00:00,Lekki (LASEPA),14.95
2025-02-14 09:00:00+00:00,Lekki (LASEPA),17.65
2025-02-14 10:00:00+00:00,Lekki (LASEPA),19.6
2025-02-14 11:00:00+00:00,Lekki (LASEPA),28.4
2025-02-14 12:00:00+00:00,Lekki (LASEPA),26.25
2025-02-14 13:00:00+00:00,Lekki (LASEPA),25.9
2025-02-14 14:00:00+00:00,Lekki (LASEPA),25.55
2025-02-14 15:00:00+00:00,Lekki (LASEPA),26.55
2025-02-14 16:00:00+00:00,Lekki (LASEPA),23.15
2025-02-14 17:00:00+00:00,Lekki (LASEPA),24.05
2025-02-14 18:00:00+00:00,Lekki (LASEPA),27.15
2025-02-14 19:00:00+00:00,Lekki (LASEPA),27.15
2025-02-14 20:00:00+00:00,Lekki (LASEPA),27.15
2025-02-14 21:00:00+00:00,Lekki (LASEPA),27.3
2025-02-14 22:00:00+00:00,Lekki (LASEPA),27.25
2025-02-14 23:00:00+00:00,Lekki (LASEPA),24.7
2025-02-15 00:00:00+00:00,Lekki (LASEPA),23.05
2025-02-15 01:00:00+00:00,Lekki (LASEPA),21.75
2025-02-15 02:00:00+00:00,Lekki (LASEPA),20.45
2025-02-15 03:00:00+00:00,Lekki (LASEPA),19.65
2025-02-15 04:00:00+00:00,Lekki (LASEPA),18.5
2025-02-15 05:00:00+00:00,Lekki (LASEPA),18.65
2025-02-15 06:00:00+00:00,Lekki (LASEPA),19.75
2025-02-15 07:00:00+00:00,Lekki (LASEPA),21.25
2025-02-15 08:00:00+00:00,Lekki (LASEPA),22.2
2025-02-15 09:00:00+00:00,Lekki (LASEPA),27.15
2025-02-15 10:00:00+00:00,Lekki (LASEPA),30.15
2025-02-15 11:00:00+00:00,Lekki (LASEPA),29.95
2025-02-15 12:00:00+00:00,Lekki (LASEPA),30.35
2025-02-15 13:00:00+00:00,Lekki (LASEPA),29.55
2025-02-15 14:00:00+00:00,Lekki (LASEPA),30.0
2025-02-15 15:00:00+00:00,Lekki (LASEPA),29.15
2025-02-15 16:00:00+00:00,Lekki (LASEPA),27.0
2025-02-15 17:00:00+00:00,Lekki (LASEPA),26.9
2025-02-15 18:00:00+00:00,Lekki (LASEPA),26.55
2025-02-15 19:00:00+00:00,Lekki (LASEPA),28.3
2025-02-15 20:00:00+00:00,Lekki (LASEPA),29.45
2025-02-15 21:00:00+00:00,Lekki (LASEPA),28.25
2025-02-15 22:00:00+00:00,Lekki (LASEPA),26.75
2025-02-15 23:00:00+00:00,Lekki (LASEPA),25.85
2025-02-16 00:00:00+00:00,Lekki (LASEPA),23.65
2025-02-16 01:00:00+00:00,Lekki (LASEPA),21.5
2025-02-16 02:00:00+00:00,Lekki (LASEPA),20.4
2025-02-16 03:00:00+00:00,Lekki (LASEPA),19.9
2025-02-16 04:00:00+00:00,Lekki (LASEPA),19.5
2025-02-16 05:00:00+00:00,Lekki (LASEPA),19.75
2025-02-16 06:00:00+00:00,Lekki (LASEPA),20.0
2025-02-16 07:00:00+00:00,Lekki (LASEPA),20.35
2025-02-16 08:00:00+00:00,Lekki (LASEPA),21.0
2025-02-16 09:00:00+00:00,Lekki (LASEPA),22.35
2025-02-16 10:00:00+00:00,Lekki (LASEPA),24.45
2025-02-16 11:00:00+00:00,Lekki (LASEPA),29.2
2025-02-16 12:00:00+00:00,Lekki (LASEPA),34.4
2025-02-16 13:00:00+00:00,Lekki (LASEPA),34.25
2025-02-16 14:00:00+00:00,Lekki (LASEPA),33.3
2025-02-16 15:00:00+00:00,Lekki (LASEPA),31.9
2025-02-16 16:00:00+00:00,Lekki (LASEPA),32.35
2025-02-16 17:00:00+00:00,Lekki (LASEPA),31.35
2025-02-16 18:00:00+00:00,Lekki (LASEPA),29.7
2025-02-16 19:00:00+00:00,Lekki (LASEPA),28.25
2025-02-16 20:00:00+00:00,Lekki (LASEPA),28.0
2025-02-16 21:00:00+00:00,Lekki (LASEPA),27.7
2025-02-16 22:00:00+00:00,Lekki (LASEPA),27.4
2025-02-16 23:00:00+00:00,Lekki (LASEPA),26.65
2025-02-17 00:00:00+00:00,Lekki (LASEPA),25.1
2025-02-17 01:00:00+00:00,Lekki (LASEPA),23.2
2025-02-17 02:00:00+00:00,Lekki (LASEPA),21.95
2025-02-17 03:00:00+00:00,Lekki (LASEPA),21.3
2025-02-17 04:00:00+00:00,Lekki (LASEPA),21.2
2025-02-17 05:00:00+00:00,Lekki (LASEPA),21.55
2025-02-17 06:00:00+00:00,Lekki (LASEPA),19.75
2025-02-17 07:00:00+00:00,Lekki (LASEPA),16.95
2025-02-17 08:00:00+00:00,Lekki (LASEPA),15.95
2025-02-17 09:00:00+00:00,Lekki (LASEPA),16.5
2025-02-17 10:00:00+00:00,Lekki (LASEPA),21.75
2025-02-17 11:00:00+00:00,Lekki (LASEPA),23.0
2025-02-17 12:00:00+00:00,Lekki (LASEPA),25.95
2025-02-17 13:00:00+00:00,Lekki (LASEPA),26.0
2025-02-17 14:00:00+00:00,Lekki (LASEPA),25.6
2025-02-17 15:00:00+00:00,Lekki (LASEPA),25.0
2025-02-17 16:00:00+00:00,Lekki (LASEPA),24.75
2025-02-17 17:00:00+00:00,Lekki (LASEPA),26.65
2025-02-17 18:00:00+00:00,Lekki (LASEPA),29.15
2025-02-17 19:00:00+00:00,Lekki (LASEPA),29.1
2025-02-17 20:00:00+00:00,Lekki (LASEPA),29.25
2025-02-17 21:00:00+00:00,Lekki (LASEPA),28.4
2025-02-17 22:00:00+00:00,Lekki (LASEPA),28.15
2025-02-17 23:00:00+00:00,Lekki (LASEPA),27.55
2025-02-18 00:00:00+00:00,Lekki (LASEPA),27.3
2025-02-18 01:00:00+00:00,Lekki (LASEPA),26.55
2025-02-18 02:00:00+00:00,Lekki (LASEPA),26.7
2025-02-18 03:00:00+00:00,Lekki (LASEPA),26.05
2025-02-18 04:00:00+00:00,Lekki (LASEPA),25.85
2025-02-18 05:00:00+00:00,Lekki (LASEPA),26.5
2025-02-18 06:00:00+00:00,Lekki (LASEPA),22.55
2025-02-18 07:00:00+00:00,Lekki (LASEPA),19.25
2025-02-18 08:00:00+00:00,Lekki (LASEPA),19.25
2025-02-18 09:00:00+00:00,Lekki (LASEPA),20.15
2025-02-18 10:00:00+00:00,Lekki (LASEPA),21.9
2025-02-18 11:00:00+00:00,Lekki (LASEPA),23.65
2025-02-18 12:00:00+00:00,Lekki (LASEPA),24.9
2025-02-18 13:00:00+00:00,Lekki (LASEPA),24.8
2025-02-18 14:00:00+00:00,Lekki (LASEPA),26.15
2025-02-18 15:00:00+00:00,Lekki (LASEPA),24.6
2025-02-18 16:00:00+00:00,Lekki (LASEPA),24.45
2025-02-18 17:00:00+00:00,Lekki (LASEPA),26.5
2025-02-18 18:00:00+00:00,Lekki (LASEPA),30.2
2025-02-18 19:00:00+00:00,Lekki (LASEPA),30.3
2025-02-18 20:00:00+00:00,Lekki (LASEPA),30.3
2025-02-18 21:00:00+00:00,Lekki (LASEPA),30.35
2025-02-18 22:00:00+00:00,Lekki (LASEPA),29.4
2025-02-18 23:00:00+00:00,Lekki (LASEPA),29.05
2025-02-19 00:00:00+00:00,Lekki (LASEPA),28.6
2025-02-19 01:00:00+00:00,Lekki (LASEPA),27.7
2025-02-19 02:00:00+00:00,Lekki (LASEPA),27.45
2025-02-19 03:00:00+00:00,Lekki (LASEPA),27.45
2025-02-19 04:00:00+00:00,Lekki (LASEPA),27.75
2025-02-19 05:00:00+00:00,Lekki (LASEPA),27.8
2025-02-19 06:00:00+00:00,Lekki (LASEPA),23.5
2025-02-19 07:00:00+00:00,Lekki (LASEPA),19.4
2025-02-19 08:00:00+00:00,Lekki (LASEPA),20.25
2025-02-19 09:00:00+00:00,Lekki (LASEPA),21.55
2025-02-19 10:00:00+00:00,Lekki (LASEPA),21.65
2025-02-19 11:00:00+00:00,Lekki (LASEPA),20.3
2025-02-19 12:00:00+00:00,Lekki (LASEPA),22.0
2025-02-19 13:00:00+00:00,Lekki (LASEPA),22.25
2025-02-19 14:00:00+00:00,Lekki (LASEPA),22.1
2025-02-19 15:00:00+00:00,Lekki (LASEPA),20.95
2025-02-19 16:00:00+00:00,Lekki (LASEPA),21.75
2025-02-19 17:00:00+00:00,Lekki (LASEPA),25.45
2025-02-19 18:00:00+00:00,Lekki (LASEPA),26.45
2025-02-19 19:00:00+00:00,Lekki (LASEPA),25.1
2025-02-19 20:00:00+00:00,Lekki (LASEPA),26.0
2025-02-19 21:00:00+00:00,Lekki (LASEPA),26.4
2025-02-19 22:00:00+00:00,Lekki (LASEPA),24.8
2025-02-19 23:00:00+00:00,Lekki (LASEPA),23.55
2025-02-20 00:00:00+00:00,Lekki (LASEPA),25.1
2025-02-20 01:00:00+00:00,Lekki (LASEPA),26.6
2025-02-20 02:00:00+00:00,Lekki (LASEPA),24.9
2025-02-20 03:00:00+00:00,Lekki (LASEPA),24.1
2025-02-20 04:00:00+00:00,Lekki (LASEPA),23.4
2025-02-20 05:00:00+00:00,Lekki (LASEPA),22.6
2025-02-20 06:00:00+00:00,Lekki (LASEPA),19.7
2025-02-20 07:00:00+00:00,Lekki (LASEPA),16.7
2025-02-20 08:00:00+00:00,Lekki (LASEPA),16.85
2025-02-20 09:00:00+00:00,Lekki (LASEPA),18.15
2025-02-20 10:00:00+00:00,Lekki (LASEPA),18.2
2025-02-20 11:00:00+00:00,Lekki (LASEPA),19.35
2025-02-20 12:00:00+00:00,Lekki (LASEPA),20.5
2025-02-20 13:00:00+00:00,Lekki (LASEPA),20.05
2025-02-20 14:00:00+00:00,Lekki (LASEPA),20.85
2025-02-20 15:00:00+00:00,Lekki (LASEPA),20.05
2025-02-20 16:00:00+00:00,Lekki (LASEPA),21.5
2025-02-20 17:00:00+00:00,Lekki (LASEPA),24.35
2025-02-20 18:00:00+00:00,Lekki (LASEPA),26.6
2025-02-20 19:00:00+00:00,Lekki (LASEPA),27.7
2025-02-20 20:00:00+00:00,Lekki (LASEPA),27.0
2025-02-20 21:00:00+00:00,Lekki (LASEPA),27.0
2025-02-20 22:00:00+00:00,Lekki (LASEPA),26.4
2025-02-20 23:00:00+00:00,Lekki (LASEPA),24.35
2025-02-21 00:00:00+00:00,Lekki (LASEPA),23.1
2025-02-21 01:00:00+00:00,Lekki (LASEPA),23.15
2025-02-21 02:00:00+00:00,Lekki (LASEPA),23.4
2025-02-21 03:00:00+00:00,Lekki (LASEPA),22.95
2025-02-21 04:00:00+00:00,Lekki (LASEPA),22.55
2025-02-21 05:00:00+00:00,Lekki (LASEPA),22.9
2025-02-21 06:00:00+00:00,Lekki (LASEPA),20.5
2025-02-21 07:00:00+00:00,Lekki (LASEPA),18.7
2025-02-21 08:00:00+00:00,Lekki (LASEPA),17.95
2025-02-21 09:00:00+00:00,Lekki (LASEPA),18.4
2025-02-21 10:00:00+00:00,Lekki (LASEPA),18.7
2025-02-21 11:00:00+00:00,Lekki (LASEPA),18.6
2025-02-21 12:00:00+00:00,Lekki (LASEPA),19.65
2025-02-21 13:00:00+00:00,Lekki (LASEPA),22.0
2025-02-21 14:00:00+00:00,Lekki (LASEPA),26.15
2025-02-21 15:00:00+00:00,Lekki (LASEPA),24.55
2025-02-21 16:00:00+00:00,Lekki (LASEPA),22.35
2025-02-21 17:00:00+00:00,Lekki (LASEPA),22.6
2025-02-21 18:00:00+00:00,Lekki (LASEPA),24.8
2025-02-21 19:00:00+00:00,Lekki (LASEPA),29.35
2025-02-21 20:00:00+00:00,Lekki (LASEPA),30.9
2025-02-21 21:00:00+00:00,Lekki (LASEPA),28.65
2025-02-21 22:00:00+00:00,Lekki (LASEPA),27.0
2025-02-21 23:00:00+00:00,Lekki (LASEPA),24.55
2025-02-22 00:00:00+00:00,Lekki (LASEPA),22.75
2025-02-22 01:00:00+00:00,Lekki (LASEPA),21.35
2025-02-22 02:00:00+00:00,Lekki (LASEPA),20.2
2025-02-22 03:00:00+00:00,Lekki (LASEPA),19.25
2025-02-22 04:00:00+00:00,Lekki (LASEPA),18.8
2025-02-22 05:00:00+00:00,Lekki (LASEPA),18.45
2025-02-22 06:00:00+00:00,Lekki (LASEPA),17.95
2025-02-22 07:00:00+00:00,Lekki (LASEPA),18.2
2025-02-22 08:00:00+00:00,Lekki (LASEPA),39.45
2025-02-22 09:00:00+00:00,Lekki (LASEPA),47.35
2025-02-22 10:00:00+00:00,Lekki (LASEPA),37.95
2025-02-22 11:00:00+00:00,Lekki (LASEPA),35.55
2025-02-22 12:00:00+00:00,Lekki (LASEPA),31.6
2025-02-22 13:00:00+00:00,Lekki (LASEPA),28.3
2025-02-22 14:00:00+00:00,Lekki (LASEPA),26.85
2025-02-22 15:00:00+00:00,Lekki (LASEPA),26.9
2025-02-22 16:00:00+00:00,Lekki (LASEPA),28.35
2025-02-22 17:00:00+00:00,Lekki (LASEPA),34.5
2025-02-22 18:00:00+00:00,Lekki (LASEPA),45.4
2025-02-22 19:00:00+00:00,Lekki (LASEPA),50.6
2025-02-22 20:00:00+00:00,Lekki (LASEPA),53.4
2025-02-22 21:00:00+00:00,Lekki (LASEPA),64.45
2025-02-22 22:00:00+00:00,Lekki (LASEPA),62.2
2025-02-22 23:00:00+00:00,Lekki (LASEPA),52.95
2025-02-23 00:00:00+00:00,Lekki (LASEPA),46.65
2025-02-23 01:00:00+00:00,Lekki (LASEPA),39.0
2025-02-23 02:00:00+00:00,Lekki (LASEPA),28.5
2025-02-23 03:00:00+00:00,Lekki (LASEPA),21.85
2025-02-23 04:00:00+00:00,Lekki (LASEPA),19.95
2025-02-23 05:00:00+00:00,Lekki (LASEPA),19.5
2025-02-23 06:00:00+00:00,Lekki (LASEPA),19.6
2025-02-23 07:00:00+00:00,Lekki (LASEPA),20.2
2025-02-23 08:00:00+00:00,Lekki (LASEPA),20.3
2025-02-23 09:00:00+00:00,Lekki (LASEPA),22.4
2025-02-23 10:00:00+00:00,Lekki (LASEPA),26.9
2025-02-23 11:00:00+00:00,Lekki (LASEPA),29.5
2025-02-23 12:00:00+00:00,Lekki (LASEPA),34.1
2025-02-23 13:00:00+00:00,Lekki (LASEPA),53.3
2025-02-23 14:00:00+00:00,Lekki (LASEPA),48.1
2025-02-23 15:00:00+00:00,Lekki (LASEPA),43.2
2025-02-23 16:00:00+00:00,Lekki (LASEPA),36.05
2025-02-23 17:00:00+00:00,Lekki (LASEPA),32.05
2025-02-23 18:00:00+00:00,Lekki (LASEPA),29.7
2025-02-23 19:00:00+00:00,Lekki (LASEPA),28.65
2025-02-23 20:00:00+00:00,Lekki (LASEPA),26.85
2025-02-23 21:00:00+00:00,Lekki (LASEPA),25.55
2025-02-23 22:00:00+00:00,Lekki (LASEPA),24.2
2025-02-23 23:00:00+00:00,Lekki (LASEPA),24.3
2025-02-24 00:00:00+00:00,Lekki (LASEPA),24.15
2025-02-24 01:00:00+00:00,Lekki (LASEPA),23.65
2025-02-24 02:00:00+00:00,Lekki (LASEPA),23.05
2025-02-24 03:00:00+00:00,Lekki (LASEPA),23.2
2025-02-24 04:00:00+00:00,Lekki (LASEPA),22.9
2025-02-24 05:00:00+00:00,Lekki (LASEPA),23.75
2025-02-24 06:00:00+00:00,Lekki (LASEPA),20.9
2025-02-24 07:00:00+00:00,Lekki (LASEPA),17.15
2025-02-24 08:00:00+00:00,Lekki (LASEPA),17.65
2025-02-24 09:00:00+00:00,Lekki (LASEPA),18.5
2025-02-24 10:00:00+00:00,Lekki (LASEPA),16.8
2025-02-24 11:00:00+00:00,Lekki (LASEPA),18.0
2025-02-24 12:00:00+00:00,Lekki (LASEPA),17.85
2025-02-24 13:00:00+00:00,Lekki (LASEPA),16.55
2025-02-24 14:00:00+00:00,Lekki (LASEPA),16.2
2025-02-24 15:00:00+00:00,Lekki (LASEPA),17.55
2025-02-24 16:00:00+00:00,Lekki (LASEPA),16.55
2025-02-24 17:00:00+00:00,Lekki (LASEPA),17.65
2025-02-24 18:00:00+00:00,Lekki (LASEPA),20.9
2025-02-24 19:00:00+00:00,Lekki (LASEPA),22.2
2025-02-24 20:00:00+00:00,Lekki (LASEPA),24.75
2025-02-24 21:00:00+00:00,Lekki (LASEPA),23.45
2025-02-24 22:00:00+00:00,Lekki (LASEPA),22.15
2025-02-24 23:00:00+00:00,Lekki (LASEPA),21.65
2025-02-25 00:00:00+00:00,Lekki (LASEPA),20.3
2025-02-25 01:00:00+00:00,Lekki (LASEPA),19.25
2025-02-25 02:00:00+00:00,Lekki (LASEPA),19.15
2025-02-25 03:00:00+00:00,Lekki (LASEPA),18.75
2025-02-25 04:00:00+00:00,Lekki (LASEPA),17.85
2025-02-25 05:00:00+00:00,Lekki (LASEPA),17.7
2025-02-25 06:00:00+00:00,Lekki (LASEPA),19.4
2025-02-25 07:00:00+00:00,Lekki (LASEPA),16.5
2025-02-25 08:00:00+00:00,Lekki (LASEPA),15.85
2025-02-25 09:00:00+00:00,Lekki (LASEPA),16.0
2025-02-25 10:00:00+00:00,Lekki (LASEPA),15.6
2025-02-25 11:00:00+00:00,Lekki (LASEPA),17.1
2025-02-25 12:00:00+00:00,Lekki (LASEPA),18.75
2025-02-25 13:00:00+00:00,Lekki (LASEPA),17.3
2025-02-25 14:00:00+00:00,Lekki (LASEPA),16.2
2025-02-25 15:00:00+00:00,Lekki (LASEPA),14.9
2025-02-25 16:00:00+00:00,Lekki (LASEPA),14.1
2025-02-25 17:00:00+00:00,Lekki (LASEPA),15.3
2025-02-25 18:00:00+00:00,Lekki (LASEPA),17.15
2025-02-25 19:00:00+00:00,Lekki (LASEPA),18.1
2025-02-25 20:00:00+00:00,Lekki (LASEPA),17.9
2025-02-25 21:00:00+00:00,Lekki (LASEPA),17.6
2025-02-25 22:00:00+00:00,Lekki (LASEPA),17.45
2025-02-25 23:00:00+00:00,Lekki (LASEPA),17.55
2025-02-26 00:00:00+00:00,Lekki (LASEPA),16.5
2025-02-26 01:00:00+00:00,Lekki (LASEPA),15.5
2025-02-26 02:00:00+00:00,Lekki (LASEPA),15.3
2025-02-26 03:00:00+00:00,Lekki (LASEPA),15.85
2025-02-26 04:00:00+00:00,Lekki (LASEPA),15.3
2025-02-26 05:00:00+00:00,Lekki (LASEPA),14.8
2025-02-26 06:00:00+00:00,Lekki (LASEPA),14.3
2025-02-26 07:00:00+00:00,Lekki (LASEPA),12.65
2025-02-26 08:00:00+00:00,Lekki (LASEPA),15.6
2025-02-26 09:00:00+00:00,Lekki (LASEPA),21.4
2025-02-26 10:00:00+00:00,Lekki (LASEPA),20.15
2025-02-26 11:00:00+00:00,Lekki (LASEPA),19.6
2025-02-26 12:00:00+00:00,Lekki (LASEPA),22.2
2025-02-26 13:00:00+00:00,Lekki (LASEPA),21.75
2025-02-26 14:00:00+00:00,Lekki (LASEPA),23.55
2025-02-26 15:00:00+00:00,Lekki (LASEPA),21.5
2025-02-26 16:00:00+00:00,Lekki (LASEPA),21.6
2025-02-26 17:00:00+00:00,Lekki (LASEPA),26.65
2025-02-26 18:00:00+00:00,Lekki (LASEPA),28.9
2025-02-26 19:00:00+00:00,Lekki (LASEPA),26.75
2025-02-26 20:00:00+00:00,Lekki (LASEPA),22.85
2025-02-26 21:00:00+00:00,Lekki (LASEPA),21.75
2025-02-26 22:00:00+00:00,Lekki (LASEPA),23.5
2025-02-26 23:00:00+00:00,Lekki (LASEPA),22.2
2025-02-27 00:00:00+00:00,Lekki (LASEPA),21.65
2025-02-27 01:00:00+00:00,Lekki (LASEPA),21.5
2025-02-27 02:00:00+00:00,Lekki (LASEPA),20.0
2025-02-27 03:00:00+00:00,Lekki (LASEPA),18.4
2025-02-27 04:00:00+00:00,Lekki (LASEPA),17.3
2025-02-27 05:00:00+00:00,Lekki (LASEPA),18.2
2025-02-27 06:00:00+00:00,Lekki (LASEPA),20.05
2025-02-27 07:00:00+00:00,Lekki (LASEPA),15.7
2025-02-27 08:00:00+00:00,Lekki (LASEPA),15.25
2025-02-27 09:00:00+00:00,Lekki (LASEPA),12.95
2025-02-27 10:00:00+00:00,Lekki (LASEPA),13.55
2025-02-27 11:00:00+00:00,Lekki (LASEPA),20.0
2025-02-27 12:00:00+00:00,Lekki (LASEPA),20.7
2025-02-27 13:00:00+00:00,Lekki (LASEPA),17.5
2025-02-27 14:00:00+00:00,Lekki (LASEPA),17.55
2025-02-27 15:00:00+00:00,Lekki (LASEPA),21.75
2025-02-27 16:00:00+00:00,Lekki (LASEPA),24.45
2025-02-27 17:00:00+00:00,Lekki (LASEPA),26.25
2025-02-27 18:00:00+00:00,Lekki (LASEPA),23.45
2025-02-27 19:00:00+00:00,Lekki (LASEPA),22.55
2025-02-27 20:00:00+00:00,Lekki (LASEPA),21.2
2025-02-27 21:00:00+00:00,Lekki (LASEPA),21.6
2025-02-27 22:00:00+00:00,Lekki (LASEPA),20.3
2025-02-27 23:00:00+00:00,Lekki (LASEPA),19.4
2025-02-28 00:00:00+00:00,Lekki (LASEPA),18.25
2025-02-28 01:00:00+00:00,Lekki (LASEPA),17.0
2025-02-28 02:00:00+00:00,Lekki (LASEPA),16.75
2025-02-28 03:00:00+00:00,Lekki (LASEPA),16.8
2025-02-28 04:00:00+00:00,Lekki (LASEPA),17.2
2025-02-28 05:00:00+00:00,Lekki (LASEPA),17.5
2025-02-28 06:00:00+00:00,Lekki (LASEPA),18.85
2025-02-28 07:00:00+00:00,Lekki (LASEPA),15.8
2025-02-28 08:00:00+00:00,Lekki (LASEPA),16.65
2025-02-28 09:00:00+00:00,Lekki (LASEPA),16.65
2025-02-28 10:00:00+00:00,Lekki (LASEPA),19.8
2025-02-28 12:00:00+00:00,Lekki (LASEPA),24.8
2025-02-28 13:00:00+00:00,Lekki (LASEPA),18.15
2025-02-28 14:00:00+00:00,Lekki (LASEPA),15.5
2025-02-28 15:00:00+00:00,Lekki (LASEPA),15.95
2025-02-28 16:00:00+00:00,Lekki (LASEPA),16.0
2025-02-28 17:00:00+00:00,Lekki (LASEPA),16.7
2025-02-28 18:00:00+00:00,Lekki (LASEPA),20.05
2025-02-28 19:00:00+00:00,Lekki (LASEPA),24.05
2025-02-28 20:00:00+00:00,Lekki (LASEPA),25.15
2025-02-28 21:00:00+00:00,Lekki (LASEPA),24.35
2025-02-28 22:00:00+00:00,Lekki (LASEPA),22.9
2025-02-28 23:00:00+00:00,Lekki (LASEPA),21.65
2025-02-01 00:00:00+00:00,Mushin,32.09
2025-02-01 01:00:00+00:00,Mushin,36.99
2025-02-01 02:00:00+00:00,Mushin,28.38
2025-02-01 03:00:00+00:00,Mushin,29.71
2025-02-01 04:00:00+00:00,Mushin,42.19
2025-02-01 09:00:00+00:00,Mushin,35.72
2025-02-01 10:00:00+00:00,Mushin,41.59
2025-02-01 11:00:00+00:00,Mushin,31.46
2025-02-01 12:00:00+00:00,Mushin,33.23
2025-02-01 13:00:00+00:00,Mushin,39.21
2025-02-01 14:00:00+00:00,Mushin,31.59
2025-02-01 15:00:00+00:00,Mushin,32.73
2025-02-01 16:00:00+00:00,Mushin,32.1
2025-02-01 17:00:00+00:00,Mushin,34.22
2025-02-01 18:00:00+00:00,Mushin,24.18
2025-02-01 19:00:00+00:00,Mushin,32.66
2025-02-01 20:00:00+00:00,Mushin,30.77
2025-02-01 21:00:00+00:00,Mushin,30.31
2025-02-01 22:00:00+00:00,Mushin,32.27
2025-02-01 23:00:00+00:00,Mushin,37.28
2025-02-02 00:00:00+00:00,Mushin,33.26
2025-02-02 01:00:00+00:00,Mushin,41.87
2025-02-02 02:00:00+00:00,Mushin,42.87
2025-02-02 03:00:00+00:00,Mushin,41.52
2025-02-02 04:00:00+00:00,Mushin,47.71
2025-02-02 05:00:00+00:00,Mushin,42.15
2025-02-02 07:00:00+00:00,Mushin,57.99
2025-02-02 08:00:00+00:00,Mushin,47.66
2025-02-02 09:00:00+00:00,Mushin,47.71
2025-02-02 10:00:00+00:00,Mushin,49.01
2025-02-02 11:00:00+00:00,Mushin,47.57
2025-02-02 12:00:00+00:00,Mushin,44.37
2025-02-02 13:00:00+00:00,Mushin,34.54
2025-02-02 14:00:00+00:00,Mushin,47.71
2025-02-02 15:00:00+00:00,Mushin,31.44
2025-02-02 16:00:00+00:00,Mushin,33.62
2025-02-02 17:00:00+00:00,Mushin,34.91
2025-02-02 18:00:00+00:00,Mushin,37.43
2025-02-02 19:00:00+00:00,Mushin,40.16
2025-02-02 20:00:00+00:00,Mushin,42.19
2025-02-02 21:00:00+00:00,Mushin,51.45
2025-02-02 22:00:00+00:00,Mushin,62.34
2025-02-02 23:00:00+00:00,Mushin,65.69
2025-02-03 00:00:00+00:00,Mushin,47.71
2025-02-03 01:00:00+00:00,Mushin,57.62
2025-02-03 02:00:00+00:00,Mushin,44.42
2025-02-03 03:00:00+00:00,Mushin,45.21
2025-02-03 04:00:00+00:00,Mushin,62.89
2025-02-03 05:00:00+00:00,Mushin,50.38
2025-02-03 07:00:00+00:00,Mushin,42.68
2025-02-03 08:00:00+00:00,Mushin,42.68
2025-02-03 09:00:00+00:00,Mushin,43.62
2025-02-03 10:00:00+00:00,Mushin,40.05
2025-02-03 11:00:00+00:00,Mushin,36.7
2025-02-03 12:00:00+00:00,Mushin,37.85
2025-02-03 13:00:00+00:00,Mushin,53.25
2025-02-03 14:00:00+00:00,Mushin,46.09
2025-02-03 15:00:00+00:00,Mushin,48.58
2025-02-03 16:00:00+00:00,Mushin,48.53
2025-02-03 17:00:00+00:00,Mushin,39.95
2025-02-03 18:00:00+00:00,Mushin,58.78
2025-02-03 19:00:00+00:00,Mushin,67.91
2025-02-03 20:00:00+00:00,Mushin,68.98
2025-02-03 21:00:00+00:00,Mushin,64.46
2025-02-03 22:00:00+00:00,Mushin,52.45
2025-02-03 23:00:00+00:00,Mushin,47.67
2025-02-04 00:00:00+00:00,Mushin,60.15
2025-02-04 01:00:00+00:00,Mushin,57.49
2025-02-04 02:00:00+00:00,Mushin,66.64
2025-02-04 03:00:00+00:00,Mushin,89.4
2025-02-04 04:00:00+00:00,Mushin,59.43
2025-02-04 05:00:00+00:00,Mushin,59.43
2025-02-04 08:00:00+00:00,Mushin,44.77
2025-02-04 09:00:00+00:00,Mushin,46.19
2025-02-04 10:00:00+00:00,Mushin,59.43
2025-02-04 11:00:00+00:00,Mushin,51.07
2025-02-04 12:00:00+00:00,Mushin,48.06
2025-02-04 13:00:00+00:00,Mushin,51.07
2025-02-04 14:00:00+00:00,Mushin,51.07
2025-02-04 15:00:00+00:00,Mushin,48.84
2025-02-04 16:00:00+00:00,Mushin,51.07
2025-02-04 17:00:00+00:00,Mushin,49.0
2025-02-04 18:00:00+00:00,Mushin,51.07
2025-02-04 19:00:00+00:00,Mushin,51.07
2025-02-04 20:00:00+00:00,Mushin,49.69
2025-02-04 21:00:00+00:00,Mushin,51.07
2025-02-04 22:00:00+00:00,Mushin,46.28
2025-02-04 23:00:00+00:00,Mushin,51.07
2025-02-05 00:00:00+00:00,Mushin,51.07
2025-02-05 02:00:00+00:00,Mushin,61.38
2025-02-05 05:00:00+00:00,Mushin,51.07
2025-02-05 08:00:00+00:00,Mushin,51.07
2025-02-05 09:00:00+00:00,Mushin,46.27
2025-02-05 10:00:00+00:00,Mushin,51.13
2025-02-05 11:00:00+00:00,Mushin,43.26
2025-02-05 12:00:00+00:00,Mushin,31.44
2025-02-05 13:00:00+00:00,Mushin,51.07
2025-02-05 14:00:00+00:00,Mushin,51.07
2025-02-05 15:00:00+00:00,Mushin,33.53
2025-02-05 16:00:00+00:00,Mushin,51.07
2025-02-05 17:00:00+00:00,Mushin,51.07
2025-02-05 18:00:00+00:00,Mushin,42.03
2025-02-05 19:00:00+00:00,Mushin,51.07
2025-02-05 20:00:00+00:00,Mushin,29.92
2025-02-05 21:00:00+00:00,Mushin,51.07
2025-02-05 22:00:00+00:00,Mushin,51.07
2025-02-05 23:00:00+00:00,Mushin,51.07
2025-02-06 00:00:00+00:00,Mushin,51.07
2025-02-06 01:00:00+00:00,Mushin,51.07
2025-02-06 02:00:00+00:00,Mushin,34.6
2025-02-06 03:00:00+00:00,Mushin,51.07
2025-02-06 04:00:00+00:00,Mushin,51.07
2025-02-06 05:00:00+00:00,Mushin,51.07
2025-02-06 06:00:00+00:00,Mushin,40.24
2025-02-06 07:00:00+00:00,Mushin,36.5
2025-02-06 08:00:00+00:00,Mushin,51.07
2025-02-06 09:00:00+00:00,Mushin,51.07
2025-02-06 10:00:00+00:00,Mushin,46.21
2025-02-06 11:00:00+00:00,Mushin,51.07
2025-02-06 12:00:00+00:00,Mushin,43.38
2025-02-06 13:00:00+00:00,Mushin,51.07
2025-02-06 14:00:00+00:00,Mushin,32.13
2025-02-06 15:00:00+00:00,Mushin,32.88
2025-02-06 22:00:00+00:00,Mushin,48.43
2025-02-06 23:00:00+00:00,Mushin,51.07
2025-02-07 00:00:00+00:00,Mushin,51.07
2025-02-07 01:00:00+00:00,Mushin,51.07
2025-02-07 02:00:00+00:00,Mushin,45.91
2025-02-07 03:00:00+00:00,Mushin,42.31
2025-02-07 04:00:00+00:00,Mushin,46.68
2025-02-07 05:00:00+00:00,Mushin,51.07
2025-02-07 07:00:00+00:00,Mushin,44.94
2025-02-07 08:00:00+00:00,Mushin,45.37
2025-02-07 09:00:00+00:00,Mushin,51.07
2025-02-07 10:00:00+00:00,Mushin,47.4
2025-02-07 11:00:00+00:00,Mushin,51.07
2025-02-07 14:00:00+00:00,Mushin,38.22
2025-02-07 15:00:00+00:00,Mushin,51.07
2025-02-07 16:00:00+00:00,Mushin,51.07
2025-02-07 17:00:00+00:00,Mushin,41.68
2025-02-07 18:00:00+00:00,Mushin,41.71
2025-02-07 19:00:00+00:00,Mushin,51.07
2025-02-07 23:00:00+00:00,Mushin,75.86
2025-02-08 00:00:00+00:00,Mushin,33.74
2025-02-08 01:00:00+00:00,Mushin,40.41
2025-02-08 02:00:00+00:00,Mushin,51.07
2025-02-08 03:00:00+00:00,Mushin,51.07
2025-02-08 04:00:00+00:00,Mushin,37.25
2025-02-08 05:00:00+00:00,Mushin,51.07
2025-02-08 09:00:00+00:00,Mushin,37.83
2025-02-08 10:00:00+00:00,Mushin,51.07
2025-02-08 11:00:00+00:00,Mushin,51.07
2025-02-08 12:00:00+00:00,Mushin,34.42
2025-02-08 13:00:00+00:00,Mushin,36.35
2025-02-08 14:00:00+00:00,Mushin,34.34
2025-02-08 22:00:00+00:00,Mushin,30.32
2025-02-08 23:00:00+00:00,Mushin,51.07
2025-02-09 00:00:00+00:00,Mushin,51.07
2025-02-09 01:00:00+00:00,Mushin,43.76
2025-02-09 08:00:00+00:00,Mushin,51.07
2025-02-09 09:00:00+00:00,Mushin,51.07
2025-02-09 10:00:00+00:00,Mushin,28.6
2025-02-09 11:00:00+00:00,Mushin,29.31
2025-02-09 12:00:00+00:00,Mushin,33.99
2025-02-09 13:00:00+00:00,Mushin,51.07
2025-02-09 14:00:00+00:00,Mushin,26.63
2025-02-09 15:00:00+00:00,Mushin,21.97
2025-02-09 16:00:00+00:00,Mushin,22.64
2025-02-09 17:00:00+00:00,Mushin,51.07
2025-02-09 18:00:00+00:00,Mushin,51.07
2025-02-09 19:00:00+00:00,Mushin,32.51
2025-02-09 20:00:00+00:00,Mushin,51.07
2025-02-09 21:00:00+00:00,Mushin,51.07
2025-02-09 22:00:00+00:00,Mushin,51.07
2025-02-09 23:00:00+00:00,Mushin,51.07
2025-02-10 00:00:00+00:00,Mushin,34.77
2025-02-10 01:00:00+00:00,Mushin,28.19
2025-02-10 02:00:00+00:00,Mushin,26.69
2025-02-10 03:00:00+00:00,Mushin,27.99
2025-02-10 04:00:00+00:00,Mushin,41.35
2025-02-10 05:00:00+00:00,Mushin,51.07
2025-02-10 07:00:00+00:00,Mushin,51.07
2025-02-10 08:00:00+00:00,Mushin,51.07
2025-02-10 09:00:00+00:00,Mushin,31.84
2025-02-10 10:00:00+00:00,Mushin,32.4
2025-02-10 11:00:00+00:00,Mushin,31.81
2025-02-10 12:00:00+00:00,Mushin,28.35
2025-02-10 13:00:00+00:00,Mushin,24.27
2025-02-10 14:00:00+00:00,Mushin,22.96
2025-02-10 15:00:00+00:00,Mushin,25.07
2025-02-10 16:00:00+00:00,Mushin,22.52
2025-02-10 17:00:00+00:00,Mushin,23.71
2025-02-10 18:00:00+00:00,Mushin,51.07
2025-02-10 19:00:00+00:00,Mushin,21.27
2025-02-10 20:00:00+00:00,Mushin,24.22
2025-02-10 21:00:00+00:00,Mushin,21.94
2025-02-10 22:00:00+00:00,Mushin,20.94
2025-02-10 23:00:00+00:00,Mushin,51.07
2025-02-11 00:00:00+00:00,Mushin,18.36
2025-02-11 01:00:00+00:00,Mushin,18.66
2025-02-11 02:00:00+00:00,Mushin,18.48
2025-02-11 03:00:00+00:00,Mushin,18.5
2025-02-11 04:00:00+00:00,Mushin,27.91
2025-02-11 05:00:00+00:00,Mushin,51.07
2025-02-11 07:00:00+00:00,Mushin,51.07
2025-02-11 08:00:00+00:00,Mushin,29.42
2025-02-11 09:00:00+00:00,Mushin,28.56
2025-02-11 10:00:00+00:00,Mushin,30.51
2025-02-11 11:00:00+00:00,Mushin,51.07
2025-02-11 12:00:00+00:00,Mushin,28.49
2025-02-11 13:00:00+00:00,Mushin,29.47
2025-02-11 14:00:00+00:00,Mushin,30.95
2025-02-11 15:00:00+00:00,Mushin,22.26
2025-02-11 16:00:00+00:00,Mushin,22.39
2025-02-11 17:00:00+00:00,Mushin,51.07
2025-02-11 18:00:00+00:00,Mushin,51.07
2025-02-11 19:00:00+00:00,Mushin,26.43
2025-02-11 20:00:00+00:00,Mushin,28.73
2025-02-11 21:00:00+00:00,Mushin,51.07
2025-02-11 22:00:00+00:00,Mushin,19.96
2025-02-11 23:00:00+00:00,Mushin,21.72
2025-02-12 00:00:00+00:00,Mushin,28.94
2025-02-12 01:00:00+00:00,Mushin,19.27
2025-02-12 02:00:00+00:00,Mushin,18.76
2025-02-12 03:00:00+00:00,Mushin,25.68
2025-02-12 04:00:00+00:00,Mushin,51.07
2025-02-12 05:00:00+00:00,Mushin,51.07
2025-02-12 06:00:00+00:00,Mushin,35.93
2025-02-12 07:00:00+00:00,Mushin,33.81
2025-02-12 08:00:00+00:00,Mushin,51.07
2025-02-12 09:00:00+00:00,Mushin,51.07
2025-02-12 10:00:00+00:00,Mushin,51.07
2025-02-12 11:00:00+00:00,Mushin,51.07
2025-02-12 12:00:00+00:00,Mushin,28.29
2025-02-12 13:00:00+00:00,Mushin,51.07
2025-02-12 14:00:00+00:00,Mushin,22.39
2025-02-12 15:00:00+00:00,Mushin,21.52
2025-02-12 16:00:00+00:00,Mushin,51.07
2025-02-12 17:00:00+00:00,Mushin,22.83
2025-02-12 18:00:00+00:00,Mushin,51.07
2025-02-12 19:00:00+00:00,Mushin,27.07
2025-02-12 20:00:00+00:00,Mushin,23.09
2025-02-12 21:00:00+00:00,Mushin,22.17
2025-02-12 22:00:00+00:00,Mushin,51.07
2025-02-12 23:00:00+00:00,Mushin,51.07
2025-02-13 00:00:00+00:00,Mushin,31.06
2025-02-13 01:00:00+00:00,Mushin,24.94
2025-02-13 02:00:00+00:00,Mushin,18.33
2025-02-13 03:00:00+00:00,Mushin,51.07
2025-02-13 04:00:00+00:00,Mushin,27.71
2025-02-13 05:00:00+00:00,Mushin,36.86
2025-02-13 07:00:00+00:00,Mushin,28.89
2025-02-13 08:00:00+00:00,Mushin,28.3
2025-02-13 09:00:00+00:00,Mushin,27.28
2025-02-13 10:00:00+00:00,Mushin,51.07
2025-02-13 11:00:00+00:00,Mushin,33.33
2025-02-13 12:00:00+00:00,Mushin,28.09
2025-02-13 13:00:00+00:00,Mushin,51.07
2025-02-13 14:00:00+00:00,Mushin,23.88
2025-02-13 15:00:00+00:00,Mushin,23.01
2025-02-13 16:00:00+00:00,Mushin,51.07
2025-02-13 17:00:00+00:00,Mushin,51.07
2025-02-13 18:00:00+00:00,Mushin,24.76
2025-02-13 19:00:00+00:00,Mushin,51.07
2025-02-13 20:00:00+00:00,Mushin,51.07
2025-02-13 21:00:00+00:00,Mushin,25.85
2025-02-13 22:00:00+00:00,Mushin,21.57
2025-02-13 23:00:00+00:00,Mushin,51.07
2025-02-14 00:00:00+00:00,Mushin,51.07
2025-02-14 01:00:00+00:00,Mushin,51.07
2025-02-14 02:00:00+00:00,Mushin,51.07
2025-02-14 03:00:00+00:00,Mushin,51.07
2025-02-14 04:00:00+00:00,Mushin,32.8
2025-02-14 05:00:00+00:00,Mushin,36.53
2025-02-14 06:00:00+00:00,Mushin,51.07
2025-02-14 08:00:00+00:00,Mushin,51.07
2025-02-14 09:00:00+00:00,Mushin,26.78
2025-02-14 10:00:00+00:00,Mushin,30.23
2025-02-14 11:00:00+00:00,Mushin,51.07
2025-02-14 12:00:00+00:00,Mushin,31.47
2025-02-14 13:00:00+00:00,Mushin,51.07
2025-02-14 14:00:00+00:00,Mushin,51.07
2025-02-14 15:00:00+00:00,Mushin,28.38
2025-02-14 17:00:00+00:00,Mushin,27.57
2025-02-14 18:00:00+00:00,Mushin,29.13
2025-02-14 19:00:00+00:00,Mushin,30.37
2025-02-14 20:00:00+00:00,Mushin,32.23
2025-02-14 22:00:00+00:00,Mushin,26.44
2025-02-14 23:00:00+00:00,Mushin,37.9
2025-02-15 00:00:00+00:00,Mushin,28.32
2025-02-15 01:00:00+00:00,Mushin,28.72
2025-02-15 02:00:00+00:00,Mushin,36.43
2025-02-15 03:00:00+00:00,Mushin,30.38
2025-02-15 04:00:00+00:00,Mushin,35.6
2025-02-15 05:00:00+00:00,Mushin,40.37
2025-02-15 06:00:00+00:00,Mushin,39.34
2025-02-15 07:00:00+00:00,Mushin,29.86
2025-02-15 08:00:00+00:00,Mushin,31.82
2025-02-15 09:00:00+00:00,Mushin,32.25
2025-02-15 10:00:00+00:00,Mushin,33.16
2025-02-15 11:00:00+00:00,Mushin,28.56
2025-02-15 12:00:00+00:00,Mushin,28.38
2025-02-15 13:00:00+00:00,Mushin,28.31
2025-02-15 14:00:00+00:00,Mushin,26.03
2025-02-15 15:00:00+00:00,Mushin,23.54
2025-02-15 16:00:00+00:00,Mushin,23.81
2025-02-15 17:00:00+00:00,Mushin,29.16
2025-02-15 18:00:00+00:00,Mushin,33.13
2025-02-15 19:00:00+00:00,Mushin,30.29
2025-02-15 20:00:00+00:00,Mushin,26.43
2025-02-15 21:00:00+00:00,Mushin,26.27
2025-02-15 22:00:00+00:00,Mushin,27.62
2025-02-15 23:00:00+00:00,Mushin,29.15
2025-02-16 00:00:00+00:00,Mushin,37.42
2025-02-16 01:00:00+00:00,Mushin,29.0
2025-02-16 02:00:00+00:00,Mushin,27.87
2025-02-16 03:00:00+00:00,Mushin,23.87
2025-02-16 04:00:00+00:00,Mushin,23.94
2025-02-16 05:00:00+00:00,Mushin,28.43
2025-02-16 08:00:00+00:00,Mushin,31.03
2025-02-16 09:00:00+00:00,Mushin,33.31
2025-02-16 10:00:00+00:00,Mushin,33.35
2025-02-16 11:00:00+00:00,Mushin,36.01
2025-02-16 12:00:00+00:00,Mushin,38.83
2025-02-16 13:00:00+00:00,Mushin,32.47
2025-02-16 14:00:00+00:00,Mushin,32.21
2025-02-16 15:00:00+00:00,Mushin,23.78
2025-02-16 16:00:00+00:00,Mushin,27.86
2025-02-16 17:00:00+00:00,Mushin,28.92
2025-02-16 18:00:00+00:00,Mushin,27.25
2025-02-16 19:00:00+00:00,Mushin,26.67
2025-02-16 20:00:00+00:00,Mushin,24.75
2025-02-16 21:00:00+00:00,Mushin,22.56
2025-02-16 22:00:00+00:00,Mushin,23.83
2025-02-16 23:00:00+00:00,Mushin,46.98
2025-02-17 00:00:00+00:00,Mushin,20.61
2025-02-17 01:00:00+00:00,Mushin,22.92
2025-02-17 02:00:00+00:00,Mushin,27.02
2025-02-17 03:00:00+00:00,Mushin,28.52
2025-02-17 04:00:00+00:00,Mushin,30.57
2025-02-17 05:00:00+00:00,Mushin,36.72
2025-02-17 07:00:00+00:00,Mushin,31.56
2025-02-17 08:00:00+00:00,Mushin,32.02
2025-02-17 09:00:00+00:00,Mushin,32.63
2025-02-17 10:00:00+00:00,Mushin,34.12
2025-02-17 11:00:00+00:00,Mushin,37.13
2025-02-17 12:00:00+00:00,Mushin,36.25
2025-02-17 13:00:00+00:00,Mushin,28.67
2025-02-17 14:00:00+00:00,Mushin,30.17
2025-02-17 15:00:00+00:00,Mushin,27.79
2025-02-17 16:00:00+00:00,Mushin,27.82
2025-02-17 17:00:00+00:00,Mushin,29.6
2025-02-17 18:00:00+00:00,Mushin,32.84
2025-02-17 19:00:00+00:00,Mushin,31.75
2025-02-17 20:00:00+00:00,Mushin,32.05
2025-02-17 21:00:00+00:00,Mushin,28.82
2025-02-17 22:00:00+00:00,Mushin,34.45
2025-02-17 23:00:00+00:00,Mushin,39.8
2025-02-18 00:00:00+00:00,Mushin,36.32
2025-02-18 01:00:00+00:00,Mushin,27.72
2025-02-18 02:00:00+00:00,Mushin,27.93
2025-02-18 03:00:00+00:00,Mushin,30.27
2025-02-18 04:00:00+00:00,Mushin,36.11
2025-02-18 05:00:00+00:00,Mushin,41.18
2025-02-18 07:00:00+00:00,Mushin,34.52
2025-02-18 08:00:00+00:00,Mushin,32.94
2025-02-18 09:00:00+00:00,Mushin,30.15
2025-02-18 10:00:00+00:00,Mushin,32.04
2025-02-18 11:00:00+00:00,Mushin,32.29
2025-02-18 12:00:00+00:00,Mushin,33.17
2025-02-18 13:00:00+00:00,Mushin,32.17
2025-02-18 14:00:00+00:00,Mushin,30.67
2025-02-18 15:00:00+00:00,Mushin,28.3
2025-02-18 16:00:00+00:00,Mushin,28.33
2025-02-18 17:00:00+00:00,Mushin,32.76
2025-02-18 18:00:00+00:00,Mushin,38.23
2025-02-18 19:00:00+00:00,Mushin,37.15
2025-02-18 20:00:00+00:00,Mushin,51.53
2025-02-18 21:00:00+00:00,Mushin,31.14
2025-02-18 22:00:00+00:00,Mushin,39.31
2025-02-18 23:00:00+00:00,Mushin,31.69
2025-02-19 00:00:00+00:00,Mushin,39.49
2025-02-19 01:00:00+00:00,Mushin,29.81
2025-02-19 02:00:00+00:00,Mushin,27.42
2025-02-19 03:00:00+00:00,Mushin,33.78
2025-02-19 04:00:00+00:00,Mushin,39.67
2025-02-19 05:00:00+00:00,Mushin,37.26
2025-02-19 07:00:00+00:00,Mushin,33.24
2025-02-19 08:00:00+00:00,Mushin,30.79
2025-02-19 09:00:00+00:00,Mushin,28.63
2025-02-19 10:00:00+00:00,Mushin,25.72
2025-02-19 11:00:00+00:00,Mushin,23.53
2025-02-19 12:00:00+00:00,Mushin,22.51
2025-02-19 13:00:00+00:00,Mushin,22.17
2025-02-19 14:00:00+00:00,Mushin,23.16
2025-02-19 15:00:00+00:00,Mushin,23.35
2025-02-19 16:00:00+00:00,Mushin,22.88
2025-02-19 17:00:00+00:00,Mushin,23.54
2025-02-19 18:00:00+00:00,Mushin,31.03
2025-02-19 19:00:00+00:00,Mushin,29.33
2025-02-19 20:00:00+00:00,Mushin,30.99
2025-02-19 21:00:00+00:00,Mushin,27.49
2025-02-19 22:00:00+00:00,Mushin,27.78
2025-02-19 23:00:00+00:00,Mushin,27.58
2025-02-20 00:00:00+00:00,Mushin,31.4
2025-02-20 01:00:00+00:00,Mushin,19.2
2025-02-20 02:00:00+00:00,Mushin,28.41
2025-02-20 03:00:00+00:00,Mushin,25.96
2025-02-20 04:00:00+00:00,Mushin,28.34
2025-02-20 07:00:00+00:00,Mushin,30.66
2025-02-20 08:00:00+00:00,Mushin,22.22
2025-02-20 09:00:00+00:00,Mushin,24.03
2025-02-20 10:00:00+00:00,Mushin,23.7
2025-02-20 11:00:00+00:00,Mushin,22.05
2025-02-20 12:00:00+00:00,Mushin,23.85
2025-02-20 13:00:00+00:00,Mushin,22.74
2025-02-20 14:00:00+00:00,Mushin,23.63
2025-02-20 15:00:00+00:00,Mushin,22.39
2025-02-20 16:00:00+00:00,Mushin,22.92
2025-02-20 17:00:00+00:00,Mushin,23.38
2025-02-20 18:00:00+00:00,Mushin,29.17
2025-02-20 19:00:00+00:00,Mushin,21.96
2025-02-20 20:00:00+00:00,Mushin,22.06
2025-02-20 21:00:00+00:00,Mushin,23.9
2025-02-20 22:00:00+00:00,Mushin,20.77
2025-02-20 23:00:00+00:00,Mushin,21.51
2025-02-21 00:00:00+00:00,Mushin,28.05
2025-02-21 02:00:00+00:00,Mushin,18.65
2025-02-21 03:00:00+00:00,Mushin,19.7
2025-02-21 04:00:00+00:00,Mushin,27.52
2025-02-21 05:00:00+00:00,Mushin,29.07
2025-02-21 07:00:00+00:00,Mushin,29.58
2025-02-21 08:00:00+00:00,Mushin,28.65
2025-02-21 09:00:00+00:00,Mushin,28.77
2025-02-21 10:00:00+00:00,Mushin,23.06
2025-02-21 11:00:00+00:00,Mushin,25.5
2025-02-21 12:00:00+00:00,Mushin,21.34
2025-02-21 13:00:00+00:00,Mushin,23.87
2025-02-21 14:00:00+00:00,Mushin,23.85
2025-02-21 15:00:00+00:00,Mushin,26.18
2025-02-21 16:00:00+00:00,Mushin,24.24
2025-02-21 17:00:00+00:00,Mushin,31.11
2025-02-21 18:00:00+00:00,Mushin,32.72
2025-02-21 19:00:00+00:00,Mushin,32.05
2025-02-21 20:00:00+00:00,Mushin,26.37
2025-02-21 21:00:00+00:00,Mushin,33.03
2025-02-21 22:00:00+00:00,Mushin,24.38
2025-02-21 23:00:00+00:00,Mushin,35.52
2025-02-22 00:00:00+00:00,Mushin,26.77
2025-02-22 01:00:00+00:00,Mushin,18.85
2025-02-22 02:00:00+00:00,Mushin,25.37
2025-02-22 03:00:00+00:00,Mushin,23.48
2025-02-22 04:00:00+00:00,Mushin,26.16
2025-02-22 05:00:00+00:00,Mushin,33.97
2025-02-22 07:00:00+00:00,Mushin,29.87
2025-02-22 08:00:00+00:00,Mushin,31.47
2025-02-22 09:00:00+00:00,Mushin,22.69
2025-02-22 10:00:00+00:00,Mushin,23.45
2025-02-22 11:00:00+00:00,Mushin,22.3
2025-02-22 12:00:00+00:00,Mushin,22.64
2025-02-22 13:00:00+00:00,Mushin,23.83
2025-02-22 14:00:00+00:00,Mushin,23.54
2025-02-22 15:00:00+00:00,Mushin,32.0
2025-02-22 16:00:00+00:00,Mushin,36.04
2025-02-22 17:00:00+00:00,Mushin,45.25
2025-02-22 18:00:00+00:00,Mushin,46.11
2025-02-22 19:00:00+00:00,Mushin,49.05
2025-02-22 23:00:00+00:00,Mushin,47.57
2025-02-23 00:00:00+00:00,Mushin,40.77
2025-02-23 01:00:00+00:00,Mushin,27.61
2025-02-23 02:00:00+00:00,Mushin,14.67
2025-02-23 03:00:00+00:00,Mushin,31.44
2025-02-23 04:00:00+00:00,Mushin,39.45
2025-02-23 08:00:00+00:00,Mushin,44.98
2025-02-23 09:00:00+00:00,Mushin,46.36
2025-02-23 10:00:00+00:00,Mushin,48.04
2025-02-23 11:00:00+00:00,Mushin,56.02
2025-02-23 12:00:00+00:00,Mushin,47.08
2025-02-23 13:00:00+00:00,Mushin,63.4
2025-02-23 14:00:00+00:00,Mushin,47.84
2025-02-23 15:00:00+00:00,Mushin,37.34
2025-02-23 16:00:00+00:00,Mushin,33.0
2025-02-23 17:00:00+00:00,Mushin,32.21
2025-02-23 18:00:00+00:00,Mushin,34.64
2025-02-23 19:00:00+00:00,Mushin,31.55
2025-02-23 20:00:00+00:00,Mushin,34.91
2025-02-23 21:00:00+00:00,Mushin,41.72
2025-02-23 22:00:00+00:00,Mushin,48.47
2025-02-23 23:00:00+00:00,Mushin,65.25
2025-02-24 00:00:00+00:00,Mushin,50.96
2025-02-24 01:00:00+00:00,Mushin,31.28
2025-02-24 02:00:00+00:00,Mushin,41.44
2025-02-24 07:00:00+00:00,Mushin,43.11
2025-02-24 08:00:00+00:00,Mushin,35.05
2025-02-24 09:00:00+00:00,Mushin,23.6
2025-02-24 10:00:00+00:00,Mushin,21.29
2025-02-24 11:00:00+00:00,Mushin,22.41
2025-02-24 12:00:00+00:00,Mushin,21.22
2025-02-24 13:00:00+00:00,Mushin,21.84
2025-02-24 14:00:00+00:00,Mushin,21.83
2025-02-24 15:00:00+00:00,Mushin,20.57
2025-02-24 16:00:00+00:00,Mushin,20.27
2025-02-24 17:00:00+00:00,Mushin,19.16
2025-02-24 18:00:00+00:00,Mushin,23.44
2025-02-24 19:00:00+00:00,Mushin,25.72
2025-02-24 20:00:00+00:00,Mushin,31.89
2025-02-24 21:00:00+00:00,Mushin,33.48
2025-02-24 22:00:00+00:00,Mushin,21.51
2025-02-24 23:00:00+00:00,Mushin,26.54
2025-02-25 00:00:00+00:00,Mushin,34.08
2025-02-25 01:00:00+00:00,Mushin,35.27
2025-02-25 02:00:00+00:00,Mushin,28.65
2025-02-25 03:00:00+00:00,Mushin,29.77
2025-02-25 04:00:00+00:00,Mushin,39.68
2025-02-25 07:00:00+00:00,Mushin,29.36
2025-02-25 08:00:00+00:00,Mushin,28.55
2025-02-25 09:00:00+00:00,Mushin,28.4
2025-02-25 10:00:00+00:00,Mushin,28.48
2025-02-25 11:00:00+00:00,Mushin,23.27
2025-02-25 12:00:00+00:00,Mushin,21.98
2025-02-25 13:00:00+00:00,Mushin,21.59
2025-02-25 14:00:00+00:00,Mushin,21.39
2025-02-25 15:00:00+00:00,Mushin,28.19
2025-02-25 16:00:00+00:00,Mushin,29.31
2025-02-25 17:00:00+00:00,Mushin,19.53
2025-02-25 18:00:00+00:00,Mushin,22.77
2025-02-25 19:00:00+00:00,Mushin,26.44
2025-02-25 20:00:00+00:00,Mushin,31.03
2025-02-25 21:00:00+00:00,Mushin,21.65
2025-02-25 22:00:00+00:00,Mushin,19.46
2025-02-25 23:00:00+00:00,Mushin,17.48
2025-02-26 00:00:00+00:00,Mushin,20.74
2025-02-26 01:00:00+00:00,Mushin,20.03
2025-02-26 02:00:00+00:00,Mushin,17.76
2025-02-26 03:00:00+00:00,Mushin,28.49
2025-02-26 04:00:00+00:00,Mushin,26.66
2025-02-26 05:00:00+00:00,Mushin,29.92
2025-02-26 08:00:00+00:00,Mushin,37.42
2025-02-26 09:00:00+00:00,Mushin,36.05
2025-02-26 10:00:00+00:00,Mushin,37.49
2025-02-26 11:00:00+00:00,Mushin,33.35
2025-02-26 12:00:00+00:00,Mushin,28.22
2025-02-26 13:00:00+00:00,Mushin,31.77
2025-02-26 14:00:00+00:00,Mushin,39.99
2025-02-26 15:00:00+00:00,Mushin,32.49
2025-02-26 16:00:00+00:00,Mushin,22.97
2025-02-26 17:00:00+00:00,Mushin,28.38
2025-02-26 18:00:00+00:00,Mushin,33.76
2025-02-26 19:00:00+00:00,Mushin,32.29
2025-02-26 20:00:00+00:00,Mushin,39.72
2025-02-26 21:00:00+00:00,Mushin,28.26
2025-02-26 22:00:00+00:00,Mushin,21.24
2025-02-27 08:00:00+00:00,Mushin,38.38
2025-02-27 09:00:00+00:00,Mushin,31.13
2025-02-27 10:00:00+00:00,Mushin,31.99
2025-02-27 11:00:00+00:00,Mushin,38.09
2025-02-27 12:00:00+00:00,Mushin,23.87
2025-02-27 13:00:00+00:00,Mushin,23.08
2025-02-27 14:00:00+00:00,Mushin,22.48
2025-02-27 15:00:00+00:00,Mushin,22.57
2025-02-27 16:00:00+00:00,Mushin,23.77
2025-02-27 17:00:00+00:00,Mushin,22.45
2025-02-27 18:00:00+00:00,Mushin,23.76
2025-02-27 19:00:00+00:00,Mushin,22.07
2025-02-27 20:00:00+00:00,Mushin,21.86
2025-02-27 21:00:00+00:00,Mushin,21.93
2025-02-27 22:00:00+00:00,Mushin,21.05
2025-02-27 23:00:00+00:00,Mushin,25.2
2025-02-28 00:00:00+00:00,Mushin,36.65
2025-02-28 01:00:00+00:00,Mushin,44.48
2025-02-28 02:00:00+00:00,Mushin,39.68
2025-02-28 03:00:00+00:00,Mushin,30.69
2025-02-28 04:00:00+00:00,Mushin,40.15
2025-02-28 05:00:00+00:00,Mushin,36.89
2025-02-28 08:00:00+00:00,Mushin,38.77
2025-02-28 09:00:00+00:00,Mushin,28.56
2025-02-28 10:00:00+00:00,Mushin,47.68
2025-02-28 11:00:00+00:00,Mushin,32.23
2025-02-28 12:00:00+00:00,Mushin,31.21
2025-02-28 13:00:00+00:00,Mushin,28.39
2025-02-28 14:00:00+00:00,Mushin,23.35
2025-02-28 15:00:00+00:00,Mushin,23.85
2025-02-28 16:00:00+00:00,Mushin,23.91
2025-02-28 17:00:00+00:00,Mushin,23.37
2025-02-28 18:00:00+00:00,Mushin,33.92
2025-02-28 19:00:00+00:00,Mushin,26.66
2025-02-28 20:00:00+00:00,Mushin,26.44
2025-02-28 21:00:00+00:00,Mushin,32.24
2025-02-28 22:00:00+00:00,Mushin,33.12
2025-02-28 23:00:00+00:00,Mushin,31.58
2025-02-01 00:00:00+00:00,NIMET Oshodi,31.19
2025-02-01 01:00:00+00:00,NIMET Oshodi,16.78
2025-02-01 02:00:00+00:00,NIMET Oshodi,38.43
2025-02-01 03:00:00+00:00,NIMET Oshodi,24.31
2025-02-01 04:00:00+00:00,NIMET Oshodi,31.22
2025-02-01 05:00:00+00:00,NIMET Oshodi,56.78
2025-02-01 06:00:00+00:00,NIMET Oshodi,53.23
2025-02-01 07:00:00+00:00,NIMET Oshodi,36.03
2025-02-01 08:00:00+00:00,NIMET Oshodi,33.03
2025-02-01 09:00:00+00:00,NIMET Oshodi,29.0
2025-02-01 10:00:00+00:00,NIMET Oshodi,40.92
2025-02-01 11:00:00+00:00,NIMET Oshodi,23.66
2025-02-01 12:00:00+00:00,NIMET Oshodi,23.16
2025-02-01 14:00:00+00:00,NIMET Oshodi,23.07
2025-02-01 15:00:00+00:00,NIMET Oshodi,23.4
2025-02-01 16:00:00+00:00,NIMET Oshodi,17.33
2025-02-01 17:00:00+00:00,NIMET Oshodi,18.15
2025-02-01 18:00:00+00:00,NIMET Oshodi,30.99
2025-02-01 19:00:00+00:00,NIMET Oshodi,25.45
2025-02-01 20:00:00+00:00,NIMET Oshodi,36.01
2025-02-01 21:00:00+00:00,NIMET Oshodi,46.73
2025-02-01 22:00:00+00:00,NIMET Oshodi,47.23
2025-02-01 23:00:00+00:00,NIMET Oshodi,12.96
2025-02-02 00:00:00+00:00,NIMET Oshodi,36.05
2025-02-02 01:00:00+00:00,NIMET Oshodi,15.64
2025-02-02 02:00:00+00:00,NIMET Oshodi,35.78
2025-02-02 03:00:00+00:00,NIMET Oshodi,22.66
2025-02-02 04:00:00+00:00,NIMET Oshodi,28.33
2025-02-02 05:00:00+00:00,NIMET Oshodi,37.2
2025-02-02 06:00:00+00:00,NIMET Oshodi,43.51
2025-02-02 07:00:00+00:00,NIMET Oshodi,38.55
2025-02-02 08:00:00+00:00,NIMET Oshodi,41.83
2025-02-02 09:00:00+00:00,NIMET Oshodi,38.65
2025-02-02 10:00:00+00:00,NIMET Oshodi,45.86
2025-02-02 11:00:00+00:00,NIMET Oshodi,45.86
2025-02-02 12:00:00+00:00,NIMET Oshodi,35.54
2025-02-02 13:00:00+00:00,NIMET Oshodi,34.14
2025-02-02 14:00:00+00:00,NIMET Oshodi,27.26
2025-02-02 15:00:00+00:00,NIMET Oshodi,34.14
2025-02-02 16:00:00+00:00,NIMET Oshodi,23.0
2025-02-02 17:00:00+00:00,NIMET Oshodi,18.68
2025-02-02 19:00:00+00:00,NIMET Oshodi,26.85
2025-02-02 20:00:00+00:00,NIMET Oshodi,29.86
2025-02-02 21:00:00+00:00,NIMET Oshodi,40.35
2025-02-02 22:00:00+00:00,NIMET Oshodi,42.24
2025-02-02 23:00:00+00:00,NIMET Oshodi,41.32
2025-02-03 00:00:00+00:00,NIMET Oshodi,48.16
2025-02-03 01:00:00+00:00,NIMET Oshodi,48.16
2025-02-03 02:00:00+00:00,NIMET Oshodi,57.24
2025-02-03 03:00:00+00:00,NIMET Oshodi,63.8
2025-02-03 04:00:00+00:00,NIMET Oshodi,54.01
2025-02-03 05:00:00+00:00,NIMET Oshodi,66.03
2025-02-03 06:00:00+00:00,NIMET Oshodi,62.71
2025-02-03 07:00:00+00:00,NIMET Oshodi,49.03
2025-02-03 08:00:00+00:00,NIMET Oshodi,49.03
2025-02-03 09:00:00+00:00,NIMET Oshodi,35.28
2025-02-03 10:00:00+00:00,NIMET Oshodi,33.89
2025-02-03 11:00:00+00:00,NIMET Oshodi,34.0
2025-02-03 12:00:00+00:00,NIMET Oshodi,33.03
2025-02-03 13:00:00+00:00,NIMET Oshodi,50.08
2025-02-03 14:00:00+00:00,NIMET Oshodi,40.29
2025-02-03 15:00:00+00:00,NIMET Oshodi,37.31
2025-02-03 16:00:00+00:00,NIMET Oshodi,31.49
2025-02-03 17:00:00+00:00,NIMET Oshodi,31.57
2025-02-03 18:00:00+00:00,NIMET Oshodi,47.48
2025-02-03 19:00:00+00:00,NIMET Oshodi,48.6
2025-02-03 20:00:00+00:00,NIMET Oshodi,33.58
2025-02-03 21:00:00+00:00,NIMET Oshodi,57.39
2025-02-03 22:00:00+00:00,NIMET Oshodi,46.54
2025-02-03 23:00:00+00:00,NIMET Oshodi,45.68
2025-02-04 00:00:00+00:00,NIMET Oshodi,52.48
2025-02-04 01:00:00+00:00,NIMET Oshodi,58.45
2025-02-04 02:00:00+00:00,NIMET Oshodi,48.97
2025-02-04 03:00:00+00:00,NIMET Oshodi,72.71
2025-02-04 04:00:00+00:00,NIMET Oshodi,71.22
2025-02-04 05:00:00+00:00,NIMET Oshodi,71.22
2025-02-04 06:00:00+00:00,NIMET Oshodi,71.22
2025-02-04 07:00:00+00:00,NIMET Oshodi,63.45
2025-02-04 08:00:00+00:00,NIMET Oshodi,36.12
2025-02-04 09:00:00+00:00,NIMET Oshodi,31.21
2025-02-04 10:00:00+00:00,NIMET Oshodi,71.22
2025-02-04 11:00:00+00:00,NIMET Oshodi,43.91
2025-02-04 12:00:00+00:00,NIMET Oshodi,37.19
2025-02-04 13:00:00+00:00,NIMET Oshodi,35.86
2025-02-04 14:00:00+00:00,NIMET Oshodi,33.03
2025-02-04 15:00:00+00:00,NIMET Oshodi,31.81
2025-02-04 16:00:00+00:00,NIMET Oshodi,49.34
2025-02-04 17:00:00+00:00,NIMET Oshodi,40.01
2025-02-04 18:00:00+00:00,NIMET Oshodi,36.27
2025-02-04 19:00:00+00:00,NIMET Oshodi,37.11
2025-02-04 20:00:00+00:00,NIMET Oshodi,37.44
2025-02-04 21:00:00+00:00,NIMET Oshodi,49.34
2025-02-04 22:00:00+00:00,NIMET Oshodi,49.34
2025-02-04 23:00:00+00:00,NIMET Oshodi,58.36
2025-02-05 00:00:00+00:00,NIMET Oshodi,52.39
2025-02-05 01:00:00+00:00,NIMET Oshodi,42.0
2025-02-05 02:00:00+00:00,NIMET Oshodi,49.34
2025-02-05 03:00:00+00:00,NIMET Oshodi,49.34
2025-02-05 04:00:00+00:00,NIMET Oshodi,53.93
2025-02-05 05:00:00+00:00,NIMET Oshodi,49.34
2025-02-05 08:00:00+00:00,NIMET Oshodi,54.56
2025-02-05 12:00:00+00:00,NIMET Oshodi,49.34
2025-02-05 13:00:00+00:00,NIMET Oshodi,49.34
2025-02-05 14:00:00+00:00,NIMET Oshodi,49.34
2025-02-05 15:00:00+00:00,NIMET Oshodi,49.34
2025-02-05 16:00:00+00:00,NIMET Oshodi,49.34
2025-02-05 20:00:00+00:00,NIMET Oshodi,49.34
2025-02-05 21:00:00+00:00,NIMET Oshodi,49.34
2025-02-05 22:00:00+00:00,NIMET Oshodi,49.34
2025-02-05 23:00:00+00:00,NIMET Oshodi,49.34
2025-02-06 00:00:00+00:00,NIMET Oshodi,49.34
2025-02-06 01:00:00+00:00,NIMET Oshodi,56.12
2025-02-06 02:00:00+00:00,NIMET Oshodi,22.95
2025-02-06 03:00:00+00:00,NIMET Oshodi,49.34
2025-02-06 04:00:00+00:00,NIMET Oshodi,49.34
2025-02-06 05:00:00+00:00,NIMET Oshodi,48.22
2025-02-06 06:00:00+00:00,NIMET Oshodi,49.34
2025-02-06 07:00:00+00:00,NIMET Oshodi,49.34
2025-02-06 08:00:00+00:00,NIMET Oshodi,49.34
2025-02-06 09:00:00+00:00,NIMET Oshodi,49.34
2025-02-06 10:00:00+00:00,NIMET Oshodi,42.36
2025-02-06 11:00:00+00:00,NIMET Oshodi,49.34
2025-02-06 12:00:00+00:00,NIMET Oshodi,49.34
2025-02-06 13:00:00+00:00,NIMET Oshodi,49.34
2025-02-06 14:00:00+00:00,NIMET Oshodi,49.34
2025-02-06 15:00:00+00:00,NIMET Oshodi,22.78
2025-02-06 16:00:00+00:00,NIMET Oshodi,49.34
2025-02-06 17:00:00+00:00,NIMET Oshodi,49.34
2025-02-06 18:00:00+00:00,NIMET Oshodi,17.97
2025-02-06 19:00:00+00:00,NIMET Oshodi,21.27
2025-02-06 20:00:00+00:00,NIMET Oshodi,20.92
2025-02-06 21:00:00+00:00,NIMET Oshodi,24.81
2025-02-06 22:00:00+00:00,NIMET Oshodi,49.34
2025-02-06 23:00:00+00:00,NIMET Oshodi,49.34
2025-02-07 00:00:00+00:00,NIMET Oshodi,32.9
2025-02-07 01:00:00+00:00,NIMET Oshodi,49.34
2025-02-07 02:00:00+00:00,NIMET Oshodi,49.34
2025-02-07 03:00:00+00:00,NIMET Oshodi,33.87
2025-02-07 04:00:00+00:00,NIMET Oshodi,37.89
2025-02-07 12:00:00+00:00,NIMET Oshodi,32.98
2025-02-07 13:00:00+00:00,NIMET Oshodi,30.73
2025-02-07 18:00:00+00:00,NIMET Oshodi,27.69
2025-02-07 19:00:00+00:00,NIMET Oshodi,49.34
2025-02-07 20:00:00+00:00,NIMET Oshodi,28.2
2025-02-07 21:00:00+00:00,NIMET Oshodi,26.77
2025-02-07 22:00:00+00:00,NIMET Oshodi,49.34
2025-02-07 23:00:00+00:00,NIMET Oshodi,49.34
2025-02-08 03:00:00+00:00,NIMET Oshodi,25.74
2025-02-08 04:00:00+00:00,NIMET Oshodi,39.57
2025-02-08 05:00:00+00:00,NIMET Oshodi,49.34
2025-02-08 06:00:00+00:00,NIMET Oshodi,49.34
2025-02-08 07:00:00+00:00,NIMET Oshodi,49.34
2025-02-08 08:00:00+00:00,NIMET Oshodi,31.11
2025-02-08 09:00:00+00:00,NIMET Oshodi,27.08
2025-02-08 11:00:00+00:00,NIMET Oshodi,21.31
2025-02-08 12:00:00+00:00,NIMET Oshodi,20.45
2025-02-08 13:00:00+00:00,NIMET Oshodi,16.66
2025-02-08 14:00:00+00:00,NIMET Oshodi,19.39
2025-02-08 15:00:00+00:00,NIMET Oshodi,49.34
2025-02-08 16:00:00+00:00,NIMET Oshodi,15.47
2025-02-08 17:00:00+00:00,NIMET Oshodi,49.34
2025-02-08 18:00:00+00:00,NIMET Oshodi,31.9
2025-02-08 19:00:00+00:00,NIMET Oshodi,49.34
2025-02-08 20:00:00+00:00,NIMET Oshodi,49.34
2025-02-08 21:00:00+00:00,NIMET Oshodi,49.34
2025-02-08 22:00:00+00:00,NIMET Oshodi,25.7
2025-02-08 23:00:00+00:00,NIMET Oshodi,49.34
2025-02-09 00:00:00+00:00,NIMET Oshodi,38.18
2025-02-09 01:00:00+00:00,NIMET Oshodi,50.63
2025-02-09 02:00:00+00:00,NIMET Oshodi,71.91
2025-02-09 08:00:00+00:00,NIMET Oshodi,39.56
2025-02-09 09:00:00+00:00,NIMET Oshodi,31.41
2025-02-09 10:00:00+00:00,NIMET Oshodi,28.69
2025-02-09 11:00:00+00:00,NIMET Oshodi,23.69
2025-02-09 12:00:00+00:00,NIMET Oshodi,49.34
2025-02-09 13:00:00+00:00,NIMET Oshodi,31.55
2025-02-09 14:00:00+00:00,NIMET Oshodi,49.34
2025-02-09 15:00:00+00:00,NIMET Oshodi,16.4
2025-02-09 16:00:00+00:00,NIMET Oshodi,16.95
2025-02-09 17:00:00+00:00,NIMET Oshodi,17.2
2025-02-09 18:00:00+00:00,NIMET Oshodi,49.34
2025-02-09 19:00:00+00:00,NIMET Oshodi,49.34
2025-02-09 20:00:00+00:00,NIMET Oshodi,16.19
2025-02-09 21:00:00+00:00,NIMET Oshodi,15.91
2025-02-09 22:00:00+00:00,NIMET Oshodi,15.88
2025-02-09 23:00:00+00:00,NIMET Oshodi,49.34
2025-02-10 00:00:00+00:00,NIMET Oshodi,32.98
2025-02-10 01:00:00+00:00,NIMET Oshodi,38.2
2025-02-10 02:00:00+00:00,NIMET Oshodi,34.49
2025-02-10 03:00:00+00:00,NIMET Oshodi,38.49
2025-02-10 04:00:00+00:00,NIMET Oshodi,49.34
2025-02-10 05:00:00+00:00,NIMET Oshodi,46.44
2025-02-10 06:00:00+00:00,NIMET Oshodi,50.91
2025-02-10 07:00:00+00:00,NIMET Oshodi,49.34
2025-02-10 10:00:00+00:00,NIMET Oshodi,26.23
2025-02-10 11:00:00+00:00,NIMET Oshodi,20.85
2025-02-10 12:00:00+00:00,NIMET Oshodi,49.34
2025-02-10 13:00:00+00:00,NIMET Oshodi,49.34
2025-02-10 14:00:00+00:00,NIMET Oshodi,12.15
2025-02-10 15:00:00+00:00,NIMET Oshodi,13.71
2025-02-10 16:00:00+00:00,NIMET Oshodi,12.73
2025-02-10 17:00:00+00:00,NIMET Oshodi,12.32
2025-02-10 18:00:00+00:00,NIMET Oshodi,13.1
2025-02-10 19:00:00+00:00,NIMET Oshodi,14.4
2025-02-10 20:00:00+00:00,NIMET Oshodi,17.27
2025-02-10 21:00:00+00:00,NIMET Oshodi,24.53
2025-02-10 22:00:00+00:00,NIMET Oshodi,19.41
2025-02-10 23:00:00+00:00,NIMET Oshodi,24.06
2025-02-11 00:00:00+00:00,NIMET Oshodi,20.33
2025-02-11 01:00:00+00:00,NIMET Oshodi,33.07
2025-02-11 02:00:00+00:00,NIMET Oshodi,49.34
2025-02-11 03:00:00+00:00,NIMET Oshodi,49.34
2025-02-11 04:00:00+00:00,NIMET Oshodi,30.32
2025-02-11 11:00:00+00:00,NIMET Oshodi,27.34
2025-02-11 12:00:00+00:00,NIMET Oshodi,20.38
2025-02-11 13:00:00+00:00,NIMET Oshodi,15.66
2025-02-11 14:00:00+00:00,NIMET Oshodi,14.26
2025-02-11 15:00:00+00:00,NIMET Oshodi,49.34
2025-02-11 16:00:00+00:00,NIMET Oshodi,49.34
2025-02-11 17:00:00+00:00,NIMET Oshodi,10.18
2025-02-11 18:00:00+00:00,NIMET Oshodi,49.34
2025-02-11 19:00:00+00:00,NIMET Oshodi,11.48
2025-02-11 20:00:00+00:00,NIMET Oshodi,49.34
2025-02-11 21:00:00+00:00,NIMET Oshodi,13.16
2025-02-11 22:00:00+00:00,NIMET Oshodi,49.34
2025-02-11 23:00:00+00:00,NIMET Oshodi,25.67
2025-02-12 00:00:00+00:00,NIMET Oshodi,11.43
2025-02-12 01:00:00+00:00,NIMET Oshodi,12.04
2025-02-12 02:00:00+00:00,NIMET Oshodi,49.34
2025-02-12 03:00:00+00:00,NIMET Oshodi,49.34
2025-02-12 04:00:00+00:00,NIMET Oshodi,35.09
2025-02-12 05:00:00+00:00,NIMET Oshodi,49.34
2025-02-12 06:00:00+00:00,NIMET Oshodi,49.34
2025-02-12 07:00:00+00:00,NIMET Oshodi,49.34
2025-02-12 08:00:00+00:00,NIMET Oshodi,18.1
2025-02-12 09:00:00+00:00,NIMET Oshodi,49.34
2025-02-12 10:00:00+00:00,NIMET Oshodi,23.98
2025-02-12 11:00:00+00:00,NIMET Oshodi,27.71
2025-02-12 16:00:00+00:00,NIMET Oshodi,13.25
2025-02-12 17:00:00+00:00,NIMET Oshodi,49.34
2025-02-12 18:00:00+00:00,NIMET Oshodi,49.34
2025-02-12 19:00:00+00:00,NIMET Oshodi,49.34
2025-02-12 20:00:00+00:00,NIMET Oshodi,49.34
2025-02-12 21:00:00+00:00,NIMET Oshodi,22.32
2025-02-12 22:00:00+00:00,NIMET Oshodi,49.34
2025-02-12 23:00:00+00:00,NIMET Oshodi,24.91
2025-02-13 01:00:00+00:00,NIMET Oshodi,27.67
2025-02-13 02:00:00+00:00,NIMET Oshodi,49.34
2025-02-13 03:00:00+00:00,NIMET Oshodi,28.21
2025-02-13 04:00:00+00:00,NIMET Oshodi,33.3
2025-02-13 05:00:00+00:00,NIMET Oshodi,39.97
2025-02-13 06:00:00+00:00,NIMET Oshodi,38.44
2025-02-13 07:00:00+00:00,NIMET Oshodi,49.34
2025-02-13 08:00:00+00:00,NIMET Oshodi,21.01
2025-02-13 09:00:00+00:00,NIMET Oshodi,21.33
2025-02-13 10:00:00+00:00,NIMET Oshodi,49.34
2025-02-13 11:00:00+00:00,NIMET Oshodi,32.12
2025-02-13 12:00:00+00:00,NIMET Oshodi,49.34
2025-02-13 13:00:00+00:00,NIMET Oshodi,15.74
2025-02-13 14:00:00+00:00,NIMET Oshodi,49.34
2025-02-13 15:00:00+00:00,NIMET Oshodi,14.46
2025-02-13 16:00:00+00:00,NIMET Oshodi,13.5
2025-02-13 17:00:00+00:00,NIMET Oshodi,12.04
2025-02-13 18:00:00+00:00,NIMET Oshodi,13.13
2025-02-13 19:00:00+00:00,NIMET Oshodi,15.35
2025-02-13 20:00:00+00:00,NIMET Oshodi,49.34
2025-02-13 22:00:00+00:00,NIMET Oshodi,17.4
2025-02-13 23:00:00+00:00,NIMET Oshodi,17.12
2025-02-14 00:00:00+00:00,NIMET Oshodi,24.81
2025-02-14 01:00:00+00:00,NIMET Oshodi,29.95
2025-02-14 02:00:00+00:00,NIMET Oshodi,49.34
2025-02-14 03:00:00+00:00,NIMET Oshodi,37.61
2025-02-14 04:00:00+00:00,NIMET Oshodi,34.17
2025-02-14 05:00:00+00:00,NIMET Oshodi,43.64
2025-02-14 06:00:00+00:00,NIMET Oshodi,48.49
2025-02-14 07:00:00+00:00,NIMET Oshodi,29.21
2025-02-14 08:00:00+00:00,NIMET Oshodi,49.34
2025-02-14 09:00:00+00:00,NIMET Oshodi,21.53
2025-02-14 10:00:00+00:00,NIMET Oshodi,49.34
2025-02-14 11:00:00+00:00,NIMET Oshodi,49.34
2025-02-14 12:00:00+00:00,NIMET Oshodi,28.43
2025-02-14 13:00:00+00:00,NIMET Oshodi,49.34
2025-02-14 14:00:00+00:00,NIMET Oshodi,21.19
2025-02-14 15:00:00+00:00,NIMET Oshodi,49.34
2025-02-14 16:00:00+00:00,NIMET Oshodi,15.76
2025-02-14 17:00:00+00:00,NIMET Oshodi,49.34
2025-02-14 18:00:00+00:00,NIMET Oshodi,49.34
2025-02-14 19:00:00+00:00,NIMET Oshodi,49.34
2025-02-14 20:00:00+00:00,NIMET Oshodi,49.34
2025-02-14 21:00:00+00:00,NIMET Oshodi,18.94
2025-02-14 22:00:00+00:00,NIMET Oshodi,49.34
2025-02-14 23:00:00+00:00,NIMET Oshodi,28.55
2025-02-15 00:00:00+00:00,NIMET Oshodi,24.05
2025-02-15 01:00:00+00:00,NIMET Oshodi,37.52
2025-02-15 02:00:00+00:00,NIMET Oshodi,37.55
2025-02-15 04:00:00+00:00,NIMET Oshodi,37.45
2025-02-15 05:00:00+00:00,NIMET Oshodi,38.29
2025-02-15 06:00:00+00:00,NIMET Oshodi,37.62
2025-02-15 07:00:00+00:00,NIMET Oshodi,46.2
2025-02-15 08:00:00+00:00,NIMET Oshodi,21.67
2025-02-15 09:00:00+00:00,NIMET Oshodi,22.99
2025-02-15 10:00:00+00:00,NIMET Oshodi,31.1
2025-02-15 14:00:00+00:00,NIMET Oshodi,16.05
2025-02-15 15:00:00+00:00,NIMET Oshodi,15.23
2025-02-15 16:00:00+00:00,NIMET Oshodi,14.68
2025-02-15 17:00:00+00:00,NIMET Oshodi,15.12
2025-02-15 18:00:00+00:00,NIMET Oshodi,16.92
2025-02-15 19:00:00+00:00,NIMET Oshodi,16.68
2025-02-15 20:00:00+00:00,NIMET Oshodi,16.44
2025-02-15 21:00:00+00:00,NIMET Oshodi,20.6
2025-02-15 22:00:00+00:00,NIMET Oshodi,17.89
2025-02-15 23:00:00+00:00,NIMET Oshodi,37.26
2025-02-16 00:00:00+00:00,NIMET Oshodi,24.79
2025-02-16 01:00:00+00:00,NIMET Oshodi,36.96
2025-02-16 02:00:00+00:00,NIMET Oshodi,37.92
2025-02-16 03:00:00+00:00,NIMET Oshodi,36.94
2025-02-16 04:00:00+00:00,NIMET Oshodi,36.27
2025-02-16 05:00:00+00:00,NIMET Oshodi,32.46
2025-02-16 06:00:00+00:00,NIMET Oshodi,33.78
2025-02-16 07:00:00+00:00,NIMET Oshodi,32.55
2025-02-16 08:00:00+00:00,NIMET Oshodi,23.06
2025-02-16 09:00:00+00:00,NIMET Oshodi,29.52
2025-02-16 10:00:00+00:00,NIMET Oshodi,27.69
2025-02-16 11:00:00+00:00,NIMET Oshodi,33.28
2025-02-16 12:00:00+00:00,NIMET Oshodi,34.86
2025-02-16 13:00:00+00:00,NIMET Oshodi,28.06
2025-02-16 14:00:00+00:00,NIMET Oshodi,26.89
2025-02-16 15:00:00+00:00,NIMET Oshodi,22.17
2025-02-16 16:00:00+00:00,NIMET Oshodi,19.9
2025-02-16 17:00:00+00:00,NIMET Oshodi,17.44
2025-02-16 18:00:00+00:00,NIMET Oshodi,18.19
2025-02-16 19:00:00+00:00,NIMET Oshodi,22.25
2025-02-16 20:00:00+00:00,NIMET Oshodi,16.07
2025-02-16 21:00:00+00:00,NIMET Oshodi,41.81
2025-02-16 22:00:00+00:00,NIMET Oshodi,33.38
2025-02-16 23:00:00+00:00,NIMET Oshodi,20.33
2025-02-17 00:00:00+00:00,NIMET Oshodi,35.44
2025-02-17 01:00:00+00:00,NIMET Oshodi,31.84
2025-02-17 02:00:00+00:00,NIMET Oshodi,28.02
2025-02-17 03:00:00+00:00,NIMET Oshodi,31.28
2025-02-17 04:00:00+00:00,NIMET Oshodi,35.57
2025-02-17 05:00:00+00:00,NIMET Oshodi,38.97
2025-02-17 06:00:00+00:00,NIMET Oshodi,35.33
2025-02-17 07:00:00+00:00,NIMET Oshodi,39.89
2025-02-17 08:00:00+00:00,NIMET Oshodi,26.74
2025-02-17 09:00:00+00:00,NIMET Oshodi,25.6
2025-02-17 10:00:00+00:00,NIMET Oshodi,27.81
2025-02-17 11:00:00+00:00,NIMET Oshodi,32.95
2025-02-17 12:00:00+00:00,NIMET Oshodi,33.81
2025-02-17 13:00:00+00:00,NIMET Oshodi,23.42
2025-02-17 14:00:00+00:00,NIMET Oshodi,15.44
2025-02-17 15:00:00+00:00,NIMET Oshodi,16.02
2025-02-17 16:00:00+00:00,NIMET Oshodi,16.09
2025-02-17 17:00:00+00:00,NIMET Oshodi,13.52
2025-02-17 18:00:00+00:00,NIMET Oshodi,17.08
2025-02-17 19:00:00+00:00,NIMET Oshodi,17.18
2025-02-17 20:00:00+00:00,NIMET Oshodi,28.14
2025-02-17 21:00:00+00:00,NIMET Oshodi,28.34
2025-02-17 22:00:00+00:00,NIMET Oshodi,30.77
2025-02-17 23:00:00+00:00,NIMET Oshodi,26.38
2025-02-18 00:00:00+00:00,NIMET Oshodi,33.32
2025-02-18 01:00:00+00:00,NIMET Oshodi,32.05
2025-02-18 02:00:00+00:00,NIMET Oshodi,36.54
2025-02-18 03:00:00+00:00,NIMET Oshodi,35.78
2025-02-18 04:00:00+00:00,NIMET Oshodi,38.59
2025-02-18 05:00:00+00:00,NIMET Oshodi,39.82
2025-02-18 06:00:00+00:00,NIMET Oshodi,46.17
2025-02-18 07:00:00+00:00,NIMET Oshodi,19.28
2025-02-18 08:00:00+00:00,NIMET Oshodi,19.19
2025-02-18 09:00:00+00:00,NIMET Oshodi,20.07
2025-02-18 10:00:00+00:00,NIMET Oshodi,21.98
2025-02-18 11:00:00+00:00,NIMET Oshodi,17.76
2025-02-18 12:00:00+00:00,NIMET Oshodi,16.15
2025-02-18 13:00:00+00:00,NIMET Oshodi,19.06
2025-02-18 14:00:00+00:00,NIMET Oshodi,15.44
2025-02-18 15:00:00+00:00,NIMET Oshodi,14.94
2025-02-18 16:00:00+00:00,NIMET Oshodi,17.23
2025-02-18 17:00:00+00:00,NIMET Oshodi,16.63
2025-02-18 18:00:00+00:00,NIMET Oshodi,19.91
2025-02-18 19:00:00+00:00,NIMET Oshodi,19.96
2025-02-18 20:00:00+00:00,NIMET Oshodi,21.06
2025-02-18 21:00:00+00:00,NIMET Oshodi,30.65
2025-02-18 22:00:00+00:00,NIMET Oshodi,22.91
2025-02-18 23:00:00+00:00,NIMET Oshodi,28.38
2025-02-19 00:00:00+00:00,NIMET Oshodi,26.14
2025-02-19 01:00:00+00:00,NIMET Oshodi,22.61
2025-02-19 02:00:00+00:00,NIMET Oshodi,23.42
2025-02-19 03:00:00+00:00,NIMET Oshodi,25.73
2025-02-19 04:00:00+00:00,NIMET Oshodi,24.06
2025-02-19 05:00:00+00:00,NIMET Oshodi,34.33
2025-02-19 07:00:00+00:00,NIMET Oshodi,16.1
2025-02-19 08:00:00+00:00,NIMET Oshodi,16.06
2025-02-19 09:00:00+00:00,NIMET Oshodi,15.08
2025-02-19 10:00:00+00:00,NIMET Oshodi,13.49
2025-02-19 11:00:00+00:00,NIMET Oshodi,13.64
2025-02-19 12:00:00+00:00,NIMET Oshodi,13.95
2025-02-19 13:00:00+00:00,NIMET Oshodi,14.09
2025-02-19 14:00:00+00:00,NIMET Oshodi,13.25
2025-02-19 15:00:00+00:00,NIMET Oshodi,13.06
2025-02-19 16:00:00+00:00,NIMET Oshodi,14.2
2025-02-19 17:00:00+00:00,NIMET Oshodi,13.03
2025-02-19 18:00:00+00:00,NIMET Oshodi,14.0
2025-02-19 19:00:00+00:00,NIMET Oshodi,15.54
2025-02-19 20:00:00+00:00,NIMET Oshodi,17.24
2025-02-19 22:00:00+00:00,NIMET Oshodi,16.75
2025-02-20 00:00:00+00:00,NIMET Oshodi,26.11
2025-02-20 01:00:00+00:00,NIMET Oshodi,18.15
2025-02-20 03:00:00+00:00,NIMET Oshodi,29.61
2025-02-20 07:00:00+00:00,NIMET Oshodi,18.66
2025-02-20 08:00:00+00:00,NIMET Oshodi,12.76
2025-02-20 09:00:00+00:00,NIMET Oshodi,11.63
2025-02-20 10:00:00+00:00,NIMET Oshodi,13.95
2025-02-20 11:00:00+00:00,NIMET Oshodi,15.28
2025-02-20 12:00:00+00:00,NIMET Oshodi,15.52
2025-02-20 13:00:00+00:00,NIMET Oshodi,14.89
2025-02-20 14:00:00+00:00,NIMET Oshodi,14.19
2025-02-20 15:00:00+00:00,NIMET Oshodi,15.22
2025-02-20 16:00:00+00:00,NIMET Oshodi,12.45
2025-02-20 17:00:00+00:00,NIMET Oshodi,11.78
2025-02-20 18:00:00+00:00,NIMET Oshodi,14.4
2025-02-20 19:00:00+00:00,NIMET Oshodi,12.99
2025-02-20 20:00:00+00:00,NIMET Oshodi,13.72
2025-02-20 22:00:00+00:00,NIMET Oshodi,16.43
2025-02-20 23:00:00+00:00,NIMET Oshodi,16.68
2025-02-21 00:00:00+00:00,NIMET Oshodi,21.38
2025-02-21 01:00:00+00:00,NIMET Oshodi,14.94
2025-02-21 02:00:00+00:00,NIMET Oshodi,19.25
2025-02-21 03:00:00+00:00,NIMET Oshodi,21.07
2025-02-21 04:00:00+00:00,NIMET Oshodi,22.67
2025-02-21 06:00:00+00:00,NIMET Oshodi,15.11
2025-02-21 07:00:00+00:00,NIMET Oshodi,18.66
2025-02-21 08:00:00+00:00,NIMET Oshodi,15.81
2025-02-21 09:00:00+00:00,NIMET Oshodi,16.35
2025-02-21 10:00:00+00:00,NIMET Oshodi,13.55
2025-02-21 11:00:00+00:00,NIMET Oshodi,15.1
2025-02-21 12:00:00+00:00,NIMET Oshodi,14.57
2025-02-21 13:00:00+00:00,NIMET Oshodi,14.02
2025-02-21 14:00:00+00:00,NIMET Oshodi,15.44
2025-02-21 15:00:00+00:00,NIMET Oshodi,13.89
2025-02-21 16:00:00+00:00,NIMET Oshodi,14.82
2025-02-21 17:00:00+00:00,NIMET Oshodi,14.38
2025-02-21 18:00:00+00:00,NIMET Oshodi,17.76
2025-02-21 19:00:00+00:00,NIMET Oshodi,14.58
2025-02-21 20:00:00+00:00,NIMET Oshodi,19.14
2025-02-21 21:00:00+00:00,NIMET Oshodi,17.31
2025-02-21 22:00:00+00:00,NIMET Oshodi,15.91
2025-02-21 23:00:00+00:00,NIMET Oshodi,16.17
2025-02-22 00:00:00+00:00,NIMET Oshodi,13.45
2025-02-22 01:00:00+00:00,NIMET Oshodi,19.45
2025-02-22 02:00:00+00:00,NIMET Oshodi,15.13
2025-02-22 07:00:00+00:00,NIMET Oshodi,18.4
2025-02-22 08:00:00+00:00,NIMET Oshodi,15.19
2025-02-22 09:00:00+00:00,NIMET Oshodi,13.34
2025-02-22 10:00:00+00:00,NIMET Oshodi,11.82
2025-02-22 11:00:00+00:00,NIMET Oshodi,13.55
2025-02-22 12:00:00+00:00,NIMET Oshodi,14.78
2025-02-22 13:00:00+00:00,NIMET Oshodi,13.88
2025-02-22 14:00:00+00:00,NIMET Oshodi,14.5
2025-02-22 15:00:00+00:00,NIMET Oshodi,27.49
2025-02-22 16:00:00+00:00,NIMET Oshodi,29.54
2025-02-22 17:00:00+00:00,NIMET Oshodi,40.05
2025-02-22 18:00:00+00:00,NIMET Oshodi,33.37
2025-02-22 19:00:00+00:00,NIMET Oshodi,46.68
2025-02-22 20:00:00+00:00,NIMET Oshodi,58.05
2025-02-22 21:00:00+00:00,NIMET Oshodi,62.73
2025-02-22 22:00:00+00:00,NIMET Oshodi,68.21
2025-02-22 23:00:00+00:00,NIMET Oshodi,50.02
2025-02-23 00:00:00+00:00,NIMET Oshodi,51.35
2025-02-23 01:00:00+00:00,NIMET Oshodi,28.82
2025-02-23 02:00:00+00:00,NIMET Oshodi,16.84
2025-02-23 03:00:00+00:00,NIMET Oshodi,17.2
2025-02-23 04:00:00+00:00,NIMET Oshodi,15.38
2025-02-23 05:00:00+00:00,NIMET Oshodi,17.98
2025-02-23 06:00:00+00:00,NIMET Oshodi,27.3
2025-02-23 07:00:00+00:00,NIMET Oshodi,49.91
2025-02-23 08:00:00+00:00,NIMET Oshodi,38.96
2025-02-23 09:00:00+00:00,NIMET Oshodi,38.25
2025-02-23 10:00:00+00:00,NIMET Oshodi,44.42
2025-02-23 11:00:00+00:00,NIMET Oshodi,41.64
2025-02-23 12:00:00+00:00,NIMET Oshodi,33.85
2025-02-23 13:00:00+00:00,NIMET Oshodi,38.51
2025-02-23 14:00:00+00:00,NIMET Oshodi,44.42
2025-02-23 15:00:00+00:00,NIMET Oshodi,35.34
2025-02-23 16:00:00+00:00,NIMET Oshodi,19.46
2025-02-23 17:00:00+00:00,NIMET Oshodi,20.43
2025-02-23 18:00:00+00:00,NIMET Oshodi,30.18
2025-02-23 19:00:00+00:00,NIMET Oshodi,27.74
2025-02-23 20:00:00+00:00,NIMET Oshodi,25.82
2025-02-23 22:00:00+00:00,NIMET Oshodi,45.3
2025-02-23 23:00:00+00:00,NIMET Oshodi,33.26
2025-02-24 00:00:00+00:00,NIMET Oshodi,36.3
2025-02-24 01:00:00+00:00,NIMET Oshodi,28.03
2025-02-24 02:00:00+00:00,NIMET Oshodi,24.94
2025-02-24 08:00:00+00:00,NIMET Oshodi,20.34
2025-02-24 09:00:00+00:00,NIMET Oshodi,15.85
2025-02-24 10:00:00+00:00,NIMET Oshodi,14.09
2025-02-24 11:00:00+00:00,NIMET Oshodi,14.12
2025-02-24 12:00:00+00:00,NIMET Oshodi,15.19
2025-02-24 13:00:00+00:00,NIMET Oshodi,11.84
2025-02-24 14:00:00+00:00,NIMET Oshodi,10.96
2025-02-24 15:00:00+00:00,NIMET Oshodi,11.95
2025-02-24 16:00:00+00:00,NIMET Oshodi,11.95
2025-02-24 17:00:00+00:00,NIMET Oshodi,11.96
2025-02-24 18:00:00+00:00,NIMET Oshodi,12.8
2025-02-24 19:00:00+00:00,NIMET Oshodi,13.3
2025-02-24 20:00:00+00:00,NIMET Oshodi,15.34
2025-02-24 21:00:00+00:00,NIMET Oshodi,15.74
2025-02-24 22:00:00+00:00,NIMET Oshodi,13.04
2025-02-24 23:00:00+00:00,NIMET Oshodi,13.84
2025-02-25 00:00:00+00:00,NIMET Oshodi,11.91
2025-02-25 01:00:00+00:00,NIMET Oshodi,11.82
2025-02-25 02:00:00+00:00,NIMET Oshodi,12.78
2025-02-25 03:00:00+00:00,NIMET Oshodi,17.41
2025-02-25 04:00:00+00:00,NIMET Oshodi,25.79
2025-02-25 09:00:00+00:00,NIMET Oshodi,22.31
2025-02-25 10:00:00+00:00,NIMET Oshodi,16.34
2025-02-25 11:00:00+00:00,NIMET Oshodi,14.99
2025-02-25 12:00:00+00:00,NIMET Oshodi,12.9
2025-02-25 13:00:00+00:00,NIMET Oshodi,11.92
2025-02-25 14:00:00+00:00,NIMET Oshodi,14.57
2025-02-25 16:00:00+00:00,NIMET Oshodi,15.77
2025-02-25 17:00:00+00:00,NIMET Oshodi,11.85
2025-02-25 18:00:00+00:00,NIMET Oshodi,13.13
2025-02-25 19:00:00+00:00,NIMET Oshodi,13.48
2025-02-25 20:00:00+00:00,NIMET Oshodi,16.06
2025-02-25 21:00:00+00:00,NIMET Oshodi,13.81
2025-02-25 22:00:00+00:00,NIMET Oshodi,11.5
2025-02-25 23:00:00+00:00,NIMET Oshodi,10.58
2025-02-26 00:00:00+00:00,NIMET Oshodi,12.02
2025-02-26 01:00:00+00:00,NIMET Oshodi,14.9
2025-02-26 02:00:00+00:00,NIMET Oshodi,15.76
2025-02-26 03:00:00+00:00,NIMET Oshodi,34.66
2025-02-26 04:00:00+00:00,NIMET Oshodi,33.73
2025-02-26 05:00:00+00:00,NIMET Oshodi,41.48
2025-02-26 06:00:00+00:00,NIMET Oshodi,33.42
2025-02-26 07:00:00+00:00,NIMET Oshodi,28.64
2025-02-26 08:00:00+00:00,NIMET Oshodi,30.23
2025-02-26 09:00:00+00:00,NIMET Oshodi,31.17
2025-02-26 10:00:00+00:00,NIMET Oshodi,30.89
2025-02-26 11:00:00+00:00,NIMET Oshodi,30.95
2025-02-26 12:00:00+00:00,NIMET Oshodi,24.73
2025-02-26 13:00:00+00:00,NIMET Oshodi,24.74
2025-02-26 14:00:00+00:00,NIMET Oshodi,19.84
2025-02-26 15:00:00+00:00,NIMET Oshodi,15.64
2025-02-26 16:00:00+00:00,NIMET Oshodi,17.88
2025-02-26 17:00:00+00:00,NIMET Oshodi,14.8
2025-02-26 18:00:00+00:00,NIMET Oshodi,20.57
2025-02-26 19:00:00+00:00,NIMET Oshodi,21.52
2025-02-26 20:00:00+00:00,NIMET Oshodi,19.37
2025-02-26 21:00:00+00:00,NIMET Oshodi,19.09
2025-02-26 22:00:00+00:00,NIMET Oshodi,17.27
2025-02-26 23:00:00+00:00,NIMET Oshodi,15.94
2025-02-27 13:00:00+00:00,NIMET Oshodi,20.15
2025-02-27 14:00:00+00:00,NIMET Oshodi,16.23
2025-02-27 15:00:00+00:00,NIMET Oshodi,16.55
2025-02-27 16:00:00+00:00,NIMET Oshodi,20.71
2025-02-27 17:00:00+00:00,NIMET Oshodi,15.88
2025-02-27 18:00:00+00:00,NIMET Oshodi,13.45
2025-02-27 19:00:00+00:00,NIMET Oshodi,17.03
2025-02-27 20:00:00+00:00,NIMET Oshodi,16.35
2025-02-27 21:00:00+00:00,NIMET Oshodi,17.52
2025-02-27 22:00:00+00:00,NIMET Oshodi,16.35
2025-02-27 23:00:00+00:00,NIMET Oshodi,16.51
2025-02-28 00:00:00+00:00,NIMET Oshodi,13.64
2025-02-28 01:00:00+00:00,NIMET Oshodi,17.79
2025-02-28 02:00:00+00:00,NIMET Oshodi,16.41
2025-02-28 03:00:00+00:00,NIMET Oshodi,16.66
2025-02-28 04:00:00+00:00,NIMET Oshodi,47.67
2025-02-28 05:00:00+00:00,NIMET Oshodi,43.42
2025-02-28 06:00:00+00:00,NIMET Oshodi,32.91
2025-02-28 07:00:00+00:00,NIMET Oshodi,28.74
2025-02-28 08:00:00+00:00,NIMET Oshodi,30.59
2025-02-28 09:00:00+00:00,NIMET Oshodi,20.37
2025-02-28 10:00:00+00:00,NIMET Oshodi,33.72
2025-02-28 11:00:00+00:00,NIMET Oshodi,27.39
2025-02-28 12:00:00+00:00,NIMET Oshodi,26.33
2025-02-28 13:00:00+00:00,NIMET Oshodi,25.74
2025-02-28 14:00:00+00:00,NIMET Oshodi,16.96
2025-02-28 15:00:00+00:00,NIMET Oshodi,14.81
2025-02-28 16:00:00+00:00,NIMET Oshodi,13.31
2025-02-28 17:00:00+00:00,NIMET Oshodi,12.66
2025-02-01 00:00:00+00:00,Oshodi,22.7
2025-02-01 01:00:00+00:00,Oshodi,28.18
2025-02-01 02:00:00+00:00,Oshodi,29.52
2025-02-01 03:00:00+00:00,Oshodi,33.9
2025-02-01 04:00:00+00:00,Oshodi,47.07
2025-02-01 05:00:00+00:00,Oshodi,72.6
2025-02-01 06:00:00+00:00,Oshodi,62.18
2025-02-01 08:00:00+00:00,Oshodi,46.06
2025-02-01 09:00:00+00:00,Oshodi,32.25
2025-02-01 10:00:00+00:00,Oshodi,45.73
2025-02-01 11:00:00+00:00,Oshodi,31.41
2025-02-01 12:00:00+00:00,Oshodi,29.25
2025-02-01 13:00:00+00:00,Oshodi,36.26
2025-02-01 14:00:00+00:00,Oshodi,28.71
2025-02-01 15:00:00+00:00,Oshodi,30.01
2025-02-01 16:00:00+00:00,Oshodi,27.27
2025-02-01 17:00:00+00:00,Oshodi,29.18
2025-02-01 18:00:00+00:00,Oshodi,40.28
2025-02-01 19:00:00+00:00,Oshodi,35.13
2025-02-01 20:00:00+00:00,Oshodi,48.1
2025-02-01 21:00:00+00:00,Oshodi,58.0
2025-02-01 22:00:00+00:00,Oshodi,57.7
2025-02-01 23:00:00+00:00,Oshodi,42.54
2025-02-02 00:00:00+00:00,Oshodi,51.73
2025-02-02 01:00:00+00:00,Oshodi,27.86
2025-02-02 02:00:00+00:00,Oshodi,25.12
2025-02-02 03:00:00+00:00,Oshodi,28.69
2025-02-02 04:00:00+00:00,Oshodi,48.31
2025-02-02 05:00:00+00:00,Oshodi,60.53
2025-02-02 06:00:00+00:00,Oshodi,51.73
2025-02-02 08:00:00+00:00,Oshodi,56.27
2025-02-02 09:00:00+00:00,Oshodi,51.73
2025-02-02 10:00:00+00:00,Oshodi,50.75
2025-02-02 11:00:00+00:00,Oshodi,41.51
2025-02-02 12:00:00+00:00,Oshodi,52.18
2025-02-02 14:00:00+00:00,Oshodi,51.73
2025-02-02 15:00:00+00:00,Oshodi,29.94
2025-02-02 16:00:00+00:00,Oshodi,28.96
2025-02-02 17:00:00+00:00,Oshodi,29.98
2025-02-02 18:00:00+00:00,Oshodi,42.16
2025-02-02 19:00:00+00:00,Oshodi,33.38
2025-02-02 20:00:00+00:00,Oshodi,38.69
2025-02-02 21:00:00+00:00,Oshodi,44.67
2025-02-02 22:00:00+00:00,Oshodi,37.95
2025-02-02 23:00:00+00:00,Oshodi,52.65
2025-02-03 00:00:00+00:00,Oshodi,51.73
2025-02-03 01:00:00+00:00,Oshodi,47.4
2025-02-03 02:00:00+00:00,Oshodi,47.83
2025-02-03 03:00:00+00:00,Oshodi,62.21
2025-02-03 04:00:00+00:00,Oshodi,71.47
2025-02-03 05:00:00+00:00,Oshodi,60.71
2025-02-03 06:00:00+00:00,Oshodi,58.58
2025-02-03 08:00:00+00:00,Oshodi,56.41
2025-02-03 09:00:00+00:00,Oshodi,56.41
2025-02-03 10:00:00+00:00,Oshodi,59.2
2025-02-03 11:00:00+00:00,Oshodi,41.71
2025-02-03 12:00:00+00:00,Oshodi,66.93
2025-02-03 14:00:00+00:00,Oshodi,64.84
2025-02-03 15:00:00+00:00,Oshodi,45.45
2025-02-03 16:00:00+00:00,Oshodi,33.07
2025-02-03 17:00:00+00:00,Oshodi,47.12
2025-02-03 18:00:00+00:00,Oshodi,68.05
2025-02-03 19:00:00+00:00,Oshodi,65.97
2025-02-03 20:00:00+00:00,Oshodi,41.53
2025-02-03 21:00:00+00:00,Oshodi,51.98
2025-02-03 22:00:00+00:00,Oshodi,58.7
2025-02-03 23:00:00+00:00,Oshodi,55.35
2025-02-04 00:00:00+00:00,Oshodi,52.64
2025-02-04 01:00:00+00:00,Oshodi,52.64
2025-02-04 02:00:00+00:00,Oshodi,45.96
2025-02-04 03:00:00+00:00,Oshodi,56.86
2025-02-04 04:00:00+00:00,Oshodi,73.83
2025-02-04 05:00:00+00:00,Oshodi,52.85
2025-02-04 08:00:00+00:00,Oshodi,47.68
2025-02-04 09:00:00+00:00,Oshodi,53.83
2025-02-04 10:00:00+00:00,Oshodi,49.85
2025-02-04 11:00:00+00:00,Oshodi,54.48
2025-02-04 12:00:00+00:00,Oshodi,47.84
2025-02-04 14:00:00+00:00,Oshodi,39.16
2025-02-04 15:00:00+00:00,Oshodi,44.29
2025-02-04 16:00:00+00:00,Oshodi,54.48
2025-02-04 17:00:00+00:00,Oshodi,54.48
2025-02-04 18:00:00+00:00,Oshodi,42.06
2025-02-04 19:00:00+00:00,Oshodi,44.47
2025-02-04 20:00:00+00:00,Oshodi,43.0
2025-02-04 21:00:00+00:00,Oshodi,44.47
2025-02-04 22:00:00+00:00,Oshodi,54.48
2025-02-04 23:00:00+00:00,Oshodi,54.48
2025-02-05 00:00:00+00:00,Oshodi,47.83
2025-02-05 01:00:00+00:00,Oshodi,42.47
2025-02-05 02:00:00+00:00,Oshodi,47.6
2025-02-05 03:00:00+00:00,Oshodi,67.8
2025-02-05 04:00:00+00:00,Oshodi,65.31
2025-02-05 05:00:00+00:00,Oshodi,54.48
2025-02-05 06:00:00+00:00,Oshodi,54.48
2025-02-05 09:00:00+00:00,Oshodi,42.03
2025-02-05 10:00:00+00:00,Oshodi,43.5
2025-02-05 11:00:00+00:00,Oshodi,42.52
2025-02-05 12:00:00+00:00,Oshodi,54.48
2025-02-05 13:00:00+00:00,Oshodi,54.48
2025-02-05 14:00:00+00:00,Oshodi,54.48
2025-02-05 15:00:00+00:00,Oshodi,54.48
2025-02-05 16:00:00+00:00,Oshodi,54.48
2025-02-05 17:00:00+00:00,Oshodi,32.08
2025-02-05 18:00:00+00:00,Oshodi,30.38
2025-02-06 02:00:00+00:00,Oshodi,36.68
2025-02-06 03:00:00+00:00,Oshodi,30.71
2025-02-06 04:00:00+00:00,Oshodi,54.48
2025-02-06 05:00:00+00:00,Oshodi,54.48
2025-02-06 06:00:00+00:00,Oshodi,54.48
2025-02-06 08:00:00+00:00,Oshodi,34.17
2025-02-06 09:00:00+00:00,Oshodi,54.48
2025-02-06 10:00:00+00:00,Oshodi,43.15
2025-02-06 11:00:00+00:00,Oshodi,54.48
2025-02-06 12:00:00+00:00,Oshodi,54.48
2025-02-06 16:00:00+00:00,Oshodi,54.48
2025-02-06 17:00:00+00:00,Oshodi,54.48
2025-02-06 18:00:00+00:00,Oshodi,54.48
2025-02-06 19:00:00+00:00,Oshodi,30.17
2025-02-06 21:00:00+00:00,Oshodi,54.72
2025-02-06 22:00:00+00:00,Oshodi,34.67
2025-02-06 23:00:00+00:00,Oshodi,32.29
2025-02-07 00:00:00+00:00,Oshodi,37.58
2025-02-07 10:00:00+00:00,Oshodi,44.55
2025-02-07 11:00:00+00:00,Oshodi,40.89
2025-02-07 12:00:00+00:00,Oshodi,43.4
2025-02-07 13:00:00+00:00,Oshodi,33.29
2025-02-07 14:00:00+00:00,Oshodi,34.2
2025-02-07 15:00:00+00:00,Oshodi,34.3
2025-02-07 16:00:00+00:00,Oshodi,54.48
2025-02-07 17:00:00+00:00,Oshodi,34.26
2025-02-07 18:00:00+00:00,Oshodi,39.25
2025-02-07 19:00:00+00:00,Oshodi,54.48
2025-02-07 20:00:00+00:00,Oshodi,54.48
2025-02-07 21:00:00+00:00,Oshodi,54.48
2025-02-07 22:00:00+00:00,Oshodi,54.48
2025-02-07 23:00:00+00:00,Oshodi,36.43
2025-02-08 00:00:00+00:00,Oshodi,54.48
2025-02-08 01:00:00+00:00,Oshodi,54.48
2025-02-08 02:00:00+00:00,Oshodi,30.72
2025-02-08 03:00:00+00:00,Oshodi,31.76
2025-02-08 04:00:00+00:00,Oshodi,38.83
2025-02-08 05:00:00+00:00,Oshodi,54.48
2025-02-08 06:00:00+00:00,Oshodi,65.13
2025-02-08 08:00:00+00:00,Oshodi,54.48
2025-02-08 09:00:00+00:00,Oshodi,54.48
2025-02-08 10:00:00+00:00,Oshodi,54.48
2025-02-08 11:00:00+00:00,Oshodi,47.88
2025-02-08 12:00:00+00:00,Oshodi,54.48
2025-02-08 13:00:00+00:00,Oshodi,54.48
2025-02-08 14:00:00+00:00,Oshodi,29.31
2025-02-08 15:00:00+00:00,Oshodi,30.14
2025-02-08 16:00:00+00:00,Oshodi,24.44
2025-02-08 17:00:00+00:00,Oshodi,54.48
2025-02-08 18:00:00+00:00,Oshodi,54.48
2025-02-08 19:00:00+00:00,Oshodi,54.48
2025-02-08 20:00:00+00:00,Oshodi,54.48
2025-02-08 21:00:00+00:00,Oshodi,37.89
2025-02-09 12:00:00+00:00,Oshodi,25.24
2025-02-09 17:00:00+00:00,Oshodi,26.07
2025-02-09 18:00:00+00:00,Oshodi,54.48
2025-02-09 19:00:00+00:00,Oshodi,54.48
2025-02-09 20:00:00+00:00,Oshodi,21.0
2025-02-09 21:00:00+00:00,Oshodi,22.01
2025-02-09 22:00:00+00:00,Oshodi,54.48
2025-02-09 23:00:00+00:00,Oshodi,27.78
2025-02-10 00:00:00+00:00,Oshodi,39.02
2025-02-10 01:00:00+00:00,Oshodi,54.48
2025-02-10 02:00:00+00:00,Oshodi,54.48
2025-02-10 03:00:00+00:00,Oshodi,54.48
2025-02-10 04:00:00+00:00,Oshodi,45.65
2025-02-10 05:00:00+00:00,Oshodi,54.48
2025-02-10 06:00:00+00:00,Oshodi,49.35
2025-02-10 08:00:00+00:00,Oshodi,28.84
2025-02-10 09:00:00+00:00,Oshodi,54.48
2025-02-10 10:00:00+00:00,Oshodi,54.48
2025-02-10 11:00:00+00:00,Oshodi,54.48
2025-02-10 12:00:00+00:00,Oshodi,54.48
2025-02-10 13:00:00+00:00,Oshodi,54.48
2025-02-10 15:00:00+00:00,Oshodi,54.48
2025-02-10 16:00:00+00:00,Oshodi,54.48
2025-02-10 17:00:00+00:00,Oshodi,54.48
2025-02-10 18:00:00+00:00,Oshodi,22.54
2025-02-10 19:00:00+00:00,Oshodi,20.22
2025-02-10 20:00:00+00:00,Oshodi,54.48
2025-02-10 21:00:00+00:00,Oshodi,54.48
2025-02-10 22:00:00+00:00,Oshodi,54.48
2025-02-10 23:00:00+00:00,Oshodi,20.02
2025-02-11 00:00:00+00:00,Oshodi,16.28
2025-02-11 01:00:00+00:00,Oshodi,54.48
2025-02-11 02:00:00+00:00,Oshodi,54.48
2025-02-11 03:00:00+00:00,Oshodi,54.48
2025-02-11 04:00:00+00:00,Oshodi,54.48
2025-02-11 05:00:00+00:00,Oshodi,26.43
2025-02-11 06:00:00+00:00,Oshodi,45.85
2025-02-11 08:00:00+00:00,Oshodi,54.48
2025-02-11 09:00:00+00:00,Oshodi,30.65
2025-02-11 10:00:00+00:00,Oshodi,54.48
2025-02-11 11:00:00+00:00,Oshodi,54.48
2025-02-11 12:00:00+00:00,Oshodi,54.48
2025-02-11 13:00:00+00:00,Oshodi,54.48
2025-02-11 14:00:00+00:00,Oshodi,54.48
2025-02-11 15:00:00+00:00,Oshodi,17.85
2025-02-11 16:00:00+00:00,Oshodi,19.01
2025-02-11 17:00:00+00:00,Oshodi,54.48
2025-02-11 18:00:00+00:00,Oshodi,54.48
2025-02-11 19:00:00+00:00,Oshodi,21.8
2025-02-11 20:00:00+00:00,Oshodi,54.48
2025-02-11 21:00:00+00:00,Oshodi,21.94
2025-02-11 22:00:00+00:00,Oshodi,54.48
2025-02-11 23:00:00+00:00,Oshodi,21.75
2025-02-12 00:00:00+00:00,Oshodi,54.48
2025-02-12 01:00:00+00:00,Oshodi,54.48
2025-02-12 02:00:00+00:00,Oshodi,54.48
2025-02-12 03:00:00+00:00,Oshodi,54.48
2025-02-12 04:00:00+00:00,Oshodi,34.08
2025-02-12 05:00:00+00:00,Oshodi,54.48
2025-02-12 06:00:00+00:00,Oshodi,54.48
2025-02-12 08:00:00+00:00,Oshodi,54.48
2025-02-12 09:00:00+00:00,Oshodi,54.48
2025-02-12 10:00:00+00:00,Oshodi,31.13
2025-02-12 11:00:00+00:00,Oshodi,54.48
2025-02-12 18:00:00+00:00,Oshodi,21.74
2025-02-12 19:00:00+00:00,Oshodi,23.07
2025-02-12 20:00:00+00:00,Oshodi,54.48
2025-02-12 21:00:00+00:00,Oshodi,54.48
2025-02-12 22:00:00+00:00,Oshodi,23.47
2025-02-12 23:00:00+00:00,Oshodi,23.6
2025-02-13 00:00:00+00:00,Oshodi,54.48
2025-02-13 01:00:00+00:00,Oshodi,54.48
2025-02-13 02:00:00+00:00,Oshodi,22.92
2025-02-13 03:00:00+00:00,Oshodi,54.48
2025-02-13 04:00:00+00:00,Oshodi,54.48
2025-02-13 05:00:00+00:00,Oshodi,45.66
2025-02-13 06:00:00+00:00,Oshodi,31.35
2025-02-13 08:00:00+00:00,Oshodi,54.48
2025-02-13 09:00:00+00:00,Oshodi,54.48
2025-02-13 10:00:00+00:00,Oshodi,54.48
2025-02-13 11:00:00+00:00,Oshodi,54.48
2025-02-13 12:00:00+00:00,Oshodi,29.03
2025-02-13 13:00:00+00:00,Oshodi,54.48
2025-02-13 14:00:00+00:00,Oshodi,24.49
2025-02-13 15:00:00+00:00,Oshodi,23.54
2025-02-13 16:00:00+00:00,Oshodi,54.48
2025-02-13 17:00:00+00:00,Oshodi,21.48
2025-02-13 18:00:00+00:00,Oshodi,22.93
2025-02-13 19:00:00+00:00,Oshodi,54.48
2025-02-13 20:00:00+00:00,Oshodi,54.48
2025-02-13 21:00:00+00:00,Oshodi,54.48
2025-02-13 22:00:00+00:00,Oshodi,54.48
2025-02-13 23:00:00+00:00,Oshodi,23.63
2025-02-14 00:00:00+00:00,Oshodi,54.48
2025-02-14 01:00:00+00:00,Oshodi,22.57
2025-02-14 02:00:00+00:00,Oshodi,54.48
2025-02-14 03:00:00+00:00,Oshodi,37.04
2025-02-14 04:00:00+00:00,Oshodi,54.48
2025-02-14 05:00:00+00:00,Oshodi,54.48
2025-02-14 06:00:00+00:00,Oshodi,55.27
2025-02-14 08:00:00+00:00,Oshodi,54.48
2025-02-14 09:00:00+00:00,Oshodi,31.75
2025-02-14 10:00:00+00:00,Oshodi,54.48
2025-02-14 11:00:00+00:00,Oshodi,33.42
2025-02-14 12:00:00+00:00,Oshodi,51.22
2025-02-14 13:00:00+00:00,Oshodi,54.48
2025-02-14 14:00:00+00:00,Oshodi,29.47
2025-02-14 15:00:00+00:00,Oshodi,54.48
2025-02-14 16:00:00+00:00,Oshodi,54.48
2025-02-14 17:00:00+00:00,Oshodi,54.48
2025-02-14 18:00:00+00:00,Oshodi,24.61
2025-02-14 19:00:00+00:00,Oshodi,24.28
2025-02-14 20:00:00+00:00,Oshodi,54.48
2025-02-14 21:00:00+00:00,Oshodi,54.48
2025-02-14 22:00:00+00:00,Oshodi,22.42
2025-02-14 23:00:00+00:00,Oshodi,23.16
2025-02-15 00:00:00+00:00,Oshodi,23.05
2025-02-15 01:00:00+00:00,Oshodi,30.8
2025-02-15 02:00:00+00:00,Oshodi,29.65
2025-02-15 03:00:00+00:00,Oshodi,44.87
2025-02-15 04:00:00+00:00,Oshodi,49.21
2025-02-15 05:00:00+00:00,Oshodi,71.17
2025-02-15 06:00:00+00:00,Oshodi,38.31
2025-02-15 08:00:00+00:00,Oshodi,29.86
2025-02-15 09:00:00+00:00,Oshodi,28.98
2025-02-15 10:00:00+00:00,Oshodi,34.62
2025-02-15 11:00:00+00:00,Oshodi,31.78
2025-02-15 12:00:00+00:00,Oshodi,25.43
2025-02-15 17:00:00+00:00,Oshodi,25.2
2025-02-15 18:00:00+00:00,Oshodi,24.17
2025-02-15 19:00:00+00:00,Oshodi,24.14
2025-02-15 20:00:00+00:00,Oshodi,23.33
2025-02-15 21:00:00+00:00,Oshodi,26.69
2025-02-15 22:00:00+00:00,Oshodi,25.58
2025-02-15 23:00:00+00:00,Oshodi,25.45
2025-02-16 00:00:00+00:00,Oshodi,24.15
2025-02-16 01:00:00+00:00,Oshodi,27.55
2025-02-16 02:00:00+00:00,Oshodi,27.74
2025-02-16 03:00:00+00:00,Oshodi,29.34
2025-02-16 04:00:00+00:00,Oshodi,31.03
2025-02-16 05:00:00+00:00,Oshodi,43.83
2025-02-16 06:00:00+00:00,Oshodi,51.06
2025-02-16 08:00:00+00:00,Oshodi,31.34
2025-02-16 09:00:00+00:00,Oshodi,32.06
2025-02-16 10:00:00+00:00,Oshodi,31.69
2025-02-16 11:00:00+00:00,Oshodi,33.42
2025-02-16 13:00:00+00:00,Oshodi,34.23
2025-02-16 14:00:00+00:00,Oshodi,32.59
2025-02-16 15:00:00+00:00,Oshodi,34.92
2025-02-16 17:00:00+00:00,Oshodi,25.34
2025-02-16 18:00:00+00:00,Oshodi,29.34
2025-02-16 19:00:00+00:00,Oshodi,31.97
2025-02-16 20:00:00+00:00,Oshodi,26.99
2025-02-16 21:00:00+00:00,Oshodi,22.55
2025-02-16 22:00:00+00:00,Oshodi,24.03
2025-02-16 23:00:00+00:00,Oshodi,25.64
2025-02-17 00:00:00+00:00,Oshodi,43.13
2025-02-17 01:00:00+00:00,Oshodi,38.48
2025-02-17 02:00:00+00:00,Oshodi,24.52
2025-02-17 03:00:00+00:00,Oshodi,24.24
2025-02-17 04:00:00+00:00,Oshodi,29.52
2025-02-17 05:00:00+00:00,Oshodi,37.16
2025-02-17 06:00:00+00:00,Oshodi,47.1
2025-02-17 08:00:00+00:00,Oshodi,31.24
2025-02-17 09:00:00+00:00,Oshodi,33.69
2025-02-17 10:00:00+00:00,Oshodi,32.89
2025-02-17 11:00:00+00:00,Oshodi,41.42
2025-02-17 12:00:00+00:00,Oshodi,34.82
2025-02-17 13:00:00+00:00,Oshodi,25.38
2025-02-17 14:00:00+00:00,Oshodi,25.65
2025-02-17 22:00:00+00:00,Oshodi,27.31
2025-02-17 23:00:00+00:00,Oshodi,27.94
2025-02-18 00:00:00+00:00,Oshodi,24.0
2025-02-18 01:00:00+00:00,Oshodi,26.67
2025-02-18 02:00:00+00:00,Oshodi,36.96
2025-02-18 03:00:00+00:00,Oshodi,29.23
2025-02-18 04:00:00+00:00,Oshodi,29.32
2025-02-18 05:00:00+00:00,Oshodi,30.59
2025-02-18 07:00:00+00:00,Oshodi,30.26
2025-02-18 08:00:00+00:00,Oshodi,32.55
2025-02-18 09:00:00+00:00,Oshodi,24.79
2025-02-18 10:00:00+00:00,Oshodi,29.25
2025-02-18 11:00:00+00:00,Oshodi,31.23
2025-02-18 17:00:00+00:00,Oshodi,29.09
2025-02-18 18:00:00+00:00,Oshodi,30.46
2025-02-18 19:00:00+00:00,Oshodi,31.49
2025-02-18 20:00:00+00:00,Oshodi,36.55
2025-02-18 21:00:00+00:00,Oshodi,37.82
2025-02-18 22:00:00+00:00,Oshodi,30.89
2025-02-18 23:00:00+00:00,Oshodi,28.03
2025-02-19 00:00:00+00:00,Oshodi,30.26
2025-02-19 01:00:00+00:00,Oshodi,23.88
2025-02-19 02:00:00+00:00,Oshodi,23.0
2025-02-19 03:00:00+00:00,Oshodi,24.28
2025-02-19 04:00:00+00:00,Oshodi,27.72
2025-02-19 05:00:00+00:00,Oshodi,29.94
2025-02-19 06:00:00+00:00,Oshodi,30.53
2025-02-19 07:00:00+00:00,Oshodi,28.31
2025-02-19 08:00:00+00:00,Oshodi,31.38
2025-02-19 09:00:00+00:00,Oshodi,28.68
2025-02-19 10:00:00+00:00,Oshodi,24.17
2025-02-19 11:00:00+00:00,Oshodi,23.79
2025-02-19 12:00:00+00:00,Oshodi,23.24
2025-02-19 17:00:00+00:00,Oshodi,23.51
2025-02-19 18:00:00+00:00,Oshodi,24.07
2025-02-19 19:00:00+00:00,Oshodi,27.38
2025-02-19 20:00:00+00:00,Oshodi,27.49
2025-02-19 21:00:00+00:00,Oshodi,24.67
2025-02-19 22:00:00+00:00,Oshodi,22.97
2025-02-19 23:00:00+00:00,Oshodi,23.9
2025-02-20 00:00:00+00:00,Oshodi,22.13
2025-02-20 01:00:00+00:00,Oshodi,21.28
2025-02-20 02:00:00+00:00,Oshodi,21.19
2025-02-20 03:00:00+00:00,Oshodi,26.92
2025-02-20 04:00:00+00:00,Oshodi,25.47
2025-02-20 05:00:00+00:00,Oshodi,29.24
2025-02-20 06:00:00+00:00,Oshodi,31.18
2025-02-20 08:00:00+00:00,Oshodi,20.86
2025-02-20 09:00:00+00:00,Oshodi,21.62
2025-02-20 10:00:00+00:00,Oshodi,22.31
2025-02-20 11:00:00+00:00,Oshodi,22.82
2025-02-20 12:00:00+00:00,Oshodi,22.94
2025-02-20 17:00:00+00:00,Oshodi,23.38
2025-02-20 18:00:00+00:00,Oshodi,22.52
2025-02-20 19:00:00+00:00,Oshodi,20.05
2025-02-20 20:00:00+00:00,Oshodi,21.91
2025-02-20 21:00:00+00:00,Oshodi,22.83
2025-02-20 22:00:00+00:00,Oshodi,19.81
2025-02-20 23:00:00+00:00,Oshodi,21.98
2025-02-21 00:00:00+00:00,Oshodi,20.58
2025-02-21 01:00:00+00:00,Oshodi,19.23
2025-02-21 02:00:00+00:00,Oshodi,17.03
2025-02-21 03:00:00+00:00,Oshodi,22.58
2025-02-21 04:00:00+00:00,Oshodi,22.81
2025-02-21 05:00:00+00:00,Oshodi,29.68
2025-02-21 08:00:00+00:00,Oshodi,27.54
2025-02-21 09:00:00+00:00,Oshodi,23.55
2025-02-21 10:00:00+00:00,Oshodi,23.58
2025-02-21 11:00:00+00:00,Oshodi,24.7
2025-02-21 17:00:00+00:00,Oshodi,24.1
2025-02-21 18:00:00+00:00,Oshodi,27.29
2025-02-21 19:00:00+00:00,Oshodi,24.56
2025-02-21 20:00:00+00:00,Oshodi,23.27
2025-02-21 21:00:00+00:00,Oshodi,23.39
2025-02-21 22:00:00+00:00,Oshodi,22.75
2025-02-21 23:00:00+00:00,Oshodi,21.55
2025-02-22 00:00:00+00:00,Oshodi,19.3
2025-02-22 01:00:00+00:00,Oshodi,19.85
2025-02-22 02:00:00+00:00,Oshodi,19.04
2025-02-22 03:00:00+00:00,Oshodi,25.61
2025-02-22 04:00:00+00:00,Oshodi,29.44
2025-02-22 05:00:00+00:00,Oshodi,32.92
2025-02-22 06:00:00+00:00,Oshodi,37.8
2025-02-22 08:00:00+00:00,Oshodi,23.38
2025-02-22 09:00:00+00:00,Oshodi,21.8
2025-02-22 15:00:00+00:00,Oshodi,26.99
2025-02-22 16:00:00+00:00,Oshodi,47.52
2025-02-22 17:00:00+00:00,Oshodi,58.12
2025-02-22 18:00:00+00:00,Oshodi,41.56
2025-02-22 19:00:00+00:00,Oshodi,66.14
2025-02-22 20:00:00+00:00,Oshodi,65.45
2025-02-22 21:00:00+00:00,Oshodi,65.78
2025-02-22 22:00:00+00:00,Oshodi,61.29
2025-02-22 23:00:00+00:00,Oshodi,70.97
2025-02-23 00:00:00+00:00,Oshodi,48.01
2025-02-23 01:00:00+00:00,Oshodi,28.04
2025-02-23 02:00:00+00:00,Oshodi,22.73
2025-02-23 03:00:00+00:00,Oshodi,20.62
2025-02-23 04:00:00+00:00,Oshodi,20.56
2025-02-23 08:00:00+00:00,Oshodi,50.94
2025-02-23 09:00:00+00:00,Oshodi,51.54
2025-02-23 10:00:00+00:00,Oshodi,55.02
2025-02-23 11:00:00+00:00,Oshodi,57.56
2025-02-23 12:00:00+00:00,Oshodi,41.24
2025-02-23 13:00:00+00:00,Oshodi,35.45
2025-02-23 14:00:00+00:00,Oshodi,52.45
2025-02-23 15:00:00+00:00,Oshodi,32.28
2025-02-23 16:00:00+00:00,Oshodi,25.31
2025-02-23 17:00:00+00:00,Oshodi,24.7
2025-02-23 18:00:00+00:00,Oshodi,24.65
2025-02-23 19:00:00+00:00,Oshodi,25.95
2025-02-23 20:00:00+00:00,Oshodi,25.21
2025-02-23 21:00:00+00:00,Oshodi,34.05
2025-02-23 22:00:00+00:00,Oshodi,33.01
2025-02-23 23:00:00+00:00,Oshodi,32.86
2025-02-24 00:00:00+00:00,Oshodi,33.4
2025-02-24 01:00:00+00:00,Oshodi,31.01
2025-02-24 02:00:00+00:00,Oshodi,31.12
2025-02-24 03:00:00+00:00,Oshodi,31.14
2025-02-24 04:00:00+00:00,Oshodi,33.24
2025-02-24 08:00:00+00:00,Oshodi,30.23
2025-02-24 09:00:00+00:00,Oshodi,27.23
2025-02-24 10:00:00+00:00,Oshodi,21.56
2025-02-24 11:00:00+00:00,Oshodi,22.42
2025-02-24 12:00:00+00:00,Oshodi,21.76
2025-02-24 13:00:00+00:00,Oshodi,19.67
2025-02-24 14:00:00+00:00,Oshodi,16.65
2025-02-24 15:00:00+00:00,Oshodi,16.8
2025-02-24 16:00:00+00:00,Oshodi,18.26
2025-02-24 17:00:00+00:00,Oshodi,18.78
2025-02-24 18:00:00+00:00,Oshodi,19.92
2025-02-24 19:00:00+00:00,Oshodi,19.74
2025-02-24 20:00:00+00:00,Oshodi,22.12
2025-02-24 21:00:00+00:00,Oshodi,22.07
2025-02-24 22:00:00+00:00,Oshodi,19.81
2025-02-25 00:00:00+00:00,Oshodi,22.41
2025-02-25 01:00:00+00:00,Oshodi,20.94
2025-02-25 02:00:00+00:00,Oshodi,27.64
2025-02-25 03:00:00+00:00,Oshodi,29.56
2025-02-25 04:00:00+00:00,Oshodi,29.48
2025-02-25 08:00:00+00:00,Oshodi,29.36
2025-02-25 09:00:00+00:00,Oshodi,24.6
2025-02-25 10:00:00+00:00,Oshodi,28.75
2025-02-25 11:00:00+00:00,Oshodi,22.75
2025-02-25 12:00:00+00:00,Oshodi,22.99
2025-02-25 13:00:00+00:00,Oshodi,22.94
2025-02-25 14:00:00+00:00,Oshodi,23.82
2025-02-25 15:00:00+00:00,Oshodi,31.94
2025-02-25 17:00:00+00:00,Oshodi,22.48
2025-02-25 18:00:00+00:00,Oshodi,22.38
2025-02-25 19:00:00+00:00,Oshodi,22.99
2025-02-25 20:00:00+00:00,Oshodi,21.68
2025-02-25 21:00:00+00:00,Oshodi,23.1
2025-02-25 22:00:00+00:00,Oshodi,17.73
2025-02-25 23:00:00+00:00,Oshodi,17.84
2025-02-26 00:00:00+00:00,Oshodi,17.13
2025-02-26 01:00:00+00:00,Oshodi,17.4
2025-02-26 02:00:00+00:00,Oshodi,20.2
2025-02-26 03:00:00+00:00,Oshodi,45.73
2025-02-26 04:00:00+00:00,Oshodi,34.34
2025-02-26 05:00:00+00:00,Oshodi,44.84
2025-02-26 08:00:00+00:00,Oshodi,48.97
2025-02-26 09:00:00+00:00,Oshodi,53.08
2025-02-26 10:00:00+00:00,Oshodi,50.75
2025-02-26 11:00:00+00:00,Oshodi,38.21
2025-02-26 12:00:00+00:00,Oshodi,31.56
2025-02-26 13:00:00+00:00,Oshodi,30.24
2025-02-26 14:00:00+00:00,Oshodi,32.91
2025-02-26 15:00:00+00:00,Oshodi,26.07
2025-02-26 16:00:00+00:00,Oshodi,28.72
2025-02-26 17:00:00+00:00,Oshodi,24.91
2025-02-26 18:00:00+00:00,Oshodi,25.44
2025-02-26 19:00:00+00:00,Oshodi,28.9
2025-02-26 20:00:00+00:00,Oshodi,27.5
2025-02-26 21:00:00+00:00,Oshodi,27.31
2025-02-26 22:00:00+00:00,Oshodi,24.13
2025-02-26 23:00:00+00:00,Oshodi,24.97
2025-02-27 12:00:00+00:00,Oshodi,33.32
2025-02-27 16:00:00+00:00,Oshodi,29.27
2025-02-27 17:00:00+00:00,Oshodi,24.99
2025-02-27 18:00:00+00:00,Oshodi,23.32
2025-02-27 19:00:00+00:00,Oshodi,23.41
2025-02-27 20:00:00+00:00,Oshodi,23.63
2025-02-27 21:00:00+00:00,Oshodi,23.11
2025-02-27 22:00:00+00:00,Oshodi,23.39
2025-02-27 23:00:00+00:00,Oshodi,19.86
2025-02-28 00:00:00+00:00,Oshodi,16.48
2025-02-28 01:00:00+00:00,Oshodi,19.62
2025-02-28 02:00:00+00:00,Oshodi,21.91
2025-02-28 03:00:00+00:00,Oshodi,34.55
2025-02-28 08:00:00+00:00,Oshodi,35.87
2025-02-28 09:00:00+00:00,Oshodi,30.3
2025-02-28 11:00:00+00:00,Oshodi,46.02
2025-02-28 12:00:00+00:00,Oshodi,32.56
2025-02-28 13:00:00+00:00,Oshodi,33.56
2025-02-28 14:00:00+00:00,Oshodi,26.3
2025-02-28 15:00:00+00:00,Oshodi,23.24
2025-02-28 16:00:00+00:00,Oshodi,23.9
2025-02-28 17:00:00+00:00,Oshodi,24.84
2025-02-28 18:00:00+00:00,Oshodi,22.13
2025-02-28 19:00:00+00:00,Oshodi,22.08
2025-02-28 20:00:00+00:00,Oshodi,23.46
2025-02-28 21:00:00+00:00,Oshodi,25.16
2025-02-28 22:00:00+00:00,Oshodi,22.87
2025-02-01 00:00:00+00:00,UNILAG Colocation A,21.42
2025-02-01 01:00:00+00:00,UNILAG Colocation A,31.45
2025-02-01 02:00:00+00:00,UNILAG Colocation A,19.84
2025-02-01 03:00:00+00:00,UNILAG Colocation A,27.62
2025-02-01 04:00:00+00:00,UNILAG Colocation A,30.45
2025-02-01 05:00:00+00:00,UNILAG Colocation A,34.49
2025-02-01 06:00:00+00:00,UNILAG Colocation A,41.68
2025-02-01 08:00:00+00:00,UNILAG Colocation A,63.74
2025-02-01 09:00:00+00:00,UNILAG Colocation A,52.16
2025-02-01 10:00:00+00:00,UNILAG Colocation A,47.01
2025-02-01 11:00:00+00:00,UNILAG Colocation A,27.81
2025-02-01 12:00:00+00:00,UNILAG Colocation A,28.03
2025-02-01 14:00:00+00:00,UNILAG Colocation A,27.07
2025-02-01 15:00:00+00:00,UNILAG Colocation A,29.27
2025-02-01 16:00:00+00:00,UNILAG Colocation A,27.18
2025-02-01 17:00:00+00:00,UNILAG Colocation A,27.43
2025-02-01 19:00:00+00:00,UNILAG Colocation A,43.17
2025-02-01 20:00:00+00:00,UNILAG Colocation A,31.06
2025-02-01 21:00:00+00:00,UNILAG Colocation A,25.27
2025-02-01 22:00:00+00:00,UNILAG Colocation A,24.35
2025-02-02 00:00:00+00:00,UNILAG Colocation A,29.66
2025-02-02 01:00:00+00:00,UNILAG Colocation A,30.98
2025-02-02 02:00:00+00:00,UNILAG Colocation A,30.06
2025-02-02 03:00:00+00:00,UNILAG Colocation A,31.1
2025-02-02 04:00:00+00:00,UNILAG Colocation A,37.34
2025-02-02 05:00:00+00:00,UNILAG Colocation A,35.78
2025-02-02 06:00:00+00:00,UNILAG Colocation A,18.19
2025-02-02 07:00:00+00:00,UNILAG Colocation A,49.37
2025-02-02 08:00:00+00:00,UNILAG Colocation A,49.49
2025-02-02 09:00:00+00:00,UNILAG Colocation A,45.78
2025-02-02 10:00:00+00:00,UNILAG Colocation A,35.71
2025-02-02 11:00:00+00:00,UNILAG Colocation A,36.57
2025-02-02 12:00:00+00:00,UNILAG Colocation A,32.98
2025-02-02 13:00:00+00:00,UNILAG Colocation A,30.25
2025-02-02 14:00:00+00:00,UNILAG Colocation A,28.85
2025-02-02 15:00:00+00:00,UNILAG Colocation A,28.85
2025-02-02 16:00:00+00:00,UNILAG Colocation A,35.16
2025-02-02 17:00:00+00:00,UNILAG Colocation A,46.29
2025-02-02 18:00:00+00:00,UNILAG Colocation A,44.26
2025-02-02 19:00:00+00:00,UNILAG Colocation A,40.48
2025-02-02 20:00:00+00:00,UNILAG Colocation A,35.92
2025-02-02 21:00:00+00:00,UNILAG Colocation A,36.17
2025-02-02 22:00:00+00:00,UNILAG Colocation A,41.39
2025-02-02 23:00:00+00:00,UNILAG Colocation A,42.87
2025-02-03 00:00:00+00:00,UNILAG Colocation A,42.52
2025-02-03 01:00:00+00:00,UNILAG Colocation A,39.47
2025-02-03 02:00:00+00:00,UNILAG Colocation A,53.19
2025-02-03 05:00:00+00:00,UNILAG Colocation A,45.17
2025-02-03 06:00:00+00:00,UNILAG Colocation A,47.23
2025-02-03 07:00:00+00:00,UNILAG Colocation A,43.72
2025-02-03 08:00:00+00:00,UNILAG Colocation A,43.3
2025-02-03 09:00:00+00:00,UNILAG Colocation A,36.51
2025-02-03 10:00:00+00:00,UNILAG Colocation A,63.03
2025-02-03 11:00:00+00:00,UNILAG Colocation A,39.53
2025-02-03 12:00:00+00:00,UNILAG Colocation A,50.63
2025-02-03 13:00:00+00:00,UNILAG Colocation A,48.78
2025-02-03 14:00:00+00:00,UNILAG Colocation A,44.38
2025-02-03 15:00:00+00:00,UNILAG Colocation A,45.15
2025-02-03 16:00:00+00:00,UNILAG Colocation A,36.69
2025-02-03 17:00:00+00:00,UNILAG Colocation A,48.14
2025-02-03 18:00:00+00:00,UNILAG Colocation A,54.86
2025-02-03 19:00:00+00:00,UNILAG Colocation A,67.37
2025-02-03 20:00:00+00:00,UNILAG Colocation A,58.66
2025-02-03 21:00:00+00:00,UNILAG Colocation A,48.71
2025-02-03 22:00:00+00:00,UNILAG Colocation A,40.55
2025-02-03 23:00:00+00:00,UNILAG Colocation A,38.13
2025-02-04 00:00:00+00:00,UNILAG Colocation A,37.26
2025-02-04 01:00:00+00:00,UNILAG Colocation A,50.81
2025-02-04 02:00:00+00:00,UNILAG Colocation A,41.97
2025-02-04 03:00:00+00:00,UNILAG Colocation A,66.43
2025-02-04 04:00:00+00:00,UNILAG Colocation A,45.41
2025-02-04 05:00:00+00:00,UNILAG Colocation A,45.41
2025-02-04 07:00:00+00:00,UNILAG Colocation A,45.88
2025-02-04 08:00:00+00:00,UNILAG Colocation A,38.14
2025-02-04 09:00:00+00:00,UNILAG Colocation A,37.28
2025-02-04 10:00:00+00:00,UNILAG Colocation A,44.07
2025-02-04 11:00:00+00:00,UNILAG Colocation A,44.65
2025-02-04 12:00:00+00:00,UNILAG Colocation A,44.65
2025-02-04 13:00:00+00:00,UNILAG Colocation A,44.65
2025-02-04 14:00:00+00:00,UNILAG Colocation A,43.34
2025-02-04 15:00:00+00:00,UNILAG Colocation A,44.68
2025-02-04 16:00:00+00:00,UNILAG Colocation A,43.9
2025-02-04 17:00:00+00:00,UNILAG Colocation A,44.65
2025-02-04 18:00:00+00:00,UNILAG Colocation A,45.83
2025-02-04 19:00:00+00:00,UNILAG Colocation A,44.3
2025-02-04 20:00:00+00:00,UNILAG Colocation A,49.94
2025-02-04 21:00:00+00:00,UNILAG Colocation A,45.23
2025-02-04 22:00:00+00:00,UNILAG Colocation A,43.19
2025-02-04 23:00:00+00:00,UNILAG Colocation A,43.21
2025-02-05 00:00:00+00:00,UNILAG Colocation A,50.09
2025-02-05 01:00:00+00:00,UNILAG Colocation A,45.65
2025-02-05 02:00:00+00:00,UNILAG Colocation A,41.69
2025-02-05 03:00:00+00:00,UNILAG Colocation A,44.65
2025-02-05 07:00:00+00:00,UNILAG Colocation A,44.65
2025-02-05 08:00:00+00:00,UNILAG Colocation A,49.66
2025-02-05 09:00:00+00:00,UNILAG Colocation A,44.65
2025-02-05 13:00:00+00:00,UNILAG Colocation A,44.65
2025-02-05 14:00:00+00:00,UNILAG Colocation A,44.65
2025-02-05 15:00:00+00:00,UNILAG Colocation A,44.65
2025-02-05 16:00:00+00:00,UNILAG Colocation A,26.6
2025-02-05 17:00:00+00:00,UNILAG Colocation A,27.01
2025-02-05 18:00:00+00:00,UNILAG Colocation A,33.18
2025-02-05 19:00:00+00:00,UNILAG Colocation A,44.65
2025-02-05 20:00:00+00:00,UNILAG Colocation A,32.67
2025-02-05 21:00:00+00:00,UNILAG Colocation A,29.08
2025-02-05 22:00:00+00:00,UNILAG Colocation A,32.87
2025-02-05 23:00:00+00:00,UNILAG Colocation A,44.65
2025-02-06 00:00:00+00:00,UNILAG Colocation A,44.65
2025-02-06 01:00:00+00:00,UNILAG Colocation A,44.65
2025-02-06 02:00:00+00:00,UNILAG Colocation A,22.73
2025-02-06 03:00:00+00:00,UNILAG Colocation A,30.91
2025-02-06 04:00:00+00:00,UNILAG Colocation A,44.65
2025-02-06 05:00:00+00:00,UNILAG Colocation A,44.65
2025-02-06 06:00:00+00:00,UNILAG Colocation A,37.21
2025-02-06 07:00:00+00:00,UNILAG Colocation A,35.25
2025-02-06 08:00:00+00:00,UNILAG Colocation A,26.44
2025-02-06 09:00:00+00:00,UNILAG Colocation A,44.65
2025-02-06 10:00:00+00:00,UNILAG Colocation A,42.76
2025-02-06 11:00:00+00:00,UNILAG Colocation A,30.73
2025-02-06 12:00:00+00:00,UNILAG Colocation A,39.55
2025-02-06 17:00:00+00:00,UNILAG Colocation A,44.65
2025-02-06 18:00:00+00:00,UNILAG Colocation A,44.65
2025-02-06 19:00:00+00:00,UNILAG Colocation A,44.65
2025-02-06 20:00:00+00:00,UNILAG Colocation A,44.65
2025-02-06 21:00:00+00:00,UNILAG Colocation A,31.57
2025-02-06 22:00:00+00:00,UNILAG Colocation A,44.65
2025-02-06 23:00:00+00:00,UNILAG Colocation A,24.22
2025-02-07 00:00:00+00:00,UNILAG Colocation A,38.16
2025-02-07 01:00:00+00:00,UNILAG Colocation A,44.65
2025-02-07 02:00:00+00:00,UNILAG Colocation A,44.65
2025-02-07 03:00:00+00:00,UNILAG Colocation A,40.46
2025-02-07 04:00:00+00:00,UNILAG Colocation A,44.65
2025-02-07 05:00:00+00:00,UNILAG Colocation A,44.97
2025-02-07 06:00:00+00:00,UNILAG Colocation A,45.67
2025-02-07 07:00:00+00:00,UNILAG Colocation A,44.65
2025-02-07 08:00:00+00:00,UNILAG Colocation A,40.39
2025-02-07 09:00:00+00:00,UNILAG Colocation A,44.65
2025-02-07 10:00:00+00:00,UNILAG Colocation A,44.65
2025-02-07 11:00:00+00:00,UNILAG Colocation A,37.84
2025-02-07 12:00:00+00:00,UNILAG Colocation A,36.28
2025-02-07 13:00:00+00:00,UNILAG Colocation A,36.81
2025-02-07 14:00:00+00:00,UNILAG Colocation A,35.36
2025-02-07 15:00:00+00:00,UNILAG Colocation A,32.95
2025-02-07 16:00:00+00:00,UNILAG Colocation A,32.42
2025-02-07 17:00:00+00:00,UNILAG Colocation A,44.65
2025-02-07 18:00:00+00:00,UNILAG Colocation A,35.35
2025-02-07 19:00:00+00:00,UNILAG Colocation A,44.65
2025-02-07 20:00:00+00:00,UNILAG Colocation A,44.65
2025-02-08 00:00:00+00:00,UNILAG Colocation A,20.04
2025-02-08 01:00:00+00:00,UNILAG Colocation A,44.65
2025-02-08 02:00:00+00:00,UNILAG Colocation A,44.65
2025-02-08 03:00:00+00:00,UNILAG Colocation A,29.37
2025-02-08 04:00:00+00:00,UNILAG Colocation A,44.65
2025-02-08 05:00:00+00:00,UNILAG Colocation A,44.65
2025-02-08 06:00:00+00:00,UNILAG Colocation A,33.96
2025-02-08 07:00:00+00:00,UNILAG Colocation A,44.65
2025-02-08 08:00:00+00:00,UNILAG Colocation A,38.68
2025-02-08 09:00:00+00:00,UNILAG Colocation A,44.65
2025-02-08 10:00:00+00:00,UNILAG Colocation A,41.17
2025-02-08 11:00:00+00:00,UNILAG Colocation A,26.57
2025-02-08 12:00:00+00:00,UNILAG Colocation A,44.65
2025-02-08 13:00:00+00:00,UNILAG Colocation A,44.65
2025-02-08 14:00:00+00:00,UNILAG Colocation A,31.78
2025-02-08 15:00:00+00:00,UNILAG Colocation A,44.65
2025-02-08 16:00:00+00:00,UNILAG Colocation A,23.95
2025-02-08 17:00:00+00:00,UNILAG Colocation A,27.4
2025-02-08 18:00:00+00:00,UNILAG Colocation A,44.65
2025-02-08 19:00:00+00:00,UNILAG Colocation A,44.65
2025-02-08 20:00:00+00:00,UNILAG Colocation A,44.65
2025-02-08 21:00:00+00:00,UNILAG Colocation A,44.65
2025-02-08 22:00:00+00:00,UNILAG Colocation A,44.65
2025-02-08 23:00:00+00:00,UNILAG Colocation A,33.39
2025-02-09 00:00:00+00:00,UNILAG Colocation A,44.65
2025-02-09 01:00:00+00:00,UNILAG Colocation A,20.07
2025-02-09 02:00:00+00:00,UNILAG Colocation A,44.65
2025-02-09 03:00:00+00:00,UNILAG Colocation A,41.8
2025-02-09 04:00:00+00:00,UNILAG Colocation A,41.37
2025-02-09 05:00:00+00:00,UNILAG Colocation A,52.47
2025-02-09 12:00:00+00:00,UNILAG Colocation A,30.46
2025-02-09 13:00:00+00:00,UNILAG Colocation A,44.65
2025-02-09 14:00:00+00:00,UNILAG Colocation A,22.68
2025-02-09 15:00:00+00:00,UNILAG Colocation A,44.65
2025-02-09 16:00:00+00:00,UNILAG Colocation A,23.46
2025-02-09 17:00:00+00:00,UNILAG Colocation A,44.65
2025-02-09 18:00:00+00:00,UNILAG Colocation A,44.65
2025-02-09 19:00:00+00:00,UNILAG Colocation A,44.65
2025-02-09 20:00:00+00:00,UNILAG Colocation A,23.89
2025-02-09 21:00:00+00:00,UNILAG Colocation A,44.65
2025-02-09 22:00:00+00:00,UNILAG Colocation A,44.65
2025-02-09 23:00:00+00:00,UNILAG Colocation A,44.65
2025-02-10 00:00:00+00:00,UNILAG Colocation A,44.65
2025-02-10 01:00:00+00:00,UNILAG Colocation A,18.76
2025-02-10 02:00:00+00:00,UNILAG Colocation A,28.39
2025-02-10 03:00:00+00:00,UNILAG Colocation A,19.23
2025-02-10 04:00:00+00:00,UNILAG Colocation A,23.14
2025-02-10 05:00:00+00:00,UNILAG Colocation A,27.62
2025-02-10 10:00:00+00:00,UNILAG Colocation A,26.75
2025-02-10 11:00:00+00:00,UNILAG Colocation A,44.65
2025-02-10 12:00:00+00:00,UNILAG Colocation A,22.99
2025-02-10 13:00:00+00:00,UNILAG Colocation A,44.65
2025-02-10 14:00:00+00:00,UNILAG Colocation A,18.36
2025-02-10 15:00:00+00:00,UNILAG Colocation A,18.13
2025-02-10 16:00:00+00:00,UNILAG Colocation A,44.65
2025-02-10 17:00:00+00:00,UNILAG Colocation A,44.65
2025-02-10 20:00:00+00:00,UNILAG Colocation A,44.65
2025-02-10 21:00:00+00:00,UNILAG Colocation A,18.6
2025-02-11 01:00:00+00:00,UNILAG Colocation A,17.72
2025-02-11 02:00:00+00:00,UNILAG Colocation A,19.12
2025-02-11 03:00:00+00:00,UNILAG Colocation A,44.65
2025-02-11 04:00:00+00:00,UNILAG Colocation A,44.65
2025-02-11 05:00:00+00:00,UNILAG Colocation A,19.08
2025-02-11 06:00:00+00:00,UNILAG Colocation A,19.9
2025-02-11 09:00:00+00:00,UNILAG Colocation A,23.1
2025-02-11 10:00:00+00:00,UNILAG Colocation A,44.65
2025-02-11 11:00:00+00:00,UNILAG Colocation A,44.65
2025-02-11 12:00:00+00:00,UNILAG Colocation A,23.4
2025-02-11 13:00:00+00:00,UNILAG Colocation A,44.65
2025-02-11 14:00:00+00:00,UNILAG Colocation A,44.65
2025-02-11 15:00:00+00:00,UNILAG Colocation A,14.61
2025-02-11 20:00:00+00:00,UNILAG Colocation A,22.15
2025-02-11 22:00:00+00:00,UNILAG Colocation A,44.65
2025-02-12 00:00:00+00:00,UNILAG Colocation A,13.11
2025-02-12 03:00:00+00:00,UNILAG Colocation A,15.25
2025-02-12 04:00:00+00:00,UNILAG Colocation A,44.65
2025-02-12 05:00:00+00:00,UNILAG Colocation A,19.49
2025-02-12 06:00:00+00:00,UNILAG Colocation A,44.65
2025-02-12 07:00:00+00:00,UNILAG Colocation A,21.32
2025-02-12 08:00:00+00:00,UNILAG Colocation A,21.35
2025-02-12 09:00:00+00:00,UNILAG Colocation A,21.86
2025-02-12 10:00:00+00:00,UNILAG Colocation A,24.59
2025-02-12 11:00:00+00:00,UNILAG Colocation A,44.65
2025-02-12 14:00:00+00:00,UNILAG Colocation A,19.98
2025-02-12 15:00:00+00:00,UNILAG Colocation A,22.77
2025-02-12 16:00:00+00:00,UNILAG Colocation A,20.2
2025-02-12 17:00:00+00:00,UNILAG Colocation A,44.65
2025-02-12 18:00:00+00:00,UNILAG Colocation A,44.65
2025-02-12 19:00:00+00:00,UNILAG Colocation A,21.25
2025-02-12 21:00:00+00:00,UNILAG Colocation A,44.65
2025-02-12 22:00:00+00:00,UNILAG Colocation A,44.65
2025-02-12 23:00:00+00:00,UNILAG Colocation A,44.65
2025-02-13 00:00:00+00:00,UNILAG Colocation A,44.65
2025-02-13 01:00:00+00:00,UNILAG Colocation A,44.65
2025-02-13 02:00:00+00:00,UNILAG Colocation A,18.11
2025-02-13 07:00:00+00:00,UNILAG Colocation A,28.49
2025-02-13 08:00:00+00:00,UNILAG Colocation A,23.43
2025-02-13 09:00:00+00:00,UNILAG Colocation A,23.96
2025-02-13 12:00:00+00:00,UNILAG Colocation A,22.17
2025-02-13 14:00:00+00:00,UNILAG Colocation A,24.42
2025-02-13 17:00:00+00:00,UNILAG Colocation A,44.65
2025-02-13 20:00:00+00:00,UNILAG Colocation A,44.65
2025-02-13 21:00:00+00:00,UNILAG Colocation A,19.53
2025-02-13 22:00:00+00:00,UNILAG Colocation A,21.34
2025-02-13 23:00:00+00:00,UNILAG Colocation A,25.9
2025-02-14 00:00:00+00:00,UNILAG Colocation A,18.24
2025-02-14 01:00:00+00:00,UNILAG Colocation A,18.94
2025-02-14 02:00:00+00:00,UNILAG Colocation A,44.65
2025-02-14 03:00:00+00:00,UNILAG Colocation A,44.65
2025-02-14 04:00:00+00:00,UNILAG Colocation A,18.17
2025-02-14 05:00:00+00:00,UNILAG Colocation A,44.65
2025-02-14 06:00:00+00:00,UNILAG Colocation A,34.75
2025-02-14 07:00:00+00:00,UNILAG Colocation A,44.65
2025-02-14 08:00:00+00:00,UNILAG Colocation A,25.88
2025-02-14 09:00:00+00:00,UNILAG Colocation A,24.03
2025-02-14 10:00:00+00:00,UNILAG Colocation A,44.65
2025-02-14 11:00:00+00:00,UNILAG Colocation A,33.0
2025-02-14 12:00:00+00:00,UNILAG Colocation A,25.44
2025-02-14 13:00:00+00:00,UNILAG Colocation A,44.65
2025-02-14 14:00:00+00:00,UNILAG Colocation A,24.71
2025-02-14 15:00:00+00:00,UNILAG Colocation A,28.19
2025-02-14 16:00:00+00:00,UNILAG Colocation A,44.65
2025-02-14 17:00:00+00:00,UNILAG Colocation A,44.65
2025-02-14 20:00:00+00:00,UNILAG Colocation A,20.4
2025-02-14 23:00:00+00:00,UNILAG Colocation A,44.65
2025-02-15 00:00:00+00:00,UNILAG Colocation A,15.74
2025-02-15 01:00:00+00:00,UNILAG Colocation A,18.06
2025-02-15 02:00:00+00:00,UNILAG Colocation A,18.86
2025-02-15 03:00:00+00:00,UNILAG Colocation A,23.43
2025-02-15 04:00:00+00:00,UNILAG Colocation A,26.44
2025-02-15 05:00:00+00:00,UNILAG Colocation A,44.65
2025-02-15 06:00:00+00:00,UNILAG Colocation A,35.67
2025-02-15 07:00:00+00:00,UNILAG Colocation A,34.99
2025-02-15 08:00:00+00:00,UNILAG Colocation A,24.13
2025-02-15 09:00:00+00:00,UNILAG Colocation A,44.65
2025-02-15 10:00:00+00:00,UNILAG Colocation A,26.7
2025-02-15 11:00:00+00:00,UNILAG Colocation A,23.71
2025-02-15 12:00:00+00:00,UNILAG Colocation A,22.26
2025-02-15 13:00:00+00:00,UNILAG Colocation A,22.18
2025-02-15 14:00:00+00:00,UNILAG Colocation A,23.64
2025-02-15 15:00:00+00:00,UNILAG Colocation A,20.89
2025-02-15 16:00:00+00:00,UNILAG Colocation A,19.58
2025-02-15 17:00:00+00:00,UNILAG Colocation A,21.03
2025-02-15 18:00:00+00:00,UNILAG Colocation A,24.09
2025-02-15 19:00:00+00:00,UNILAG Colocation A,25.83
2025-02-15 20:00:00+00:00,UNILAG Colocation A,23.01
2025-02-15 21:00:00+00:00,UNILAG Colocation A,20.96
2025-02-15 22:00:00+00:00,UNILAG Colocation A,20.38
2025-02-15 23:00:00+00:00,UNILAG Colocation A,20.99
2025-02-16 00:00:00+00:00,UNILAG Colocation A,20.06
2025-02-16 01:00:00+00:00,UNILAG Colocation A,18.55
2025-02-16 02:00:00+00:00,UNILAG Colocation A,19.78
2025-02-16 03:00:00+00:00,UNILAG Colocation A,18.89
2025-02-16 04:00:00+00:00,UNILAG Colocation A,19.02
2025-02-16 05:00:00+00:00,UNILAG Colocation A,19.27
2025-02-16 06:00:00+00:00,UNILAG Colocation A,26.84
2025-02-16 08:00:00+00:00,UNILAG Colocation A,32.33
2025-02-16 09:00:00+00:00,UNILAG Colocation A,27.85
2025-02-16 10:00:00+00:00,UNILAG Colocation A,30.96
2025-02-16 11:00:00+00:00,UNILAG Colocation A,35.13
2025-02-16 12:00:00+00:00,UNILAG Colocation A,32.66
2025-02-16 13:00:00+00:00,UNILAG Colocation A,27.45
2025-02-16 14:00:00+00:00,UNILAG Colocation A,27.77
2025-02-16 15:00:00+00:00,UNILAG Colocation A,27.54
2025-02-16 16:00:00+00:00,UNILAG Colocation A,26.03
2025-02-16 17:00:00+00:00,UNILAG Colocation A,25.76
2025-02-16 18:00:00+00:00,UNILAG Colocation A,23.38
2025-02-16 19:00:00+00:00,UNILAG Colocation A,22.52
2025-02-16 20:00:00+00:00,UNILAG Colocation A,22.95
2025-02-16 21:00:00+00:00,UNILAG Colocation A,22.18
2025-02-16 22:00:00+00:00,UNILAG Colocation A,21.15
2025-02-16 23:00:00+00:00,UNILAG Colocation A,20.46
2025-02-17 00:00:00+00:00,UNILAG Colocation A,19.07
2025-02-17 01:00:00+00:00,UNILAG Colocation A,22.0
2025-02-17 02:00:00+00:00,UNILAG Colocation A,19.26
2025-02-17 03:00:00+00:00,UNILAG Colocation A,19.02
2025-02-17 04:00:00+00:00,UNILAG Colocation A,18.91
2025-02-17 05:00:00+00:00,UNILAG Colocation A,25.5
2025-02-17 06:00:00+00:00,UNILAG Colocation A,28.88
2025-02-17 07:00:00+00:00,UNILAG Colocation A,31.73
2025-02-17 08:00:00+00:00,UNILAG Colocation A,27.28
2025-02-17 09:00:00+00:00,UNILAG Colocation A,28.76
2025-02-17 10:00:00+00:00,UNILAG Colocation A,29.54
2025-02-17 11:00:00+00:00,UNILAG Colocation A,32.19
2025-02-17 12:00:00+00:00,UNILAG Colocation A,26.05
2025-02-17 13:00:00+00:00,UNILAG Colocation A,26.78
2025-02-17 14:00:00+00:00,UNILAG Colocation A,26.41
2025-02-17 15:00:00+00:00,UNILAG Colocation A,27.02
2025-02-17 16:00:00+00:00,UNILAG Colocation A,24.58
2025-02-17 17:00:00+00:00,UNILAG Colocation A,23.95
2025-02-17 18:00:00+00:00,UNILAG Colocation A,24.48
2025-02-17 19:00:00+00:00,UNILAG Colocation A,28.18
2025-02-17 20:00:00+00:00,UNILAG Colocation A,25.6
2025-02-17 21:00:00+00:00,UNILAG Colocation A,25.53
2025-02-17 22:00:00+00:00,UNILAG Colocation A,27.03
2025-02-17 23:00:00+00:00,UNILAG Colocation A,24.92
2025-02-18 00:00:00+00:00,UNILAG Colocation A,21.42
2025-02-18 01:00:00+00:00,UNILAG Colocation A,28.8
2025-02-18 02:00:00+00:00,UNILAG Colocation A,18.78
2025-02-18 03:00:00+00:00,UNILAG Colocation A,23.96
2025-02-18 04:00:00+00:00,UNILAG Colocation A,27.94
2025-02-18 05:00:00+00:00,UNILAG Colocation A,31.58
2025-02-18 06:00:00+00:00,UNILAG Colocation A,32.06
2025-02-18 07:00:00+00:00,UNILAG Colocation A,31.36
2025-02-18 08:00:00+00:00,UNILAG Colocation A,22.36
2025-02-18 09:00:00+00:00,UNILAG Colocation A,23.76
2025-02-18 10:00:00+00:00,UNILAG Colocation A,24.72
2025-02-18 11:00:00+00:00,UNILAG Colocation A,27.32
2025-02-18 12:00:00+00:00,UNILAG Colocation A,26.43
2025-02-18 13:00:00+00:00,UNILAG Colocation A,25.11
2025-02-18 14:00:00+00:00,UNILAG Colocation A,25.18
2025-02-18 15:00:00+00:00,UNILAG Colocation A,25.1
2025-02-18 16:00:00+00:00,UNILAG Colocation A,35.32
2025-02-18 17:00:00+00:00,UNILAG Colocation A,30.85
2025-02-18 18:00:00+00:00,UNILAG Colocation A,33.65
2025-02-18 19:00:00+00:00,UNILAG Colocation A,33.01
2025-02-18 20:00:00+00:00,UNILAG Colocation A,29.44
2025-02-18 21:00:00+00:00,UNILAG Colocation A,24.95
2025-02-18 22:00:00+00:00,UNILAG Colocation A,26.36
2025-02-18 23:00:00+00:00,UNILAG Colocation A,22.39
2025-02-19 00:00:00+00:00,UNILAG Colocation A,22.39
2025-02-19 01:00:00+00:00,UNILAG Colocation A,18.7
2025-02-19 02:00:00+00:00,UNILAG Colocation A,19.47
2025-02-19 03:00:00+00:00,UNILAG Colocation A,19.64
2025-02-19 04:00:00+00:00,UNILAG Colocation A,19.24
2025-02-19 05:00:00+00:00,UNILAG Colocation A,26.91
2025-02-19 06:00:00+00:00,UNILAG Colocation A,30.48
2025-02-19 07:00:00+00:00,UNILAG Colocation A,31.15
2025-02-19 08:00:00+00:00,UNILAG Colocation A,22.37
2025-02-19 09:00:00+00:00,UNILAG Colocation A,20.51
2025-02-19 10:00:00+00:00,UNILAG Colocation A,19.84
2025-02-19 11:00:00+00:00,UNILAG Colocation A,21.58
2025-02-19 12:00:00+00:00,UNILAG Colocation A,22.31
2025-02-19 13:00:00+00:00,UNILAG Colocation A,22.32
2025-02-19 14:00:00+00:00,UNILAG Colocation A,19.73
2025-02-19 15:00:00+00:00,UNILAG Colocation A,18.19
2025-02-19 16:00:00+00:00,UNILAG Colocation A,18.64
2025-02-19 17:00:00+00:00,UNILAG Colocation A,19.27
2025-02-19 18:00:00+00:00,UNILAG Colocation A,23.44
2025-02-19 19:00:00+00:00,UNILAG Colocation A,23.59
2025-02-19 20:00:00+00:00,UNILAG Colocation A,23.37
2025-02-19 21:00:00+00:00,UNILAG Colocation A,22.4
2025-02-19 22:00:00+00:00,UNILAG Colocation A,21.18
2025-02-19 23:00:00+00:00,UNILAG Colocation A,21.51
2025-02-20 00:00:00+00:00,UNILAG Colocation A,19.4
2025-02-20 01:00:00+00:00,UNILAG Colocation A,19.05
2025-02-20 02:00:00+00:00,UNILAG Colocation A,19.11
2025-02-20 03:00:00+00:00,UNILAG Colocation A,18.68
2025-02-20 04:00:00+00:00,UNILAG Colocation A,18.75
2025-02-20 05:00:00+00:00,UNILAG Colocation A,25.88
2025-02-20 07:00:00+00:00,UNILAG Colocation A,23.81
2025-02-20 08:00:00+00:00,UNILAG Colocation A,20.2
2025-02-20 09:00:00+00:00,UNILAG Colocation A,19.24
2025-02-20 10:00:00+00:00,UNILAG Colocation A,22.56
2025-02-20 11:00:00+00:00,UNILAG Colocation A,20.48
2025-02-20 13:00:00+00:00,UNILAG Colocation A,21.22
2025-02-20 14:00:00+00:00,UNILAG Colocation A,20.33
2025-02-20 15:00:00+00:00,UNILAG Colocation A,18.51
2025-02-20 16:00:00+00:00,UNILAG Colocation A,18.31
2025-02-20 17:00:00+00:00,UNILAG Colocation A,18.87
2025-02-20 18:00:00+00:00,UNILAG Colocation A,20.06
2025-02-20 19:00:00+00:00,UNILAG Colocation A,21.21
2025-02-20 20:00:00+00:00,UNILAG Colocation A,22.2
2025-02-20 21:00:00+00:00,UNILAG Colocation A,21.36
2025-02-20 22:00:00+00:00,UNILAG Colocation A,19.86
2025-02-20 23:00:00+00:00,UNILAG Colocation A,20.74
2025-02-21 00:00:00+00:00,UNILAG Colocation A,17.84
2025-02-21 01:00:00+00:00,UNILAG Colocation A,16.07
2025-02-21 02:00:00+00:00,UNILAG Colocation A,16.64
2025-02-21 03:00:00+00:00,UNILAG Colocation A,16.53
2025-02-21 04:00:00+00:00,UNILAG Colocation A,18.41
2025-02-21 05:00:00+00:00,UNILAG Colocation A,19.72
2025-02-21 06:00:00+00:00,UNILAG Colocation A,20.34
2025-02-21 07:00:00+00:00,UNILAG Colocation A,22.68
2025-02-21 08:00:00+00:00,UNILAG Colocation A,22.36
2025-02-21 09:00:00+00:00,UNILAG Colocation A,22.9
2025-02-21 10:00:00+00:00,UNILAG Colocation A,23.35
2025-02-21 11:00:00+00:00,UNILAG Colocation A,22.09
2025-02-21 12:00:00+00:00,UNILAG Colocation A,21.86
2025-02-21 13:00:00+00:00,UNILAG Colocation A,21.98
2025-02-21 14:00:00+00:00,UNILAG Colocation A,17.44
2025-02-21 15:00:00+00:00,UNILAG Colocation A,16.96
2025-02-21 16:00:00+00:00,UNILAG Colocation A,18.37
2025-02-21 17:00:00+00:00,UNILAG Colocation A,19.81
2025-02-21 18:00:00+00:00,UNILAG Colocation A,23.49
2025-02-21 19:00:00+00:00,UNILAG Colocation A,23.17
2025-02-21 20:00:00+00:00,UNILAG Colocation A,20.32
2025-02-21 21:00:00+00:00,UNILAG Colocation A,21.26
2025-02-21 22:00:00+00:00,UNILAG Colocation A,19.42
2025-02-21 23:00:00+00:00,UNILAG Colocation A,18.11
2025-02-22 00:00:00+00:00,UNILAG Colocation A,16.62
2025-02-22 01:00:00+00:00,UNILAG Colocation A,14.44
2025-02-22 02:00:00+00:00,UNILAG Colocation A,14.34
2025-02-22 03:00:00+00:00,UNILAG Colocation A,17.3
2025-02-22 04:00:00+00:00,UNILAG Colocation A,19.55
2025-02-22 05:00:00+00:00,UNILAG Colocation A,19.19
2025-02-22 06:00:00+00:00,UNILAG Colocation A,21.03
2025-02-22 07:00:00+00:00,UNILAG Colocation A,26.11
2025-02-22 08:00:00+00:00,UNILAG Colocation A,26.64
2025-02-22 09:00:00+00:00,UNILAG Colocation A,22.94
2025-02-22 10:00:00+00:00,UNILAG Colocation A,19.25
2025-02-22 11:00:00+00:00,UNILAG Colocation A,19.14
2025-02-22 12:00:00+00:00,UNILAG Colocation A,21.51
2025-02-22 13:00:00+00:00,UNILAG Colocation A,17.5
2025-02-22 14:00:00+00:00,UNILAG Colocation A,16.53
2025-02-22 15:00:00+00:00,UNILAG Colocation A,26.63
2025-02-22 16:00:00+00:00,UNILAG Colocation A,35.76
2025-02-22 17:00:00+00:00,UNILAG Colocation A,44.98
2025-02-22 18:00:00+00:00,UNILAG Colocation A,45.41
2025-02-22 19:00:00+00:00,UNILAG Colocation A,63.9
2025-02-22 20:00:00+00:00,UNILAG Colocation A,65.41
2025-02-22 21:00:00+00:00,UNILAG Colocation A,55.4
2025-02-22 22:00:00+00:00,UNILAG Colocation A,22.74
2025-02-22 23:00:00+00:00,UNILAG Colocation A,21.71
2025-02-23 00:00:00+00:00,UNILAG Colocation A,20.38
2025-02-23 01:00:00+00:00,UNILAG Colocation A,18.09
2025-02-23 02:00:00+00:00,UNILAG Colocation A,12.93
2025-02-23 03:00:00+00:00,UNILAG Colocation A,18.34
2025-02-23 04:00:00+00:00,UNILAG Colocation A,18.75
2025-02-23 05:00:00+00:00,UNILAG Colocation A,21.03
2025-02-23 06:00:00+00:00,UNILAG Colocation A,26.71
2025-02-23 07:00:00+00:00,UNILAG Colocation A,33.4
2025-02-23 08:00:00+00:00,UNILAG Colocation A,57.7
2025-02-23 09:00:00+00:00,UNILAG Colocation A,49.13
2025-02-23 10:00:00+00:00,UNILAG Colocation A,46.49
2025-02-23 11:00:00+00:00,UNILAG Colocation A,45.46
2025-02-23 12:00:00+00:00,UNILAG Colocation A,50.62
2025-02-23 13:00:00+00:00,UNILAG Colocation A,65.15
2025-02-23 14:00:00+00:00,UNILAG Colocation A,50.19
2025-02-23 15:00:00+00:00,UNILAG Colocation A,35.65
2025-02-23 16:00:00+00:00,UNILAG Colocation A,27.56
2025-02-23 17:00:00+00:00,UNILAG Colocation A,23.36
2025-02-23 18:00:00+00:00,UNILAG Colocation A,28.24
2025-02-23 19:00:00+00:00,UNILAG Colocation A,28.51
2025-02-23 20:00:00+00:00,UNILAG Colocation A,32.69
2025-02-23 21:00:00+00:00,UNILAG Colocation A,29.06
2025-02-23 22:00:00+00:00,UNILAG Colocation A,30.02
2025-02-23 23:00:00+00:00,UNILAG Colocation A,33.61
2025-02-24 00:00:00+00:00,UNILAG Colocation A,30.79
2025-02-24 01:00:00+00:00,UNILAG Colocation A,30.27
2025-02-24 02:00:00+00:00,UNILAG Colocation A,30.93
2025-02-24 03:00:00+00:00,UNILAG Colocation A,30.29
2025-02-24 04:00:00+00:00,UNILAG Colocation A,31.64
2025-02-24 05:00:00+00:00,UNILAG Colocation A,30.08
2025-02-24 08:00:00+00:00,UNILAG Colocation A,32.5
2025-02-24 09:00:00+00:00,UNILAG Colocation A,21.52
2025-02-24 10:00:00+00:00,UNILAG Colocation A,15.24
2025-02-24 11:00:00+00:00,UNILAG Colocation A,16.51
2025-02-24 12:00:00+00:00,UNILAG Colocation A,18.23
2025-02-24 13:00:00+00:00,UNILAG Colocation A,16.57
2025-02-24 14:00:00+00:00,UNILAG Colocation A,14.83
2025-02-24 15:00:00+00:00,UNILAG Colocation A,14.18
2025-02-24 16:00:00+00:00,UNILAG Colocation A,15.02
2025-02-24 17:00:00+00:00,UNILAG Colocation A,13.99
2025-02-24 18:00:00+00:00,UNILAG Colocation A,16.4
2025-02-24 19:00:00+00:00,UNILAG Colocation A,21.29
2025-02-24 20:00:00+00:00,UNILAG Colocation A,21.73
2025-02-24 21:00:00+00:00,UNILAG Colocation A,18.09
2025-02-24 22:00:00+00:00,UNILAG Colocation A,18.85
2025-02-24 23:00:00+00:00,UNILAG Colocation A,16.48
2025-02-25 00:00:00+00:00,UNILAG Colocation A,14.4
2025-02-25 01:00:00+00:00,UNILAG Colocation A,14.79
2025-02-25 02:00:00+00:00,UNILAG Colocation A,14.9
2025-02-25 03:00:00+00:00,UNILAG Colocation A,20.66
2025-02-25 04:00:00+00:00,UNILAG Colocation A,21.12
2025-02-25 08:00:00+00:00,UNILAG Colocation A,26.25
2025-02-25 09:00:00+00:00,UNILAG Colocation A,24.28
2025-02-25 10:00:00+00:00,UNILAG Colocation A,24.24
2025-02-25 11:00:00+00:00,UNILAG Colocation A,17.04
2025-02-25 12:00:00+00:00,UNILAG Colocation A,23.16
2025-02-25 13:00:00+00:00,UNILAG Colocation A,15.52
2025-02-25 14:00:00+00:00,UNILAG Colocation A,14.29
2025-02-25 15:00:00+00:00,UNILAG Colocation A,14.82
2025-02-25 16:00:00+00:00,UNILAG Colocation A,14.28
2025-02-25 17:00:00+00:00,UNILAG Colocation A,14.73
2025-02-25 18:00:00+00:00,UNILAG Colocation A,14.88
2025-02-25 19:00:00+00:00,UNILAG Colocation A,17.48
2025-02-25 20:00:00+00:00,UNILAG Colocation A,18.36
2025-02-25 21:00:00+00:00,UNILAG Colocation A,17.65
2025-02-25 22:00:00+00:00,UNILAG Colocation A,16.59
2025-02-25 23:00:00+00:00,UNILAG Colocation A,14.29
2025-02-26 00:00:00+00:00,UNILAG Colocation A,12.93
2025-02-26 01:00:00+00:00,UNILAG Colocation A,13.16
2025-02-26 02:00:00+00:00,UNILAG Colocation A,13.22
2025-02-26 03:00:00+00:00,UNILAG Colocation A,13.9
2025-02-26 04:00:00+00:00,UNILAG Colocation A,19.07
2025-02-26 05:00:00+00:00,UNILAG Colocation A,19.47
2025-02-26 06:00:00+00:00,UNILAG Colocation A,25.73
2025-02-26 07:00:00+00:00,UNILAG Colocation A,26.95
2025-02-26 08:00:00+00:00,UNILAG Colocation A,34.58
2025-02-26 09:00:00+00:00,UNILAG Colocation A,33.42
2025-02-26 10:00:00+00:00,UNILAG Colocation A,23.52
2025-02-26 11:00:00+00:00,UNILAG Colocation A,33.77
2025-02-26 12:00:00+00:00,UNILAG Colocation A,25.24
2025-02-26 13:00:00+00:00,UNILAG Colocation A,25.39
2025-02-26 14:00:00+00:00,UNILAG Colocation A,31.91
2025-02-26 15:00:00+00:00,UNILAG Colocation A,23.87
2025-02-26 16:00:00+00:00,UNILAG Colocation A,27.92
2025-02-26 17:00:00+00:00,UNILAG Colocation A,32.46
2025-02-26 18:00:00+00:00,UNILAG Colocation A,24.28
2025-02-26 19:00:00+00:00,UNILAG Colocation A,26.32
2025-02-26 20:00:00+00:00,UNILAG Colocation A,27.97
2025-02-26 21:00:00+00:00,UNILAG Colocation A,32.71
2025-02-26 22:00:00+00:00,UNILAG Colocation A,22.34
2025-02-26 23:00:00+00:00,UNILAG Colocation A,22.58
2025-02-27 00:00:00+00:00,UNILAG Colocation A,27.26
2025-02-27 01:00:00+00:00,UNILAG Colocation A,26.53
2025-02-27 02:00:00+00:00,UNILAG Colocation A,24.89
2025-02-27 08:00:00+00:00,UNILAG Colocation A,36.59
2025-02-27 09:00:00+00:00,UNILAG Colocation A,31.34
2025-02-27 10:00:00+00:00,UNILAG Colocation A,26.22
2025-02-27 11:00:00+00:00,UNILAG Colocation A,32.2
2025-02-27 12:00:00+00:00,UNILAG Colocation A,24.8
2025-02-27 13:00:00+00:00,UNILAG Colocation A,15.47
2025-02-27 14:00:00+00:00,UNILAG Colocation A,21.14
2025-02-27 15:00:00+00:00,UNILAG Colocation A,25.02
2025-02-27 16:00:00+00:00,UNILAG Colocation A,25.66
2025-02-27 17:00:00+00:00,UNILAG Colocation A,28.23
2025-02-27 18:00:00+00:00,UNILAG Colocation A,22.19
2025-02-27 19:00:00+00:00,UNILAG Colocation A,29.89
2025-02-27 20:00:00+00:00,UNILAG Colocation A,22.51
2025-02-27 21:00:00+00:00,UNILAG Colocation A,19.01
2025-02-27 22:00:00+00:00,UNILAG Colocation A,19.69
2025-02-27 23:00:00+00:00,UNILAG Colocation A,21.66
2025-02-28 00:00:00+00:00,UNILAG Colocation A,21.4
2025-02-28 01:00:00+00:00,UNILAG Colocation A,20.96
2025-02-28 02:00:00+00:00,UNILAG Colocation A,21.33
2025-02-28 03:00:00+00:00,UNILAG Colocation A,20.47
2025-02-28 04:00:00+00:00,UNILAG Colocation A,30.75
2025-02-28 05:00:00+00:00,UNILAG Colocation A,30.66
2025-02-28 06:00:00+00:00,UNILAG Colocation A,44.36
2025-02-28 07:00:00+00:00,UNILAG Colocation A,59.09
2025-02-28 08:00:00+00:00,UNILAG Colocation A,45.91
2025-02-28 09:00:00+00:00,UNILAG Colocation A,32.51
2025-02-28 11:00:00+00:00,UNILAG Colocation A,23.58
2025-02-28 12:00:00+00:00,UNILAG Colocation A,20.9
2025-02-28 13:00:00+00:00,UNILAG Colocation A,20.37
2025-02-28 14:00:00+00:00,UNILAG Colocation A,24.78
2025-02-28 15:00:00+00:00,UNILAG Colocation A,20.65
2025-02-28 16:00:00+00:00,UNILAG Colocation A,20.68
2025-02-28 17:00:00+00:00,UNILAG Colocation A,17.98
2025-02-28 18:00:00+00:00,UNILAG Colocation A,24.39
2025-02-28 19:00:00+00:00,UNILAG Colocation A,27.36
2025-02-28 20:00:00+00:00,UNILAG Colocation A,22.08
2025-02-28 21:00:00+00:00,UNILAG Colocation A,25.37
2025-02-28 22:00:00+00:00,UNILAG Colocation A,21.34
2025-02-28 23:00:00+00:00,UNILAG Colocation A,21.68
