location,datetime,parameter,units,value
Oshodi Bus Terminal 3-5008432,2026-01-01T01:00:00+01:00,pm1,µg/m³,48.72083338101705
Oshodi Bus Terminal 3-5008432,2026-01-01T01:00:00+01:00,pm25,µg/m³,75.45416720708211
Oshodi Bus Terminal 3-5008432,2026-01-01T01:00:00+01:00,relativehumidity,%,85.13333415985107
Oshodi Bus Terminal 3-5008432,2026-01-01T01:00:00+01:00,temperature,c,28.954166491826374
Oshodi Bus Terminal 3-5008432,2026-01-01T01:00:00+01:00,um003,particles/cm³,4063.0833333333335
Oshodi Bus Terminal 3-5008432,2026-01-01T02:00:00+01:00,pm1,µg/m³,70.9083325068156
Oshodi Bus Terminal 3-5008432,2026-01-01T02:00:00+01:00,pm25,µg/m³,119.10833263397217
Oshodi Bus Terminal 3-5008432,2026-01-01T02:00:00+01:00,relativehumidity,%,85.8916670481364
Oshodi Bus Terminal 3-5008432,2026-01-01T02:00:00+01:00,temperature,c,28.799999475479126
Oshodi Bus Terminal 3-5008432,2026-01-01T02:00:00+01:00,um003,particles/cm³,5899.416666666667
Oshodi Bus Terminal 3-5008432,2026-01-01T03:00:00+01:00,pm1,µg/m³,92.10000006357829
Oshodi Bus Terminal 3-5008432,2026-01-01T03:00:00+01:00,pm25,µg/m³,161.40833473205566
Oshodi Bus Terminal 3-5008432,2026-01-01T03:00:00+01:00,relativehumidity,%,86.34166685740153
Oshodi Bus Terminal 3-5008432,2026-01-01T03:00:00+01:00,temperature,c,28.6166668732961
Oshodi Bus Terminal 3-5008432,2026-01-01T03:00:00+01:00,um003,particles/cm³,7652.5
Oshodi Bus Terminal 3-5008432,2026-01-01T04:00:00+01:00,pm1,µg/m³,69.22083314259847
Oshodi Bus Terminal 3-5008432,2026-01-01T04:00:00+01:00,pm25,µg/m³,119.6583325068156
Oshodi Bus Terminal 3-5008432,2026-01-01T04:00:00+01:00,relativehumidity,%,87.8249994913737
Oshodi Bus Terminal 3-5008432,2026-01-01T04:00:00+01:00,temperature,c,28.291666507720947
Oshodi Bus Terminal 3-5008432,2026-01-01T04:00:00+01:00,um003,particles/cm³,5751.666666666667
Oshodi Bus Terminal 3-5008432,2026-01-01T05:00:00+01:00,pm1,µg/m³,72.76666609446208
Oshodi Bus Terminal 3-5008432,2026-01-01T05:00:00+01:00,pm25,µg/m³,126.67916806538899
Oshodi Bus Terminal 3-5008432,2026-01-01T05:00:00+01:00,relativehumidity,%,88.82499980926514
Oshodi Bus Terminal 3-5008432,2026-01-01T05:00:00+01:00,temperature,c,28.020833412806194
Oshodi Bus Terminal 3-5008432,2026-01-01T05:00:00+01:00,um003,particles/cm³,6078.583333333333
Oshodi Bus Terminal 3-5008432,2026-01-01T06:00:00+01:00,pm1,µg/m³,37.85416634877523
Oshodi Bus Terminal 3-5008432,2026-01-01T06:00:00+01:00,pm25,µg/m³,63.4458327293396
Oshodi Bus Terminal 3-5008432,2026-01-01T06:00:00+01:00,relativehumidity,%,88.89166641235352
Oshodi Bus Terminal 3-5008432,2026-01-01T06:00:00+01:00,temperature,c,28.020833412806194
Oshodi Bus Terminal 3-5008432,2026-01-01T06:00:00+01:00,um003,particles/cm³,3259.0833333333335
Oshodi Bus Terminal 3-5008432,2026-01-01T07:00:00+01:00,pm1,µg/m³,35.712499936421715
Oshodi Bus Terminal 3-5008432,2026-01-01T07:00:00+01:00,pm25,µg/m³,57.28333361943563
Oshodi Bus Terminal 3-5008432,2026-01-01T07:00:00+01:00,relativehumidity,%,89.27916653951009
Oshodi Bus Terminal 3-5008432,2026-01-01T07:00:00+01:00,temperature,c,27.737499793370564
Oshodi Bus Terminal 3-5008432,2026-01-01T07:00:00+01:00,um003,particles/cm³,2993.0833333333335
Oshodi Bus Terminal 3-5008432,2026-01-01T08:00:00+01:00,pm1,µg/m³,44.487499475479126
Oshodi Bus Terminal 3-5008432,2026-01-01T08:00:00+01:00,pm25,µg/m³,70.95416673024495
Oshodi Bus Terminal 3-5008432,2026-01-01T08:00:00+01:00,relativehumidity,%,83.6458330154419
Oshodi Bus Terminal 3-5008432,2026-01-01T08:00:00+01:00,temperature,c,27.587500015894573
Oshodi Bus Terminal 3-5008432,2026-01-01T08:00:00+01:00,um003,particles/cm³,3719.5416666666665
Oshodi Bus Terminal 3-5008432,2026-01-01T09:00:00+01:00,pm1,µg/m³,32.43749992052714
Oshodi Bus Terminal 3-5008432,2026-01-01T09:00:00+01:00,pm25,µg/m³,50.51249980926514
Oshodi Bus Terminal 3-5008432,2026-01-01T09:00:00+01:00,relativehumidity,%,82.8249994913737
Oshodi Bus Terminal 3-5008432,2026-01-01T09:00:00+01:00,temperature,c,28.80416663487752
Oshodi Bus Terminal 3-5008432,2026-01-01T09:00:00+01:00,um003,particles/cm³,2649.9583333333335
Oshodi Bus Terminal 3-5008432,2026-01-01T10:00:00+01:00,pm1,µg/m³,30.491666793823242
Oshodi Bus Terminal 3-5008432,2026-01-01T10:00:00+01:00,pm25,µg/m³,47.791666666666664
Oshodi Bus Terminal 3-5008432,2026-01-01T10:00:00+01:00,relativehumidity,%,78.83333428700765
Oshodi Bus Terminal 3-5008432,2026-01-01T10:00:00+01:00,temperature,c,30.450000286102295
Oshodi Bus Terminal 3-5008432,2026-01-01T10:00:00+01:00,um003,particles/cm³,2368.2916666666665
Oshodi Bus Terminal 3-5008432,2026-01-01T11:00:00+01:00,pm1,µg/m³,25.84166693687439
Oshodi Bus Terminal 3-5008432,2026-01-01T11:00:00+01:00,pm25,µg/m³,39.28333346048991
Oshodi Bus Terminal 3-5008432,2026-01-01T11:00:00+01:00,relativehumidity,%,75.37083307902019
Oshodi Bus Terminal 3-5008432,2026-01-01T11:00:00+01:00,temperature,c,31.224999984105427
Oshodi Bus Terminal 3-5008432,2026-01-01T11:00:00+01:00,um003,particles/cm³,1784.5833333333333
Oshodi Bus Terminal 3-5008432,2026-01-01T12:00:00+01:00,pm1,µg/m³,28.304166555404663
Oshodi Bus Terminal 3-5008432,2026-01-01T12:00:00+01:00,pm25,µg/m³,43.22083298365275
Oshodi Bus Terminal 3-5008432,2026-01-01T12:00:00+01:00,relativehumidity,%,69.33333365122478
Oshodi Bus Terminal 3-5008432,2026-01-01T12:00:00+01:00,temperature,c,32.62916652361552
Oshodi Bus Terminal 3-5008432,2026-01-01T12:00:00+01:00,um003,particles/cm³,2071.125
Oshodi Bus Terminal 3-5008432,2026-01-01T13:00:00+01:00,pm1,µg/m³,28.04545428536155
Oshodi Bus Terminal 3-5008432,2026-01-01T13:00:00+01:00,pm25,µg/m³,41.89545492692427
Oshodi Bus Terminal 3-5008432,2026-01-01T13:00:00+01:00,relativehumidity,%,65.54090933366255
Oshodi Bus Terminal 3-5008432,2026-01-01T13:00:00+01:00,temperature,c,33.71363587812944
Oshodi Bus Terminal 3-5008432,2026-01-01T13:00:00+01:00,um003,particles/cm³,2039.9545454545455
Oshodi Bus Terminal 3-5008432,2026-01-01T14:00:00+01:00,pm1,µg/m³,25.99583355585734
Oshodi Bus Terminal 3-5008432,2026-01-01T14:00:00+01:00,pm25,µg/m³,37.512499968210854
Oshodi Bus Terminal 3-5008432,2026-01-01T14:00:00+01:00,relativehumidity,%,65.10416682561238
Oshodi Bus Terminal 3-5008432,2026-01-01T14:00:00+01:00,temperature,c,34.020833810170494
Oshodi Bus Terminal 3-5008432,2026-01-01T14:00:00+01:00,um003,particles/cm³,1812.0416666666667
Oshodi Bus Terminal 3-5008432,2026-01-01T15:00:00+01:00,pm1,µg/m³,23.366666714350384
Oshodi Bus Terminal 3-5008432,2026-01-01T15:00:00+01:00,pm25,µg/m³,33.300000031789146
Oshodi Bus Terminal 3-5008432,2026-01-01T15:00:00+01:00,relativehumidity,%,61.77083412806193
Oshodi Bus Terminal 3-5008432,2026-01-01T15:00:00+01:00,temperature,c,34.895833333333336
Oshodi Bus Terminal 3-5008432,2026-01-01T15:00:00+01:00,um003,particles/cm³,1542.4166666666667
Oshodi Bus Terminal 3-5008432,2026-01-01T16:00:00+01:00,pm1,µg/m³,23.81666652361552
Oshodi Bus Terminal 3-5008432,2026-01-01T16:00:00+01:00,pm25,µg/m³,33.47083298365275
Oshodi Bus Terminal 3-5008432,2026-01-01T16:00:00+01:00,relativehumidity,%,61.59583330154419
Oshodi Bus Terminal 3-5008432,2026-01-01T16:00:00+01:00,temperature,c,34.85000038146973
Oshodi Bus Terminal 3-5008432,2026-01-01T16:00:00+01:00,um003,particles/cm³,1520.8333333333333
Oshodi Bus Terminal 3-5008432,2026-01-01T17:00:00+01:00,pm1,µg/m³,21.808333158493042
Oshodi Bus Terminal 3-5008432,2026-01-01T17:00:00+01:00,pm25,µg/m³,31.199999968210857
Oshodi Bus Terminal 3-5008432,2026-01-01T17:00:00+01:00,relativehumidity,%,67.17083358764648
Oshodi Bus Terminal 3-5008432,2026-01-01T17:00:00+01:00,temperature,c,33.17083350817362
Oshodi Bus Terminal 3-5008432,2026-01-01T17:00:00+01:00,um003,particles/cm³,1380.2916666666667
Oshodi Bus Terminal 3-5008432,2026-01-01T18:00:00+01:00,pm1,µg/m³,25.266666412353516
Oshodi Bus Terminal 3-5008432,2026-01-01T18:00:00+01:00,pm25,µg/m³,36.86666711171468
Oshodi Bus Terminal 3-5008432,2026-01-01T18:00:00+01:00,relativehumidity,%,75.74166711171468
Oshodi Bus Terminal 3-5008432,2026-01-01T18:00:00+01:00,temperature,c,31.16249982515971
Oshodi Bus Terminal 3-5008432,2026-01-01T18:00:00+01:00,um003,particles/cm³,1741.2083333333333
Oshodi Bus Terminal 3-5008432,2026-01-01T19:00:00+01:00,pm1,µg/m³,23.56666660308838
Oshodi Bus Terminal 3-5008432,2026-01-01T19:00:00+01:00,pm25,µg/m³,34.27083349227905
Oshodi Bus Terminal 3-5008432,2026-01-01T19:00:00+01:00,relativehumidity,%,77.67499987284343
Oshodi Bus Terminal 3-5008432,2026-01-01T19:00:00+01:00,temperature,c,30.733333190282185
Oshodi Bus Terminal 3-5008432,2026-01-01T19:00:00+01:00,um003,particles/cm³,1586.8333333333333
Oshodi Bus Terminal 3-5008432,2026-01-01T20:00:00+01:00,pm1,µg/m³,24.68333339691162
Oshodi Bus Terminal 3-5008432,2026-01-01T20:00:00+01:00,pm25,µg/m³,36.43333339691162
Oshodi Bus Terminal 3-5008432,2026-01-01T20:00:00+01:00,relativehumidity,%,81.65833441416423
Oshodi Bus Terminal 3-5008432,2026-01-01T20:00:00+01:00,temperature,c,29.816666682561237
Oshodi Bus Terminal 3-5008432,2026-01-01T20:00:00+01:00,um003,particles/cm³,1699.8333333333333
Oshodi Bus Terminal 3-5008432,2026-01-01T21:00:00+01:00,pm1,µg/m³,24.662500143051147
Oshodi Bus Terminal 3-5008432,2026-01-01T21:00:00+01:00,pm25,µg/m³,36.44166660308838
Oshodi Bus Terminal 3-5008432,2026-01-01T21:00:00+01:00,relativehumidity,%,83.05000019073486
Oshodi Bus Terminal 3-5008432,2026-01-01T21:00:00+01:00,temperature,c,29.600000381469727
Oshodi Bus Terminal 3-5008432,2026-01-01T21:00:00+01:00,um003,particles/cm³,1694.7916666666667
Oshodi Bus Terminal 3-5008432,2026-01-01T22:00:00+01:00,pm1,µg/m³,23.954166650772095
Oshodi Bus Terminal 3-5008432,2026-01-01T22:00:00+01:00,pm25,µg/m³,36.03333338101705
Oshodi Bus Terminal 3-5008432,2026-01-01T22:00:00+01:00,relativehumidity,%,83.17500082651775
Oshodi Bus Terminal 3-5008432,2026-01-01T22:00:00+01:00,temperature,c,29.46666653951009
Oshodi Bus Terminal 3-5008432,2026-01-01T22:00:00+01:00,um003,particles/cm³,1662.4583333333333
Oshodi Bus Terminal 3-5008432,2026-01-01T23:00:00+01:00,pm1,µg/m³,23.25416660308838
Oshodi Bus Terminal 3-5008432,2026-01-01T23:00:00+01:00,pm25,µg/m³,34.920833031336464
Oshodi Bus Terminal 3-5008432,2026-01-01T23:00:00+01:00,relativehumidity,%,84.64583206176758
Oshodi Bus Terminal 3-5008432,2026-01-01T23:00:00+01:00,temperature,c,29.262499968210857
Oshodi Bus Terminal 3-5008432,2026-01-01T23:00:00+01:00,um003,particles/cm³,1578.2916666666667
Oshodi Bus Terminal 3-5008432,2026-01-02T00:00:00+01:00,pm1,µg/m³,20.891666889190674
Oshodi Bus Terminal 3-5008432,2026-01-02T00:00:00+01:00,pm25,µg/m³,31.458333094914753
Oshodi Bus Terminal 3-5008432,2026-01-02T00:00:00+01:00,relativehumidity,%,82.48749955495198
Oshodi Bus Terminal 3-5008432,2026-01-02T00:00:00+01:00,temperature,c,28.65416685740153
Oshodi Bus Terminal 3-5008432,2026-01-02T00:00:00+01:00,um003,particles/cm³,1334.4166666666667
Oshodi Bus Terminal 3-5008432,2026-01-02T01:00:00+01:00,pm1,µg/m³,22.804166475931805
Oshodi Bus Terminal 3-5008432,2026-01-02T01:00:00+01:00,pm25,µg/m³,35.40000001589457
Oshodi Bus Terminal 3-5008432,2026-01-02T01:00:00+01:00,relativehumidity,%,81.09999974568684
Oshodi Bus Terminal 3-5008432,2026-01-02T01:00:00+01:00,temperature,c,27.84583353996277
Oshodi Bus Terminal 3-5008432,2026-01-02T01:00:00+01:00,um003,particles/cm³,1557.625
Oshodi Bus Terminal 3-5008432,2026-01-02T02:00:00+01:00,pm1,µg/m³,21.96249993642171
Oshodi Bus Terminal 3-5008432,2026-01-02T02:00:00+01:00,pm25,µg/m³,34.28333314259847
Oshodi Bus Terminal 3-5008432,2026-01-02T02:00:00+01:00,relativehumidity,%,84.80833339691162
Oshodi Bus Terminal 3-5008432,2026-01-02T02:00:00+01:00,temperature,c,27.77916677792867
Oshodi Bus Terminal 3-5008432,2026-01-02T02:00:00+01:00,um003,particles/cm³,1436.3333333333333
Oshodi Bus Terminal 3-5008432,2026-01-02T03:00:00+01:00,pm1,µg/m³,19.26818188753995
Oshodi Bus Terminal 3-5008432,2026-01-02T03:00:00+01:00,pm25,µg/m³,30.38181799108332
Oshodi Bus Terminal 3-5008432,2026-01-02T03:00:00+01:00,relativehumidity,%,89.0227279663086
Oshodi Bus Terminal 3-5008432,2026-01-02T03:00:00+01:00,temperature,c,28.031818303194914
Oshodi Bus Terminal 3-5008432,2026-01-02T03:00:00+01:00,um003,particles/cm³,1216.2272727272727
Oshodi Bus Terminal 3-5008432,2026-01-02T04:00:00+01:00,pm1,µg/m³,20.141666730244953
Oshodi Bus Terminal 3-5008432,2026-01-02T04:00:00+01:00,pm25,µg/m³,31.454166571299236
Oshodi Bus Terminal 3-5008432,2026-01-02T04:00:00+01:00,relativehumidity,%,89.46666622161865
Oshodi Bus Terminal 3-5008432,2026-01-02T04:00:00+01:00,temperature,c,27.81666612625122
Oshodi Bus Terminal 3-5008432,2026-01-02T04:00:00+01:00,um003,particles/cm³,1278.8333333333333
Oshodi Bus Terminal 3-5008432,2026-01-02T05:00:00+01:00,pm1,µg/m³,20.054166714350384
Oshodi Bus Terminal 3-5008432,2026-01-02T05:00:00+01:00,pm25,µg/m³,30.99999984105428
Oshodi Bus Terminal 3-5008432,2026-01-02T05:00:00+01:00,relativehumidity,%,90.95833365122478
Oshodi Bus Terminal 3-5008432,2026-01-02T05:00:00+01:00,temperature,c,27.762499809265137
Oshodi Bus Terminal 3-5008432,2026-01-02T05:00:00+01:00,um003,particles/cm³,1250.625
Oshodi Bus Terminal 3-5008432,2026-01-02T06:00:00+01:00,pm1,µg/m³,23.712500254313152
Oshodi Bus Terminal 3-5008432,2026-01-02T06:00:00+01:00,pm25,µg/m³,37.71666677792867
Oshodi Bus Terminal 3-5008432,2026-01-02T06:00:00+01:00,relativehumidity,%,90.53750006357829
Oshodi Bus Terminal 3-5008432,2026-01-02T06:00:00+01:00,temperature,c,27.84583282470703
Oshodi Bus Terminal 3-5008432,2026-01-02T06:00:00+01:00,um003,particles/cm³,1645.2916666666667
Oshodi Bus Terminal 3-5008432,2026-01-02T07:00:00+01:00,pm1,µg/m³,35.44583304723104
Oshodi Bus Terminal 3-5008432,2026-01-02T07:00:00+01:00,pm25,µg/m³,55.78749958674113
Oshodi Bus Terminal 3-5008432,2026-01-02T07:00:00+01:00,relativehumidity,%,90.29166730244954
Oshodi Bus Terminal 3-5008432,2026-01-02T07:00:00+01:00,temperature,c,27.895833094914753
Oshodi Bus Terminal 3-5008432,2026-01-02T07:00:00+01:00,um003,particles/cm³,2912.0
Oshodi Bus Terminal 3-5008432,2026-01-02T08:00:00+01:00,pm1,µg/m³,36.18750031789144
Oshodi Bus Terminal 3-5008432,2026-01-02T08:00:00+01:00,pm25,µg/m³,55.458333015441895
Oshodi Bus Terminal 3-5008432,2026-01-02T08:00:00+01:00,relativehumidity,%,90.64583269755046
Oshodi Bus Terminal 3-5008432,2026-01-02T08:00:00+01:00,temperature,c,27.762500206629436
Oshodi Bus Terminal 3-5008432,2026-01-02T08:00:00+01:00,um003,particles/cm³,3019.4583333333335
Oshodi Bus Terminal 3-5008432,2026-01-02T09:00:00+01:00,pm1,µg/m³,32.050000031789146
Oshodi Bus Terminal 3-5008432,2026-01-02T09:00:00+01:00,pm25,µg/m³,49.087499936421715
Oshodi Bus Terminal 3-5008432,2026-01-02T09:00:00+01:00,relativehumidity,%,86.84583314259847
Oshodi Bus Terminal 3-5008432,2026-01-02T09:00:00+01:00,temperature,c,28.666666746139526
Oshodi Bus Terminal 3-5008432,2026-01-02T09:00:00+01:00,um003,particles/cm³,2486.6666666666665
Oshodi Bus Terminal 3-5008432,2026-01-02T10:00:00+01:00,pm1,µg/m³,24.962500015894573
Oshodi Bus Terminal 3-5008432,2026-01-02T10:00:00+01:00,pm25,µg/m³,38.979166666666664
Oshodi Bus Terminal 3-5008432,2026-01-02T10:00:00+01:00,relativehumidity,%,81.24999968210857
Oshodi Bus Terminal 3-5008432,2026-01-02T10:00:00+01:00,temperature,c,30.041666825612385
Oshodi Bus Terminal 3-5008432,2026-01-02T10:00:00+01:00,um003,particles/cm³,1729.5416666666667
Oshodi Bus Terminal 3-5008432,2026-01-02T11:00:00+01:00,pm1,µg/m³,24.483333269755047
Oshodi Bus Terminal 3-5008432,2026-01-02T11:00:00+01:00,pm25,µg/m³,37.24166695276896
Oshodi Bus Terminal 3-5008432,2026-01-02T11:00:00+01:00,relativehumidity,%,77.08333365122478
Oshodi Bus Terminal 3-5008432,2026-01-02T11:00:00+01:00,temperature,c,30.90833330154419
Oshodi Bus Terminal 3-5008432,2026-01-02T11:00:00+01:00,um003,particles/cm³,1683.1666666666667
Oshodi Bus Terminal 3-5008432,2026-01-02T12:00:00+01:00,pm1,µg/m³,26.86500015258789
Oshodi Bus Terminal 3-5008432,2026-01-02T12:00:00+01:00,pm25,µg/m³,40.270000267028806
Oshodi Bus Terminal 3-5008432,2026-01-02T12:00:00+01:00,relativehumidity,%,70.68000144958496
Oshodi Bus Terminal 3-5008432,2026-01-02T12:00:00+01:00,temperature,c,32.5649995803833
Oshodi Bus Terminal 3-5008432,2026-01-02T12:00:00+01:00,um003,particles/cm³,1929.3
Oshodi Bus Terminal 3-5008432,2026-01-02T13:00:00+01:00,pm1,µg/m³,25.116666475931805
Oshodi Bus Terminal 3-5008432,2026-01-02T13:00:00+01:00,pm25,µg/m³,37.07916673024496
Oshodi Bus Terminal 3-5008432,2026-01-02T13:00:00+01:00,relativehumidity,%,65.76666641235352
Oshodi Bus Terminal 3-5008432,2026-01-02T13:00:00+01:00,temperature,c,33.55416679382324
Oshodi Bus Terminal 3-5008432,2026-01-02T13:00:00+01:00,um003,particles/cm³,1736.7083333333333
Oshodi Bus Terminal 3-5008432,2026-01-02T14:00:00+01:00,pm1,µg/m³,27.104166587193806
Oshodi Bus Terminal 3-5008432,2026-01-02T14:00:00+01:00,pm25,µg/m³,38.71250001589457
Oshodi Bus Terminal 3-5008432,2026-01-02T14:00:00+01:00,relativehumidity,%,71.18750063578288
Oshodi Bus Terminal 3-5008432,2026-01-02T14:00:00+01:00,temperature,c,32.24999968210856
Oshodi Bus Terminal 3-5008432,2026-01-02T14:00:00+01:00,um003,particles/cm³,1990.4583333333333
Oshodi Bus Terminal 3-5008432,2026-01-02T15:00:00+01:00,pm1,µg/m³,25.25416660308838
Oshodi Bus Terminal 3-5008432,2026-01-02T15:00:00+01:00,pm25,µg/m³,35.92916719118754
Oshodi Bus Terminal 3-5008432,2026-01-02T15:00:00+01:00,relativehumidity,%,65.99166679382324
Oshodi Bus Terminal 3-5008432,2026-01-02T15:00:00+01:00,temperature,c,33.5166662534078
Oshodi Bus Terminal 3-5008432,2026-01-02T15:00:00+01:00,um003,particles/cm³,1705.5416666666667
Oshodi Bus Terminal 3-5008432,2026-01-02T16:00:00+01:00,pm1,µg/m³,25.809090961109508
Oshodi Bus Terminal 3-5008432,2026-01-02T16:00:00+01:00,pm25,µg/m³,36.57272711667147
Oshodi Bus Terminal 3-5008432,2026-01-02T16:00:00+01:00,relativehumidity,%,68.20909014615145
Oshodi Bus Terminal 3-5008432,2026-01-02T16:00:00+01:00,temperature,c,32.65454526381059
Oshodi Bus Terminal 3-5008432,2026-01-02T16:00:00+01:00,um003,particles/cm³,1826.0
Oshodi Bus Terminal 3-5008432,2026-01-02T17:00:00+01:00,pm1,µg/m³,23.279166618982952
Oshodi Bus Terminal 3-5008432,2026-01-02T17:00:00+01:00,pm25,µg/m³,33.229166428248085
Oshodi Bus Terminal 3-5008432,2026-01-02T17:00:00+01:00,relativehumidity,%,68.26249980926514
Oshodi Bus Terminal 3-5008432,2026-01-02T17:00:00+01:00,temperature,c,32.629166762034096
Oshodi Bus Terminal 3-5008432,2026-01-02T17:00:00+01:00,um003,particles/cm³,1550.6666666666667
Oshodi Bus Terminal 3-5008432,2026-01-02T18:00:00+01:00,pm1,µg/m³,25.40000009536743
Oshodi Bus Terminal 3-5008432,2026-01-02T18:00:00+01:00,pm25,µg/m³,35.84166669845581
Oshodi Bus Terminal 3-5008432,2026-01-02T18:00:00+01:00,relativehumidity,%,67.52916622161865
Oshodi Bus Terminal 3-5008432,2026-01-02T18:00:00+01:00,temperature,c,32.445833365122475
Oshodi Bus Terminal 3-5008432,2026-01-02T18:00:00+01:00,um003,particles/cm³,1804.5833333333333
Oshodi Bus Terminal 3-5008432,2026-01-02T19:00:00+01:00,pm1,µg/m³,25.166666560702854
Oshodi Bus Terminal 3-5008432,2026-01-02T19:00:00+01:00,pm25,µg/m³,36.20555559794108
Oshodi Bus Terminal 3-5008432,2026-01-02T19:00:00+01:00,relativehumidity,%,70.73888905843098
Oshodi Bus Terminal 3-5008432,2026-01-02T19:00:00+01:00,temperature,c,31.038888931274414
Oshodi Bus Terminal 3-5008432,2026-01-02T19:00:00+01:00,um003,particles/cm³,1782.4444444444443
Oshodi Bus Terminal 3-5008432,2026-01-02T20:00:00+01:00,pm1,µg/m³,25.083333174387615
Oshodi Bus Terminal 3-5008432,2026-01-02T20:00:00+01:00,pm25,µg/m³,36.58333317438761
Oshodi Bus Terminal 3-5008432,2026-01-02T20:00:00+01:00,relativehumidity,%,80.49166584014893
Oshodi Bus Terminal 3-5008432,2026-01-02T20:00:00+01:00,temperature,c,29.766666650772095
Oshodi Bus Terminal 3-5008432,2026-01-02T20:00:00+01:00,um003,particles/cm³,1794.6666666666667
Oshodi Bus Terminal 3-5008432,2026-01-02T21:00:00+01:00,pm1,µg/m³,27.487500031789143
Oshodi Bus Terminal 3-5008432,2026-01-02T21:00:00+01:00,pm25,µg/m³,40.03333330154419
Oshodi Bus Terminal 3-5008432,2026-01-02T21:00:00+01:00,relativehumidity,%,80.75000063578288
Oshodi Bus Terminal 3-5008432,2026-01-02T21:00:00+01:00,temperature,c,29.470833381017048
Oshodi Bus Terminal 3-5008432,2026-01-02T21:00:00+01:00,um003,particles/cm³,2090.6666666666665
Oshodi Bus Terminal 3-5008432,2026-01-02T22:00:00+01:00,pm1,µg/m³,22.55416663487752
Oshodi Bus Terminal 3-5008432,2026-01-02T22:00:00+01:00,pm25,µg/m³,32.68333315849304
Oshodi Bus Terminal 3-5008432,2026-01-02T22:00:00+01:00,relativehumidity,%,82.17500019073486
Oshodi Bus Terminal 3-5008432,2026-01-02T22:00:00+01:00,temperature,c,28.87083347638448
Oshodi Bus Terminal 3-5008432,2026-01-02T22:00:00+01:00,um003,particles/cm³,1539.4166666666667
Oshodi Bus Terminal 3-5008432,2026-01-02T23:00:00+01:00,pm1,µg/m³,19.604166706403095
Oshodi Bus Terminal 3-5008432,2026-01-02T23:00:00+01:00,pm25,µg/m³,29.32083336512248
Oshodi Bus Terminal 3-5008432,2026-01-02T23:00:00+01:00,relativehumidity,%,82.71250025431316
Oshodi Bus Terminal 3-5008432,2026-01-02T23:00:00+01:00,temperature,c,28.52916653951009
Oshodi Bus Terminal 3-5008432,2026-01-02T23:00:00+01:00,um003,particles/cm³,1370.0416666666667
Oshodi Bus Terminal 3-5008432,2026-01-03T00:00:00+01:00,pm1,µg/m³,20.829166650772095
Oshodi Bus Terminal 3-5008432,2026-01-03T00:00:00+01:00,pm25,µg/m³,30.09999982515971
Oshodi Bus Terminal 3-5008432,2026-01-03T00:00:00+01:00,relativehumidity,%,80.96666653951009
Oshodi Bus Terminal 3-5008432,2026-01-03T00:00:00+01:00,temperature,c,28.262499809265137
Oshodi Bus Terminal 3-5008432,2026-01-03T00:00:00+01:00,um003,particles/cm³,1463.125
Oshodi Bus Terminal 3-5008432,2026-01-03T01:00:00+01:00,pm1,µg/m³,20.59166665871938
Oshodi Bus Terminal 3-5008432,2026-01-03T01:00:00+01:00,pm25,µg/m³,30.429166316986084
Oshodi Bus Terminal 3-5008432,2026-01-03T01:00:00+01:00,relativehumidity,%,85.02499930063884
Oshodi Bus Terminal 3-5008432,2026-01-03T01:00:00+01:00,temperature,c,28.05833355585734
Oshodi Bus Terminal 3-5008432,2026-01-03T01:00:00+01:00,um003,particles/cm³,1362.0
Oshodi Bus Terminal 3-5008432,2026-01-03T02:00:00+01:00,pm1,µg/m³,25.108333547910053
Oshodi Bus Terminal 3-5008432,2026-01-03T02:00:00+01:00,pm25,µg/m³,38.04583342870077
Oshodi Bus Terminal 3-5008432,2026-01-03T02:00:00+01:00,relativehumidity,%,85.75416628519694
Oshodi Bus Terminal 3-5008432,2026-01-03T02:00:00+01:00,temperature,c,28.016666730244953
Oshodi Bus Terminal 3-5008432,2026-01-03T02:00:00+01:00,um003,particles/cm³,1793.9166666666667
Oshodi Bus Terminal 3-5008432,2026-01-03T03:00:00+01:00,pm1,µg/m³,48.925000270207725
Oshodi Bus Terminal 3-5008432,2026-01-03T03:00:00+01:00,pm25,µg/m³,78.04166666666667
Oshodi Bus Terminal 3-5008432,2026-01-03T03:00:00+01:00,relativehumidity,%,86.15416653951009
Oshodi Bus Terminal 3-5008432,2026-01-03T03:00:00+01:00,temperature,c,27.90416630109151
Oshodi Bus Terminal 3-5008432,2026-01-03T03:00:00+01:00,um003,particles/cm³,3879.75
Oshodi Bus Terminal 3-5008432,2026-01-03T04:00:00+01:00,pm1,µg/m³,21.59166669845581
Oshodi Bus Terminal 3-5008432,2026-01-03T04:00:00+01:00,pm25,µg/m³,32.52083341280619
Oshodi Bus Terminal 3-5008432,2026-01-03T04:00:00+01:00,relativehumidity,%,87.10000006357829
Oshodi Bus Terminal 3-5008432,2026-01-03T04:00:00+01:00,temperature,c,27.6791672706604
Oshodi Bus Terminal 3-5008432,2026-01-03T04:00:00+01:00,um003,particles/cm³,1448.75
Oshodi Bus Terminal 3-5008432,2026-01-03T05:00:00+01:00,pm1,µg/m³,28.462499856948853
Oshodi Bus Terminal 3-5008432,2026-01-03T05:00:00+01:00,pm25,µg/m³,44.729166666666664
Oshodi Bus Terminal 3-5008432,2026-01-03T05:00:00+01:00,relativehumidity,%,88.8083340326945
Oshodi Bus Terminal 3-5008432,2026-01-03T05:00:00+01:00,temperature,c,27.249999682108562
Oshodi Bus Terminal 3-5008432,2026-01-03T05:00:00+01:00,um003,particles/cm³,2153.5416666666665
Oshodi Bus Terminal 3-5008432,2026-01-03T06:00:00+01:00,pm1,µg/m³,26.316666682561237
Oshodi Bus Terminal 3-5008432,2026-01-03T06:00:00+01:00,pm25,µg/m³,41.64583365122477
Oshodi Bus Terminal 3-5008432,2026-01-03T06:00:00+01:00,relativehumidity,%,90.07083352406819
Oshodi Bus Terminal 3-5008432,2026-01-03T06:00:00+01:00,temperature,c,26.804166158040363
Oshodi Bus Terminal 3-5008432,2026-01-03T06:00:00+01:00,um003,particles/cm³,1939.8333333333333
Oshodi Bus Terminal 3-5008432,2026-01-03T07:00:00+01:00,pm1,µg/m³,47.54583342870077
Oshodi Bus Terminal 3-5008432,2026-01-03T07:00:00+01:00,pm25,µg/m³,74.33333381017049
Oshodi Bus Terminal 3-5008432,2026-01-03T07:00:00+01:00,relativehumidity,%,89.51249853769939
Oshodi Bus Terminal 3-5008432,2026-01-03T07:00:00+01:00,temperature,c,26.837499380111694
Oshodi Bus Terminal 3-5008432,2026-01-03T07:00:00+01:00,um003,particles/cm³,4018.625
Oshodi Bus Terminal 3-5008432,2026-01-03T08:00:00+01:00,pm1,µg/m³,36.84583298365275
Oshodi Bus Terminal 3-5008432,2026-01-03T08:00:00+01:00,pm25,µg/m³,55.97500038146973
Oshodi Bus Terminal 3-5008432,2026-01-03T08:00:00+01:00,relativehumidity,%,88.40833409627278
Oshodi Bus Terminal 3-5008432,2026-01-03T08:00:00+01:00,temperature,c,27.179166714350384
Oshodi Bus Terminal 3-5008432,2026-01-03T08:00:00+01:00,um003,particles/cm³,3050.9166666666665
Oshodi Bus Terminal 3-5008432,2026-01-03T09:00:00+01:00,pm1,µg/m³,35.15000025431315
Oshodi Bus Terminal 3-5008432,2026-01-03T09:00:00+01:00,pm25,µg/m³,51.583333015441895
Oshodi Bus Terminal 3-5008432,2026-01-03T09:00:00+01:00,relativehumidity,%,81.34583314259847
Oshodi Bus Terminal 3-5008432,2026-01-03T09:00:00+01:00,temperature,c,29.166666746139526
Oshodi Bus Terminal 3-5008432,2026-01-03T09:00:00+01:00,um003,particles/cm³,2816.375
Oshodi Bus Terminal 3-5008432,2026-01-03T10:00:00+01:00,pm1,µg/m³,27.72916642824809
Oshodi Bus Terminal 3-5008432,2026-01-03T10:00:00+01:00,pm25,µg/m³,41.1833328406016
Oshodi Bus Terminal 3-5008432,2026-01-03T10:00:00+01:00,relativehumidity,%,74.0666659673055
Oshodi Bus Terminal 3-5008432,2026-01-03T10:00:00+01:00,temperature,c,31.31666628519694
Oshodi Bus Terminal 3-5008432,2026-01-03T10:00:00+01:00,um003,particles/cm³,1949.3333333333333
Oshodi Bus Terminal 3-5008432,2026-01-03T11:00:00+01:00,pm1,µg/m³,27.383333603541057
Oshodi Bus Terminal 3-5008432,2026-01-03T11:00:00+01:00,pm25,µg/m³,40.066667238871254
Oshodi Bus Terminal 3-5008432,2026-01-03T11:00:00+01:00,relativehumidity,%,68.14166673024495
Oshodi Bus Terminal 3-5008432,2026-01-03T11:00:00+01:00,temperature,c,32.21249977747599
Oshodi Bus Terminal 3-5008432,2026-01-03T11:00:00+01:00,um003,particles/cm³,1878.6666666666667
Oshodi Bus Terminal 3-5008432,2026-01-03T12:00:00+01:00,pm1,µg/m³,29.783333381017048
Oshodi Bus Terminal 3-5008432,2026-01-03T12:00:00+01:00,pm25,µg/m³,43.57916657129923
Oshodi Bus Terminal 3-5008432,2026-01-03T12:00:00+01:00,relativehumidity,%,62.16666682561239
Oshodi Bus Terminal 3-5008432,2026-01-03T12:00:00+01:00,temperature,c,33.808332761128746
Oshodi Bus Terminal 3-5008432,2026-01-03T12:00:00+01:00,um003,particles/cm³,2220.7916666666665
Oshodi Bus Terminal 3-5008432,2026-01-03T13:00:00+01:00,pm1,µg/m³,35.02499985694885
Oshodi Bus Terminal 3-5008432,2026-01-03T13:00:00+01:00,pm25,µg/m³,51.21666685740153
Oshodi Bus Terminal 3-5008432,2026-01-03T13:00:00+01:00,relativehumidity,%,63.045833905537926
Oshodi Bus Terminal 3-5008432,2026-01-03T13:00:00+01:00,temperature,c,33.516666889190674
Oshodi Bus Terminal 3-5008432,2026-01-03T13:00:00+01:00,um003,particles/cm³,2732.7916666666665
Oshodi Bus Terminal 3-5008432,2026-01-03T14:00:00+01:00,pm1,µg/m³,24.725000222524006
Oshodi Bus Terminal 3-5008432,2026-01-03T14:00:00+01:00,pm25,µg/m³,35.60833342870077
Oshodi Bus Terminal 3-5008432,2026-01-03T14:00:00+01:00,relativehumidity,%,64.9791669845581
Oshodi Bus Terminal 3-5008432,2026-01-03T14:00:00+01:00,temperature,c,33.10000038146973
Oshodi Bus Terminal 3-5008432,2026-01-03T14:00:00+01:00,um003,particles/cm³,1708.3333333333333
Oshodi Bus Terminal 3-5008432,2026-01-03T15:00:00+01:00,pm1,µg/m³,27.068181818181817
Oshodi Bus Terminal 3-5008432,2026-01-03T15:00:00+01:00,pm25,µg/m³,39.940909125588156
Oshodi Bus Terminal 3-5008432,2026-01-03T15:00:00+01:00,relativehumidity,%,69.22727168690075
Oshodi Bus Terminal 3-5008432,2026-01-03T15:00:00+01:00,temperature,c,32.25909085707231
Oshodi Bus Terminal 3-5008432,2026-01-03T15:00:00+01:00,um003,particles/cm³,1943.090909090909
Oshodi Bus Terminal 3-5008432,2026-01-03T16:00:00+01:00,pm1,µg/m³,24.391666571299236
Oshodi Bus Terminal 3-5008432,2026-01-03T16:00:00+01:00,pm25,µg/m³,35.012499968210854
Oshodi Bus Terminal 3-5008432,2026-01-03T16:00:00+01:00,relativehumidity,%,64.67916647593181
Oshodi Bus Terminal 3-5008432,2026-01-03T16:00:00+01:00,temperature,c,33.08333309491476
Oshodi Bus Terminal 3-5008432,2026-01-03T16:00:00+01:00,um003,particles/cm³,1653.2083333333333
Oshodi Bus Terminal 3-5008432,2026-01-03T17:00:00+01:00,pm1,µg/m³,26.141666730244953
Oshodi Bus Terminal 3-5008432,2026-01-03T17:00:00+01:00,pm25,µg/m³,37.179166873296104
Oshodi Bus Terminal 3-5008432,2026-01-03T17:00:00+01:00,relativehumidity,%,63.46249961853027
Oshodi Bus Terminal 3-5008432,2026-01-03T17:00:00+01:00,temperature,c,33.30833339691162
Oshodi Bus Terminal 3-5008432,2026-01-03T17:00:00+01:00,um003,particles/cm³,1841.4583333333333
Oshodi Bus Terminal 3-5008432,2026-01-03T18:00:00+01:00,pm1,µg/m³,24.058333317438763
Oshodi Bus Terminal 3-5008432,2026-01-03T18:00:00+01:00,pm25,µg/m³,34.40833298365275
Oshodi Bus Terminal 3-5008432,2026-01-03T18:00:00+01:00,relativehumidity,%,67.21250025431316
Oshodi Bus Terminal 3-5008432,2026-01-03T18:00:00+01:00,temperature,c,32.20416673024496
Oshodi Bus Terminal 3-5008432,2026-01-03T18:00:00+01:00,um003,particles/cm³,1700.0833333333333
Oshodi Bus Terminal 3-5008432,2026-01-03T19:00:00+01:00,pm1,µg/m³,23.891666650772095
Oshodi Bus Terminal 3-5008432,2026-01-03T19:00:00+01:00,pm25,µg/m³,34.50416668256124
Oshodi Bus Terminal 3-5008432,2026-01-03T19:00:00+01:00,relativehumidity,%,71.95416609446208
Oshodi Bus Terminal 3-5008432,2026-01-03T19:00:00+01:00,temperature,c,30.366666555404663
Oshodi Bus Terminal 3-5008432,2026-01-03T19:00:00+01:00,um003,particles/cm³,1645.9166666666667
Oshodi Bus Terminal 3-5008432,2026-01-03T20:00:00+01:00,pm1,µg/m³,26.266666730244953
Oshodi Bus Terminal 3-5008432,2026-01-03T20:00:00+01:00,pm25,µg/m³,37.337500174840294
Oshodi Bus Terminal 3-5008432,2026-01-03T20:00:00+01:00,relativehumidity,%,75.4583330154419
Oshodi Bus Terminal 3-5008432,2026-01-03T20:00:00+01:00,temperature,c,29.616666952768963
Oshodi Bus Terminal 3-5008432,2026-01-03T20:00:00+01:00,um003,particles/cm³,1918.375
Oshodi Bus Terminal 3-5008432,2026-01-03T21:00:00+01:00,pm1,µg/m³,26.309090961109508
Oshodi Bus Terminal 3-5008432,2026-01-03T21:00:00+01:00,pm25,µg/m³,37.89999987862327
Oshodi Bus Terminal 3-5008432,2026-01-03T21:00:00+01:00,relativehumidity,%,77.14091006192294
Oshodi Bus Terminal 3-5008432,2026-01-03T21:00:00+01:00,temperature,c,29.250000173395332
Oshodi Bus Terminal 3-5008432,2026-01-03T21:00:00+01:00,um003,particles/cm³,1847.5
Oshodi Bus Terminal 3-5008432,2026-01-03T22:00:00+01:00,pm1,µg/m³,25.479166587193806
Oshodi Bus Terminal 3-5008432,2026-01-03T22:00:00+01:00,pm25,µg/m³,37.391666332880654
Oshodi Bus Terminal 3-5008432,2026-01-03T22:00:00+01:00,relativehumidity,%,79.18750095367432
Oshodi Bus Terminal 3-5008432,2026-01-03T22:00:00+01:00,temperature,c,29.066666920979817
Oshodi Bus Terminal 3-5008432,2026-01-03T22:00:00+01:00,um003,particles/cm³,1846.0416666666667
Oshodi Bus Terminal 3-5008432,2026-01-03T23:00:00+01:00,pm1,µg/m³,29.579166650772095
Oshodi Bus Terminal 3-5008432,2026-01-03T23:00:00+01:00,pm25,µg/m³,42.225000540415444
Oshodi Bus Terminal 3-5008432,2026-01-03T23:00:00+01:00,relativehumidity,%,79.53750101725261
Oshodi Bus Terminal 3-5008432,2026-01-03T23:00:00+01:00,temperature,c,28.862499475479126
Oshodi Bus Terminal 3-5008432,2026-01-03T23:00:00+01:00,um003,particles/cm³,2192.5833333333335
Oshodi Bus Terminal 3-5008432,2026-01-04T00:00:00+01:00,pm1,µg/m³,27.645454320040617
Oshodi Bus Terminal 3-5008432,2026-01-04T00:00:00+01:00,pm25,µg/m³,40.122727220708676
Oshodi Bus Terminal 3-5008432,2026-01-04T00:00:00+01:00,relativehumidity,%,79.79999993064187
Oshodi Bus Terminal 3-5008432,2026-01-04T00:00:00+01:00,temperature,c,28.768181627446953
Oshodi Bus Terminal 3-5008432,2026-01-04T00:00:00+01:00,um003,particles/cm³,1950.8181818181818
Oshodi Bus Terminal 3-5008432,2026-01-04T01:00:00+01:00,pm1,µg/m³,29.366666555404663
Oshodi Bus Terminal 3-5008432,2026-01-04T01:00:00+01:00,pm25,µg/m³,43.43750015894572
Oshodi Bus Terminal 3-5008432,2026-01-04T01:00:00+01:00,relativehumidity,%,81.67083263397217
Oshodi Bus Terminal 3-5008432,2026-01-04T01:00:00+01:00,temperature,c,28.545833508173626
Oshodi Bus Terminal 3-5008432,2026-01-04T01:00:00+01:00,um003,particles/cm³,2169.0416666666665
Oshodi Bus Terminal 3-5008432,2026-01-04T02:00:00+01:00,pm1,µg/m³,40.0272723978216
Oshodi Bus Terminal 3-5008432,2026-01-04T02:00:00+01:00,pm25,µg/m³,66.99545444141735
Oshodi Bus Terminal 3-5008432,2026-01-04T02:00:00+01:00,relativehumidity,%,81.42272845181552
Oshodi Bus Terminal 3-5008432,2026-01-04T02:00:00+01:00,temperature,c,28.504545471884988
Oshodi Bus Terminal 3-5008432,2026-01-04T02:00:00+01:00,um003,particles/cm³,3429.9545454545455
Oshodi Bus Terminal 3-5008432,2026-01-04T03:00:00+01:00,pm1,µg/m³,22.958333412806194
Oshodi Bus Terminal 3-5008432,2026-01-04T03:00:00+01:00,pm25,µg/m³,34.8916662534078
Oshodi Bus Terminal 3-5008432,2026-01-04T03:00:00+01:00,relativehumidity,%,81.57083320617676
Oshodi Bus Terminal 3-5008432,2026-01-04T03:00:00+01:00,temperature,c,28.25416644414266
Oshodi Bus Terminal 3-5008432,2026-01-04T03:00:00+01:00,um003,particles/cm³,1573.625
Oshodi Bus Terminal 3-5008432,2026-01-04T04:00:00+01:00,pm1,µg/m³,28.766666809717815
Oshodi Bus Terminal 3-5008432,2026-01-04T04:00:00+01:00,pm25,µg/m³,43.93333355585734
Oshodi Bus Terminal 3-5008432,2026-01-04T04:00:00+01:00,relativehumidity,%,82.68750031789143
Oshodi Bus Terminal 3-5008432,2026-01-04T04:00:00+01:00,temperature,c,27.916666348775227
Oshodi Bus Terminal 3-5008432,2026-01-04T04:00:00+01:00,um003,particles/cm³,2189.625
Oshodi Bus Terminal 3-5008432,2026-01-04T05:00:00+01:00,pm1,µg/m³,30.558333317438763
Oshodi Bus Terminal 3-5008432,2026-01-04T05:00:00+01:00,pm25,µg/m³,48.337499936421715
Oshodi Bus Terminal 3-5008432,2026-01-04T05:00:00+01:00,relativehumidity,%,83.65833441416423
Oshodi Bus Terminal 3-5008432,2026-01-04T05:00:00+01:00,temperature,c,27.64583357175191
Oshodi Bus Terminal 3-5008432,2026-01-04T05:00:00+01:00,um003,particles/cm³,2416.8333333333335
Oshodi Bus Terminal 3-5008432,2026-01-04T06:00:00+01:00,pm1,µg/m³,33.266666650772095
Oshodi Bus Terminal 3-5008432,2026-01-04T06:00:00+01:00,pm25,µg/m³,52.55833339691162
Oshodi Bus Terminal 3-5008432,2026-01-04T06:00:00+01:00,relativehumidity,%,85.10000069936116
Oshodi Bus Terminal 3-5008432,2026-01-04T06:00:00+01:00,temperature,c,27.366666316986084
Oshodi Bus Terminal 3-5008432,2026-01-04T06:00:00+01:00,um003,particles/cm³,2743.0833333333335
Oshodi Bus Terminal 3-5008432,2026-01-04T07:00:00+01:00,pm1,µg/m³,42.13749965031942
Oshodi Bus Terminal 3-5008432,2026-01-04T07:00:00+01:00,pm25,µg/m³,67.32916593551636
Oshodi Bus Terminal 3-5008432,2026-01-04T07:00:00+01:00,relativehumidity,%,86.07500139872234
Oshodi Bus Terminal 3-5008432,2026-01-04T07:00:00+01:00,temperature,c,27.229166666666668
Oshodi Bus Terminal 3-5008432,2026-01-04T07:00:00+01:00,um003,particles/cm³,3566.25
Oshodi Bus Terminal 3-5008432,2026-01-04T08:00:00+01:00,pm1,µg/m³,38.37083292007446
Oshodi Bus Terminal 3-5008432,2026-01-04T08:00:00+01:00,pm25,µg/m³,61.283333937327065
Oshodi Bus Terminal 3-5008432,2026-01-04T08:00:00+01:00,relativehumidity,%,86.06250031789143
Oshodi Bus Terminal 3-5008432,2026-01-04T08:00:00+01:00,temperature,c,27.3041668732961
Oshodi Bus Terminal 3-5008432,2026-01-04T08:00:00+01:00,um003,particles/cm³,3298.9166666666665
Oshodi Bus Terminal 3-5008432,2026-01-04T09:00:00+01:00,pm1,µg/m³,37.862499952316284
Oshodi Bus Terminal 3-5008432,2026-01-04T09:00:00+01:00,pm25,µg/m³,58.6958327293396
Oshodi Bus Terminal 3-5008432,2026-01-04T09:00:00+01:00,relativehumidity,%,80.32083257039388
Oshodi Bus Terminal 3-5008432,2026-01-04T09:00:00+01:00,temperature,c,29.020833333333332
Oshodi Bus Terminal 3-5008432,2026-01-04T09:00:00+01:00,um003,particles/cm³,3204.375
Oshodi Bus Terminal 3-5008432,2026-01-04T10:00:00+01:00,pm1,µg/m³,27.766666730244953
Oshodi Bus Terminal 3-5008432,2026-01-04T10:00:00+01:00,pm25,µg/m³,42.74583339691162
Oshodi Bus Terminal 3-5008432,2026-01-04T10:00:00+01:00,relativehumidity,%,73.63750012715657
Oshodi Bus Terminal 3-5008432,2026-01-04T10:00:00+01:00,temperature,c,31.012500286102295
Oshodi Bus Terminal 3-5008432,2026-01-04T10:00:00+01:00,um003,particles/cm³,2053.4166666666665
Oshodi Bus Terminal 3-5008432,2026-01-04T11:00:00+01:00,pm1,µg/m³,25.25416660308838
Oshodi Bus Terminal 3-5008432,2026-01-04T11:00:00+01:00,pm25,µg/m³,38.30833331743876
Oshodi Bus Terminal 3-5008432,2026-01-04T11:00:00+01:00,relativehumidity,%,72.19583352406819
Oshodi Bus Terminal 3-5008432,2026-01-04T11:00:00+01:00,temperature,c,31.070833206176758
Oshodi Bus Terminal 3-5008432,2026-01-04T11:00:00+01:00,um003,particles/cm³,1787.9166666666667
Oshodi Bus Terminal 3-5008432,2026-01-04T13:00:00+01:00,pm1,µg/m³,25.008333444595337
Oshodi Bus Terminal 3-5008432,2026-01-04T13:00:00+01:00,pm25,µg/m³,37.02500001589457
Oshodi Bus Terminal 3-5008432,2026-01-04T13:00:00+01:00,relativehumidity,%,70.8249994913737
Oshodi Bus Terminal 3-5008432,2026-01-04T13:00:00+01:00,temperature,c,31.47500006357829
Oshodi Bus Terminal 3-5008432,2026-01-04T13:00:00+01:00,um003,particles/cm³,1764.375
Oshodi Bus Terminal 3-5008432,2026-01-04T14:00:00+01:00,pm1,µg/m³,24.56250007947286
Oshodi Bus Terminal 3-5008432,2026-01-04T14:00:00+01:00,pm25,µg/m³,35.45416649182638
Oshodi Bus Terminal 3-5008432,2026-01-04T14:00:00+01:00,relativehumidity,%,65.05416679382324
Oshodi Bus Terminal 3-5008432,2026-01-04T14:00:00+01:00,temperature,c,33.020833253860474
Oshodi Bus Terminal 3-5008432,2026-01-04T14:00:00+01:00,um003,particles/cm³,1695.625
Oshodi Bus Terminal 3-5008432,2026-01-04T15:00:00+01:00,pm1,µg/m³,19.05833327770233
Oshodi Bus Terminal 3-5008432,2026-01-04T15:00:00+01:00,pm25,µg/m³,27.383333285649616
Oshodi Bus Terminal 3-5008432,2026-01-04T15:00:00+01:00,relativehumidity,%,61.90833330154419
Oshodi Bus Terminal 3-5008432,2026-01-04T15:00:00+01:00,temperature,c,33.524999936421715
Oshodi Bus Terminal 3-5008432,2026-01-04T15:00:00+01:00,um003,particles/cm³,1243.625
Oshodi Bus Terminal 3-5008432,2026-01-04T16:00:00+01:00,pm1,µg/m³,22.391666650772095
Oshodi Bus Terminal 3-5008432,2026-01-04T16:00:00+01:00,pm25,µg/m³,32.30416671435038
Oshodi Bus Terminal 3-5008432,2026-01-04T16:00:00+01:00,relativehumidity,%,60.862500031789146
Oshodi Bus Terminal 3-5008432,2026-01-04T16:00:00+01:00,temperature,c,34.40833314259847
Oshodi Bus Terminal 3-5008432,2026-01-04T16:00:00+01:00,um003,particles/cm³,1546.2916666666667
Oshodi Bus Terminal 3-5008432,2026-01-04T17:00:00+01:00,pm1,µg/m³,19.41666654745738
Oshodi Bus Terminal 3-5008432,2026-01-04T17:00:00+01:00,pm25,µg/m³,27.362500031789143
Oshodi Bus Terminal 3-5008432,2026-01-04T17:00:00+01:00,relativehumidity,%,60.758333365122475
Oshodi Bus Terminal 3-5008432,2026-01-04T17:00:00+01:00,temperature,c,33.92499955495199
Oshodi Bus Terminal 3-5008432,2026-01-04T17:00:00+01:00,um003,particles/cm³,1332.9166666666667
Oshodi Bus Terminal 3-5008432,2026-01-04T18:00:00+01:00,pm1,µg/m³,19.175000270207722
Oshodi Bus Terminal 3-5008432,2026-01-04T18:00:00+01:00,pm25,µg/m³,27.599999984105427
Oshodi Bus Terminal 3-5008432,2026-01-04T18:00:00+01:00,relativehumidity,%,63.78333346048991
Oshodi Bus Terminal 3-5008432,2026-01-04T18:00:00+01:00,temperature,c,32.55833347638448
Oshodi Bus Terminal 3-5008432,2026-01-04T18:00:00+01:00,um003,particles/cm³,1309.0416666666667
Oshodi Bus Terminal 3-5008432,2026-01-04T19:00:00+01:00,pm1,µg/m³,20.425000031789143
Oshodi Bus Terminal 3-5008432,2026-01-04T19:00:00+01:00,pm25,µg/m³,29.154166618982952
Oshodi Bus Terminal 3-5008432,2026-01-04T19:00:00+01:00,relativehumidity,%,70.46666622161865
Oshodi Bus Terminal 3-5008432,2026-01-04T19:00:00+01:00,temperature,c,30.96250009536743
Oshodi Bus Terminal 3-5008432,2026-01-04T19:00:00+01:00,um003,particles/cm³,1297.25
Oshodi Bus Terminal 3-5008432,2026-01-04T20:00:00+01:00,pm1,µg/m³,24.190909125588156
Oshodi Bus Terminal 3-5008432,2026-01-04T20:00:00+01:00,pm25,µg/m³,34.61818200891668
Oshodi Bus Terminal 3-5008432,2026-01-04T20:00:00+01:00,relativehumidity,%,75.94545433738016
Oshodi Bus Terminal 3-5008432,2026-01-04T20:00:00+01:00,temperature,c,29.922727238048207
Oshodi Bus Terminal 3-5008432,2026-01-04T20:00:00+01:00,um003,particles/cm³,1768.8181818181818
Oshodi Bus Terminal 3-5008432,2026-01-04T21:00:00+01:00,pm1,µg/m³,26.55833339691162
Oshodi Bus Terminal 3-5008432,2026-01-04T21:00:00+01:00,pm25,µg/m³,38.941666762034096
Oshodi Bus Terminal 3-5008432,2026-01-04T21:00:00+01:00,relativehumidity,%,79.1666669845581
Oshodi Bus Terminal 3-5008432,2026-01-04T21:00:00+01:00,temperature,c,29.545833508173626
Oshodi Bus Terminal 3-5008432,2026-01-04T21:00:00+01:00,um003,particles/cm³,1918.625
Oshodi Bus Terminal 3-5008432,2026-01-04T22:00:00+01:00,pm1,µg/m³,27.975000222524006
Oshodi Bus Terminal 3-5008432,2026-01-04T22:00:00+01:00,pm25,µg/m³,41.6875
Oshodi Bus Terminal 3-5008432,2026-01-04T22:00:00+01:00,relativehumidity,%,81.70416577657063
Oshodi Bus Terminal 3-5008432,2026-01-04T22:00:00+01:00,temperature,c,29.270833333333332
Oshodi Bus Terminal 3-5008432,2026-01-04T22:00:00+01:00,um003,particles/cm³,2097.3333333333335
Oshodi Bus Terminal 3-5008432,2026-01-04T23:00:00+01:00,pm1,µg/m³,30.574999888737995
Oshodi Bus Terminal 3-5008432,2026-01-04T23:00:00+01:00,pm25,µg/m³,44.52499953905741
Oshodi Bus Terminal 3-5008432,2026-01-04T23:00:00+01:00,relativehumidity,%,83.14583333333333
Oshodi Bus Terminal 3-5008432,2026-01-04T23:00:00+01:00,temperature,c,29.016666730244953
Oshodi Bus Terminal 3-5008432,2026-01-04T23:00:00+01:00,um003,particles/cm³,2332.125
Oshodi Bus Terminal 3-5008432,2026-01-05T00:00:00+01:00,pm1,µg/m³,24.954166650772095
Oshodi Bus Terminal 3-5008432,2026-01-05T00:00:00+01:00,pm25,µg/m³,37.133333126703896
Oshodi Bus Terminal 3-5008432,2026-01-05T00:00:00+01:00,relativehumidity,%,83.49166647593181
Oshodi Bus Terminal 3-5008432,2026-01-05T00:00:00+01:00,temperature,c,28.829166650772095
Oshodi Bus Terminal 3-5008432,2026-01-05T00:00:00+01:00,um003,particles/cm³,1762.25
Oshodi Bus Terminal 3-5008432,2026-01-05T01:00:00+01:00,pm1,µg/m³,25.5
Oshodi Bus Terminal 3-5008432,2026-01-05T01:00:00+01:00,pm25,µg/m³,39.03749958674113
Oshodi Bus Terminal 3-5008432,2026-01-05T01:00:00+01:00,relativehumidity,%,84.72499974568684
Oshodi Bus Terminal 3-5008432,2026-01-05T01:00:00+01:00,temperature,c,28.545833508173626
Oshodi Bus Terminal 3-5008432,2026-01-05T01:00:00+01:00,um003,particles/cm³,1828.75
Oshodi Bus Terminal 3-5008432,2026-01-05T02:00:00+01:00,pm1,µg/m³,57.72499958674113
Oshodi Bus Terminal 3-5008432,2026-01-05T02:00:00+01:00,pm25,µg/m³,98.69166644414265
Oshodi Bus Terminal 3-5008432,2026-01-05T02:00:00+01:00,relativehumidity,%,85.62500031789143
Oshodi Bus Terminal 3-5008432,2026-01-05T02:00:00+01:00,temperature,c,28.34583290417989
Oshodi Bus Terminal 3-5008432,2026-01-05T02:00:00+01:00,um003,particles/cm³,4760.208333333333
Oshodi Bus Terminal 3-5008432,2026-01-05T03:00:00+01:00,pm1,µg/m³,50.09166685740153
Oshodi Bus Terminal 3-5008432,2026-01-05T03:00:00+01:00,pm25,µg/m³,79.87916612625122
Oshodi Bus Terminal 3-5008432,2026-01-05T03:00:00+01:00,relativehumidity,%,85.87083276112874
Oshodi Bus Terminal 3-5008432,2026-01-05T03:00:00+01:00,temperature,c,28.237500270207722
Oshodi Bus Terminal 3-5008432,2026-01-05T03:00:00+01:00,um003,particles/cm³,4311.666666666667
Oshodi Bus Terminal 3-5008432,2026-01-05T04:00:00+01:00,pm1,µg/m³,98.47499942779541
Oshodi Bus Terminal 3-5008432,2026-01-05T04:00:00+01:00,pm25,µg/m³,171.07083209355673
Oshodi Bus Terminal 3-5008432,2026-01-05T04:00:00+01:00,relativehumidity,%,86.61666615804036
Oshodi Bus Terminal 3-5008432,2026-01-05T04:00:00+01:00,temperature,c,28.0541668732961
Oshodi Bus Terminal 3-5008432,2026-01-05T04:00:00+01:00,um003,particles/cm³,7940.791666666667
Oshodi Bus Terminal 3-5008432,2026-01-05T05:00:00+01:00,pm1,µg/m³,28.666666666666668
Oshodi Bus Terminal 3-5008432,2026-01-05T05:00:00+01:00,pm25,µg/m³,44.829167207082115
Oshodi Bus Terminal 3-5008432,2026-01-05T05:00:00+01:00,relativehumidity,%,87.72083314259847
Oshodi Bus Terminal 3-5008432,2026-01-05T05:00:00+01:00,temperature,c,27.84583322207133
Oshodi Bus Terminal 3-5008432,2026-01-05T05:00:00+01:00,um003,particles/cm³,2187.4166666666665
Oshodi Bus Terminal 3-5008432,2026-01-05T06:00:00+01:00,pm1,µg/m³,41.75416668256124
Oshodi Bus Terminal 3-5008432,2026-01-05T06:00:00+01:00,pm25,µg/m³,71.77083412806194
Oshodi Bus Terminal 3-5008432,2026-01-05T06:00:00+01:00,relativehumidity,%,89.60416730244954
Oshodi Bus Terminal 3-5008432,2026-01-05T06:00:00+01:00,temperature,c,27.358332951863606
Oshodi Bus Terminal 3-5008432,2026-01-05T06:00:00+01:00,um003,particles/cm³,3374.3333333333335
Oshodi Bus Terminal 3-5008432,2026-01-05T07:00:00+01:00,pm1,µg/m³,33.25416660308838
Oshodi Bus Terminal 3-5008432,2026-01-05T07:00:00+01:00,pm25,µg/m³,52.52916669845581
Oshodi Bus Terminal 3-5008432,2026-01-05T07:00:00+01:00,relativehumidity,%,90.36666615804036
Oshodi Bus Terminal 3-5008432,2026-01-05T07:00:00+01:00,temperature,c,27.199999968210857
Oshodi Bus Terminal 3-5008432,2026-01-05T07:00:00+01:00,um003,particles/cm³,2748.5
Oshodi Bus Terminal 3-5008432,2026-01-05T08:00:00+01:00,pm1,µg/m³,45.26250020662943
Oshodi Bus Terminal 3-5008432,2026-01-05T08:00:00+01:00,pm25,µg/m³,70.88749965031941
Oshodi Bus Terminal 3-5008432,2026-01-05T08:00:00+01:00,relativehumidity,%,90.41666666666667
Oshodi Bus Terminal 3-5008432,2026-01-05T08:00:00+01:00,temperature,c,27.420833508173626
Oshodi Bus Terminal 3-5008432,2026-01-05T08:00:00+01:00,um003,particles/cm³,3821.7083333333335
Oshodi Bus Terminal 3-5008432,2026-01-05T09:00:00+01:00,pm1,µg/m³,42.57272702997381
Oshodi Bus Terminal 3-5008432,2026-01-05T09:00:00+01:00,pm25,µg/m³,66.65909038890491
Oshodi Bus Terminal 3-5008432,2026-01-05T09:00:00+01:00,relativehumidity,%,85.8318169333718
Oshodi Bus Terminal 3-5008432,2026-01-05T09:00:00+01:00,temperature,c,28.627272865988992
Oshodi Bus Terminal 3-5008432,2026-01-05T09:00:00+01:00,um003,particles/cm³,3549.0454545454545
Oshodi Bus Terminal 3-5008432,2026-01-05T10:00:00+01:00,pm1,µg/m³,29.199999968210857
Oshodi Bus Terminal 3-5008432,2026-01-05T10:00:00+01:00,pm25,µg/m³,44.92500019073486
Oshodi Bus Terminal 3-5008432,2026-01-05T10:00:00+01:00,relativehumidity,%,78.10416666666667
Oshodi Bus Terminal 3-5008432,2026-01-05T10:00:00+01:00,temperature,c,30.52916677792867
Oshodi Bus Terminal 3-5008432,2026-01-05T10:00:00+01:00,um003,particles/cm³,2203.0833333333335
Oshodi Bus Terminal 3-5008432,2026-01-05T11:00:00+01:00,pm1,µg/m³,28.59583330154419
Oshodi Bus Terminal 3-5008432,2026-01-05T11:00:00+01:00,pm25,µg/m³,43.57916673024496
Oshodi Bus Terminal 3-5008432,2026-01-05T11:00:00+01:00,relativehumidity,%,73.7666670481364
Oshodi Bus Terminal 3-5008432,2026-01-05T11:00:00+01:00,temperature,c,31.62500007947286
Oshodi Bus Terminal 3-5008432,2026-01-05T11:00:00+01:00,um003,particles/cm³,2121.7916666666665
Oshodi Bus Terminal 3-5008432,2026-01-05T12:00:00+01:00,pm1,µg/m³,28.087499777475994
Oshodi Bus Terminal 3-5008432,2026-01-05T12:00:00+01:00,pm25,µg/m³,42.58333349227905
Oshodi Bus Terminal 3-5008432,2026-01-05T12:00:00+01:00,relativehumidity,%,66.88333352406819
Oshodi Bus Terminal 3-5008432,2026-01-05T12:00:00+01:00,temperature,c,33.287499825159706
Oshodi Bus Terminal 3-5008432,2026-01-05T12:00:00+01:00,um003,particles/cm³,2050.25
Oshodi Bus Terminal 3-5008432,2026-01-05T13:00:00+01:00,pm1,µg/m³,35.39166673024496
Oshodi Bus Terminal 3-5008432,2026-01-05T13:00:00+01:00,pm25,µg/m³,52.70833317438761
Oshodi Bus Terminal 3-5008432,2026-01-05T13:00:00+01:00,relativehumidity,%,61.162500063578285
Oshodi Bus Terminal 3-5008432,2026-01-05T13:00:00+01:00,temperature,c,35.15833361943563
Oshodi Bus Terminal 3-5008432,2026-01-05T13:00:00+01:00,um003,particles/cm³,2943.2083333333335
Oshodi Bus Terminal 3-5008432,2026-01-05T14:00:00+01:00,pm1,µg/m³,32.65416677792867
Oshodi Bus Terminal 3-5008432,2026-01-05T14:00:00+01:00,pm25,µg/m³,47.76666593551636
Oshodi Bus Terminal 3-5008432,2026-01-05T14:00:00+01:00,relativehumidity,%,57.20416673024496
Oshodi Bus Terminal 3-5008432,2026-01-05T14:00:00+01:00,temperature,c,36.14583317438761
Oshodi Bus Terminal 3-5008432,2026-01-05T14:00:00+01:00,um003,particles/cm³,2574.0416666666665
Oshodi Bus Terminal 3-5008432,2026-01-05T15:00:00+01:00,pm1,µg/m³,35.22500014305115
Oshodi Bus Terminal 3-5008432,2026-01-05T15:00:00+01:00,pm25,µg/m³,51.679166316986084
Oshodi Bus Terminal 3-5008432,2026-01-05T15:00:00+01:00,relativehumidity,%,58.57499965031942
Oshodi Bus Terminal 3-5008432,2026-01-05T15:00:00+01:00,temperature,c,35.41666682561239
Oshodi Bus Terminal 3-5008432,2026-01-05T15:00:00+01:00,um003,particles/cm³,2894.7083333333335
Oshodi Bus Terminal 3-5008432,2026-01-05T16:00:00+01:00,pm1,µg/m³,35.45416673024496
Oshodi Bus Terminal 3-5008432,2026-01-05T16:00:00+01:00,pm25,µg/m³,51.41249974568685
Oshodi Bus Terminal 3-5008432,2026-01-05T16:00:00+01:00,relativehumidity,%,64.65416510899861
Oshodi Bus Terminal 3-5008432,2026-01-05T16:00:00+01:00,temperature,c,34.23750019073486
Oshodi Bus Terminal 3-5008432,2026-01-05T16:00:00+01:00,um003,particles/cm³,2797.5416666666665
Oshodi Bus Terminal 3-5008432,2026-01-05T17:00:00+01:00,pm1,µg/m³,35.44583320617676
Oshodi Bus Terminal 3-5008432,2026-01-05T17:00:00+01:00,pm25,µg/m³,52.75416660308838
Oshodi Bus Terminal 3-5008432,2026-01-05T17:00:00+01:00,relativehumidity,%,65.2958329518636
Oshodi Bus Terminal 3-5008432,2026-01-05T17:00:00+01:00,temperature,c,33.979166666666664
Oshodi Bus Terminal 3-5008432,2026-01-05T17:00:00+01:00,um003,particles/cm³,2882.0
Oshodi Bus Terminal 3-5008432,2026-01-05T18:00:00+01:00,pm1,µg/m³,31.5666667620341
Oshodi Bus Terminal 3-5008432,2026-01-05T18:00:00+01:00,pm25,µg/m³,46.92083342870077
Oshodi Bus Terminal 3-5008432,2026-01-05T18:00:00+01:00,relativehumidity,%,71.5666675567627
Oshodi Bus Terminal 3-5008432,2026-01-05T18:00:00+01:00,temperature,c,32.06666684150696
Oshodi Bus Terminal 3-5008432,2026-01-05T18:00:00+01:00,um003,particles/cm³,2489.4583333333335
Oshodi Bus Terminal 3-5008432,2026-01-05T19:00:00+01:00,pm1,µg/m³,33.17916671435038
Oshodi Bus Terminal 3-5008432,2026-01-05T19:00:00+01:00,pm25,µg/m³,48.30000034968058
Oshodi Bus Terminal 3-5008432,2026-01-05T19:00:00+01:00,relativehumidity,%,77.61250019073486
Oshodi Bus Terminal 3-5008432,2026-01-05T19:00:00+01:00,temperature,c,30.604166587193806
Oshodi Bus Terminal 3-5008432,2026-01-05T19:00:00+01:00,um003,particles/cm³,2674.75
Oshodi Bus Terminal 3-5008432,2026-01-05T20:00:00+01:00,pm1,µg/m³,31.53333322207133
Oshodi Bus Terminal 3-5008432,2026-01-05T20:00:00+01:00,pm25,µg/m³,45.59583330154419
Oshodi Bus Terminal 3-5008432,2026-01-05T20:00:00+01:00,relativehumidity,%,80.53749942779541
Oshodi Bus Terminal 3-5008432,2026-01-05T20:00:00+01:00,temperature,c,29.920833587646484
Oshodi Bus Terminal 3-5008432,2026-01-05T20:00:00+01:00,um003,particles/cm³,2501.9583333333335
Oshodi Bus Terminal 3-5008432,2026-01-05T21:00:00+01:00,pm1,µg/m³,34.65833338101705
Oshodi Bus Terminal 3-5008432,2026-01-05T21:00:00+01:00,pm25,µg/m³,49.629166762034096
Oshodi Bus Terminal 3-5008432,2026-01-05T21:00:00+01:00,relativehumidity,%,82.05833307902019
Oshodi Bus Terminal 3-5008432,2026-01-05T21:00:00+01:00,temperature,c,29.612500429153442
Oshodi Bus Terminal 3-5008432,2026-01-05T21:00:00+01:00,um003,particles/cm³,2660.25
Oshodi Bus Terminal 3-5008432,2026-01-05T22:00:00+01:00,pm1,µg/m³,32.200000047683716
Oshodi Bus Terminal 3-5008432,2026-01-05T22:00:00+01:00,pm25,µg/m³,48.02500009536743
Oshodi Bus Terminal 3-5008432,2026-01-05T22:00:00+01:00,relativehumidity,%,82.61250082651775
Oshodi Bus Terminal 3-5008432,2026-01-05T22:00:00+01:00,temperature,c,29.41249966621399
Oshodi Bus Terminal 3-5008432,2026-01-05T22:00:00+01:00,um003,particles/cm³,2510.625
Oshodi Bus Terminal 3-5008432,2026-01-05T23:00:00+01:00,pm1,µg/m³,33.03333346048991
Oshodi Bus Terminal 3-5008432,2026-01-05T23:00:00+01:00,pm25,µg/m³,48.691667556762695
Oshodi Bus Terminal 3-5008432,2026-01-05T23:00:00+01:00,relativehumidity,%,83.0749994913737
Oshodi Bus Terminal 3-5008432,2026-01-05T23:00:00+01:00,temperature,c,29.308332920074463
Oshodi Bus Terminal 3-5008432,2026-01-05T23:00:00+01:00,um003,particles/cm³,2706.125
Oshodi Bus Terminal 3-5008432,2026-01-06T00:00:00+01:00,pm1,µg/m³,30.112499952316284
Oshodi Bus Terminal 3-5008432,2026-01-06T00:00:00+01:00,pm25,µg/m³,44.120833237965904
Oshodi Bus Terminal 3-5008432,2026-01-06T00:00:00+01:00,relativehumidity,%,84.03333377838135
Oshodi Bus Terminal 3-5008432,2026-01-06T00:00:00+01:00,temperature,c,29.21250017484029
Oshodi Bus Terminal 3-5008432,2026-01-06T00:00:00+01:00,um003,particles/cm³,2311.0416666666665
Oshodi Bus Terminal 3-5008432,2026-01-06T01:00:00+01:00,pm1,µg/m³,55.74583339691162
Oshodi Bus Terminal 3-5008432,2026-01-06T01:00:00+01:00,pm25,µg/m³,88.20416609446208
Oshodi Bus Terminal 3-5008432,2026-01-06T01:00:00+01:00,relativehumidity,%,84.76249980926514
Oshodi Bus Terminal 3-5008432,2026-01-06T01:00:00+01:00,temperature,c,29.004166682561237
Oshodi Bus Terminal 3-5008432,2026-01-06T01:00:00+01:00,um003,particles/cm³,4529.958333333333
Oshodi Bus Terminal 3-5008432,2026-01-06T02:00:00+01:00,pm1,µg/m³,43.77916661898295
Oshodi Bus Terminal 3-5008432,2026-01-06T02:00:00+01:00,pm25,µg/m³,71.54166650772095
Oshodi Bus Terminal 3-5008432,2026-01-06T02:00:00+01:00,relativehumidity,%,85.91666666666667
Oshodi Bus Terminal 3-5008432,2026-01-06T02:00:00+01:00,temperature,c,28.6916667620341
Oshodi Bus Terminal 3-5008432,2026-01-06T02:00:00+01:00,um003,particles/cm³,3601.375
Oshodi Bus Terminal 3-5008432,2026-01-06T03:00:00+01:00,pm1,µg/m³,26.62500007947286
Oshodi Bus Terminal 3-5008432,2026-01-06T03:00:00+01:00,pm25,µg/m³,41.633333683013916
Oshodi Bus Terminal 3-5008432,2026-01-06T03:00:00+01:00,relativehumidity,%,87.30416711171468
Oshodi Bus Terminal 3-5008432,2026-01-06T03:00:00+01:00,temperature,c,28.337499856948853
Oshodi Bus Terminal 3-5008432,2026-01-06T03:00:00+01:00,um003,particles/cm³,1930.625
Oshodi Bus Terminal 3-5008432,2026-01-06T04:00:00+01:00,pm1,µg/m³,27.391666730244953
Oshodi Bus Terminal 3-5008432,2026-01-06T04:00:00+01:00,pm25,µg/m³,42.945833365122475
Oshodi Bus Terminal 3-5008432,2026-01-06T04:00:00+01:00,relativehumidity,%,88.98749923706055
Oshodi Bus Terminal 3-5008432,2026-01-06T04:00:00+01:00,temperature,c,27.958333253860474
Oshodi Bus Terminal 3-5008432,2026-01-06T04:00:00+01:00,um003,particles/cm³,1982.3333333333333
Oshodi Bus Terminal 3-5008432,2026-01-06T05:00:00+01:00,pm1,µg/m³,27.158333381017048
Oshodi Bus Terminal 3-5008432,2026-01-06T05:00:00+01:00,pm25,µg/m³,43.558333237965904
Oshodi Bus Terminal 3-5008432,2026-01-06T05:00:00+01:00,relativehumidity,%,90.82916577657063
Oshodi Bus Terminal 3-5008432,2026-01-06T05:00:00+01:00,temperature,c,27.53333346048991
Oshodi Bus Terminal 3-5008432,2026-01-06T05:00:00+01:00,um003,particles/cm³,2006.4166666666667
Oshodi Bus Terminal 3-5008432,2026-01-06T06:00:00+01:00,pm1,µg/m³,28.962500015894573
Oshodi Bus Terminal 3-5008432,2026-01-06T06:00:00+01:00,pm25,µg/m³,45.59166685740153
Oshodi Bus Terminal 3-5008432,2026-01-06T06:00:00+01:00,relativehumidity,%,91.08749961853027
Oshodi Bus Terminal 3-5008432,2026-01-06T06:00:00+01:00,temperature,c,27.487499952316284
Oshodi Bus Terminal 3-5008432,2026-01-06T06:00:00+01:00,um003,particles/cm³,2189.9583333333335
Oshodi Bus Terminal 3-5008432,2026-01-06T07:00:00+01:00,pm1,µg/m³,33.81818199157715
Oshodi Bus Terminal 3-5008432,2026-01-06T07:00:00+01:00,pm25,µg/m³,53.55454514243386
Oshodi Bus Terminal 3-5008432,2026-01-06T07:00:00+01:00,relativehumidity,%,90.64545371315695
Oshodi Bus Terminal 3-5008432,2026-01-06T07:00:00+01:00,temperature,c,27.540909246964887
Oshodi Bus Terminal 3-5008432,2026-01-06T07:00:00+01:00,um003,particles/cm³,2792.4545454545455
Oshodi Bus Terminal 3-5008432,2026-01-06T08:00:00+01:00,pm1,µg/m³,31.0625
Oshodi Bus Terminal 3-5008432,2026-01-06T08:00:00+01:00,pm25,µg/m³,49.41249958674113
Oshodi Bus Terminal 3-5008432,2026-01-06T08:00:00+01:00,relativehumidity,%,90.14166641235352
Oshodi Bus Terminal 3-5008432,2026-01-06T08:00:00+01:00,temperature,c,27.53333346048991
Oshodi Bus Terminal 3-5008432,2026-01-06T08:00:00+01:00,um003,particles/cm³,2407.625
Oshodi Bus Terminal 3-5008432,2026-01-06T09:00:00+01:00,pm1,µg/m³,28.695833444595337
Oshodi Bus Terminal 3-5008432,2026-01-06T09:00:00+01:00,pm25,µg/m³,44.40000009536743
Oshodi Bus Terminal 3-5008432,2026-01-06T09:00:00+01:00,relativehumidity,%,85.72083314259847
Oshodi Bus Terminal 3-5008432,2026-01-06T09:00:00+01:00,temperature,c,28.512500047683716
Oshodi Bus Terminal 3-5008432,2026-01-06T09:00:00+01:00,um003,particles/cm³,2170.25
Oshodi Bus Terminal 3-5008432,2026-01-06T10:00:00+01:00,pm1,µg/m³,24.933333158493042
Oshodi Bus Terminal 3-5008432,2026-01-06T10:00:00+01:00,pm25,µg/m³,38.199999491373696
Oshodi Bus Terminal 3-5008432,2026-01-06T10:00:00+01:00,relativehumidity,%,80.12499904632568
Oshodi Bus Terminal 3-5008432,2026-01-06T10:00:00+01:00,temperature,c,29.887499809265137
Oshodi Bus Terminal 3-5008432,2026-01-06T10:00:00+01:00,um003,particles/cm³,1719.7083333333333
Oshodi Bus Terminal 3-5008432,2026-01-06T11:00:00+01:00,pm1,µg/m³,23.849999947981402
Oshodi Bus Terminal 3-5008432,2026-01-06T11:00:00+01:00,pm25,µg/m³,35.62272696061568
Oshodi Bus Terminal 3-5008432,2026-01-06T11:00:00+01:00,relativehumidity,%,74.79090916026722
Oshodi Bus Terminal 3-5008432,2026-01-06T11:00:00+01:00,temperature,c,31.031818129799582
Oshodi Bus Terminal 3-5008432,2026-01-06T11:00:00+01:00,um003,particles/cm³,1568.590909090909
Oshodi Bus Terminal 3-5008432,2026-01-06T12:00:00+01:00,pm1,µg/m³,24.299999952316284
Oshodi Bus Terminal 3-5008432,2026-01-06T12:00:00+01:00,pm25,µg/m³,36.237500031789146
Oshodi Bus Terminal 3-5008432,2026-01-06T12:00:00+01:00,relativehumidity,%,66.02916622161865
Oshodi Bus Terminal 3-5008432,2026-01-06T12:00:00+01:00,temperature,c,33.245833237965904
Oshodi Bus Terminal 3-5008432,2026-01-06T12:00:00+01:00,um003,particles/cm³,1628.75
Oshodi Bus Terminal 3-5008432,2026-01-06T13:00:00+01:00,pm1,µg/m³,27.666666905085247
Oshodi Bus Terminal 3-5008432,2026-01-06T13:00:00+01:00,pm25,µg/m³,40.59583346048991
Oshodi Bus Terminal 3-5008432,2026-01-06T13:00:00+01:00,relativehumidity,%,58.1875
Oshodi Bus Terminal 3-5008432,2026-01-06T13:00:00+01:00,temperature,c,35.241666316986084
Oshodi Bus Terminal 3-5008432,2026-01-06T13:00:00+01:00,um003,particles/cm³,1949.9583333333333
Oshodi Bus Terminal 3-5008432,2026-01-06T14:00:00+01:00,pm1,µg/m³,32.39166649182638
Oshodi Bus Terminal 3-5008432,2026-01-06T14:00:00+01:00,pm25,µg/m³,47.375
Oshodi Bus Terminal 3-5008432,2026-01-06T14:00:00+01:00,relativehumidity,%,56.083333333333336
Oshodi Bus Terminal 3-5008432,2026-01-06T14:00:00+01:00,temperature,c,35.86249955495199
Oshodi Bus Terminal 3-5008432,2026-01-06T14:00:00+01:00,um003,particles/cm³,2552.5416666666665
Oshodi Bus Terminal 3-5008432,2026-01-06T15:00:00+01:00,pm1,µg/m³,33.15833322207133
Oshodi Bus Terminal 3-5008432,2026-01-06T15:00:00+01:00,pm25,µg/m³,48.13749965031942
Oshodi Bus Terminal 3-5008432,2026-01-06T15:00:00+01:00,relativehumidity,%,62.845833937327065
Oshodi Bus Terminal 3-5008432,2026-01-06T15:00:00+01:00,temperature,c,34.53333346048991
Oshodi Bus Terminal 3-5008432,2026-01-06T15:00:00+01:00,um003,particles/cm³,2636.25
Oshodi Bus Terminal 3-5008432,2026-01-06T16:00:00+01:00,pm1,µg/m³,34.066666762034096
Oshodi Bus Terminal 3-5008432,2026-01-06T16:00:00+01:00,pm25,µg/m³,48.84166669845581
Oshodi Bus Terminal 3-5008432,2026-01-06T16:00:00+01:00,relativehumidity,%,61.32916704813639
Oshodi Bus Terminal 3-5008432,2026-01-06T16:00:00+01:00,temperature,c,34.90416669845581
Oshodi Bus Terminal 3-5008432,2026-01-06T16:00:00+01:00,um003,particles/cm³,2684.4583333333335
Oshodi Bus Terminal 3-5008432,2026-01-06T17:00:00+01:00,pm1,µg/m³,30.49999984105428
Oshodi Bus Terminal 3-5008432,2026-01-06T17:00:00+01:00,pm25,µg/m³,43.695833365122475
Oshodi Bus Terminal 3-5008432,2026-01-06T17:00:00+01:00,relativehumidity,%,64.76250076293945
Oshodi Bus Terminal 3-5008432,2026-01-06T17:00:00+01:00,temperature,c,33.93333355585734
Oshodi Bus Terminal 3-5008432,2026-01-06T17:00:00+01:00,um003,particles/cm³,2328.625
Oshodi Bus Terminal 3-5008432,2026-01-06T18:00:00+01:00,pm1,µg/m³,30.24999992052714
Oshodi Bus Terminal 3-5008432,2026-01-06T18:00:00+01:00,pm25,µg/m³,43.44166692097982
Oshodi Bus Terminal 3-5008432,2026-01-06T18:00:00+01:00,relativehumidity,%,69.55000019073486
Oshodi Bus Terminal 3-5008432,2026-01-06T18:00:00+01:00,temperature,c,32.33749961853027
Oshodi Bus Terminal 3-5008432,2026-01-06T18:00:00+01:00,um003,particles/cm³,2287.7083333333335
Oshodi Bus Terminal 3-5008432,2026-01-06T19:00:00+01:00,pm1,µg/m³,32.39166680971781
Oshodi Bus Terminal 3-5008432,2026-01-06T19:00:00+01:00,pm25,µg/m³,46.354166666666664
Oshodi Bus Terminal 3-5008432,2026-01-06T19:00:00+01:00,relativehumidity,%,75.5124994913737
Oshodi Bus Terminal 3-5008432,2026-01-06T19:00:00+01:00,temperature,c,30.879166920979817
Oshodi Bus Terminal 3-5008432,2026-01-06T19:00:00+01:00,um003,particles/cm³,2533.8333333333335
Oshodi Bus Terminal 3-5008432,2026-01-06T20:00:00+01:00,pm1,µg/m³,36.177273056723855
Oshodi Bus Terminal 3-5008432,2026-01-06T20:00:00+01:00,pm25,µg/m³,51.5227274461226
Oshodi Bus Terminal 3-5008432,2026-01-06T20:00:00+01:00,relativehumidity,%,77.85454594005238
Oshodi Bus Terminal 3-5008432,2026-01-06T20:00:00+01:00,temperature,c,30.304545055736195
Oshodi Bus Terminal 3-5008432,2026-01-06T20:00:00+01:00,um003,particles/cm³,2936.318181818182
Oshodi Bus Terminal 3-5008432,2026-01-06T21:00:00+01:00,pm1,µg/m³,38.175000031789146
Oshodi Bus Terminal 3-5008432,2026-01-06T21:00:00+01:00,pm25,µg/m³,54.987500031789146
Oshodi Bus Terminal 3-5008432,2026-01-06T21:00:00+01:00,relativehumidity,%,79.50416660308838
Oshodi Bus Terminal 3-5008432,2026-01-06T21:00:00+01:00,temperature,c,30.079166968663532
Oshodi Bus Terminal 3-5008432,2026-01-06T21:00:00+01:00,um003,particles/cm³,3155.7083333333335
Oshodi Bus Terminal 3-5008432,2026-01-06T22:00:00+01:00,pm1,µg/m³,33.65454535050826
Oshodi Bus Terminal 3-5008432,2026-01-06T22:00:00+01:00,pm25,µg/m³,48.3272727619518
Oshodi Bus Terminal 3-5008432,2026-01-06T22:00:00+01:00,relativehumidity,%,80.5227262323553
Oshodi Bus Terminal 3-5008432,2026-01-06T22:00:00+01:00,temperature,c,29.76363650235263
Oshodi Bus Terminal 3-5008432,2026-01-06T22:00:00+01:00,um003,particles/cm³,2763.090909090909
Oshodi Bus Terminal 3-5008432,2026-01-06T23:00:00+01:00,pm1,µg/m³,37.416666666666664
Oshodi Bus Terminal 3-5008432,2026-01-06T23:00:00+01:00,pm25,µg/m³,53.70416657129923
Oshodi Bus Terminal 3-5008432,2026-01-06T23:00:00+01:00,relativehumidity,%,81.05833339691162
Oshodi Bus Terminal 3-5008432,2026-01-06T23:00:00+01:00,temperature,c,29.541666825612385
Oshodi Bus Terminal 3-5008432,2026-01-06T23:00:00+01:00,um003,particles/cm³,3062.375
Oshodi Bus Terminal 3-5008432,2026-01-07T00:00:00+01:00,pm1,µg/m³,32.89999985694885
Oshodi Bus Terminal 3-5008432,2026-01-07T00:00:00+01:00,pm25,µg/m³,47.94166660308838
Oshodi Bus Terminal 3-5008432,2026-01-07T00:00:00+01:00,relativehumidity,%,82.53749974568684
Oshodi Bus Terminal 3-5008432,2026-01-07T00:00:00+01:00,temperature,c,29.28749990463257
Oshodi Bus Terminal 3-5008432,2026-01-07T00:00:00+01:00,um003,particles/cm³,2650.4583333333335
Oshodi Bus Terminal 3-5008432,2026-01-07T01:00:00+01:00,pm1,µg/m³,34.17083319028219
Oshodi Bus Terminal 3-5008432,2026-01-07T01:00:00+01:00,pm25,µg/m³,49.94166644414266
Oshodi Bus Terminal 3-5008432,2026-01-07T01:00:00+01:00,relativehumidity,%,84.1875
Oshodi Bus Terminal 3-5008432,2026-01-07T01:00:00+01:00,temperature,c,29.083333492279053
Oshodi Bus Terminal 3-5008432,2026-01-07T01:00:00+01:00,um003,particles/cm³,2738.1666666666665
Oshodi Bus Terminal 3-5008432,2026-01-07T02:00:00+01:00,pm1,µg/m³,30.170833349227905
Oshodi Bus Terminal 3-5008432,2026-01-07T02:00:00+01:00,pm25,µg/m³,44.57499980926514
Oshodi Bus Terminal 3-5008432,2026-01-07T02:00:00+01:00,relativehumidity,%,85.03750038146973
Oshodi Bus Terminal 3-5008432,2026-01-07T02:00:00+01:00,temperature,c,28.854166269302368
Oshodi Bus Terminal 3-5008432,2026-01-07T02:00:00+01:00,um003,particles/cm³,2323.4166666666665
Oshodi Bus Terminal 3-5008432,2026-01-07T03:00:00+01:00,pm1,µg/m³,70.30833260218303
Oshodi Bus Terminal 3-5008432,2026-01-07T03:00:00+01:00,pm25,µg/m³,123.57499821980794
Oshodi Bus Terminal 3-5008432,2026-01-07T03:00:00+01:00,relativehumidity,%,86.36666679382324
Oshodi Bus Terminal 3-5008432,2026-01-07T03:00:00+01:00,temperature,c,28.550000190734863
Oshodi Bus Terminal 3-5008432,2026-01-07T03:00:00+01:00,um003,particles/cm³,5860.833333333333
Oshodi Bus Terminal 3-5008432,2026-01-07T04:00:00+01:00,pm1,µg/m³,107.80833307902019
Oshodi Bus Terminal 3-5008432,2026-01-07T04:00:00+01:00,pm25,µg/m³,201.69166723887125
Oshodi Bus Terminal 3-5008432,2026-01-07T04:00:00+01:00,relativehumidity,%,87.2958329518636
Oshodi Bus Terminal 3-5008432,2026-01-07T04:00:00+01:00,temperature,c,28.391666253407795
Oshodi Bus Terminal 3-5008432,2026-01-07T04:00:00+01:00,um003,particles/cm³,8847.208333333334
Oshodi Bus Terminal 3-5008432,2026-01-07T05:00:00+01:00,pm1,µg/m³,28.410000038146972
Oshodi Bus Terminal 3-5008432,2026-01-07T05:00:00+01:00,pm25,µg/m³,43.45999984741211
Oshodi Bus Terminal 3-5008432,2026-01-07T05:00:00+01:00,relativehumidity,%,88.39499969482422
Oshodi Bus Terminal 3-5008432,2026-01-07T05:00:00+01:00,temperature,c,28.10500020980835
Oshodi Bus Terminal 3-5008432,2026-01-07T05:00:00+01:00,um003,particles/cm³,2098.55
Oshodi Bus Terminal 3-5008432,2026-01-07T06:00:00+01:00,pm1,µg/m³,29.708333492279053
Oshodi Bus Terminal 3-5008432,2026-01-07T06:00:00+01:00,pm25,µg/m³,46.11250019073486
Oshodi Bus Terminal 3-5008432,2026-01-07T06:00:00+01:00,relativehumidity,%,89.86666742960612
Oshodi Bus Terminal 3-5008432,2026-01-07T06:00:00+01:00,temperature,c,27.791666269302368
Oshodi Bus Terminal 3-5008432,2026-01-07T06:00:00+01:00,um003,particles/cm³,2305.0
Oshodi Bus Terminal 3-5008432,2026-01-07T07:00:00+01:00,pm1,µg/m³,41.87500007947286
Oshodi Bus Terminal 3-5008432,2026-01-07T07:00:00+01:00,pm25,µg/m³,66.93749920527141
Oshodi Bus Terminal 3-5008432,2026-01-07T07:00:00+01:00,relativehumidity,%,90.21249961853027
Oshodi Bus Terminal 3-5008432,2026-01-07T07:00:00+01:00,temperature,c,27.695833683013916
Oshodi Bus Terminal 3-5008432,2026-01-07T07:00:00+01:00,um003,particles/cm³,3581.75
Oshodi Bus Terminal 3-5008432,2026-01-07T08:00:00+01:00,pm1,µg/m³,51.404545003717594
Oshodi Bus Terminal 3-5008432,2026-01-07T08:00:00+01:00,pm25,µg/m³,81.76818292791194
Oshodi Bus Terminal 3-5008432,2026-01-07T08:00:00+01:00,relativehumidity,%,89.8863639831543
Oshodi Bus Terminal 3-5008432,2026-01-07T08:00:00+01:00,temperature,c,27.881818077780984
Oshodi Bus Terminal 3-5008432,2026-01-07T08:00:00+01:00,um003,particles/cm³,4311.954545454545
Oshodi Bus Terminal 3-5008432,2026-01-07T09:00:00+01:00,pm1,µg/m³,43.199999888738
Oshodi Bus Terminal 3-5008432,2026-01-07T09:00:00+01:00,pm25,µg/m³,67.50833304723103
Oshodi Bus Terminal 3-5008432,2026-01-07T09:00:00+01:00,relativehumidity,%,83.79999955495198
Oshodi Bus Terminal 3-5008432,2026-01-07T09:00:00+01:00,temperature,c,29.491666475931805
Oshodi Bus Terminal 3-5008432,2026-01-07T09:00:00+01:00,um003,particles/cm³,3468.0416666666665
Oshodi Bus Terminal 3-5008432,2026-01-07T10:00:00+01:00,pm1,µg/m³,27.920833428700764
Oshodi Bus Terminal 3-5008432,2026-01-07T10:00:00+01:00,pm25,µg/m³,42.85416682561239
Oshodi Bus Terminal 3-5008432,2026-01-07T10:00:00+01:00,relativehumidity,%,78.52916653951009
Oshodi Bus Terminal 3-5008432,2026-01-07T10:00:00+01:00,temperature,c,30.5583332379659
Oshodi Bus Terminal 3-5008432,2026-01-07T10:00:00+01:00,um003,particles/cm³,2038.1666666666667
Oshodi Bus Terminal 3-5008432,2026-01-07T11:00:00+01:00,pm1,µg/m³,27.845454476096414
Oshodi Bus Terminal 3-5008432,2026-01-07T11:00:00+01:00,pm25,µg/m³,41.81818199157715
Oshodi Bus Terminal 3-5008432,2026-01-07T11:00:00+01:00,relativehumidity,%,72.79090916026722
Oshodi Bus Terminal 3-5008432,2026-01-07T11:00:00+01:00,temperature,c,31.395454493435945
Oshodi Bus Terminal 3-5008432,2026-01-07T11:00:00+01:00,um003,particles/cm³,2043.7727272727273
Oshodi Bus Terminal 3-5008432,2026-01-07T12:00:00+01:00,pm1,µg/m³,31.166666905085247
Oshodi Bus Terminal 3-5008432,2026-01-07T12:00:00+01:00,pm25,µg/m³,46.070833365122475
Oshodi Bus Terminal 3-5008432,2026-01-07T12:00:00+01:00,relativehumidity,%,66.64583365122478
Oshodi Bus Terminal 3-5008432,2026-01-07T12:00:00+01:00,temperature,c,32.57083304723104
Oshodi Bus Terminal 3-5008432,2026-01-07T12:00:00+01:00,um003,particles/cm³,2403.8333333333335
Oshodi Bus Terminal 3-5008432,2026-01-07T13:00:00+01:00,pm1,µg/m³,31.241666714350384
Oshodi Bus Terminal 3-5008432,2026-01-07T13:00:00+01:00,pm25,µg/m³,44.91666730244955
Oshodi Bus Terminal 3-5008432,2026-01-07T13:00:00+01:00,relativehumidity,%,61.08333349227905
Oshodi Bus Terminal 3-5008432,2026-01-07T13:00:00+01:00,temperature,c,34.037500063578285
Oshodi Bus Terminal 3-5008432,2026-01-07T13:00:00+01:00,um003,particles/cm³,2431.25
Oshodi Bus Terminal 3-5008432,2026-01-07T14:00:00+01:00,pm1,µg/m³,32.266666889190674
Oshodi Bus Terminal 3-5008432,2026-01-07T14:00:00+01:00,pm25,µg/m³,46.37083339691162
Oshodi Bus Terminal 3-5008432,2026-01-07T14:00:00+01:00,relativehumidity,%,58.70833365122477
Oshodi Bus Terminal 3-5008432,2026-01-07T14:00:00+01:00,temperature,c,34.241666316986084
Oshodi Bus Terminal 3-5008432,2026-01-07T14:00:00+01:00,um003,particles/cm³,2526.2916666666665
Oshodi Bus Terminal 3-5008432,2026-01-07T15:00:00+01:00,pm1,µg/m³,32.929166634877525
Oshodi Bus Terminal 3-5008432,2026-01-07T15:00:00+01:00,pm25,µg/m³,46.916666666666664
Oshodi Bus Terminal 3-5008432,2026-01-07T15:00:00+01:00,relativehumidity,%,57.70833349227905
Oshodi Bus Terminal 3-5008432,2026-01-07T15:00:00+01:00,temperature,c,34.945833365122475
Oshodi Bus Terminal 3-5008432,2026-01-07T15:00:00+01:00,um003,particles/cm³,2617.7916666666665
Oshodi Bus Terminal 3-5008432,2026-01-07T16:00:00+01:00,pm1,µg/m³,31.766666730244953
Oshodi Bus Terminal 3-5008432,2026-01-07T16:00:00+01:00,pm25,µg/m³,44.48333295186361
Oshodi Bus Terminal 3-5008432,2026-01-07T16:00:00+01:00,relativehumidity,%,59.91666650772095
Oshodi Bus Terminal 3-5008432,2026-01-07T16:00:00+01:00,temperature,c,34.46666685740153
Oshodi Bus Terminal 3-5008432,2026-01-07T16:00:00+01:00,um003,particles/cm³,2414.9583333333335
Oshodi Bus Terminal 3-5008432,2026-01-07T17:00:00+01:00,pm1,µg/m³,34.25
Oshodi Bus Terminal 3-5008432,2026-01-07T17:00:00+01:00,pm25,µg/m³,47.73750019073486
Oshodi Bus Terminal 3-5008432,2026-01-07T17:00:00+01:00,relativehumidity,%,63.05833355585734
Oshodi Bus Terminal 3-5008432,2026-01-07T17:00:00+01:00,temperature,c,33.66249990463257
Oshodi Bus Terminal 3-5008432,2026-01-07T17:00:00+01:00,um003,particles/cm³,2684.875
Oshodi Bus Terminal 3-5008432,2026-01-07T18:00:00+01:00,pm1,µg/m³,31.383333444595337
Oshodi Bus Terminal 3-5008432,2026-01-07T18:00:00+01:00,pm25,µg/m³,44.47916603088379
Oshodi Bus Terminal 3-5008432,2026-01-07T18:00:00+01:00,relativehumidity,%,66.6208332379659
Oshodi Bus Terminal 3-5008432,2026-01-07T18:00:00+01:00,temperature,c,32.82916657129923
Oshodi Bus Terminal 3-5008432,2026-01-07T18:00:00+01:00,um003,particles/cm³,2432.25
Oshodi Bus Terminal 3-5008432,2026-01-07T19:00:00+01:00,pm1,µg/m³,33.3125
Oshodi Bus Terminal 3-5008432,2026-01-07T19:00:00+01:00,pm25,µg/m³,48.12916660308838
Oshodi Bus Terminal 3-5008432,2026-01-07T19:00:00+01:00,relativehumidity,%,73.00416660308838
Oshodi Bus Terminal 3-5008432,2026-01-07T19:00:00+01:00,temperature,c,31.154166618982952
Oshodi Bus Terminal 3-5008432,2026-01-07T19:00:00+01:00,um003,particles/cm³,2571.3333333333335
Oshodi Bus Terminal 3-5008432,2026-01-07T20:00:00+01:00,pm1,µg/m³,37.03333338101705
Oshodi Bus Terminal 3-5008432,2026-01-07T20:00:00+01:00,pm25,µg/m³,53.708333015441895
Oshodi Bus Terminal 3-5008432,2026-01-07T20:00:00+01:00,relativehumidity,%,76.11249987284343
Oshodi Bus Terminal 3-5008432,2026-01-07T20:00:00+01:00,temperature,c,30.27500009536743
Oshodi Bus Terminal 3-5008432,2026-01-07T20:00:00+01:00,um003,particles/cm³,3056.1666666666665
Oshodi Bus Terminal 3-5008432,2026-01-07T21:00:00+01:00,pm1,µg/m³,34.366666396458946
Oshodi Bus Terminal 3-5008432,2026-01-07T21:00:00+01:00,pm25,µg/m³,50.15416669845581
Oshodi Bus Terminal 3-5008432,2026-01-07T21:00:00+01:00,relativehumidity,%,78.1125005086263
Oshodi Bus Terminal 3-5008432,2026-01-07T21:00:00+01:00,temperature,c,29.97499990463257
Oshodi Bus Terminal 3-5008432,2026-01-07T21:00:00+01:00,um003,particles/cm³,2833.375
Oshodi Bus Terminal 3-5008432,2026-01-07T22:00:00+01:00,pm1,µg/m³,33.00833320617676
Oshodi Bus Terminal 3-5008432,2026-01-07T22:00:00+01:00,pm25,µg/m³,48.25
Oshodi Bus Terminal 3-5008432,2026-01-07T22:00:00+01:00,relativehumidity,%,79.53333346048991
Oshodi Bus Terminal 3-5008432,2026-01-07T22:00:00+01:00,temperature,c,29.695833285649616
Oshodi Bus Terminal 3-5008432,2026-01-07T22:00:00+01:00,um003,particles/cm³,2684.9583333333335
Oshodi Bus Terminal 3-5008432,2026-01-07T23:00:00+01:00,pm1,µg/m³,37.24583315849304
Oshodi Bus Terminal 3-5008432,2026-01-07T23:00:00+01:00,pm25,µg/m³,53.44166644414266
Oshodi Bus Terminal 3-5008432,2026-01-07T23:00:00+01:00,relativehumidity,%,80.31249936421712
Oshodi Bus Terminal 3-5008432,2026-01-07T23:00:00+01:00,temperature,c,29.47083322207133
Oshodi Bus Terminal 3-5008432,2026-01-07T23:00:00+01:00,um003,particles/cm³,3051.6666666666665
Oshodi Bus Terminal 3-5008432,2026-01-08T00:00:00+01:00,pm1,µg/m³,39.37083331743876
Oshodi Bus Terminal 3-5008432,2026-01-08T00:00:00+01:00,pm25,µg/m³,62.70833365122477
Oshodi Bus Terminal 3-5008432,2026-01-08T00:00:00+01:00,relativehumidity,%,81.9208329518636
Oshodi Bus Terminal 3-5008432,2026-01-08T00:00:00+01:00,temperature,c,29.166666825612385
Oshodi Bus Terminal 3-5008432,2026-01-08T00:00:00+01:00,um003,particles/cm³,3238.875
Oshodi Bus Terminal 3-5008432,2026-01-08T01:00:00+01:00,pm1,µg/m³,36.13749980926514
Oshodi Bus Terminal 3-5008432,2026-01-08T01:00:00+01:00,pm25,µg/m³,56.22083314259847
Oshodi Bus Terminal 3-5008432,2026-01-08T01:00:00+01:00,relativehumidity,%,83.47500101725261
Oshodi Bus Terminal 3-5008432,2026-01-08T01:00:00+01:00,temperature,c,28.929166396458943
Oshodi Bus Terminal 3-5008432,2026-01-08T01:00:00+01:00,um003,particles/cm³,2991.2916666666665
Oshodi Bus Terminal 3-5008432,2026-01-08T02:00:00+01:00,pm1,µg/m³,45.425000031789146
Oshodi Bus Terminal 3-5008432,2026-01-08T02:00:00+01:00,pm25,µg/m³,75.18333260218303
Oshodi Bus Terminal 3-5008432,2026-01-08T02:00:00+01:00,relativehumidity,%,84.80833371480306
Oshodi Bus Terminal 3-5008432,2026-01-08T02:00:00+01:00,temperature,c,28.65833346048991
Oshodi Bus Terminal 3-5008432,2026-01-08T02:00:00+01:00,um003,particles/cm³,3711.875
Oshodi Bus Terminal 3-5008432,2026-01-08T03:00:00+01:00,pm1,µg/m³,44.329166332880654
Oshodi Bus Terminal 3-5008432,2026-01-08T03:00:00+01:00,pm25,µg/m³,71.28333409627278
Oshodi Bus Terminal 3-5008432,2026-01-08T03:00:00+01:00,relativehumidity,%,85.63749917348225
Oshodi Bus Terminal 3-5008432,2026-01-08T03:00:00+01:00,temperature,c,28.5
Oshodi Bus Terminal 3-5008432,2026-01-08T03:00:00+01:00,um003,particles/cm³,3724.375
Oshodi Bus Terminal 3-5008432,2026-01-08T04:00:00+01:00,pm1,µg/m³,39.45833317438761
Oshodi Bus Terminal 3-5008432,2026-01-08T04:00:00+01:00,pm25,µg/m³,58.21666653951009
Oshodi Bus Terminal 3-5008432,2026-01-08T04:00:00+01:00,relativehumidity,%,86.71249961853027
Oshodi Bus Terminal 3-5008432,2026-01-08T04:00:00+01:00,temperature,c,28.266666809717815
Oshodi Bus Terminal 3-5008432,2026-01-08T04:00:00+01:00,um003,particles/cm³,3250.8333333333335
Oshodi Bus Terminal 3-5008432,2026-01-08T05:00:00+01:00,pm1,µg/m³,47.7458336353302
Oshodi Bus Terminal 3-5008432,2026-01-08T05:00:00+01:00,pm25,µg/m³,71.82083336512248
Oshodi Bus Terminal 3-5008432,2026-01-08T05:00:00+01:00,relativehumidity,%,85.4166669845581
Oshodi Bus Terminal 3-5008432,2026-01-08T05:00:00+01:00,temperature,c,28.520833412806194
Oshodi Bus Terminal 3-5008432,2026-01-08T05:00:00+01:00,um003,particles/cm³,3867.0833333333335
Oshodi Bus Terminal 3-5008432,2026-01-08T06:00:00+01:00,pm1,µg/m³,32.00909059697931
Oshodi Bus Terminal 3-5008432,2026-01-08T06:00:00+01:00,pm25,µg/m³,49.29090968045321
Oshodi Bus Terminal 3-5008432,2026-01-08T06:00:00+01:00,relativehumidity,%,85.67272845181552
Oshodi Bus Terminal 3-5008432,2026-01-08T06:00:00+01:00,temperature,c,28.33181771365079
Oshodi Bus Terminal 3-5008432,2026-01-08T06:00:00+01:00,um003,particles/cm³,2509.6363636363635
Oshodi Bus Terminal 3-5008432,2026-01-08T07:00:00+01:00,pm1,µg/m³,63.691667238871254
Oshodi Bus Terminal 3-5008432,2026-01-08T07:00:00+01:00,pm25,µg/m³,112.0583332379659
Oshodi Bus Terminal 3-5008432,2026-01-08T07:00:00+01:00,relativehumidity,%,86.31250063578288
Oshodi Bus Terminal 3-5008432,2026-01-08T07:00:00+01:00,temperature,c,28.166666746139526
Oshodi Bus Terminal 3-5008432,2026-01-08T07:00:00+01:00,um003,particles/cm³,5274.458333333333
Oshodi Bus Terminal 3-5008432,2026-01-08T08:00:00+01:00,pm1,µg/m³,49.07916673024496
Oshodi Bus Terminal 3-5008432,2026-01-08T08:00:00+01:00,pm25,µg/m³,75.26249980926514
Oshodi Bus Terminal 3-5008432,2026-01-08T08:00:00+01:00,relativehumidity,%,85.92083326975505
Oshodi Bus Terminal 3-5008432,2026-01-08T08:00:00+01:00,temperature,c,28.354166507720947
Oshodi Bus Terminal 3-5008432,2026-01-08T08:00:00+01:00,um003,particles/cm³,4123.833333333333
Oshodi Bus Terminal 3-5008432,2026-01-08T09:00:00+01:00,pm1,µg/m³,30.829166730244953
Oshodi Bus Terminal 3-5008432,2026-01-08T09:00:00+01:00,pm25,µg/m³,47.15416638056437
Oshodi Bus Terminal 3-5008432,2026-01-08T09:00:00+01:00,relativehumidity,%,83.38750076293945
Oshodi Bus Terminal 3-5008432,2026-01-08T09:00:00+01:00,temperature,c,29.15000009536743
Oshodi Bus Terminal 3-5008432,2026-01-08T09:00:00+01:00,um003,particles/cm³,2449.1666666666665
Oshodi Bus Terminal 3-5008432,2026-01-08T10:00:00+01:00,pm1,µg/m³,30.99999984105428
Oshodi Bus Terminal 3-5008432,2026-01-08T10:00:00+01:00,pm25,µg/m³,47.204166412353516
Oshodi Bus Terminal 3-5008432,2026-01-08T10:00:00+01:00,relativehumidity,%,79.6083329518636
Oshodi Bus Terminal 3-5008432,2026-01-08T10:00:00+01:00,temperature,c,30.229166666666668
Oshodi Bus Terminal 3-5008432,2026-01-08T10:00:00+01:00,um003,particles/cm³,2415.7083333333335
Oshodi Bus Terminal 3-5008432,2026-01-08T11:00:00+01:00,pm1,µg/m³,30.141666571299236
Oshodi Bus Terminal 3-5008432,2026-01-08T11:00:00+01:00,pm25,µg/m³,45.90000025431315
Oshodi Bus Terminal 3-5008432,2026-01-08T11:00:00+01:00,relativehumidity,%,75.40833346048991
Oshodi Bus Terminal 3-5008432,2026-01-08T11:00:00+01:00,temperature,c,31.095832983652752
Oshodi Bus Terminal 3-5008432,2026-01-08T11:00:00+01:00,um003,particles/cm³,2317.6666666666665
Oshodi Bus Terminal 3-5008432,2026-01-08T12:00:00+01:00,pm1,µg/m³,31.77916669845581
Oshodi Bus Terminal 3-5008432,2026-01-08T12:00:00+01:00,pm25,µg/m³,47.041666666666664
Oshodi Bus Terminal 3-5008432,2026-01-08T12:00:00+01:00,relativehumidity,%,66.69583288828532
Oshodi Bus Terminal 3-5008432,2026-01-08T12:00:00+01:00,temperature,c,32.94166628519694
Oshodi Bus Terminal 3-5008432,2026-01-08T12:00:00+01:00,um003,particles/cm³,2500.7083333333335
Oshodi Bus Terminal 3-5008432,2026-01-08T13:00:00+01:00,pm1,µg/m³,35.8363641392101
Oshodi Bus Terminal 3-5008432,2026-01-08T13:00:00+01:00,pm25,µg/m³,52.1090913252397
Oshodi Bus Terminal 3-5008432,2026-01-08T13:00:00+01:00,relativehumidity,%,64.71363657171077
Oshodi Bus Terminal 3-5008432,2026-01-08T13:00:00+01:00,temperature,c,33.19090895219283
Oshodi Bus Terminal 3-5008432,2026-01-08T13:00:00+01:00,um003,particles/cm³,2869.7727272727275
Oshodi Bus Terminal 3-5008432,2026-01-08T14:00:00+01:00,pm1,µg/m³,33.2416664759318
Oshodi Bus Terminal 3-5008432,2026-01-08T14:00:00+01:00,pm25,µg/m³,47.67083342870077
Oshodi Bus Terminal 3-5008432,2026-01-08T14:00:00+01:00,relativehumidity,%,62.79583326975504
Oshodi Bus Terminal 3-5008432,2026-01-08T14:00:00+01:00,temperature,c,33.82916673024496
Oshodi Bus Terminal 3-5008432,2026-01-08T14:00:00+01:00,um003,particles/cm³,2606.7916666666665
Oshodi Bus Terminal 3-5008432,2026-01-08T15:00:00+01:00,pm1,µg/m³,31.18333339691162
Oshodi Bus Terminal 3-5008432,2026-01-08T15:00:00+01:00,pm25,µg/m³,44.870832761128746
Oshodi Bus Terminal 3-5008432,2026-01-08T15:00:00+01:00,relativehumidity,%,62.05416695276896
Oshodi Bus Terminal 3-5008432,2026-01-08T15:00:00+01:00,temperature,c,33.92500019073486
Oshodi Bus Terminal 3-5008432,2026-01-08T15:00:00+01:00,um003,particles/cm³,2441.2916666666665
Oshodi Bus Terminal 3-5008432,2026-01-08T16:00:00+01:00,pm1,µg/m³,30.87499984105428
Oshodi Bus Terminal 3-5008432,2026-01-08T16:00:00+01:00,pm25,µg/m³,44.44166644414266
Oshodi Bus Terminal 3-5008432,2026-01-08T16:00:00+01:00,relativehumidity,%,64.75833304723103
Oshodi Bus Terminal 3-5008432,2026-01-08T16:00:00+01:00,temperature,c,33.22916730244955
Oshodi Bus Terminal 3-5008432,2026-01-08T16:00:00+01:00,um003,particles/cm³,2375.5833333333335
Oshodi Bus Terminal 3-5008432,2026-01-08T17:00:00+01:00,pm1,µg/m³,30.695832808812458
Oshodi Bus Terminal 3-5008432,2026-01-08T17:00:00+01:00,pm25,µg/m³,44.583333810170494
Oshodi Bus Terminal 3-5008432,2026-01-08T17:00:00+01:00,relativehumidity,%,64.73333326975505
Oshodi Bus Terminal 3-5008432,2026-01-08T17:00:00+01:00,temperature,c,33.48333342870077
Oshodi Bus Terminal 3-5008432,2026-01-08T17:00:00+01:00,um003,particles/cm³,2381.7916666666665
Oshodi Bus Terminal 3-5008432,2026-01-08T18:00:00+01:00,pm1,µg/m³,45.41363655437123
Oshodi Bus Terminal 3-5008432,2026-01-08T18:00:00+01:00,pm25,µg/m³,65.96363674510609
Oshodi Bus Terminal 3-5008432,2026-01-08T18:00:00+01:00,relativehumidity,%,68.5863643993031
Oshodi Bus Terminal 3-5008432,2026-01-08T18:00:00+01:00,temperature,c,32.29545497894287
Oshodi Bus Terminal 3-5008432,2026-01-08T18:00:00+01:00,um003,particles/cm³,3672.2272727272725
Oshodi Bus Terminal 3-5008432,2026-01-08T19:00:00+01:00,pm1,µg/m³,45.166667222976685
Oshodi Bus Terminal 3-5008432,2026-01-08T19:00:00+01:00,pm25,µg/m³,66.62083387374878
Oshodi Bus Terminal 3-5008432,2026-01-08T19:00:00+01:00,relativehumidity,%,74.07083352406819
Oshodi Bus Terminal 3-5008432,2026-01-08T19:00:00+01:00,temperature,c,30.71250017484029
Oshodi Bus Terminal 3-5008432,2026-01-08T19:00:00+01:00,um003,particles/cm³,3800.4166666666665
Oshodi Bus Terminal 3-5008432,2026-01-08T20:00:00+01:00,pm1,µg/m³,43.27916701634725
Oshodi Bus Terminal 3-5008432,2026-01-08T20:00:00+01:00,pm25,µg/m³,62.47083282470703
Oshodi Bus Terminal 3-5008432,2026-01-08T20:00:00+01:00,relativehumidity,%,77.03749974568684
Oshodi Bus Terminal 3-5008432,2026-01-08T20:00:00+01:00,temperature,c,30.075000206629436
Oshodi Bus Terminal 3-5008432,2026-01-08T20:00:00+01:00,um003,particles/cm³,3797.875
Oshodi Bus Terminal 3-5008432,2026-01-08T21:00:00+01:00,pm1,µg/m³,36.99166615804037
Oshodi Bus Terminal 3-5008432,2026-01-08T21:00:00+01:00,pm25,µg/m³,53.179166316986084
Oshodi Bus Terminal 3-5008432,2026-01-08T21:00:00+01:00,relativehumidity,%,78.27500025431316
Oshodi Bus Terminal 3-5008432,2026-01-08T21:00:00+01:00,temperature,c,29.85833279291789
Oshodi Bus Terminal 3-5008432,2026-01-08T21:00:00+01:00,um003,particles/cm³,3084.5
Oshodi Bus Terminal 3-5008432,2026-01-08T22:00:00+01:00,pm1,µg/m³,37.84583346048991
Oshodi Bus Terminal 3-5008432,2026-01-08T22:00:00+01:00,pm25,µg/m³,54.57916673024496
Oshodi Bus Terminal 3-5008432,2026-01-08T22:00:00+01:00,relativehumidity,%,79.15000057220459
Oshodi Bus Terminal 3-5008432,2026-01-08T22:00:00+01:00,temperature,c,29.737500111262005
Oshodi Bus Terminal 3-5008432,2026-01-08T22:00:00+01:00,um003,particles/cm³,3124.9166666666665
Oshodi Bus Terminal 3-5008432,2026-01-08T23:00:00+01:00,pm1,µg/m³,37.9458335240682
Oshodi Bus Terminal 3-5008432,2026-01-08T23:00:00+01:00,pm25,µg/m³,54.61666679382324
Oshodi Bus Terminal 3-5008432,2026-01-08T23:00:00+01:00,relativehumidity,%,81.03333314259847
Oshodi Bus Terminal 3-5008432,2026-01-08T23:00:00+01:00,temperature,c,29.433333079020183
Oshodi Bus Terminal 3-5008432,2026-01-08T23:00:00+01:00,um003,particles/cm³,3127.7916666666665
Oshodi Bus Terminal 3-5008432,2026-01-09T00:00:00+01:00,pm1,µg/m³,39.03749998410543
Oshodi Bus Terminal 3-5008432,2026-01-09T00:00:00+01:00,pm25,µg/m³,55.46666685740153
Oshodi Bus Terminal 3-5008432,2026-01-09T00:00:00+01:00,relativehumidity,%,81.65416685740153
Oshodi Bus Terminal 3-5008432,2026-01-09T00:00:00+01:00,temperature,c,29.370832840601604
Oshodi Bus Terminal 3-5008432,2026-01-09T00:00:00+01:00,um003,particles/cm³,3100.0
Oshodi Bus Terminal 3-5008432,2026-01-09T01:00:00+01:00,pm1,µg/m³,28.22500006357829
Oshodi Bus Terminal 3-5008432,2026-01-09T01:00:00+01:00,pm25,µg/m³,41.991666316986084
Oshodi Bus Terminal 3-5008432,2026-01-09T01:00:00+01:00,relativehumidity,%,82.60833358764648
Oshodi Bus Terminal 3-5008432,2026-01-09T01:00:00+01:00,temperature,c,29.270833094914753
Oshodi Bus Terminal 3-5008432,2026-01-09T01:00:00+01:00,um003,particles/cm³,2093.4583333333335
Oshodi Bus Terminal 3-5008432,2026-01-09T02:00:00+01:00,pm1,µg/m³,31.02916653951009
Oshodi Bus Terminal 3-5008432,2026-01-09T02:00:00+01:00,pm25,µg/m³,48.049999713897705
Oshodi Bus Terminal 3-5008432,2026-01-09T02:00:00+01:00,relativehumidity,%,84.26666736602783
Oshodi Bus Terminal 3-5008432,2026-01-09T02:00:00+01:00,temperature,c,28.84166669845581
Oshodi Bus Terminal 3-5008432,2026-01-09T02:00:00+01:00,um003,particles/cm³,2451.3333333333335
Oshodi Bus Terminal 3-5008432,2026-01-09T03:00:00+01:00,pm1,µg/m³,33.69166668256124
Oshodi Bus Terminal 3-5008432,2026-01-09T03:00:00+01:00,pm25,µg/m³,55.254166762034096
Oshodi Bus Terminal 3-5008432,2026-01-09T03:00:00+01:00,relativehumidity,%,85.91249974568684
Oshodi Bus Terminal 3-5008432,2026-01-09T03:00:00+01:00,temperature,c,28.195833524068195
Oshodi Bus Terminal 3-5008432,2026-01-09T03:00:00+01:00,um003,particles/cm³,2804.1666666666665
Oshodi Bus Terminal 3-5008432,2026-01-09T04:00:00+01:00,pm1,µg/m³,24.824999809265137
Oshodi Bus Terminal 3-5008432,2026-01-09T04:00:00+01:00,pm25,µg/m³,38.329166889190674
Oshodi Bus Terminal 3-5008432,2026-01-09T04:00:00+01:00,relativehumidity,%,88.37916564941406
Oshodi Bus Terminal 3-5008432,2026-01-09T04:00:00+01:00,temperature,c,24.37499992052714
Oshodi Bus Terminal 3-5008432,2026-01-09T04:00:00+01:00,um003,particles/cm³,1724.5
Oshodi Bus Terminal 3-5008432,2026-01-09T05:00:00+01:00,pm1,µg/m³,31.56666700045268
Oshodi Bus Terminal 3-5008432,2026-01-09T05:00:00+01:00,pm25,µg/m³,48.40833330154419
Oshodi Bus Terminal 3-5008432,2026-01-09T05:00:00+01:00,relativehumidity,%,89.77500057220459
Oshodi Bus Terminal 3-5008432,2026-01-09T05:00:00+01:00,temperature,c,24.104166905085247
Oshodi Bus Terminal 3-5008432,2026-01-09T05:00:00+01:00,um003,particles/cm³,2470.4583333333335
Oshodi Bus Terminal 3-5008432,2026-01-09T06:00:00+01:00,pm1,µg/m³,37.800000031789146
Oshodi Bus Terminal 3-5008432,2026-01-09T06:00:00+01:00,pm25,µg/m³,56.07916593551636
Oshodi Bus Terminal 3-5008432,2026-01-09T06:00:00+01:00,relativehumidity,%,89.12500063578288
Oshodi Bus Terminal 3-5008432,2026-01-09T06:00:00+01:00,temperature,c,24.84166685740153
Oshodi Bus Terminal 3-5008432,2026-01-09T06:00:00+01:00,um003,particles/cm³,3135.9166666666665
Oshodi Bus Terminal 3-5008432,2026-01-09T07:00:00+01:00,pm1,µg/m³,47.20833365122477
Oshodi Bus Terminal 3-5008432,2026-01-09T07:00:00+01:00,pm25,µg/m³,75.78333330154419
Oshodi Bus Terminal 3-5008432,2026-01-09T07:00:00+01:00,relativehumidity,%,87.08749961853027
Oshodi Bus Terminal 3-5008432,2026-01-09T07:00:00+01:00,temperature,c,25.31249984105428
Oshodi Bus Terminal 3-5008432,2026-01-09T07:00:00+01:00,um003,particles/cm³,4001.5416666666665
Oshodi Bus Terminal 3-5008432,2026-01-09T08:00:00+01:00,pm1,µg/m³,46.366666634877525
Oshodi Bus Terminal 3-5008432,2026-01-09T08:00:00+01:00,pm25,µg/m³,74.42083342870076
Oshodi Bus Terminal 3-5008432,2026-01-09T08:00:00+01:00,relativehumidity,%,88.7333329518636
Oshodi Bus Terminal 3-5008432,2026-01-09T08:00:00+01:00,temperature,c,25.21666677792867
Oshodi Bus Terminal 3-5008432,2026-01-09T08:00:00+01:00,um003,particles/cm³,3951.9583333333335
Oshodi Bus Terminal 3-5008432,2026-01-09T09:00:00+01:00,pm1,µg/m³,47.383333365122475
Oshodi Bus Terminal 3-5008432,2026-01-09T09:00:00+01:00,pm25,µg/m³,76.69583336512248
Oshodi Bus Terminal 3-5008432,2026-01-09T09:00:00+01:00,relativehumidity,%,88.18333339691162
Oshodi Bus Terminal 3-5008432,2026-01-09T09:00:00+01:00,temperature,c,25.229166984558105
Oshodi Bus Terminal 3-5008432,2026-01-09T09:00:00+01:00,um003,particles/cm³,4037.6666666666665
Oshodi Bus Terminal 3-5008432,2026-01-09T10:00:00+01:00,pm1,µg/m³,51.670833110809326
Oshodi Bus Terminal 3-5008432,2026-01-09T10:00:00+01:00,pm25,µg/m³,84.25833384195964
Oshodi Bus Terminal 3-5008432,2026-01-09T10:00:00+01:00,relativehumidity,%,82.81666628519694
Oshodi Bus Terminal 3-5008432,2026-01-09T10:00:00+01:00,temperature,c,26.40833353996277
Oshodi Bus Terminal 3-5008432,2026-01-09T10:00:00+01:00,um003,particles/cm³,4387.625
Oshodi Bus Terminal 3-5008432,2026-01-09T11:00:00+01:00,pm1,µg/m³,58.8041664759318
Oshodi Bus Terminal 3-5008432,2026-01-09T11:00:00+01:00,pm25,µg/m³,96.10833326975505
Oshodi Bus Terminal 3-5008432,2026-01-09T11:00:00+01:00,relativehumidity,%,73.30833307902019
Oshodi Bus Terminal 3-5008432,2026-01-09T11:00:00+01:00,temperature,c,29.183333317438763
Oshodi Bus Terminal 3-5008432,2026-01-09T11:00:00+01:00,um003,particles/cm³,4999.833333333333
Oshodi Bus Terminal 3-5008432,2026-01-09T12:00:00+01:00,pm1,µg/m³,49.55000019073486
Oshodi Bus Terminal 3-5008432,2026-01-09T12:00:00+01:00,pm25,µg/m³,77.25416628519694
Oshodi Bus Terminal 3-5008432,2026-01-09T12:00:00+01:00,relativehumidity,%,68.07916657129924
Oshodi Bus Terminal 3-5008432,2026-01-09T12:00:00+01:00,temperature,c,31.06666652361552
Oshodi Bus Terminal 3-5008432,2026-01-09T12:00:00+01:00,um003,particles/cm³,4162.083333333333
Oshodi Bus Terminal 3-5008432,2026-01-09T13:00:00+01:00,pm1,µg/m³,33.858333031336464
Oshodi Bus Terminal 3-5008432,2026-01-09T13:00:00+01:00,pm25,µg/m³,50.87500015894572
Oshodi Bus Terminal 3-5008432,2026-01-09T13:00:00+01:00,relativehumidity,%,61.12499968210856
Oshodi Bus Terminal 3-5008432,2026-01-09T13:00:00+01:00,temperature,c,33.504167238871254
Oshodi Bus Terminal 3-5008432,2026-01-09T13:00:00+01:00,um003,particles/cm³,2692.6666666666665
Oshodi Bus Terminal 3-5008432,2026-01-09T14:00:00+01:00,pm1,µg/m³,45.34583346048991
Oshodi Bus Terminal 3-5008432,2026-01-09T14:00:00+01:00,pm25,µg/m³,65.74583339691162
Oshodi Bus Terminal 3-5008432,2026-01-09T14:00:00+01:00,relativehumidity,%,61.05833355585734
Oshodi Bus Terminal 3-5008432,2026-01-09T14:00:00+01:00,temperature,c,33.4541662534078
Oshodi Bus Terminal 3-5008432,2026-01-09T14:00:00+01:00,um003,particles/cm³,3593.9583333333335
Oshodi Bus Terminal 3-5008432,2026-01-09T15:00:00+01:00,pm1,µg/m³,42.879166762034096
Oshodi Bus Terminal 3-5008432,2026-01-09T15:00:00+01:00,pm25,µg/m³,64.3875002861023
Oshodi Bus Terminal 3-5008432,2026-01-09T15:00:00+01:00,relativehumidity,%,63.125
Oshodi Bus Terminal 3-5008432,2026-01-09T15:00:00+01:00,temperature,c,32.949999968210854
Oshodi Bus Terminal 3-5008432,2026-01-09T15:00:00+01:00,um003,particles/cm³,3572.875
Oshodi Bus Terminal 3-5008432,2026-01-09T16:00:00+01:00,pm1,µg/m³,38.22727307406339
Oshodi Bus Terminal 3-5008432,2026-01-09T16:00:00+01:00,pm25,µg/m³,55.95000006935813
Oshodi Bus Terminal 3-5008432,2026-01-09T16:00:00+01:00,relativehumidity,%,63.25454538518732
Oshodi Bus Terminal 3-5008432,2026-01-09T16:00:00+01:00,temperature,c,32.25909059697931
Oshodi Bus Terminal 3-5008432,2026-01-09T16:00:00+01:00,um003,particles/cm³,3139.7272727272725
Oshodi Bus Terminal 3-5008432,2026-01-09T17:00:00+01:00,pm1,µg/m³,40.11666695276896
Oshodi Bus Terminal 3-5008432,2026-01-09T17:00:00+01:00,pm25,µg/m³,58.59999942779541
Oshodi Bus Terminal 3-5008432,2026-01-09T17:00:00+01:00,relativehumidity,%,64.89166720708211
Oshodi Bus Terminal 3-5008432,2026-01-09T17:00:00+01:00,temperature,c,31.949999968210857
Oshodi Bus Terminal 3-5008432,2026-01-09T17:00:00+01:00,um003,particles/cm³,3341.75
Oshodi Bus Terminal 3-5008432,2026-01-09T18:00:00+01:00,pm1,µg/m³,45.29166650772095
Oshodi Bus Terminal 3-5008432,2026-01-09T18:00:00+01:00,pm25,µg/m³,65.97499990463257
Oshodi Bus Terminal 3-5008432,2026-01-09T18:00:00+01:00,relativehumidity,%,68.84166717529297
Oshodi Bus Terminal 3-5008432,2026-01-09T18:00:00+01:00,temperature,c,30.925000270207722
Oshodi Bus Terminal 3-5008432,2026-01-09T18:00:00+01:00,um003,particles/cm³,3813.2916666666665
Oshodi Bus Terminal 3-5008432,2026-01-09T19:00:00+01:00,pm1,µg/m³,45.975000540415444
Oshodi Bus Terminal 3-5008432,2026-01-09T19:00:00+01:00,pm25,µg/m³,67.66666650772095
Oshodi Bus Terminal 3-5008432,2026-01-09T19:00:00+01:00,relativehumidity,%,71.59166653951009
Oshodi Bus Terminal 3-5008432,2026-01-09T19:00:00+01:00,temperature,c,30.079166809717815
Oshodi Bus Terminal 3-5008432,2026-01-09T19:00:00+01:00,um003,particles/cm³,3892.125
Oshodi Bus Terminal 3-5008432,2026-01-09T20:00:00+01:00,pm1,µg/m³,50.862500031789146
Oshodi Bus Terminal 3-5008432,2026-01-09T20:00:00+01:00,pm25,µg/m³,75.37916723887126
Oshodi Bus Terminal 3-5008432,2026-01-09T20:00:00+01:00,relativehumidity,%,76.08333237965901
Oshodi Bus Terminal 3-5008432,2026-01-09T20:00:00+01:00,temperature,c,29.354166666666668
Oshodi Bus Terminal 3-5008432,2026-01-09T20:00:00+01:00,um003,particles/cm³,4297.25
Oshodi Bus Terminal 3-5008432,2026-01-09T21:00:00+01:00,pm1,µg/m³,52.7363636710427
Oshodi Bus Terminal 3-5008432,2026-01-09T21:00:00+01:00,pm25,µg/m³,78.79999923706055
Oshodi Bus Terminal 3-5008432,2026-01-09T21:00:00+01:00,relativehumidity,%,79.15909125588156
Oshodi Bus Terminal 3-5008432,2026-01-09T21:00:00+01:00,temperature,c,29.031818303194914
Oshodi Bus Terminal 3-5008432,2026-01-09T21:00:00+01:00,um003,particles/cm³,4466.227272727273
Oshodi Bus Terminal 3-5008432,2026-01-09T22:00:00+01:00,pm1,µg/m³,49.73750019073486
Oshodi Bus Terminal 3-5008432,2026-01-09T22:00:00+01:00,pm25,µg/m³,75.78750054041545
Oshodi Bus Terminal 3-5008432,2026-01-09T22:00:00+01:00,relativehumidity,%,81.49166679382324
Oshodi Bus Terminal 3-5008432,2026-01-09T22:00:00+01:00,temperature,c,28.770833412806194
Oshodi Bus Terminal 3-5008432,2026-01-09T22:00:00+01:00,um003,particles/cm³,4245.875
Oshodi Bus Terminal 3-5008432,2026-01-09T23:00:00+01:00,pm1,µg/m³,50.495833237965904
Oshodi Bus Terminal 3-5008432,2026-01-09T23:00:00+01:00,pm25,µg/m³,76.48749987284343
Oshodi Bus Terminal 3-5008432,2026-01-09T23:00:00+01:00,relativehumidity,%,82.25000031789143
Oshodi Bus Terminal 3-5008432,2026-01-09T23:00:00+01:00,temperature,c,28.55833355585734
Oshodi Bus Terminal 3-5008432,2026-01-09T23:00:00+01:00,um003,particles/cm³,4259.625
Oshodi Bus Terminal 3-5008432,2026-01-10T00:00:00+01:00,pm1,µg/m³,45.22499974568685
Oshodi Bus Terminal 3-5008432,2026-01-10T00:00:00+01:00,pm25,µg/m³,72.41250069936116
Oshodi Bus Terminal 3-5008432,2026-01-10T00:00:00+01:00,relativehumidity,%,83.04583326975505
Oshodi Bus Terminal 3-5008432,2026-01-10T00:00:00+01:00,temperature,c,28.21666693687439
Oshodi Bus Terminal 3-5008432,2026-01-10T00:00:00+01:00,um003,particles/cm³,3853.5
Oshodi Bus Terminal 3-5008432,2026-01-10T01:00:00+01:00,pm1,µg/m³,46.63750012715658
Oshodi Bus Terminal 3-5008432,2026-01-10T01:00:00+01:00,pm25,µg/m³,75.12916692097981
Oshodi Bus Terminal 3-5008432,2026-01-10T01:00:00+01:00,relativehumidity,%,84.10833326975505
Oshodi Bus Terminal 3-5008432,2026-01-10T01:00:00+01:00,temperature,c,27.90833330154419
Oshodi Bus Terminal 3-5008432,2026-01-10T01:00:00+01:00,um003,particles/cm³,3971.25
Oshodi Bus Terminal 3-5008432,2026-01-10T02:00:00+01:00,pm1,µg/m³,40.72916730244955
Oshodi Bus Terminal 3-5008432,2026-01-10T02:00:00+01:00,pm25,µg/m³,66.7375005086263
Oshodi Bus Terminal 3-5008432,2026-01-10T02:00:00+01:00,relativehumidity,%,85.61249891916911
Oshodi Bus Terminal 3-5008432,2026-01-10T02:00:00+01:00,temperature,c,27.362499952316284
Oshodi Bus Terminal 3-5008432,2026-01-10T02:00:00+01:00,um003,particles/cm³,3486.9166666666665
Oshodi Bus Terminal 3-5008432,2026-01-10T03:00:00+01:00,pm1,µg/m³,37.34583361943563
Oshodi Bus Terminal 3-5008432,2026-01-10T03:00:00+01:00,pm25,µg/m³,60.195833365122475
Oshodi Bus Terminal 3-5008432,2026-01-10T03:00:00+01:00,relativehumidity,%,85.70416577657063
Oshodi Bus Terminal 3-5008432,2026-01-10T03:00:00+01:00,temperature,c,27.162500619888306
Oshodi Bus Terminal 3-5008432,2026-01-10T03:00:00+01:00,um003,particles/cm³,3178.0833333333335
Oshodi Bus Terminal 3-5008432,2026-01-10T04:00:00+01:00,pm1,µg/m³,47.212499936421715
Oshodi Bus Terminal 3-5008432,2026-01-10T04:00:00+01:00,pm25,µg/m³,72.31250095367432
Oshodi Bus Terminal 3-5008432,2026-01-10T04:00:00+01:00,relativehumidity,%,86.0625
Oshodi Bus Terminal 3-5008432,2026-01-10T04:00:00+01:00,temperature,c,27.1750005086263
Oshodi Bus Terminal 3-5008432,2026-01-10T04:00:00+01:00,um003,particles/cm³,4061.0
Oshodi Bus Terminal 3-5008432,2026-01-10T05:00:00+01:00,pm1,µg/m³,47.816666762034096
Oshodi Bus Terminal 3-5008432,2026-01-10T05:00:00+01:00,pm25,µg/m³,72.5749994913737
Oshodi Bus Terminal 3-5008432,2026-01-10T05:00:00+01:00,relativehumidity,%,86.91249974568684
Oshodi Bus Terminal 3-5008432,2026-01-10T05:00:00+01:00,temperature,c,27.37916660308838
Oshodi Bus Terminal 3-5008432,2026-01-10T05:00:00+01:00,um003,particles/cm³,4083.1666666666665
Oshodi Bus Terminal 3-5008432,2026-01-10T06:00:00+01:00,pm1,µg/m³,44.8208327293396
Oshodi Bus Terminal 3-5008432,2026-01-10T06:00:00+01:00,pm25,µg/m³,72.10833358764648
Oshodi Bus Terminal 3-5008432,2026-01-10T06:00:00+01:00,relativehumidity,%,88.35000133514404
Oshodi Bus Terminal 3-5008432,2026-01-10T06:00:00+01:00,temperature,c,27.045833031336468
Oshodi Bus Terminal 3-5008432,2026-01-10T06:00:00+01:00,um003,particles/cm³,3831.25
Oshodi Bus Terminal 3-5008432,2026-01-10T07:00:00+01:00,pm1,µg/m³,47.545833587646484
Oshodi Bus Terminal 3-5008432,2026-01-10T07:00:00+01:00,pm25,µg/m³,77.39583365122478
Oshodi Bus Terminal 3-5008432,2026-01-10T07:00:00+01:00,relativehumidity,%,89.49583371480306
Oshodi Bus Terminal 3-5008432,2026-01-10T07:00:00+01:00,temperature,c,26.670833269755047
Oshodi Bus Terminal 3-5008432,2026-01-10T07:00:00+01:00,um003,particles/cm³,4022.1666666666665
Oshodi Bus Terminal 3-5008432,2026-01-10T08:00:00+01:00,pm1,µg/m³,57.008333365122475
Oshodi Bus Terminal 3-5008432,2026-01-10T08:00:00+01:00,pm25,µg/m³,92.95416673024495
Oshodi Bus Terminal 3-5008432,2026-01-10T08:00:00+01:00,relativehumidity,%,89.12083371480306
Oshodi Bus Terminal 3-5008432,2026-01-10T08:00:00+01:00,temperature,c,26.570833206176758
Oshodi Bus Terminal 3-5008432,2026-01-10T08:00:00+01:00,um003,particles/cm³,4807.166666666667
Oshodi Bus Terminal 3-5008432,2026-01-10T09:00:00+01:00,pm1,µg/m³,48.237500031789146
Oshodi Bus Terminal 3-5008432,2026-01-10T09:00:00+01:00,pm25,µg/m³,77.00416723887126
Oshodi Bus Terminal 3-5008432,2026-01-10T09:00:00+01:00,relativehumidity,%,84.50416692097981
Oshodi Bus Terminal 3-5008432,2026-01-10T09:00:00+01:00,temperature,c,27.649999856948853
Oshodi Bus Terminal 3-5008432,2026-01-10T09:00:00+01:00,um003,particles/cm³,4057.375
Oshodi Bus Terminal 3-5008432,2026-01-10T10:00:00+01:00,pm1,µg/m³,42.1083337465922
Oshodi Bus Terminal 3-5008432,2026-01-10T10:00:00+01:00,pm25,µg/m³,66.55416615804036
Oshodi Bus Terminal 3-5008432,2026-01-10T10:00:00+01:00,relativehumidity,%,77.79583231608073
Oshodi Bus Terminal 3-5008432,2026-01-10T10:00:00+01:00,temperature,c,29.62916660308838
Oshodi Bus Terminal 3-5008432,2026-01-10T10:00:00+01:00,um003,particles/cm³,3553.3333333333335
Oshodi Bus Terminal 3-5008432,2026-01-10T11:00:00+01:00,pm1,µg/m³,30.77916669845581
Oshodi Bus Terminal 3-5008432,2026-01-10T11:00:00+01:00,pm25,µg/m³,47.766666889190674
Oshodi Bus Terminal 3-5008432,2026-01-10T11:00:00+01:00,relativehumidity,%,74.32083384195964
Oshodi Bus Terminal 3-5008432,2026-01-10T11:00:00+01:00,temperature,c,30.974999745686848
Oshodi Bus Terminal 3-5008432,2026-01-10T11:00:00+01:00,um003,particles/cm³,2388.625
Oshodi Bus Terminal 3-5008432,2026-01-10T12:00:00+01:00,pm1,µg/m³,27.97083346048991
Oshodi Bus Terminal 3-5008432,2026-01-10T12:00:00+01:00,pm25,µg/m³,42.28749990463257
Oshodi Bus Terminal 3-5008432,2026-01-10T12:00:00+01:00,relativehumidity,%,70.11666742960612
Oshodi Bus Terminal 3-5008432,2026-01-10T12:00:00+01:00,temperature,c,32.241665840148926
Oshodi Bus Terminal 3-5008432,2026-01-10T12:00:00+01:00,um003,particles/cm³,2043.8333333333333
Oshodi Bus Terminal 3-5008432,2026-01-10T13:00:00+01:00,pm1,µg/m³,33.009090943769976
Oshodi Bus Terminal 3-5008432,2026-01-10T13:00:00+01:00,pm25,µg/m³,49.61818174882369
Oshodi Bus Terminal 3-5008432,2026-01-10T13:00:00+01:00,relativehumidity,%,65.45909049294211
Oshodi Bus Terminal 3-5008432,2026-01-10T13:00:00+01:00,temperature,c,33.42272689125755
Oshodi Bus Terminal 3-5008432,2026-01-10T13:00:00+01:00,um003,particles/cm³,2516.0
Oshodi Bus Terminal 3-5008432,2026-01-10T14:00:00+01:00,pm1,µg/m³,34.24583339691162
Oshodi Bus Terminal 3-5008432,2026-01-10T14:00:00+01:00,pm25,µg/m³,52.06666660308838
Oshodi Bus Terminal 3-5008432,2026-01-10T14:00:00+01:00,relativehumidity,%,62.96250009536743
Oshodi Bus Terminal 3-5008432,2026-01-10T14:00:00+01:00,temperature,c,33.912500063578285
Oshodi Bus Terminal 3-5008432,2026-01-10T14:00:00+01:00,um003,particles/cm³,2760.9166666666665
Oshodi Bus Terminal 3-5008432,2026-01-10T15:00:00+01:00,pm1,µg/m³,37.75833296775818
Oshodi Bus Terminal 3-5008432,2026-01-10T15:00:00+01:00,pm25,µg/m³,56.12916644414266
Oshodi Bus Terminal 3-5008432,2026-01-10T15:00:00+01:00,relativehumidity,%,61.94166692097982
Oshodi Bus Terminal 3-5008432,2026-01-10T15:00:00+01:00,temperature,c,34.320833365122475
Oshodi Bus Terminal 3-5008432,2026-01-10T15:00:00+01:00,um003,particles/cm³,3165.875
Oshodi Bus Terminal 3-5008432,2026-01-10T16:00:00+01:00,pm1,µg/m³,38.42916679382324
Oshodi Bus Terminal 3-5008432,2026-01-10T16:00:00+01:00,pm25,µg/m³,55.920833110809326
Oshodi Bus Terminal 3-5008432,2026-01-10T16:00:00+01:00,relativehumidity,%,62.70000076293945
Oshodi Bus Terminal 3-5008432,2026-01-10T16:00:00+01:00,temperature,c,34.59166669845581
Oshodi Bus Terminal 3-5008432,2026-01-10T16:00:00+01:00,um003,particles/cm³,3100.6666666666665
Oshodi Bus Terminal 3-5008432,2026-01-10T17:00:00+01:00,pm1,µg/m³,34.44166652361552
Oshodi Bus Terminal 3-5008432,2026-01-10T17:00:00+01:00,pm25,µg/m³,50.15416638056437
Oshodi Bus Terminal 3-5008432,2026-01-10T17:00:00+01:00,relativehumidity,%,63.050000508626304
Oshodi Bus Terminal 3-5008432,2026-01-10T17:00:00+01:00,temperature,c,34.491666634877525
Oshodi Bus Terminal 3-5008432,2026-01-10T17:00:00+01:00,um003,particles/cm³,2742.125
Oshodi Bus Terminal 3-5008432,2026-01-10T18:00:00+01:00,pm1,µg/m³,33.27499953905741
Oshodi Bus Terminal 3-5008432,2026-01-10T18:00:00+01:00,pm25,µg/m³,47.94583320617676
Oshodi Bus Terminal 3-5008432,2026-01-10T18:00:00+01:00,relativehumidity,%,68.78750038146973
Oshodi Bus Terminal 3-5008432,2026-01-10T18:00:00+01:00,temperature,c,33.050000111262
Oshodi Bus Terminal 3-5008432,2026-01-10T18:00:00+01:00,um003,particles/cm³,2644.4583333333335
Oshodi Bus Terminal 3-5008432,2026-01-10T19:00:00+01:00,pm1,µg/m³,37.390000343322754
Oshodi Bus Terminal 3-5008432,2026-01-10T19:00:00+01:00,pm25,µg/m³,53.27499980926514
Oshodi Bus Terminal 3-5008432,2026-01-10T19:00:00+01:00,relativehumidity,%,74.97499961853028
Oshodi Bus Terminal 3-5008432,2026-01-10T19:00:00+01:00,temperature,c,31.28000020980835
Oshodi Bus Terminal 3-5008432,2026-01-10T19:00:00+01:00,um003,particles/cm³,3019.5
Oshodi Bus Terminal 3-5008432,2026-01-10T20:00:00+01:00,pm1,µg/m³,38.55416671435038
Oshodi Bus Terminal 3-5008432,2026-01-10T20:00:00+01:00,pm25,µg/m³,56.479166666666664
Oshodi Bus Terminal 3-5008432,2026-01-10T20:00:00+01:00,relativehumidity,%,81.03333314259847
Oshodi Bus Terminal 3-5008432,2026-01-10T20:00:00+01:00,temperature,c,30.091666618982952
Oshodi Bus Terminal 3-5008432,2026-01-10T20:00:00+01:00,um003,particles/cm³,3212.0833333333335
Oshodi Bus Terminal 3-5008432,2026-01-10T21:00:00+01:00,pm1,µg/m³,37.99583307902018
Oshodi Bus Terminal 3-5008432,2026-01-10T21:00:00+01:00,pm25,µg/m³,55.70833269755045
Oshodi Bus Terminal 3-5008432,2026-01-10T21:00:00+01:00,relativehumidity,%,82.82083320617676
Oshodi Bus Terminal 3-5008432,2026-01-10T21:00:00+01:00,temperature,c,29.58333357175191
Oshodi Bus Terminal 3-5008432,2026-01-10T21:00:00+01:00,um003,particles/cm³,3154.5833333333335
Oshodi Bus Terminal 3-5008432,2026-01-10T22:00:00+01:00,pm1,µg/m³,37.49166671435038
Oshodi Bus Terminal 3-5008432,2026-01-10T22:00:00+01:00,pm25,µg/m³,54.90833346048991
Oshodi Bus Terminal 3-5008432,2026-01-10T22:00:00+01:00,relativehumidity,%,84.04583326975505
Oshodi Bus Terminal 3-5008432,2026-01-10T22:00:00+01:00,temperature,c,29.333333174387615
Oshodi Bus Terminal 3-5008432,2026-01-10T22:00:00+01:00,um003,particles/cm³,3134.5
Oshodi Bus Terminal 3-5008432,2026-01-10T23:00:00+01:00,pm1,µg/m³,44.27916701634725
Oshodi Bus Terminal 3-5008432,2026-01-10T23:00:00+01:00,pm25,µg/m³,64.59166685740153
Oshodi Bus Terminal 3-5008432,2026-01-10T23:00:00+01:00,relativehumidity,%,84.78333377838135
Oshodi Bus Terminal 3-5008432,2026-01-10T23:00:00+01:00,temperature,c,29.054166793823242
Oshodi Bus Terminal 3-5008432,2026-01-10T23:00:00+01:00,um003,particles/cm³,3653.4166666666665
Oshodi Bus Terminal 3-5008432,2026-01-11T00:00:00+01:00,pm1,µg/m³,40.23750019073486
Oshodi Bus Terminal 3-5008432,2026-01-11T00:00:00+01:00,pm25,µg/m³,58.81250031789144
Oshodi Bus Terminal 3-5008432,2026-01-11T00:00:00+01:00,relativehumidity,%,86.34166717529297
Oshodi Bus Terminal 3-5008432,2026-01-11T00:00:00+01:00,temperature,c,28.804166078567505
Oshodi Bus Terminal 3-5008432,2026-01-11T00:00:00+01:00,um003,particles/cm³,3394.125
Oshodi Bus Terminal 3-5008432,2026-01-11T01:00:00+01:00,pm1,µg/m³,34.42083342870077
Oshodi Bus Terminal 3-5008432,2026-01-11T01:00:00+01:00,pm25,µg/m³,51.93333307902018
Oshodi Bus Terminal 3-5008432,2026-01-11T01:00:00+01:00,relativehumidity,%,87.28750038146973
Oshodi Bus Terminal 3-5008432,2026-01-11T01:00:00+01:00,temperature,c,28.675000349680584
Oshodi Bus Terminal 3-5008432,2026-01-11T01:00:00+01:00,um003,particles/cm³,2756.0
Oshodi Bus Terminal 3-5008432,2026-01-11T02:00:00+01:00,pm1,µg/m³,27.991666714350384
Oshodi Bus Terminal 3-5008432,2026-01-11T02:00:00+01:00,pm25,µg/m³,43.23333342870077
Oshodi Bus Terminal 3-5008432,2026-01-11T02:00:00+01:00,relativehumidity,%,88.7708330154419
Oshodi Bus Terminal 3-5008432,2026-01-11T02:00:00+01:00,temperature,c,28.333333253860474
Oshodi Bus Terminal 3-5008432,2026-01-11T02:00:00+01:00,um003,particles/cm³,2074.2916666666665
Oshodi Bus Terminal 3-5008432,2026-01-11T03:00:00+01:00,pm1,µg/m³,34.104166746139526
Oshodi Bus Terminal 3-5008432,2026-01-11T03:00:00+01:00,pm25,µg/m³,56.06250015894572
Oshodi Bus Terminal 3-5008432,2026-01-11T03:00:00+01:00,relativehumidity,%,89.93749936421712
Oshodi Bus Terminal 3-5008432,2026-01-11T03:00:00+01:00,temperature,c,27.887499968210857
Oshodi Bus Terminal 3-5008432,2026-01-11T03:00:00+01:00,um003,particles/cm³,2801.4583333333335
Oshodi Bus Terminal 3-5008432,2026-01-11T04:00:00+01:00,pm1,µg/m³,30.104166587193806
Oshodi Bus Terminal 3-5008432,2026-01-11T04:00:00+01:00,pm25,µg/m³,48.483333587646484
Oshodi Bus Terminal 3-5008432,2026-01-11T04:00:00+01:00,relativehumidity,%,90.77499930063884
Oshodi Bus Terminal 3-5008432,2026-01-11T04:00:00+01:00,temperature,c,27.600000381469727
Oshodi Bus Terminal 3-5008432,2026-01-11T04:00:00+01:00,um003,particles/cm³,2343.2916666666665
Oshodi Bus Terminal 3-5008432,2026-01-11T05:00:00+01:00,pm1,µg/m³,28.237500031789143
Oshodi Bus Terminal 3-5008432,2026-01-11T05:00:00+01:00,pm25,µg/m³,45.045833587646484
Oshodi Bus Terminal 3-5008432,2026-01-11T05:00:00+01:00,relativehumidity,%,91.4833329518636
Oshodi Bus Terminal 3-5008432,2026-01-11T05:00:00+01:00,temperature,c,27.362499475479126
Oshodi Bus Terminal 3-5008432,2026-01-11T05:00:00+01:00,um003,particles/cm³,2109.3333333333335
Oshodi Bus Terminal 3-5008432,2026-01-11T06:00:00+01:00,pm1,µg/m³,32.08333317438761
Oshodi Bus Terminal 3-5008432,2026-01-11T06:00:00+01:00,pm25,µg/m³,52.75416692097982
Oshodi Bus Terminal 3-5008432,2026-01-11T06:00:00+01:00,relativehumidity,%,91.9791669845581
Oshodi Bus Terminal 3-5008432,2026-01-11T06:00:00+01:00,temperature,c,27.166667302449543
Oshodi Bus Terminal 3-5008432,2026-01-11T06:00:00+01:00,um003,particles/cm³,2614.8333333333335
Oshodi Bus Terminal 3-5008432,2026-01-11T07:00:00+01:00,pm1,µg/m³,35.55000045082786
Oshodi Bus Terminal 3-5008432,2026-01-11T07:00:00+01:00,pm25,µg/m³,58.25909059697931
Oshodi Bus Terminal 3-5008432,2026-01-11T07:00:00+01:00,relativehumidity,%,92.26363650235263
Oshodi Bus Terminal 3-5008432,2026-01-11T07:00:00+01:00,temperature,c,27.031818303194914
Oshodi Bus Terminal 3-5008432,2026-01-11T07:00:00+01:00,um003,particles/cm³,3025.8636363636365
Oshodi Bus Terminal 3-5008432,2026-01-11T08:00:00+01:00,pm1,µg/m³,33.208333253860474
Oshodi Bus Terminal 3-5008432,2026-01-11T08:00:00+01:00,pm25,µg/m³,54.004166762034096
Oshodi Bus Terminal 3-5008432,2026-01-11T08:00:00+01:00,relativehumidity,%,92.72083377838135
Oshodi Bus Terminal 3-5008432,2026-01-11T08:00:00+01:00,temperature,c,26.7541667620341
Oshodi Bus Terminal 3-5008432,2026-01-11T08:00:00+01:00,um003,particles/cm³,2726.6666666666665
Oshodi Bus Terminal 3-5008432,2026-01-11T09:00:00+01:00,pm1,µg/m³,36.16249942779541
Oshodi Bus Terminal 3-5008432,2026-01-11T09:00:00+01:00,pm25,µg/m³,57.09166717529297
Oshodi Bus Terminal 3-5008432,2026-01-11T09:00:00+01:00,relativehumidity,%,90.68749968210857
Oshodi Bus Terminal 3-5008432,2026-01-11T09:00:00+01:00,temperature,c,27.145833174387615
Oshodi Bus Terminal 3-5008432,2026-01-11T09:00:00+01:00,um003,particles/cm³,2996.9583333333335
Oshodi Bus Terminal 3-5008432,2026-01-11T10:00:00+01:00,pm1,µg/m³,32.9136358607899
Oshodi Bus Terminal 3-5008432,2026-01-11T10:00:00+01:00,pm25,µg/m³,52.09090926430442
Oshodi Bus Terminal 3-5008432,2026-01-11T10:00:00+01:00,relativehumidity,%,88.35909097844905
Oshodi Bus Terminal 3-5008432,2026-01-11T10:00:00+01:00,temperature,c,27.62727303938432
Oshodi Bus Terminal 3-5008432,2026-01-11T10:00:00+01:00,um003,particles/cm³,2727.181818181818
Oshodi Bus Terminal 3-5008432,2026-01-11T11:00:00+01:00,pm1,µg/m³,33.33333349227905
Oshodi Bus Terminal 3-5008432,2026-01-11T11:00:00+01:00,pm25,µg/m³,52.56249968210856
Oshodi Bus Terminal 3-5008432,2026-01-11T11:00:00+01:00,relativehumidity,%,85.53749974568684
Oshodi Bus Terminal 3-5008432,2026-01-11T11:00:00+01:00,temperature,c,28.104166666666668
Oshodi Bus Terminal 3-5008432,2026-01-11T11:00:00+01:00,um003,particles/cm³,2653.6666666666665
Oshodi Bus Terminal 3-5008432,2026-01-11T12:00:00+01:00,pm1,µg/m³,36.65416685740153
Oshodi Bus Terminal 3-5008432,2026-01-11T12:00:00+01:00,pm25,µg/m³,57.37499984105428
Oshodi Bus Terminal 3-5008432,2026-01-11T12:00:00+01:00,relativehumidity,%,84.42083390553792
Oshodi Bus Terminal 3-5008432,2026-01-11T12:00:00+01:00,temperature,c,28.358332872390747
Oshodi Bus Terminal 3-5008432,2026-01-11T12:00:00+01:00,um003,particles/cm³,3106.9583333333335
Oshodi Bus Terminal 3-5008432,2026-01-11T13:00:00+01:00,pm1,µg/m³,34.52916685740153
Oshodi Bus Terminal 3-5008432,2026-01-11T13:00:00+01:00,pm25,µg/m³,53.96249977747599
Oshodi Bus Terminal 3-5008432,2026-01-11T13:00:00+01:00,relativehumidity,%,82.38333447774251
Oshodi Bus Terminal 3-5008432,2026-01-11T13:00:00+01:00,temperature,c,28.9416667620341
Oshodi Bus Terminal 3-5008432,2026-01-11T13:00:00+01:00,um003,particles/cm³,2852.125
Oshodi Bus Terminal 3-5008432,2026-01-11T14:00:00+01:00,pm1,µg/m³,31.94583296775818
Oshodi Bus Terminal 3-5008432,2026-01-11T14:00:00+01:00,pm25,µg/m³,48.63750012715658
Oshodi Bus Terminal 3-5008432,2026-01-11T14:00:00+01:00,relativehumidity,%,77.45833333333333
Oshodi Bus Terminal 3-5008432,2026-01-11T14:00:00+01:00,temperature,c,30.3125
Oshodi Bus Terminal 3-5008432,2026-01-11T14:00:00+01:00,um003,particles/cm³,2489.375
Oshodi Bus Terminal 3-5008432,2026-01-11T15:00:00+01:00,pm1,µg/m³,34.29166682561239
Oshodi Bus Terminal 3-5008432,2026-01-11T15:00:00+01:00,pm25,µg/m³,51.970833937327065
Oshodi Bus Terminal 3-5008432,2026-01-11T15:00:00+01:00,relativehumidity,%,69.96666622161865
Oshodi Bus Terminal 3-5008432,2026-01-11T15:00:00+01:00,temperature,c,32.13333320617676
Oshodi Bus Terminal 3-5008432,2026-01-11T15:00:00+01:00,um003,particles/cm³,2511.8333333333335
Oshodi Bus Terminal 3-5008432,2026-01-11T16:00:00+01:00,pm1,µg/m³,30.545833269755047
Oshodi Bus Terminal 3-5008432,2026-01-11T16:00:00+01:00,pm25,µg/m³,46.42500019073486
Oshodi Bus Terminal 3-5008432,2026-01-11T16:00:00+01:00,relativehumidity,%,62.46666653951009
Oshodi Bus Terminal 3-5008432,2026-01-11T16:00:00+01:00,temperature,c,33.695833683013916
Oshodi Bus Terminal 3-5008432,2026-01-11T16:00:00+01:00,um003,particles/cm³,2344.125
Oshodi Bus Terminal 3-5008432,2026-01-11T17:00:00+01:00,pm1,µg/m³,34.94166612625122
Oshodi Bus Terminal 3-5008432,2026-01-11T17:00:00+01:00,pm25,µg/m³,52.84166638056437
Oshodi Bus Terminal 3-5008432,2026-01-11T17:00:00+01:00,relativehumidity,%,61.60416634877523
Oshodi Bus Terminal 3-5008432,2026-01-11T17:00:00+01:00,temperature,c,33.79999987284342
Oshodi Bus Terminal 3-5008432,2026-01-11T17:00:00+01:00,um003,particles/cm³,2909.6666666666665
Oshodi Bus Terminal 3-5008432,2026-01-11T18:00:00+01:00,pm1,µg/m³,46.850000063578285
Oshodi Bus Terminal 3-5008432,2026-01-11T18:00:00+01:00,pm25,µg/m³,75.42083374659221
Oshodi Bus Terminal 3-5008432,2026-01-11T18:00:00+01:00,relativehumidity,%,76.00416628519694
Oshodi Bus Terminal 3-5008432,2026-01-11T18:00:00+01:00,temperature,c,31.34583322207133
Oshodi Bus Terminal 3-5008432,2026-01-11T18:00:00+01:00,um003,particles/cm³,3974.2083333333335
Oshodi Bus Terminal 3-5008432,2026-01-11T19:00:00+01:00,pm1,µg/m³,48.808333237965904
Oshodi Bus Terminal 3-5008432,2026-01-11T19:00:00+01:00,pm25,µg/m³,79.02916638056438
Oshodi Bus Terminal 3-5008432,2026-01-11T19:00:00+01:00,relativehumidity,%,79.35833326975505
Oshodi Bus Terminal 3-5008432,2026-01-11T19:00:00+01:00,temperature,c,30.27916669845581
Oshodi Bus Terminal 3-5008432,2026-01-11T19:00:00+01:00,um003,particles/cm³,4129.833333333333
Oshodi Bus Terminal 3-5008432,2026-01-11T20:00:00+01:00,pm1,µg/m³,53.08181866732511
Oshodi Bus Terminal 3-5008432,2026-01-11T20:00:00+01:00,pm25,µg/m³,83.57727189497514
Oshodi Bus Terminal 3-5008432,2026-01-11T20:00:00+01:00,relativehumidity,%,81.254544691606
Oshodi Bus Terminal 3-5008432,2026-01-11T20:00:00+01:00,temperature,c,29.245454788208008
Oshodi Bus Terminal 3-5008432,2026-01-11T20:00:00+01:00,um003,particles/cm³,4487.909090909091
Oshodi Bus Terminal 3-5008432,2026-01-11T21:00:00+01:00,pm1,µg/m³,57.133333683013916
Oshodi Bus Terminal 3-5008432,2026-01-11T21:00:00+01:00,pm25,µg/m³,92.82083288828532
Oshodi Bus Terminal 3-5008432,2026-01-11T21:00:00+01:00,relativehumidity,%,82.5625
Oshodi Bus Terminal 3-5008432,2026-01-11T21:00:00+01:00,temperature,c,28.829166730244953
Oshodi Bus Terminal 3-5008432,2026-01-11T21:00:00+01:00,um003,particles/cm³,4832.75
Oshodi Bus Terminal 3-5008432,2026-01-11T22:00:00+01:00,pm1,µg/m³,53.37916644414266
Oshodi Bus Terminal 3-5008432,2026-01-11T22:00:00+01:00,pm25,µg/m³,85.08333269755046
Oshodi Bus Terminal 3-5008432,2026-01-11T22:00:00+01:00,relativehumidity,%,81.67916552225749
Oshodi Bus Terminal 3-5008432,2026-01-11T22:00:00+01:00,temperature,c,28.545833508173626
Oshodi Bus Terminal 3-5008432,2026-01-11T22:00:00+01:00,um003,particles/cm³,4568.083333333333
Oshodi Bus Terminal 3-5008432,2026-01-11T23:00:00+01:00,pm1,µg/m³,54.618181402033024
Oshodi Bus Terminal 3-5008432,2026-01-11T23:00:00+01:00,pm25,µg/m³,86.80909104780717
Oshodi Bus Terminal 3-5008432,2026-01-11T23:00:00+01:00,relativehumidity,%,82.01818188753995
Oshodi Bus Terminal 3-5008432,2026-01-11T23:00:00+01:00,temperature,c,28.354545506564055
Oshodi Bus Terminal 3-5008432,2026-01-11T23:00:00+01:00,um003,particles/cm³,4552.681818181818
Oshodi Bus Terminal 3-5008432,2026-01-12T00:00:00+01:00,pm1,µg/m³,51.32500044504801
Oshodi Bus Terminal 3-5008432,2026-01-12T00:00:00+01:00,pm25,µg/m³,80.0458329518636
Oshodi Bus Terminal 3-5008432,2026-01-12T00:00:00+01:00,relativehumidity,%,84.32916641235352
Oshodi Bus Terminal 3-5008432,2026-01-12T00:00:00+01:00,temperature,c,27.795832951863606
Oshodi Bus Terminal 3-5008432,2026-01-12T00:00:00+01:00,um003,particles/cm³,4381.75
Oshodi Bus Terminal 3-5008432,2026-01-12T01:00:00+01:00,pm1,µg/m³,68.17916647593181
Oshodi Bus Terminal 3-5008432,2026-01-12T01:00:00+01:00,pm25,µg/m³,110.05833371480306
Oshodi Bus Terminal 3-5008432,2026-01-12T01:00:00+01:00,relativehumidity,%,84.6999994913737
Oshodi Bus Terminal 3-5008432,2026-01-12T01:00:00+01:00,temperature,c,27.566666920979817
Oshodi Bus Terminal 3-5008432,2026-01-12T01:00:00+01:00,um003,particles/cm³,5781.708333333333
Oshodi Bus Terminal 3-5008432,2026-01-12T02:00:00+01:00,pm1,µg/m³,74.037500222524
Oshodi Bus Terminal 3-5008432,2026-01-12T02:00:00+01:00,pm25,µg/m³,123.48749987284343
Oshodi Bus Terminal 3-5008432,2026-01-12T02:00:00+01:00,relativehumidity,%,85.26666736602783
Oshodi Bus Terminal 3-5008432,2026-01-12T02:00:00+01:00,temperature,c,27.37916620572408
Oshodi Bus Terminal 3-5008432,2026-01-12T02:00:00+01:00,um003,particles/cm³,6202.5
Oshodi Bus Terminal 3-5008432,2026-01-12T03:00:00+01:00,pm1,µg/m³,60.93333307902018
Oshodi Bus Terminal 3-5008432,2026-01-12T03:00:00+01:00,pm25,µg/m³,102.7083330154419
Oshodi Bus Terminal 3-5008432,2026-01-12T03:00:00+01:00,relativehumidity,%,86.97500069936116
Oshodi Bus Terminal 3-5008432,2026-01-12T03:00:00+01:00,temperature,c,27.133333683013916
Oshodi Bus Terminal 3-5008432,2026-01-12T03:00:00+01:00,um003,particles/cm³,5185.875
Oshodi Bus Terminal 3-5008432,2026-01-12T04:00:00+01:00,pm1,µg/m³,74.34090926430441
Oshodi Bus Terminal 3-5008432,2026-01-12T04:00:00+01:00,pm25,µg/m³,125.5954537825151
Oshodi Bus Terminal 3-5008432,2026-01-12T04:00:00+01:00,relativehumidity,%,88.53636446866122
Oshodi Bus Terminal 3-5008432,2026-01-12T04:00:00+01:00,temperature,c,26.859090718356047
Oshodi Bus Terminal 3-5008432,2026-01-12T04:00:00+01:00,um003,particles/cm³,6206.954545454545
Oshodi Bus Terminal 3-5008432,2026-01-12T05:00:00+01:00,pm1,µg/m³,70.06666692097981
Oshodi Bus Terminal 3-5008432,2026-01-12T05:00:00+01:00,pm25,µg/m³,118.86249987284343
Oshodi Bus Terminal 3-5008432,2026-01-12T05:00:00+01:00,relativehumidity,%,89.51249917348225
Oshodi Bus Terminal 3-5008432,2026-01-12T05:00:00+01:00,temperature,c,26.600000381469727
Oshodi Bus Terminal 3-5008432,2026-01-12T05:00:00+01:00,um003,particles/cm³,5879.625
Oshodi Bus Terminal 3-5008432,2026-01-12T06:00:00+01:00,pm1,µg/m³,64.3874994913737
Oshodi Bus Terminal 3-5008432,2026-01-12T06:00:00+01:00,pm25,µg/m³,108.87083276112874
Oshodi Bus Terminal 3-5008432,2026-01-12T06:00:00+01:00,relativehumidity,%,91.07083288828532
Oshodi Bus Terminal 3-5008432,2026-01-12T06:00:00+01:00,temperature,c,26.225000222524006
Oshodi Bus Terminal 3-5008432,2026-01-12T06:00:00+01:00,um003,particles/cm³,5381.0
Oshodi Bus Terminal 3-5008432,2026-01-12T07:00:00+01:00,pm1,µg/m³,51.23181828585538
Oshodi Bus Terminal 3-5008432,2026-01-12T07:00:00+01:00,pm25,µg/m³,85.50454503839666
Oshodi Bus Terminal 3-5008432,2026-01-12T07:00:00+01:00,relativehumidity,%,91.39999944513494
Oshodi Bus Terminal 3-5008432,2026-01-12T07:00:00+01:00,temperature,c,25.690909298983488
Oshodi Bus Terminal 3-5008432,2026-01-12T07:00:00+01:00,um003,particles/cm³,4345.409090909091
Oshodi Bus Terminal 3-5008432,2026-01-12T08:00:00+01:00,pm1,µg/m³,44.99583339691162
Oshodi Bus Terminal 3-5008432,2026-01-12T08:00:00+01:00,pm25,µg/m³,75.63750044504802
Oshodi Bus Terminal 3-5008432,2026-01-12T08:00:00+01:00,relativehumidity,%,92.00000031789143
Oshodi Bus Terminal 3-5008432,2026-01-12T08:00:00+01:00,temperature,c,25.704167048136394
Oshodi Bus Terminal 3-5008432,2026-01-12T08:00:00+01:00,um003,particles/cm³,3883.2916666666665
Oshodi Bus Terminal 3-5008432,2026-01-12T09:00:00+01:00,pm1,µg/m³,45.1166672706604
Oshodi Bus Terminal 3-5008432,2026-01-12T09:00:00+01:00,pm25,µg/m³,78.98749955495198
Oshodi Bus Terminal 3-5008432,2026-01-12T09:00:00+01:00,relativehumidity,%,92.55416679382324
Oshodi Bus Terminal 3-5008432,2026-01-12T09:00:00+01:00,temperature,c,26.108333269755047
Oshodi Bus Terminal 3-5008432,2026-01-12T09:00:00+01:00,um003,particles/cm³,4006.2916666666665
Oshodi Bus Terminal 3-5008432,2026-01-12T10:00:00+01:00,pm1,µg/m³,38.95000012715658
Oshodi Bus Terminal 3-5008432,2026-01-12T10:00:00+01:00,pm25,µg/m³,65.60833279291789
Oshodi Bus Terminal 3-5008432,2026-01-12T10:00:00+01:00,relativehumidity,%,85.70833237965901
Oshodi Bus Terminal 3-5008432,2026-01-12T10:00:00+01:00,temperature,c,28.104166587193806
Oshodi Bus Terminal 3-5008432,2026-01-12T10:00:00+01:00,um003,particles/cm³,3355.1666666666665
Oshodi Bus Terminal 3-5008432,2026-01-12T11:00:00+01:00,pm1,µg/m³,36.14166657129923
Oshodi Bus Terminal 3-5008432,2026-01-12T11:00:00+01:00,pm25,µg/m³,58.37083307902018
Oshodi Bus Terminal 3-5008432,2026-01-12T11:00:00+01:00,relativehumidity,%,75.52083206176758
Oshodi Bus Terminal 3-5008432,2026-01-12T11:00:00+01:00,temperature,c,31.087499777475994
Oshodi Bus Terminal 3-5008432,2026-01-12T11:00:00+01:00,um003,particles/cm³,3024.5
Oshodi Bus Terminal 3-5008432,2026-01-12T12:00:00+01:00,pm1,µg/m³,31.354545506564055
Oshodi Bus Terminal 3-5008432,2026-01-12T12:00:00+01:00,pm25,µg/m³,49.39090902155096
Oshodi Bus Terminal 3-5008432,2026-01-12T12:00:00+01:00,relativehumidity,%,71.01818050037731
Oshodi Bus Terminal 3-5008432,2026-01-12T12:00:00+01:00,temperature,c,31.931818181818183
Oshodi Bus Terminal 3-5008432,2026-01-12T12:00:00+01:00,um003,particles/cm³,2512.181818181818
Oshodi Bus Terminal 3-5008432,2026-01-12T13:00:00+01:00,pm1,µg/m³,30.137499968210857
Oshodi Bus Terminal 3-5008432,2026-01-12T13:00:00+01:00,pm25,µg/m³,46.48749987284342
Oshodi Bus Terminal 3-5008432,2026-01-12T13:00:00+01:00,relativehumidity,%,62.09583330154419
Oshodi Bus Terminal 3-5008432,2026-01-12T13:00:00+01:00,temperature,c,33.87083339691162
Oshodi Bus Terminal 3-5008432,2026-01-12T13:00:00+01:00,um003,particles/cm³,2307.125
Oshodi Bus Terminal 3-5008432,2026-01-12T14:00:00+01:00,pm1,µg/m³,33.666666428248085
Oshodi Bus Terminal 3-5008432,2026-01-12T14:00:00+01:00,pm25,µg/m³,50.98333342870077
Oshodi Bus Terminal 3-5008432,2026-01-12T14:00:00+01:00,relativehumidity,%,55.89166673024496
Oshodi Bus Terminal 3-5008432,2026-01-12T14:00:00+01:00,temperature,c,35.22916650772095
Oshodi Bus Terminal 3-5008432,2026-01-12T14:00:00+01:00,um003,particles/cm³,2725.0833333333335
Oshodi Bus Terminal 3-5008432,2026-01-12T15:00:00+01:00,pm1,µg/m³,42.43749968210856
Oshodi Bus Terminal 3-5008432,2026-01-12T15:00:00+01:00,pm25,µg/m³,63.4916672706604
Oshodi Bus Terminal 3-5008432,2026-01-12T15:00:00+01:00,relativehumidity,%,58.85000022252401
Oshodi Bus Terminal 3-5008432,2026-01-12T15:00:00+01:00,temperature,c,34.68750031789144
Oshodi Bus Terminal 3-5008432,2026-01-12T15:00:00+01:00,um003,particles/cm³,3537.5833333333335
Oshodi Bus Terminal 3-5008432,2026-01-12T16:00:00+01:00,pm1,µg/m³,46.40833361943563
Oshodi Bus Terminal 3-5008432,2026-01-12T16:00:00+01:00,pm25,µg/m³,70.75833288828532
Oshodi Bus Terminal 3-5008432,2026-01-12T16:00:00+01:00,relativehumidity,%,62.395833810170494
Oshodi Bus Terminal 3-5008432,2026-01-12T16:00:00+01:00,temperature,c,34.179166316986084
Oshodi Bus Terminal 3-5008432,2026-01-12T16:00:00+01:00,um003,particles/cm³,3918.0416666666665
Oshodi Bus Terminal 3-5008432,2026-01-12T17:00:00+01:00,pm1,µg/m³,44.01250044504801
Oshodi Bus Terminal 3-5008432,2026-01-12T17:00:00+01:00,pm25,µg/m³,64.93749984105428
Oshodi Bus Terminal 3-5008432,2026-01-12T17:00:00+01:00,relativehumidity,%,60.44999965031942
Oshodi Bus Terminal 3-5008432,2026-01-12T17:00:00+01:00,temperature,c,34.29166714350382
Oshodi Bus Terminal 3-5008432,2026-01-12T17:00:00+01:00,um003,particles/cm³,3722.1666666666665
Oshodi Bus Terminal 3-5008432,2026-01-12T18:00:00+01:00,pm1,µg/m³,41.93333339691162
Oshodi Bus Terminal 3-5008432,2026-01-12T18:00:00+01:00,pm25,µg/m³,61.75
Oshodi Bus Terminal 3-5008432,2026-01-12T18:00:00+01:00,relativehumidity,%,65.15833377838135
Oshodi Bus Terminal 3-5008432,2026-01-12T18:00:00+01:00,temperature,c,32.82083241144816
Oshodi Bus Terminal 3-5008432,2026-01-12T18:00:00+01:00,um003,particles/cm³,3486.625
Oshodi Bus Terminal 3-5008432,2026-01-12T19:00:00+01:00,pm1,µg/m³,49.05909035422585
Oshodi Bus Terminal 3-5008432,2026-01-12T19:00:00+01:00,pm25,µg/m³,71.16363646767356
Oshodi Bus Terminal 3-5008432,2026-01-12T19:00:00+01:00,relativehumidity,%,69.05909070101652
Oshodi Bus Terminal 3-5008432,2026-01-12T19:00:00+01:00,temperature,c,31.422727064652875
Oshodi Bus Terminal 3-5008432,2026-01-12T19:00:00+01:00,um003,particles/cm³,3937.2272727272725
Oshodi Bus Terminal 3-5008432,2026-01-12T20:00:00+01:00,pm1,µg/m³,45.549999396006264
Oshodi Bus Terminal 3-5008432,2026-01-12T20:00:00+01:00,pm25,µg/m³,70.16666650772095
Oshodi Bus Terminal 3-5008432,2026-01-12T20:00:00+01:00,relativehumidity,%,76.09166558583577
Oshodi Bus Terminal 3-5008432,2026-01-12T20:00:00+01:00,temperature,c,30.170833349227905
Oshodi Bus Terminal 3-5008432,2026-01-12T20:00:00+01:00,um003,particles/cm³,3848.2083333333335
Oshodi Bus Terminal 3-5008432,2026-01-12T21:00:00+01:00,pm1,µg/m³,50.65416622161865
Oshodi Bus Terminal 3-5008432,2026-01-12T21:00:00+01:00,pm25,µg/m³,76.34166717529297
Oshodi Bus Terminal 3-5008432,2026-01-12T21:00:00+01:00,relativehumidity,%,78.92083326975505
Oshodi Bus Terminal 3-5008432,2026-01-12T21:00:00+01:00,temperature,c,29.733333110809326
Oshodi Bus Terminal 3-5008432,2026-01-12T21:00:00+01:00,um003,particles/cm³,4265.291666666667
Oshodi Bus Terminal 3-5008432,2026-01-12T22:00:00+01:00,pm1,µg/m³,61.266666889190674
Oshodi Bus Terminal 3-5008432,2026-01-12T22:00:00+01:00,pm25,µg/m³,96.52499930063884
Oshodi Bus Terminal 3-5008432,2026-01-12T22:00:00+01:00,relativehumidity,%,80.57083352406819
Oshodi Bus Terminal 3-5008432,2026-01-12T22:00:00+01:00,temperature,c,29.479166587193806
Oshodi Bus Terminal 3-5008432,2026-01-12T22:00:00+01:00,um003,particles/cm³,5128.416666666667
Oshodi Bus Terminal 3-5008432,2026-01-12T23:00:00+01:00,pm1,µg/m³,70.33750041325887
Oshodi Bus Terminal 3-5008432,2026-01-12T23:00:00+01:00,pm25,µg/m³,110.1208324432373
Oshodi Bus Terminal 3-5008432,2026-01-12T23:00:00+01:00,relativehumidity,%,82.96666653951009
Oshodi Bus Terminal 3-5008432,2026-01-12T23:00:00+01:00,temperature,c,29.112499952316284
Oshodi Bus Terminal 3-5008432,2026-01-12T23:00:00+01:00,um003,particles/cm³,5683.375
Oshodi Bus Terminal 3-5008432,2026-01-13T00:00:00+01:00,pm1,µg/m³,70.17727331681685
Oshodi Bus Terminal 3-5008432,2026-01-13T00:00:00+01:00,pm25,µg/m³,107.75454538518733
Oshodi Bus Terminal 3-5008432,2026-01-13T00:00:00+01:00,relativehumidity,%,83.92727314342152
Oshodi Bus Terminal 3-5008432,2026-01-13T00:00:00+01:00,temperature,c,28.899999618530273
Oshodi Bus Terminal 3-5008432,2026-01-13T00:00:00+01:00,um003,particles/cm³,5759.727272727273
Oshodi Bus Terminal 3-5008432,2026-01-13T01:00:00+01:00,pm1,µg/m³,67.46250073115031
Oshodi Bus Terminal 3-5008432,2026-01-13T01:00:00+01:00,pm25,µg/m³,104.52083269755046
Oshodi Bus Terminal 3-5008432,2026-01-13T01:00:00+01:00,relativehumidity,%,84.08333333333333
Oshodi Bus Terminal 3-5008432,2026-01-13T01:00:00+01:00,temperature,c,28.670833587646484
Oshodi Bus Terminal 3-5008432,2026-01-13T01:00:00+01:00,um003,particles/cm³,5644.75
Oshodi Bus Terminal 3-5008432,2026-01-13T02:00:00+01:00,pm1,µg/m³,75.10416618982951
Oshodi Bus Terminal 3-5008432,2026-01-13T02:00:00+01:00,pm25,µg/m³,122.5791654586792
Oshodi Bus Terminal 3-5008432,2026-01-13T02:00:00+01:00,relativehumidity,%,85.17499987284343
Oshodi Bus Terminal 3-5008432,2026-01-13T02:00:00+01:00,temperature,c,28.37916620572408
Oshodi Bus Terminal 3-5008432,2026-01-13T02:00:00+01:00,um003,particles/cm³,6307.541666666667
Oshodi Bus Terminal 3-5008432,2026-01-13T03:00:00+01:00,pm1,µg/m³,86.03750006357829
Oshodi Bus Terminal 3-5008432,2026-01-13T03:00:00+01:00,pm25,µg/m³,146.02083365122476
Oshodi Bus Terminal 3-5008432,2026-01-13T03:00:00+01:00,relativehumidity,%,86.23333390553792
Oshodi Bus Terminal 3-5008432,2026-01-13T03:00:00+01:00,temperature,c,28.191667079925537
Oshodi Bus Terminal 3-5008432,2026-01-13T03:00:00+01:00,um003,particles/cm³,7090.166666666667
Oshodi Bus Terminal 3-5008432,2026-01-13T04:00:00+01:00,pm1,µg/m³,72.65416622161865
Oshodi Bus Terminal 3-5008432,2026-01-13T04:00:00+01:00,pm25,µg/m³,121.79583422342937
Oshodi Bus Terminal 3-5008432,2026-01-13T04:00:00+01:00,relativehumidity,%,86.97083409627278
Oshodi Bus Terminal 3-5008432,2026-01-13T04:00:00+01:00,temperature,c,28.22083369890849
Oshodi Bus Terminal 3-5008432,2026-01-13T04:00:00+01:00,um003,particles/cm³,6058.583333333333
Oshodi Bus Terminal 3-5008432,2026-01-13T05:00:00+01:00,pm1,µg/m³,70.02083333333333
Oshodi Bus Terminal 3-5008432,2026-01-13T05:00:00+01:00,pm25,µg/m³,112.5166670481364
Oshodi Bus Terminal 3-5008432,2026-01-13T05:00:00+01:00,relativehumidity,%,88.23749987284343
Oshodi Bus Terminal 3-5008432,2026-01-13T05:00:00+01:00,temperature,c,27.875000317891438
Oshodi Bus Terminal 3-5008432,2026-01-13T05:00:00+01:00,um003,particles/cm³,5811.666666666667
Oshodi Bus Terminal 3-5008432,2026-01-13T06:00:00+01:00,pm1,µg/m³,61.8833335240682
Oshodi Bus Terminal 3-5008432,2026-01-13T06:00:00+01:00,pm25,µg/m³,100.84166653951009
Oshodi Bus Terminal 3-5008432,2026-01-13T06:00:00+01:00,relativehumidity,%,89.82500012715657
Oshodi Bus Terminal 3-5008432,2026-01-13T06:00:00+01:00,temperature,c,27.49166663487752
Oshodi Bus Terminal 3-5008432,2026-01-13T06:00:00+01:00,um003,particles/cm³,5187.208333333333
Oshodi Bus Terminal 3-5008432,2026-01-13T07:00:00+01:00,pm1,µg/m³,78.7291669845581
Oshodi Bus Terminal 3-5008432,2026-01-13T07:00:00+01:00,pm25,µg/m³,136.8499994277954
Oshodi Bus Terminal 3-5008432,2026-01-13T07:00:00+01:00,relativehumidity,%,90.51249980926514
Oshodi Bus Terminal 3-5008432,2026-01-13T07:00:00+01:00,temperature,c,27.12499992052714
Oshodi Bus Terminal 3-5008432,2026-01-13T07:00:00+01:00,um003,particles/cm³,6599.875
Oshodi Bus Terminal 3-5008432,2026-01-13T08:00:00+01:00,pm1,µg/m³,84.80416647593181
Oshodi Bus Terminal 3-5008432,2026-01-13T08:00:00+01:00,pm25,µg/m³,146.88750139872232
Oshodi Bus Terminal 3-5008432,2026-01-13T08:00:00+01:00,relativehumidity,%,90.84583218892415
Oshodi Bus Terminal 3-5008432,2026-01-13T08:00:00+01:00,temperature,c,26.979166587193806
Oshodi Bus Terminal 3-5008432,2026-01-13T08:00:00+01:00,um003,particles/cm³,7083.416666666667
Oshodi Bus Terminal 3-5008432,2026-01-13T09:00:00+01:00,pm1,µg/m³,60.458333810170494
Oshodi Bus Terminal 3-5008432,2026-01-13T09:00:00+01:00,pm25,µg/m³,103.69166628519694
Oshodi Bus Terminal 3-5008432,2026-01-13T09:00:00+01:00,relativehumidity,%,87.6999994913737
Oshodi Bus Terminal 3-5008432,2026-01-13T09:00:00+01:00,temperature,c,27.97499982515971
Oshodi Bus Terminal 3-5008432,2026-01-13T09:00:00+01:00,um003,particles/cm³,5100.125
Oshodi Bus Terminal 3-5008432,2026-01-13T10:00:00+01:00,pm1,µg/m³,52.07083320617676
Oshodi Bus Terminal 3-5008432,2026-01-13T10:00:00+01:00,pm25,µg/m³,88.86666615804036
Oshodi Bus Terminal 3-5008432,2026-01-13T10:00:00+01:00,relativehumidity,%,82.59583218892415
Oshodi Bus Terminal 3-5008432,2026-01-13T10:00:00+01:00,temperature,c,29.512500127156574
Oshodi Bus Terminal 3-5008432,2026-01-13T10:00:00+01:00,um003,particles/cm³,4480.041666666667
Oshodi Bus Terminal 3-5008432,2026-01-13T11:00:00+01:00,pm1,µg/m³,31.679166793823242
Oshodi Bus Terminal 3-5008432,2026-01-13T11:00:00+01:00,pm25,µg/m³,50.32083288828532
Oshodi Bus Terminal 3-5008432,2026-01-13T11:00:00+01:00,relativehumidity,%,74.36250019073486
Oshodi Bus Terminal 3-5008432,2026-01-13T11:00:00+01:00,temperature,c,31.362499952316284
Oshodi Bus Terminal 3-5008432,2026-01-13T11:00:00+01:00,um003,particles/cm³,2542.8333333333335
Oshodi Bus Terminal 3-5008432,2026-01-13T12:00:00+01:00,pm1,µg/m³,32.93333347638448
Oshodi Bus Terminal 3-5008432,2026-01-13T12:00:00+01:00,pm25,µg/m³,50.78333314259847
Oshodi Bus Terminal 3-5008432,2026-01-13T12:00:00+01:00,relativehumidity,%,66.36250098546346
Oshodi Bus Terminal 3-5008432,2026-01-13T12:00:00+01:00,temperature,c,33.14583349227905
Oshodi Bus Terminal 3-5008432,2026-01-13T12:00:00+01:00,um003,particles/cm³,2640.25
Oshodi Bus Terminal 3-5008432,2026-01-13T13:00:00+01:00,pm1,µg/m³,41.10833326975504
Oshodi Bus Terminal 3-5008432,2026-01-13T13:00:00+01:00,pm25,µg/m³,63.34999974568685
Oshodi Bus Terminal 3-5008432,2026-01-13T13:00:00+01:00,relativehumidity,%,60.954166889190674
Oshodi Bus Terminal 3-5008432,2026-01-13T13:00:00+01:00,temperature,c,34.62083355585734
Oshodi Bus Terminal 3-5008432,2026-01-13T13:00:00+01:00,um003,particles/cm³,3408.4166666666665
Oshodi Bus Terminal 3-5008432,2026-01-13T14:00:00+01:00,pm1,µg/m³,42.15416653951009
Oshodi Bus Terminal 3-5008432,2026-01-13T14:00:00+01:00,pm25,µg/m³,65.57083352406819
Oshodi Bus Terminal 3-5008432,2026-01-13T14:00:00+01:00,relativehumidity,%,51.78333314259847
Oshodi Bus Terminal 3-5008432,2026-01-13T14:00:00+01:00,temperature,c,36.350000063578285
Oshodi Bus Terminal 3-5008432,2026-01-13T14:00:00+01:00,um003,particles/cm³,3554.8333333333335
Oshodi Bus Terminal 3-5008432,2026-01-13T15:00:00+01:00,pm1,µg/m³,44.75
Oshodi Bus Terminal 3-5008432,2026-01-13T15:00:00+01:00,pm25,µg/m³,70.27499961853027
Oshodi Bus Terminal 3-5008432,2026-01-13T15:00:00+01:00,relativehumidity,%,47.03749958674113
Oshodi Bus Terminal 3-5008432,2026-01-13T15:00:00+01:00,temperature,c,37.19999980926514
Oshodi Bus Terminal 3-5008432,2026-01-13T15:00:00+01:00,um003,particles/cm³,3761.0833333333335
Oshodi Bus Terminal 3-5008432,2026-01-13T16:00:00+01:00,pm1,µg/m³,44.84166685740153
Oshodi Bus Terminal 3-5008432,2026-01-13T16:00:00+01:00,pm25,µg/m³,68.81249984105428
Oshodi Bus Terminal 3-5008432,2026-01-13T16:00:00+01:00,relativehumidity,%,52.933333237965904
Oshodi Bus Terminal 3-5008432,2026-01-13T16:00:00+01:00,temperature,c,36.36250019073486
Oshodi Bus Terminal 3-5008432,2026-01-13T16:00:00+01:00,um003,particles/cm³,3720.25
Oshodi Bus Terminal 3-5008432,2026-01-13T17:00:00+01:00,pm1,µg/m³,46.67916695276896
Oshodi Bus Terminal 3-5008432,2026-01-13T17:00:00+01:00,pm25,µg/m³,69.96666717529297
Oshodi Bus Terminal 3-5008432,2026-01-13T17:00:00+01:00,relativehumidity,%,65.08750009536743
Oshodi Bus Terminal 3-5008432,2026-01-13T17:00:00+01:00,temperature,c,33.65000009536743
Oshodi Bus Terminal 3-5008432,2026-01-13T17:00:00+01:00,um003,particles/cm³,3907.875
Oshodi Bus Terminal 3-5008432,2026-01-13T18:00:00+01:00,pm1,µg/m³,55.67500019073486
Oshodi Bus Terminal 3-5008432,2026-01-13T18:00:00+01:00,pm25,µg/m³,83.54583485921223
Oshodi Bus Terminal 3-5008432,2026-01-13T18:00:00+01:00,relativehumidity,%,68.20833269755046
Oshodi Bus Terminal 3-5008432,2026-01-13T18:00:00+01:00,temperature,c,32.604166428248085
Oshodi Bus Terminal 3-5008432,2026-01-13T18:00:00+01:00,um003,particles/cm³,4597.625
Oshodi Bus Terminal 3-5008432,2026-01-13T19:00:00+01:00,pm1,µg/m³,56.21666685740153
Oshodi Bus Terminal 3-5008432,2026-01-13T19:00:00+01:00,pm25,µg/m³,84.74999952316284
Oshodi Bus Terminal 3-5008432,2026-01-13T19:00:00+01:00,relativehumidity,%,74.31666660308838
Oshodi Bus Terminal 3-5008432,2026-01-13T19:00:00+01:00,temperature,c,31.008333285649616
Oshodi Bus Terminal 3-5008432,2026-01-13T19:00:00+01:00,um003,particles/cm³,4716.291666666667
Oshodi Bus Terminal 3-5008432,2026-01-13T20:00:00+01:00,pm1,µg/m³,58.20416673024496
Oshodi Bus Terminal 3-5008432,2026-01-13T20:00:00+01:00,pm25,µg/m³,89.43749936421712
Oshodi Bus Terminal 3-5008432,2026-01-13T20:00:00+01:00,relativehumidity,%,77.91666634877522
Oshodi Bus Terminal 3-5008432,2026-01-13T20:00:00+01:00,temperature,c,30.15833346048991
Oshodi Bus Terminal 3-5008432,2026-01-13T20:00:00+01:00,um003,particles/cm³,4896.416666666667
Oshodi Bus Terminal 3-5008432,2026-01-13T21:00:00+01:00,pm1,µg/m³,55.24166679382324
Oshodi Bus Terminal 3-5008432,2026-01-13T21:00:00+01:00,pm25,µg/m³,86.80416647593181
Oshodi Bus Terminal 3-5008432,2026-01-13T21:00:00+01:00,relativehumidity,%,80.7458340326945
Oshodi Bus Terminal 3-5008432,2026-01-13T21:00:00+01:00,temperature,c,29.729166507720947
Oshodi Bus Terminal 3-5008432,2026-01-13T21:00:00+01:00,um003,particles/cm³,4693.125
Oshodi Bus Terminal 3-5008432,2026-01-13T22:00:00+01:00,pm1,µg/m³,63.2045451077548
Oshodi Bus Terminal 3-5008432,2026-01-13T22:00:00+01:00,pm25,µg/m³,98.29545385187322
Oshodi Bus Terminal 3-5008432,2026-01-13T22:00:00+01:00,relativehumidity,%,83.58636335893111
Oshodi Bus Terminal 3-5008432,2026-01-13T22:00:00+01:00,temperature,c,29.413636034185235
Oshodi Bus Terminal 3-5008432,2026-01-13T22:00:00+01:00,um003,particles/cm³,5267.545454545455
Oshodi Bus Terminal 3-5008432,2026-01-13T23:00:00+01:00,pm1,µg/m³,63.15416701634725
Oshodi Bus Terminal 3-5008432,2026-01-13T23:00:00+01:00,pm25,µg/m³,97.94166628519694
Oshodi Bus Terminal 3-5008432,2026-01-13T23:00:00+01:00,relativehumidity,%,84.88333447774251
Oshodi Bus Terminal 3-5008432,2026-01-13T23:00:00+01:00,temperature,c,29.24583339691162
Oshodi Bus Terminal 3-5008432,2026-01-13T23:00:00+01:00,um003,particles/cm³,5182.833333333333
Oshodi Bus Terminal 3-5008432,2026-01-14T00:00:00+01:00,pm1,µg/m³,52.60416650772095
Oshodi Bus Terminal 3-5008432,2026-01-14T00:00:00+01:00,pm25,µg/m³,80.35416714350383
Oshodi Bus Terminal 3-5008432,2026-01-14T00:00:00+01:00,relativehumidity,%,85.88749980926514
Oshodi Bus Terminal 3-5008432,2026-01-14T00:00:00+01:00,temperature,c,28.983333269755047
Oshodi Bus Terminal 3-5008432,2026-01-14T00:00:00+01:00,um003,particles/cm³,4452.916666666667
Oshodi Bus Terminal 3-5008432,2026-01-14T01:00:00+01:00,pm1,µg/m³,55.854166984558105
Oshodi Bus Terminal 3-5008432,2026-01-14T01:00:00+01:00,pm25,µg/m³,83.3625005086263
Oshodi Bus Terminal 3-5008432,2026-01-14T01:00:00+01:00,relativehumidity,%,85.07083320617676
Oshodi Bus Terminal 3-5008432,2026-01-14T01:00:00+01:00,temperature,c,28.837499539057415
Oshodi Bus Terminal 3-5008432,2026-01-14T01:00:00+01:00,um003,particles/cm³,4637.333333333333
Oshodi Bus Terminal 3-5008432,2026-01-14T02:00:00+01:00,pm1,µg/m³,44.56249984105428
Oshodi Bus Terminal 3-5008432,2026-01-14T02:00:00+01:00,pm25,µg/m³,73.38333304723103
Oshodi Bus Terminal 3-5008432,2026-01-14T02:00:00+01:00,relativehumidity,%,85.47916666666667
Oshodi Bus Terminal 3-5008432,2026-01-14T02:00:00+01:00,temperature,c,28.720833619435627
Oshodi Bus Terminal 3-5008432,2026-01-14T02:00:00+01:00,um003,particles/cm³,3764.7916666666665
Oshodi Bus Terminal 3-5008432,2026-01-14T03:00:00+01:00,pm1,µg/m³,38.291666666666664
Oshodi Bus Terminal 3-5008432,2026-01-14T03:00:00+01:00,pm25,µg/m³,65.34583298365276
Oshodi Bus Terminal 3-5008432,2026-01-14T03:00:00+01:00,relativehumidity,%,87.1458330154419
Oshodi Bus Terminal 3-5008432,2026-01-14T03:00:00+01:00,temperature,c,28.27916669845581
Oshodi Bus Terminal 3-5008432,2026-01-14T03:00:00+01:00,um003,particles/cm³,3243.6666666666665
Oshodi Bus Terminal 3-5008432,2026-01-14T04:00:00+01:00,pm1,µg/m³,32.75416628519694
Oshodi Bus Terminal 3-5008432,2026-01-14T04:00:00+01:00,pm25,µg/m³,52.72500038146973
Oshodi Bus Terminal 3-5008432,2026-01-14T04:00:00+01:00,relativehumidity,%,88.42916711171468
Oshodi Bus Terminal 3-5008432,2026-01-14T04:00:00+01:00,temperature,c,27.954166491826374
Oshodi Bus Terminal 3-5008432,2026-01-14T04:00:00+01:00,um003,particles/cm³,2712.6666666666665
Oshodi Bus Terminal 3-5008432,2026-01-14T05:00:00+01:00,pm1,µg/m³,33.85833326975504
Oshodi Bus Terminal 3-5008432,2026-01-14T05:00:00+01:00,pm25,µg/m³,55.99583339691162
Oshodi Bus Terminal 3-5008432,2026-01-14T05:00:00+01:00,relativehumidity,%,90.03750006357829
Oshodi Bus Terminal 3-5008432,2026-01-14T05:00:00+01:00,temperature,c,27.608333746592205
Oshodi Bus Terminal 3-5008432,2026-01-14T05:00:00+01:00,um003,particles/cm³,2865.0416666666665
Oshodi Bus Terminal 3-5008432,2026-01-14T06:00:00+01:00,pm1,µg/m³,73.91818150607023
Oshodi Bus Terminal 3-5008432,2026-01-14T06:00:00+01:00,pm25,µg/m³,126.81818251176314
Oshodi Bus Terminal 3-5008432,2026-01-14T06:00:00+01:00,relativehumidity,%,90.96363587812944
Oshodi Bus Terminal 3-5008432,2026-01-14T06:00:00+01:00,temperature,c,27.4272724498402
Oshodi Bus Terminal 3-5008432,2026-01-14T06:00:00+01:00,um003,particles/cm³,6212.181818181818
Oshodi Bus Terminal 3-5008432,2026-01-14T07:00:00+01:00,pm1,µg/m³,69.51666641235352
Oshodi Bus Terminal 3-5008432,2026-01-14T07:00:00+01:00,pm25,µg/m³,126.00833257039388
Oshodi Bus Terminal 3-5008432,2026-01-14T07:00:00+01:00,relativehumidity,%,91.23749987284343
Oshodi Bus Terminal 3-5008432,2026-01-14T07:00:00+01:00,temperature,c,27.387499570846558
Oshodi Bus Terminal 3-5008432,2026-01-14T07:00:00+01:00,um003,particles/cm³,5774.625
Oshodi Bus Terminal 3-5008432,2026-01-14T08:00:00+01:00,pm1,µg/m³,43.61250034968058
Oshodi Bus Terminal 3-5008432,2026-01-14T08:00:00+01:00,pm25,µg/m³,73.7291669845581
Oshodi Bus Terminal 3-5008432,2026-01-14T08:00:00+01:00,relativehumidity,%,91.86249987284343
Oshodi Bus Terminal 3-5008432,2026-01-14T08:00:00+01:00,temperature,c,27.17916711171468
Oshodi Bus Terminal 3-5008432,2026-01-14T08:00:00+01:00,um003,particles/cm³,3760.0833333333335
Oshodi Bus Terminal 3-5008432,2026-01-14T09:00:00+01:00,pm1,µg/m³,37.862500031789146
Oshodi Bus Terminal 3-5008432,2026-01-14T09:00:00+01:00,pm25,µg/m³,63.95000012715658
Oshodi Bus Terminal 3-5008432,2026-01-14T09:00:00+01:00,relativehumidity,%,91.01250139872234
Oshodi Bus Terminal 3-5008432,2026-01-14T09:00:00+01:00,temperature,c,27.433333079020183
Oshodi Bus Terminal 3-5008432,2026-01-14T09:00:00+01:00,um003,particles/cm³,3236.375
Oshodi Bus Terminal 3-5008432,2026-01-14T10:00:00+01:00,pm1,µg/m³,32.62499992052714
Oshodi Bus Terminal 3-5008432,2026-01-14T10:00:00+01:00,pm25,µg/m³,52.933333237965904
Oshodi Bus Terminal 3-5008432,2026-01-14T10:00:00+01:00,relativehumidity,%,88.38333352406819
Oshodi Bus Terminal 3-5008432,2026-01-14T10:00:00+01:00,temperature,c,28.06250015894572
Oshodi Bus Terminal 3-5008432,2026-01-14T10:00:00+01:00,um003,particles/cm³,2711.2083333333335
Oshodi Bus Terminal 3-5008432,2026-01-14T11:00:00+01:00,pm1,µg/m³,29.92916663487752
Oshodi Bus Terminal 3-5008432,2026-01-14T11:00:00+01:00,pm25,µg/m³,47.13749980926514
Oshodi Bus Terminal 3-5008432,2026-01-14T11:00:00+01:00,relativehumidity,%,81.46666781107585
Oshodi Bus Terminal 3-5008432,2026-01-14T11:00:00+01:00,temperature,c,29.77916677792867
Oshodi Bus Terminal 3-5008432,2026-01-14T11:00:00+01:00,um003,particles/cm³,2323.6666666666665
Oshodi Bus Terminal 3-5008432,2026-01-14T12:00:00+01:00,pm1,µg/m³,28.62500015894572
Oshodi Bus Terminal 3-5008432,2026-01-14T12:00:00+01:00,pm25,µg/m³,44.74583371480306
Oshodi Bus Terminal 3-5008432,2026-01-14T12:00:00+01:00,relativehumidity,%,72.84166622161865
Oshodi Bus Terminal 3-5008432,2026-01-14T12:00:00+01:00,temperature,c,31.608333269755047
Oshodi Bus Terminal 3-5008432,2026-01-14T12:00:00+01:00,um003,particles/cm³,2157.4583333333335
Oshodi Bus Terminal 3-5008432,2026-01-14T13:00:00+01:00,pm1,µg/m³,29.808333079020183
Oshodi Bus Terminal 3-5008432,2026-01-14T13:00:00+01:00,pm25,µg/m³,46.262500286102295
Oshodi Bus Terminal 3-5008432,2026-01-14T13:00:00+01:00,relativehumidity,%,62.03749974568685
Oshodi Bus Terminal 3-5008432,2026-01-14T13:00:00+01:00,temperature,c,33.42916719118754
Oshodi Bus Terminal 3-5008432,2026-01-14T13:00:00+01:00,um003,particles/cm³,2237.7083333333335
Oshodi Bus Terminal 3-5008432,2026-01-14T14:00:00+01:00,pm1,µg/m³,31.319999980926514
Oshodi Bus Terminal 3-5008432,2026-01-14T14:00:00+01:00,pm25,µg/m³,47.95999965667725
Oshodi Bus Terminal 3-5008432,2026-01-14T14:00:00+01:00,relativehumidity,%,54.19000015258789
Oshodi Bus Terminal 3-5008432,2026-01-14T14:00:00+01:00,temperature,c,34.65
Oshodi Bus Terminal 3-5008432,2026-01-14T14:00:00+01:00,um003,particles/cm³,2457.6
Oshodi Bus Terminal 3-5008432,2026-01-14T15:00:00+01:00,pm1,µg/m³,30.419999980926512
Oshodi Bus Terminal 3-5008432,2026-01-14T15:00:00+01:00,pm25,µg/m³,46.60500030517578
Oshodi Bus Terminal 3-5008432,2026-01-14T15:00:00+01:00,relativehumidity,%,49.18499984741211
Oshodi Bus Terminal 3-5008432,2026-01-14T15:00:00+01:00,temperature,c,36.125000190734866
Oshodi Bus Terminal 3-5008432,2026-01-14T15:00:00+01:00,um003,particles/cm³,2346.6
Oshodi Bus Terminal 3-5008432,2026-01-14T16:00:00+01:00,pm1,µg/m³,29.6136362769387
Oshodi Bus Terminal 3-5008432,2026-01-14T16:00:00+01:00,pm25,µg/m³,45.35909097844904
Oshodi Bus Terminal 3-5008432,2026-01-14T16:00:00+01:00,relativehumidity,%,48.70454545454545
Oshodi Bus Terminal 3-5008432,2026-01-14T16:00:00+01:00,temperature,c,36.11363636363637
Oshodi Bus Terminal 3-5008432,2026-01-14T16:00:00+01:00,um003,particles/cm³,2249.681818181818
Oshodi Bus Terminal 3-5008432,2026-01-14T17:00:00+01:00,pm1,µg/m³,33.837499936421715
Oshodi Bus Terminal 3-5008432,2026-01-14T17:00:00+01:00,pm25,µg/m³,51.170832792917885
Oshodi Bus Terminal 3-5008432,2026-01-14T17:00:00+01:00,relativehumidity,%,59.62500015894572
Oshodi Bus Terminal 3-5008432,2026-01-14T17:00:00+01:00,temperature,c,34.829166412353516
Oshodi Bus Terminal 3-5008432,2026-01-14T17:00:00+01:00,um003,particles/cm³,2696.0
Oshodi Bus Terminal 3-5008432,2026-01-14T18:00:00+01:00,pm1,µg/m³,44.83333317438761
Oshodi Bus Terminal 3-5008432,2026-01-14T18:00:00+01:00,pm25,µg/m³,65.00833320617676
Oshodi Bus Terminal 3-5008432,2026-01-14T18:00:00+01:00,relativehumidity,%,70.38333320617676
Oshodi Bus Terminal 3-5008432,2026-01-14T18:00:00+01:00,temperature,c,32.52500065167745
Oshodi Bus Terminal 3-5008432,2026-01-14T18:00:00+01:00,um003,particles/cm³,3777.5
Oshodi Bus Terminal 3-5008432,2026-01-14T19:00:00+01:00,pm1,µg/m³,46.183333237965904
Oshodi Bus Terminal 3-5008432,2026-01-14T19:00:00+01:00,pm25,µg/m³,66.84583298365276
Oshodi Bus Terminal 3-5008432,2026-01-14T19:00:00+01:00,relativehumidity,%,74.78333314259847
Oshodi Bus Terminal 3-5008432,2026-01-14T19:00:00+01:00,temperature,c,31.424999872843426
Oshodi Bus Terminal 3-5008432,2026-01-14T19:00:00+01:00,um003,particles/cm³,3914.5833333333335
Oshodi Bus Terminal 3-5008432,2026-01-14T20:00:00+01:00,pm1,µg/m³,45.39583317438761
Oshodi Bus Terminal 3-5008432,2026-01-14T20:00:00+01:00,pm25,µg/m³,65.74999936421712
Oshodi Bus Terminal 3-5008432,2026-01-14T20:00:00+01:00,relativehumidity,%,77.88750076293945
Oshodi Bus Terminal 3-5008432,2026-01-14T20:00:00+01:00,temperature,c,30.512499729792278
Oshodi Bus Terminal 3-5008432,2026-01-14T20:00:00+01:00,um003,particles/cm³,3843.6666666666665
Oshodi Bus Terminal 3-5008432,2026-01-14T21:00:00+01:00,pm1,µg/m³,43.65416653951009
Oshodi Bus Terminal 3-5008432,2026-01-14T21:00:00+01:00,pm25,µg/m³,64.81666723887126
Oshodi Bus Terminal 3-5008432,2026-01-14T21:00:00+01:00,relativehumidity,%,80.19166787465413
Oshodi Bus Terminal 3-5008432,2026-01-14T21:00:00+01:00,temperature,c,30.074999888737995
Oshodi Bus Terminal 3-5008432,2026-01-14T21:00:00+01:00,um003,particles/cm³,3707.6666666666665
Oshodi Bus Terminal 3-5008432,2026-01-14T22:00:00+01:00,pm1,µg/m³,44.80416679382324
Oshodi Bus Terminal 3-5008432,2026-01-14T22:00:00+01:00,pm25,µg/m³,65.14583349227905
Oshodi Bus Terminal 3-5008432,2026-01-14T22:00:00+01:00,relativehumidity,%,82.05000082651775
Oshodi Bus Terminal 3-5008432,2026-01-14T22:00:00+01:00,temperature,c,29.62083347638448
Oshodi Bus Terminal 3-5008432,2026-01-14T22:00:00+01:00,um003,particles/cm³,3817.2916666666665
Oshodi Bus Terminal 3-5008432,2026-01-14T23:00:00+01:00,pm1,µg/m³,55.07499942779541
Oshodi Bus Terminal 3-5008432,2026-01-14T23:00:00+01:00,pm25,µg/m³,79.22500019073486
Oshodi Bus Terminal 3-5008432,2026-01-14T23:00:00+01:00,relativehumidity,%,83.04000129699708
Oshodi Bus Terminal 3-5008432,2026-01-14T23:00:00+01:00,temperature,c,29.409999656677247
Oshodi Bus Terminal 3-5008432,2026-01-14T23:00:00+01:00,um003,particles/cm³,4680.95
Oshodi Bus Terminal 3-5008432,2026-01-15T00:00:00+01:00,pm1,µg/m³,47.22083361943563
Oshodi Bus Terminal 3-5008432,2026-01-15T00:00:00+01:00,pm25,µg/m³,69.45833349227905
Oshodi Bus Terminal 3-5008432,2026-01-15T00:00:00+01:00,relativehumidity,%,83.3166659673055
Oshodi Bus Terminal 3-5008432,2026-01-15T00:00:00+01:00,temperature,c,29.35833279291789
Oshodi Bus Terminal 3-5008432,2026-01-15T00:00:00+01:00,um003,particles/cm³,3979.8333333333335
Oshodi Bus Terminal 3-5008432,2026-01-15T01:00:00+01:00,pm1,µg/m³,41.462500174840294
Oshodi Bus Terminal 3-5008432,2026-01-15T01:00:00+01:00,pm25,µg/m³,63.2041662534078
Oshodi Bus Terminal 3-5008432,2026-01-15T01:00:00+01:00,relativehumidity,%,83.8541669845581
Oshodi Bus Terminal 3-5008432,2026-01-15T01:00:00+01:00,temperature,c,29.112500270207722
Oshodi Bus Terminal 3-5008432,2026-01-15T01:00:00+01:00,um003,particles/cm³,3554.4583333333335
Oshodi Bus Terminal 3-5008432,2026-01-15T02:00:00+01:00,pm1,µg/m³,42.454166650772095
Oshodi Bus Terminal 3-5008432,2026-01-15T02:00:00+01:00,pm25,µg/m³,63.166666984558105
Oshodi Bus Terminal 3-5008432,2026-01-15T02:00:00+01:00,relativehumidity,%,85.36666679382324
Oshodi Bus Terminal 3-5008432,2026-01-15T02:00:00+01:00,temperature,c,28.908332983652752
Oshodi Bus Terminal 3-5008432,2026-01-15T02:00:00+01:00,um003,particles/cm³,3571.2916666666665
Oshodi Bus Terminal 3-5008432,2026-01-15T03:00:00+01:00,pm1,µg/m³,34.004545125094324
Oshodi Bus Terminal 3-5008432,2026-01-15T03:00:00+01:00,pm25,µg/m³,52.72727307406339
Oshodi Bus Terminal 3-5008432,2026-01-15T03:00:00+01:00,relativehumidity,%,86.11818174882369
Oshodi Bus Terminal 3-5008432,2026-01-15T03:00:00+01:00,temperature,c,28.750000086697664
Oshodi Bus Terminal 3-5008432,2026-01-15T03:00:00+01:00,um003,particles/cm³,2798.181818181818
Oshodi Bus Terminal 3-5008432,2026-01-15T04:00:00+01:00,pm1,µg/m³,29.141666730244953
Oshodi Bus Terminal 3-5008432,2026-01-15T04:00:00+01:00,pm25,µg/m³,45.56666707992554
Oshodi Bus Terminal 3-5008432,2026-01-15T04:00:00+01:00,relativehumidity,%,87.04583390553792
Oshodi Bus Terminal 3-5008432,2026-01-15T04:00:00+01:00,temperature,c,28.429166396458943
Oshodi Bus Terminal 3-5008432,2026-01-15T04:00:00+01:00,um003,particles/cm³,2206.25
Oshodi Bus Terminal 3-5008432,2026-01-15T05:00:00+01:00,pm1,µg/m³,32.95416617393494
Oshodi Bus Terminal 3-5008432,2026-01-15T05:00:00+01:00,pm25,µg/m³,53.02499977747599
Oshodi Bus Terminal 3-5008432,2026-01-15T05:00:00+01:00,relativehumidity,%,87.90416717529297
Oshodi Bus Terminal 3-5008432,2026-01-15T05:00:00+01:00,temperature,c,28.18750007947286
Oshodi Bus Terminal 3-5008432,2026-01-15T05:00:00+01:00,um003,particles/cm³,2754.0833333333335
Oshodi Bus Terminal 3-5008432,2026-01-15T06:00:00+01:00,pm1,µg/m³,33.92916679382324
Oshodi Bus Terminal 3-5008432,2026-01-15T06:00:00+01:00,pm25,µg/m³,54.079166889190674
Oshodi Bus Terminal 3-5008432,2026-01-15T06:00:00+01:00,relativehumidity,%,89.10833358764648
Oshodi Bus Terminal 3-5008432,2026-01-15T06:00:00+01:00,temperature,c,27.949999809265137
Oshodi Bus Terminal 3-5008432,2026-01-15T06:00:00+01:00,um003,particles/cm³,2866.6666666666665
Oshodi Bus Terminal 3-5008432,2026-01-15T07:00:00+01:00,pm1,µg/m³,40.600000063578285
Oshodi Bus Terminal 3-5008432,2026-01-15T07:00:00+01:00,pm25,µg/m³,66.74999968210857
Oshodi Bus Terminal 3-5008432,2026-01-15T07:00:00+01:00,relativehumidity,%,89.31666628519694
Oshodi Bus Terminal 3-5008432,2026-01-15T07:00:00+01:00,temperature,c,27.895832935969036
Oshodi Bus Terminal 3-5008432,2026-01-15T07:00:00+01:00,um003,particles/cm³,3490.0833333333335
Oshodi Bus Terminal 3-5008432,2026-01-15T08:00:00+01:00,pm1,µg/m³,40.7958337465922
Oshodi Bus Terminal 3-5008432,2026-01-15T08:00:00+01:00,pm25,µg/m³,68.05416647593181
Oshodi Bus Terminal 3-5008432,2026-01-15T08:00:00+01:00,relativehumidity,%,89.01250012715657
Oshodi Bus Terminal 3-5008432,2026-01-15T08:00:00+01:00,temperature,c,27.987499952316284
Oshodi Bus Terminal 3-5008432,2026-01-15T08:00:00+01:00,um003,particles/cm³,3509.75
Oshodi Bus Terminal 3-5008432,2026-01-15T09:00:00+01:00,pm1,µg/m³,33.83749985694885
Oshodi Bus Terminal 3-5008432,2026-01-15T09:00:00+01:00,pm25,µg/m³,55.020833333333336
Oshodi Bus Terminal 3-5008432,2026-01-15T09:00:00+01:00,relativehumidity,%,86.50833447774251
Oshodi Bus Terminal 3-5008432,2026-01-15T09:00:00+01:00,temperature,c,28.729166507720947
Oshodi Bus Terminal 3-5008432,2026-01-15T09:00:00+01:00,um003,particles/cm³,2846.5833333333335
Oshodi Bus Terminal 3-5008432,2026-01-15T10:00:00+01:00,pm1,µg/m³,30.820833285649616
Oshodi Bus Terminal 3-5008432,2026-01-15T10:00:00+01:00,pm25,µg/m³,48.20416657129923
Oshodi Bus Terminal 3-5008432,2026-01-15T10:00:00+01:00,relativehumidity,%,82.15000025431316
Oshodi Bus Terminal 3-5008432,2026-01-15T10:00:00+01:00,temperature,c,29.854166825612385
Oshodi Bus Terminal 3-5008432,2026-01-15T10:00:00+01:00,um003,particles/cm³,2411.75
Oshodi Bus Terminal 3-5008432,2026-01-15T11:00:00+01:00,pm1,µg/m³,27.425000111262005
Oshodi Bus Terminal 3-5008432,2026-01-15T11:00:00+01:00,pm25,µg/m³,42.51666657129923
Oshodi Bus Terminal 3-5008432,2026-01-15T11:00:00+01:00,relativehumidity,%,77.35833358764648
Oshodi Bus Terminal 3-5008432,2026-01-15T11:00:00+01:00,temperature,c,30.887500047683716
Oshodi Bus Terminal 3-5008432,2026-01-15T11:00:00+01:00,um003,particles/cm³,1991.9166666666667
Oshodi Bus Terminal 3-5008432,2026-01-15T12:00:00+01:00,pm1,µg/m³,27.641666730244953
Oshodi Bus Terminal 3-5008432,2026-01-15T12:00:00+01:00,pm25,µg/m³,42.57916673024496
Oshodi Bus Terminal 3-5008432,2026-01-15T12:00:00+01:00,relativehumidity,%,70.66666666666667
Oshodi Bus Terminal 3-5008432,2026-01-15T12:00:00+01:00,temperature,c,32.19583328564962
Oshodi Bus Terminal 3-5008432,2026-01-15T12:00:00+01:00,um003,particles/cm³,2033.7083333333333
Oshodi Bus Terminal 3-5008432,2026-01-15T13:00:00+01:00,pm1,µg/m³,30.754166682561237
Oshodi Bus Terminal 3-5008432,2026-01-15T13:00:00+01:00,pm25,µg/m³,47.44166644414266
Oshodi Bus Terminal 3-5008432,2026-01-15T13:00:00+01:00,relativehumidity,%,63.97916682561239
Oshodi Bus Terminal 3-5008432,2026-01-15T13:00:00+01:00,temperature,c,33.566666762034096
Oshodi Bus Terminal 3-5008432,2026-01-15T13:00:00+01:00,um003,particles/cm³,2426.8333333333335
Oshodi Bus Terminal 3-5008432,2026-01-15T14:00:00+01:00,pm1,µg/m³,33.35833326975504
Oshodi Bus Terminal 3-5008432,2026-01-15T14:00:00+01:00,pm25,µg/m³,49.99166695276896
Oshodi Bus Terminal 3-5008432,2026-01-15T14:00:00+01:00,relativehumidity,%,56.787500063578285
Oshodi Bus Terminal 3-5008432,2026-01-15T14:00:00+01:00,temperature,c,34.51250012715658
Oshodi Bus Terminal 3-5008432,2026-01-15T14:00:00+01:00,um003,particles/cm³,2611.7916666666665
Oshodi Bus Terminal 3-5008432,2026-01-15T15:00:00+01:00,pm1,µg/m³,37.2227276021784
Oshodi Bus Terminal 3-5008432,2026-01-15T15:00:00+01:00,pm25,µg/m³,53.581817626953125
Oshodi Bus Terminal 3-5008432,2026-01-15T15:00:00+01:00,relativehumidity,%,63.24090940302069
Oshodi Bus Terminal 3-5008432,2026-01-15T15:00:00+01:00,temperature,c,34.150000138716265
Oshodi Bus Terminal 3-5008432,2026-01-15T15:00:00+01:00,um003,particles/cm³,3090.5454545454545
Oshodi Bus Terminal 3-5008432,2026-01-15T16:00:00+01:00,pm1,µg/m³,34.30000019073486
Oshodi Bus Terminal 3-5008432,2026-01-15T16:00:00+01:00,pm25,µg/m³,50.004545731977984
Oshodi Bus Terminal 3-5008432,2026-01-15T16:00:00+01:00,relativehumidity,%,63.58636318553578
Oshodi Bus Terminal 3-5008432,2026-01-15T16:00:00+01:00,temperature,c,34.14545405994762
Oshodi Bus Terminal 3-5008432,2026-01-15T16:00:00+01:00,um003,particles/cm³,2715.0454545454545
Oshodi Bus Terminal 3-5008432,2026-01-15T17:00:00+01:00,pm1,µg/m³,42.22500022252401
Oshodi Bus Terminal 3-5008432,2026-01-15T17:00:00+01:00,pm25,µg/m³,61.29583295186361
Oshodi Bus Terminal 3-5008432,2026-01-15T17:00:00+01:00,relativehumidity,%,65.47916682561238
Oshodi Bus Terminal 3-5008432,2026-01-15T17:00:00+01:00,temperature,c,33.65833346048991
Oshodi Bus Terminal 3-5008432,2026-01-15T17:00:00+01:00,um003,particles/cm³,3301.9583333333335
Oshodi Bus Terminal 3-5008432,2026-01-15T18:00:00+01:00,pm1,µg/m³,38.22916626930237
Oshodi Bus Terminal 3-5008432,2026-01-15T18:00:00+01:00,pm25,µg/m³,55.14999977747599
Oshodi Bus Terminal 3-5008432,2026-01-15T18:00:00+01:00,relativehumidity,%,71.17083263397217
Oshodi Bus Terminal 3-5008432,2026-01-15T18:00:00+01:00,temperature,c,32.208333333333336
Oshodi Bus Terminal 3-5008432,2026-01-15T18:00:00+01:00,um003,particles/cm³,3199.875
Oshodi Bus Terminal 3-5008432,2026-01-15T19:00:00+01:00,pm1,µg/m³,36.65416669845581
Oshodi Bus Terminal 3-5008432,2026-01-15T19:00:00+01:00,pm25,µg/m³,53.85000022252401
Oshodi Bus Terminal 3-5008432,2026-01-15T19:00:00+01:00,relativehumidity,%,76.34166590372722
Oshodi Bus Terminal 3-5008432,2026-01-15T19:00:00+01:00,temperature,c,31.12083347638448
Oshodi Bus Terminal 3-5008432,2026-01-15T19:00:00+01:00,um003,particles/cm³,3015.2083333333335
Oshodi Bus Terminal 3-5008432,2026-01-15T20:00:00+01:00,pm1,µg/m³,38.97083330154419
Oshodi Bus Terminal 3-5008432,2026-01-15T20:00:00+01:00,pm25,µg/m³,56.429166634877525
Oshodi Bus Terminal 3-5008432,2026-01-15T20:00:00+01:00,relativehumidity,%,79.95000012715657
Oshodi Bus Terminal 3-5008432,2026-01-15T20:00:00+01:00,temperature,c,30.370833079020183
Oshodi Bus Terminal 3-5008432,2026-01-15T20:00:00+01:00,um003,particles/cm³,3220.7916666666665
Oshodi Bus Terminal 3-5008432,2026-01-15T21:00:00+01:00,pm1,µg/m³,39.90000009536743
Oshodi Bus Terminal 3-5008432,2026-01-15T21:00:00+01:00,pm25,µg/m³,59.079166889190674
Oshodi Bus Terminal 3-5008432,2026-01-15T21:00:00+01:00,relativehumidity,%,81.93749936421712
Oshodi Bus Terminal 3-5008432,2026-01-15T21:00:00+01:00,temperature,c,29.962499856948853
Oshodi Bus Terminal 3-5008432,2026-01-15T21:00:00+01:00,um003,particles/cm³,3395.25
Oshodi Bus Terminal 3-5008432,2026-01-15T22:00:00+01:00,pm1,µg/m³,35.78333361943563
Oshodi Bus Terminal 3-5008432,2026-01-15T22:00:00+01:00,pm25,µg/m³,53.07916673024496
Oshodi Bus Terminal 3-5008432,2026-01-15T22:00:00+01:00,relativehumidity,%,83.64166673024495
Oshodi Bus Terminal 3-5008432,2026-01-15T22:00:00+01:00,temperature,c,29.670833508173626
Oshodi Bus Terminal 3-5008432,2026-01-15T22:00:00+01:00,um003,particles/cm³,2982.375
Oshodi Bus Terminal 3-5008432,2026-01-15T23:00:00+01:00,pm1,µg/m³,44.44166668256124
Oshodi Bus Terminal 3-5008432,2026-01-15T23:00:00+01:00,pm25,µg/m³,65.35833358764648
Oshodi Bus Terminal 3-5008432,2026-01-15T23:00:00+01:00,relativehumidity,%,83.88333257039388
Oshodi Bus Terminal 3-5008432,2026-01-15T23:00:00+01:00,temperature,c,29.495833317438763
Oshodi Bus Terminal 3-5008432,2026-01-15T23:00:00+01:00,um003,particles/cm³,3767.0416666666665
Oshodi Bus Terminal 3-5008432,2026-01-16T00:00:00+01:00,pm1,µg/m³,34.10000012137673
Oshodi Bus Terminal 3-5008432,2026-01-16T00:00:00+01:00,pm25,µg/m³,51.39545458013361
Oshodi Bus Terminal 3-5008432,2026-01-16T00:00:00+01:00,relativehumidity,%,85.17272741144353
Oshodi Bus Terminal 3-5008432,2026-01-16T00:00:00+01:00,temperature,c,29.22272742878307
Oshodi Bus Terminal 3-5008432,2026-01-16T00:00:00+01:00,um003,particles/cm³,2786.5454545454545
Oshodi Bus Terminal 3-5008432,2026-01-16T01:00:00+01:00,pm1,µg/m³,40.79499969482422
Oshodi Bus Terminal 3-5008432,2026-01-16T01:00:00+01:00,pm25,µg/m³,60.894999504089355
Oshodi Bus Terminal 3-5008432,2026-01-16T01:00:00+01:00,relativehumidity,%,86.40500030517578
Oshodi Bus Terminal 3-5008432,2026-01-16T01:00:00+01:00,temperature,c,28.989999961853027
Oshodi Bus Terminal 3-5008432,2026-01-16T01:00:00+01:00,um003,particles/cm³,3374.2
Oshodi Bus Terminal 3-5008432,2026-01-16T08:00:00+01:00,pm1,µg/m³,45.175000031789146
Oshodi Bus Terminal 3-5008432,2026-01-16T08:00:00+01:00,pm25,µg/m³,73.2625002861023
Oshodi Bus Terminal 3-5008432,2026-01-16T08:00:00+01:00,relativehumidity,%,89.88333384195964
Oshodi Bus Terminal 3-5008432,2026-01-16T08:00:00+01:00,temperature,c,27.75416652361552
Oshodi Bus Terminal 3-5008432,2026-01-16T08:00:00+01:00,um003,particles/cm³,3904.9583333333335
Oshodi Bus Terminal 3-5008432,2026-01-16T09:00:00+01:00,pm1,µg/m³,45.9541662534078
Oshodi Bus Terminal 3-5008432,2026-01-16T09:00:00+01:00,pm25,µg/m³,73.42500003178914
Oshodi Bus Terminal 3-5008432,2026-01-16T09:00:00+01:00,relativehumidity,%,88.49583339691162
Oshodi Bus Terminal 3-5008432,2026-01-16T09:00:00+01:00,temperature,c,27.83750017484029
Oshodi Bus Terminal 3-5008432,2026-01-16T09:00:00+01:00,um003,particles/cm³,3842.8333333333335
Oshodi Bus Terminal 3-5008432,2026-01-16T10:00:00+01:00,pm1,µg/m³,40.95000041614879
Oshodi Bus Terminal 3-5008432,2026-01-16T10:00:00+01:00,pm25,µg/m³,64.49999965320934
Oshodi Bus Terminal 3-5008432,2026-01-16T10:00:00+01:00,relativehumidity,%,83.39090902155095
Oshodi Bus Terminal 3-5008432,2026-01-16T10:00:00+01:00,temperature,c,29.3863637230613
Oshodi Bus Terminal 3-5008432,2026-01-16T10:00:00+01:00,um003,particles/cm³,3305.2727272727275
Oshodi Bus Terminal 3-5008432,2026-01-16T11:00:00+01:00,pm1,µg/m³,32.281818043101914
Oshodi Bus Terminal 3-5008432,2026-01-16T11:00:00+01:00,pm25,µg/m³,50.4636362249201
Oshodi Bus Terminal 3-5008432,2026-01-16T11:00:00+01:00,relativehumidity,%,74.93181783502752
Oshodi Bus Terminal 3-5008432,2026-01-16T11:00:00+01:00,temperature,c,31.281818129799582
Oshodi Bus Terminal 3-5008432,2026-01-16T11:00:00+01:00,um003,particles/cm³,2619.2272727272725
Oshodi Bus Terminal 3-5008432,2026-01-16T12:00:00+01:00,pm1,µg/m³,32.058333237965904
Oshodi Bus Terminal 3-5008432,2026-01-16T12:00:00+01:00,pm25,µg/m³,49.870832761128746
Oshodi Bus Terminal 3-5008432,2026-01-16T12:00:00+01:00,relativehumidity,%,67.39166688919067
Oshodi Bus Terminal 3-5008432,2026-01-16T12:00:00+01:00,temperature,c,33.09166701634725
Oshodi Bus Terminal 3-5008432,2026-01-16T12:00:00+01:00,um003,particles/cm³,2569.7916666666665
Oshodi Bus Terminal 3-5008432,2026-01-16T13:00:00+01:00,pm1,µg/m³,40.03333314259847
Oshodi Bus Terminal 3-5008432,2026-01-16T13:00:00+01:00,pm25,µg/m³,61.00000015894572
Oshodi Bus Terminal 3-5008432,2026-01-16T13:00:00+01:00,relativehumidity,%,56.05833339691162
Oshodi Bus Terminal 3-5008432,2026-01-16T13:00:00+01:00,temperature,c,36.11250019073486
Oshodi Bus Terminal 3-5008432,2026-01-16T13:00:00+01:00,um003,particles/cm³,3295.2916666666665
Oshodi Bus Terminal 3-5008432,2026-01-16T14:00:00+01:00,pm1,µg/m³,42.53333346048991
Oshodi Bus Terminal 3-5008432,2026-01-16T14:00:00+01:00,pm25,µg/m³,65.91249974568684
Oshodi Bus Terminal 3-5008432,2026-01-16T14:00:00+01:00,relativehumidity,%,60.11666599909464
Oshodi Bus Terminal 3-5008432,2026-01-16T14:00:00+01:00,temperature,c,34.516666412353516
Oshodi Bus Terminal 3-5008432,2026-01-16T14:00:00+01:00,um003,particles/cm³,3613.4583333333335
Oshodi Bus Terminal 3-5008432,2026-01-16T15:00:00+01:00,pm1,µg/m³,42.71250033378601
Oshodi Bus Terminal 3-5008432,2026-01-16T15:00:00+01:00,pm25,µg/m³,65.17083279291789
Oshodi Bus Terminal 3-5008432,2026-01-16T15:00:00+01:00,relativehumidity,%,64.84166606267293
Oshodi Bus Terminal 3-5008432,2026-01-16T15:00:00+01:00,temperature,c,33.77916653951009
Oshodi Bus Terminal 3-5008432,2026-01-16T15:00:00+01:00,um003,particles/cm³,3557.875
Oshodi Bus Terminal 3-5008432,2026-01-16T16:00:00+01:00,pm1,µg/m³,36.63750012715658
Oshodi Bus Terminal 3-5008432,2026-01-16T16:00:00+01:00,pm25,µg/m³,55.38333304723104
Oshodi Bus Terminal 3-5008432,2026-01-16T16:00:00+01:00,relativehumidity,%,64.80416599909465
Oshodi Bus Terminal 3-5008432,2026-01-16T16:00:00+01:00,temperature,c,33.77916669845581
Oshodi Bus Terminal 3-5008432,2026-01-16T16:00:00+01:00,um003,particles/cm³,3084.4166666666665
Oshodi Bus Terminal 3-5008432,2026-01-16T17:00:00+01:00,pm1,µg/m³,38.88750012715658
Oshodi Bus Terminal 3-5008432,2026-01-16T17:00:00+01:00,pm25,µg/m³,56.97500022252401
Oshodi Bus Terminal 3-5008432,2026-01-16T17:00:00+01:00,relativehumidity,%,65.2583343187968
Oshodi Bus Terminal 3-5008432,2026-01-16T17:00:00+01:00,temperature,c,33.82500012715658
Oshodi Bus Terminal 3-5008432,2026-01-16T17:00:00+01:00,um003,particles/cm³,3265.7916666666665
Oshodi Bus Terminal 3-5008432,2026-01-16T18:00:00+01:00,pm1,µg/m³,44.79166682561239
Oshodi Bus Terminal 3-5008432,2026-01-16T18:00:00+01:00,pm25,µg/m³,65.8791659673055
Oshodi Bus Terminal 3-5008432,2026-01-16T18:00:00+01:00,relativehumidity,%,67.41250038146973
Oshodi Bus Terminal 3-5008432,2026-01-16T18:00:00+01:00,temperature,c,32.90833282470703
Oshodi Bus Terminal 3-5008432,2026-01-16T18:00:00+01:00,um003,particles/cm³,3831.75
Oshodi Bus Terminal 3-5008432,2026-01-16T19:00:00+01:00,pm1,µg/m³,43.68333329094781
Oshodi Bus Terminal 3-5008432,2026-01-16T19:00:00+01:00,pm25,µg/m³,63.361111323038735
Oshodi Bus Terminal 3-5008432,2026-01-16T19:00:00+01:00,relativehumidity,%,71.74444325764973
Oshodi Bus Terminal 3-5008432,2026-01-16T19:00:00+01:00,temperature,c,31.644444041781956
Oshodi Bus Terminal 3-5008432,2026-01-16T19:00:00+01:00,um003,particles/cm³,3787.8888888888887
Oshodi Bus Terminal 3-5008432,2026-01-16T20:00:00+01:00,pm1,µg/m³,46.43749984105428
Oshodi Bus Terminal 3-5008432,2026-01-16T20:00:00+01:00,pm25,µg/m³,69.17916615804036
Oshodi Bus Terminal 3-5008432,2026-01-16T20:00:00+01:00,relativehumidity,%,79.19999980926514
Oshodi Bus Terminal 3-5008432,2026-01-16T20:00:00+01:00,temperature,c,30.404166618982952
Oshodi Bus Terminal 3-5008432,2026-01-16T20:00:00+01:00,um003,particles/cm³,3951.4166666666665
Oshodi Bus Terminal 3-5008432,2026-01-16T21:00:00+01:00,pm1,µg/m³,46.13333320617676
Oshodi Bus Terminal 3-5008432,2026-01-16T21:00:00+01:00,pm25,µg/m³,69.97499990463257
Oshodi Bus Terminal 3-5008432,2026-01-16T21:00:00+01:00,relativehumidity,%,82.51666673024495
Oshodi Bus Terminal 3-5008432,2026-01-16T21:00:00+01:00,temperature,c,29.929166396458943
Oshodi Bus Terminal 3-5008432,2026-01-16T21:00:00+01:00,um003,particles/cm³,3875.8333333333335
Oshodi Bus Terminal 3-5008432,2026-01-16T22:00:00+01:00,pm1,µg/m³,40.26250012715658
Oshodi Bus Terminal 3-5008432,2026-01-16T22:00:00+01:00,pm25,µg/m³,59.18750015894572
Oshodi Bus Terminal 3-5008432,2026-01-16T22:00:00+01:00,relativehumidity,%,82.04583358764648
Oshodi Bus Terminal 3-5008432,2026-01-16T22:00:00+01:00,temperature,c,29.812499443689983
Oshodi Bus Terminal 3-5008432,2026-01-16T22:00:00+01:00,um003,particles/cm³,3414.7916666666665
Oshodi Bus Terminal 3-5008432,2026-01-16T23:00:00+01:00,pm1,µg/m³,46.891666889190674
Oshodi Bus Terminal 3-5008432,2026-01-16T23:00:00+01:00,pm25,µg/m³,66.8958330154419
Oshodi Bus Terminal 3-5008432,2026-01-16T23:00:00+01:00,relativehumidity,%,81.87916787465413
Oshodi Bus Terminal 3-5008432,2026-01-16T23:00:00+01:00,temperature,c,29.666667222976685
Oshodi Bus Terminal 3-5008432,2026-01-16T23:00:00+01:00,um003,particles/cm³,3999.7916666666665
Oshodi Bus Terminal 3-5008432,2026-01-17T00:00:00+01:00,pm1,µg/m³,43.47083330154419
Oshodi Bus Terminal 3-5008432,2026-01-17T00:00:00+01:00,pm25,µg/m³,65.47499990463257
Oshodi Bus Terminal 3-5008432,2026-01-17T00:00:00+01:00,relativehumidity,%,82.30833371480306
Oshodi Bus Terminal 3-5008432,2026-01-17T00:00:00+01:00,temperature,c,29.504166682561237
Oshodi Bus Terminal 3-5008432,2026-01-17T00:00:00+01:00,um003,particles/cm³,3561.5833333333335
Oshodi Bus Terminal 3-5008432,2026-01-17T01:00:00+01:00,pm1,µg/m³,42.13750044504801
Oshodi Bus Terminal 3-5008432,2026-01-17T01:00:00+01:00,pm25,µg/m³,62.03333361943563
Oshodi Bus Terminal 3-5008432,2026-01-17T01:00:00+01:00,relativehumidity,%,83.60833326975505
Oshodi Bus Terminal 3-5008432,2026-01-17T01:00:00+01:00,temperature,c,29.333332697550457
Oshodi Bus Terminal 3-5008432,2026-01-17T01:00:00+01:00,um003,particles/cm³,3525.4583333333335
Oshodi Bus Terminal 3-5008432,2026-01-17T02:00:00+01:00,pm1,µg/m³,35.62500031789144
Oshodi Bus Terminal 3-5008432,2026-01-17T02:00:00+01:00,pm25,µg/m³,52.91250038146973
Oshodi Bus Terminal 3-5008432,2026-01-17T02:00:00+01:00,relativehumidity,%,84.24583339691162
Oshodi Bus Terminal 3-5008432,2026-01-17T02:00:00+01:00,temperature,c,29.17916735013326
Oshodi Bus Terminal 3-5008432,2026-01-17T02:00:00+01:00,um003,particles/cm³,2860.5833333333335
Oshodi Bus Terminal 3-5008432,2026-01-17T03:00:00+01:00,pm1,µg/m³,31.766666650772095
Oshodi Bus Terminal 3-5008432,2026-01-17T03:00:00+01:00,pm25,µg/m³,50.70000012715658
Oshodi Bus Terminal 3-5008432,2026-01-17T03:00:00+01:00,relativehumidity,%,85.82916736602783
Oshodi Bus Terminal 3-5008432,2026-01-17T03:00:00+01:00,temperature,c,28.862500190734863
Oshodi Bus Terminal 3-5008432,2026-01-17T03:00:00+01:00,um003,particles/cm³,2511.5416666666665
Oshodi Bus Terminal 3-5008432,2026-01-17T04:00:00+01:00,pm1,µg/m³,49.333333333333336
Oshodi Bus Terminal 3-5008432,2026-01-17T04:00:00+01:00,pm25,µg/m³,82.10416682561238
Oshodi Bus Terminal 3-5008432,2026-01-17T04:00:00+01:00,relativehumidity,%,87.7083330154419
Oshodi Bus Terminal 3-5008432,2026-01-17T04:00:00+01:00,temperature,c,28.379166920979817
Oshodi Bus Terminal 3-5008432,2026-01-17T04:00:00+01:00,um003,particles/cm³,4211.958333333333
Oshodi Bus Terminal 3-5008432,2026-01-17T05:00:00+01:00,pm1,µg/m³,35.65416693687439
Oshodi Bus Terminal 3-5008432,2026-01-17T05:00:00+01:00,pm25,µg/m³,58.87500031789144
Oshodi Bus Terminal 3-5008432,2026-01-17T05:00:00+01:00,relativehumidity,%,88.88333320617676
Oshodi Bus Terminal 3-5008432,2026-01-17T05:00:00+01:00,temperature,c,28.066666920979817
Oshodi Bus Terminal 3-5008432,2026-01-17T05:00:00+01:00,um003,particles/cm³,2875.2916666666665
Oshodi Bus Terminal 3-5008432,2026-01-17T06:00:00+01:00,pm1,µg/m³,32.42083342870077
Oshodi Bus Terminal 3-5008432,2026-01-17T06:00:00+01:00,pm25,µg/m³,52.37500047683716
Oshodi Bus Terminal 3-5008432,2026-01-17T06:00:00+01:00,relativehumidity,%,89.60416634877522
Oshodi Bus Terminal 3-5008432,2026-01-17T06:00:00+01:00,temperature,c,27.908332983652752
Oshodi Bus Terminal 3-5008432,2026-01-17T06:00:00+01:00,um003,particles/cm³,2523.5
Oshodi Bus Terminal 3-5008432,2026-01-17T07:00:00+01:00,pm1,µg/m³,42.46250001589457
Oshodi Bus Terminal 3-5008432,2026-01-17T07:00:00+01:00,pm25,µg/m³,70.50416692097981
Oshodi Bus Terminal 3-5008432,2026-01-17T07:00:00+01:00,relativehumidity,%,90.63749885559082
Oshodi Bus Terminal 3-5008432,2026-01-17T07:00:00+01:00,temperature,c,27.729166666666668
Oshodi Bus Terminal 3-5008432,2026-01-17T07:00:00+01:00,um003,particles/cm³,3580.0416666666665
Oshodi Bus Terminal 3-5008432,2026-01-17T08:00:00+01:00,pm1,µg/m³,40.52500001589457
Oshodi Bus Terminal 3-5008432,2026-01-17T08:00:00+01:00,pm25,µg/m³,67.30000019073486
Oshodi Bus Terminal 3-5008432,2026-01-17T08:00:00+01:00,relativehumidity,%,91.53749910990398
Oshodi Bus Terminal 3-5008432,2026-01-17T08:00:00+01:00,temperature,c,27.5
Oshodi Bus Terminal 3-5008432,2026-01-17T08:00:00+01:00,um003,particles/cm³,3395.5
Oshodi Bus Terminal 3-5008432,2026-01-17T09:00:00+01:00,pm1,µg/m³,37.47916650772095
Oshodi Bus Terminal 3-5008432,2026-01-17T09:00:00+01:00,pm25,µg/m³,58.81250015894572
Oshodi Bus Terminal 3-5008432,2026-01-17T09:00:00+01:00,relativehumidity,%,88.52499961853027
Oshodi Bus Terminal 3-5008432,2026-01-17T09:00:00+01:00,temperature,c,28.19583336512248
Oshodi Bus Terminal 3-5008432,2026-01-17T09:00:00+01:00,um003,particles/cm³,3150.375
Oshodi Bus Terminal 3-5008432,2026-01-17T10:00:00+01:00,pm1,µg/m³,32.46250001589457
Oshodi Bus Terminal 3-5008432,2026-01-17T10:00:00+01:00,pm25,µg/m³,50.56666692097982
Oshodi Bus Terminal 3-5008432,2026-01-17T10:00:00+01:00,relativehumidity,%,82.99583307902019
Oshodi Bus Terminal 3-5008432,2026-01-17T10:00:00+01:00,temperature,c,29.487499793370564
Oshodi Bus Terminal 3-5008432,2026-01-17T10:00:00+01:00,um003,particles/cm³,2624.9583333333335
Oshodi Bus Terminal 3-5008432,2026-01-17T11:00:00+01:00,pm1,µg/m³,29.212500015894573
Oshodi Bus Terminal 3-5008432,2026-01-17T11:00:00+01:00,pm25,µg/m³,45.67499955495199
Oshodi Bus Terminal 3-5008432,2026-01-17T11:00:00+01:00,relativehumidity,%,77.95416577657063
Oshodi Bus Terminal 3-5008432,2026-01-17T11:00:00+01:00,temperature,c,30.541666825612385
Oshodi Bus Terminal 3-5008432,2026-01-17T11:00:00+01:00,um003,particles/cm³,2241.0833333333335
Oshodi Bus Terminal 3-5008432,2026-01-17T12:00:00+01:00,pm1,µg/m³,30.662500143051147
Oshodi Bus Terminal 3-5008432,2026-01-17T12:00:00+01:00,pm25,µg/m³,47.84166685740153
Oshodi Bus Terminal 3-5008432,2026-01-17T12:00:00+01:00,relativehumidity,%,76.26666736602783
Oshodi Bus Terminal 3-5008432,2026-01-17T12:00:00+01:00,temperature,c,30.766666809717815
Oshodi Bus Terminal 3-5008432,2026-01-17T12:00:00+01:00,um003,particles/cm³,2356.5416666666665
Oshodi Bus Terminal 3-5008432,2026-01-17T13:00:00+01:00,pm1,µg/m³,42.1875
Oshodi Bus Terminal 3-5008432,2026-01-17T13:00:00+01:00,pm25,µg/m³,63.13749917348226
Oshodi Bus Terminal 3-5008432,2026-01-17T13:00:00+01:00,relativehumidity,%,73.68333276112874
Oshodi Bus Terminal 3-5008432,2026-01-17T13:00:00+01:00,temperature,c,30.59999982515971
Oshodi Bus Terminal 3-5008432,2026-01-17T13:00:00+01:00,um003,particles/cm³,3487.4166666666665
Oshodi Bus Terminal 3-5008432,2026-01-17T14:00:00+01:00,pm1,µg/m³,39.6791664759318
Oshodi Bus Terminal 3-5008432,2026-01-17T14:00:00+01:00,pm25,µg/m³,58.44583320617676
Oshodi Bus Terminal 3-5008432,2026-01-17T14:00:00+01:00,relativehumidity,%,62.97083377838135
Oshodi Bus Terminal 3-5008432,2026-01-17T14:00:00+01:00,temperature,c,33.22499990463257
Oshodi Bus Terminal 3-5008432,2026-01-17T14:00:00+01:00,um003,particles/cm³,3298.4583333333335
Oshodi Bus Terminal 3-5008432,2026-01-17T15:00:00+01:00,pm1,µg/m³,34.31249968210856
Oshodi Bus Terminal 3-5008432,2026-01-17T15:00:00+01:00,pm25,µg/m³,51.52916669845581
Oshodi Bus Terminal 3-5008432,2026-01-17T15:00:00+01:00,relativehumidity,%,58.77083269755045
Oshodi Bus Terminal 3-5008432,2026-01-17T15:00:00+01:00,temperature,c,34.30416679382324
Oshodi Bus Terminal 3-5008432,2026-01-17T15:00:00+01:00,um003,particles/cm³,2788.0416666666665
Oshodi Bus Terminal 3-5008432,2026-01-17T16:00:00+01:00,pm1,µg/m³,34.03181821649725
Oshodi Bus Terminal 3-5008432,2026-01-17T16:00:00+01:00,pm25,µg/m³,50.66363646767356
Oshodi Bus Terminal 3-5008432,2026-01-17T16:00:00+01:00,relativehumidity,%,57.55454548922452
Oshodi Bus Terminal 3-5008432,2026-01-17T16:00:00+01:00,temperature,c,34.495454961603336
Oshodi Bus Terminal 3-5008432,2026-01-17T16:00:00+01:00,um003,particles/cm³,2731.0
Oshodi Bus Terminal 3-5008432,2026-01-17T17:00:00+01:00,pm1,µg/m³,36.458333015441895
Oshodi Bus Terminal 3-5008432,2026-01-17T17:00:00+01:00,pm25,µg/m³,53.47916650772095
Oshodi Bus Terminal 3-5008432,2026-01-17T17:00:00+01:00,relativehumidity,%,60.97083346048991
Oshodi Bus Terminal 3-5008432,2026-01-17T17:00:00+01:00,temperature,c,32.47916682561239
Oshodi Bus Terminal 3-5008432,2026-01-17T17:00:00+01:00,um003,particles/cm³,3103.5
Oshodi Bus Terminal 3-5008432,2026-01-17T18:00:00+01:00,pm1,µg/m³,48.74166695276896
Oshodi Bus Terminal 3-5008432,2026-01-17T18:00:00+01:00,pm25,µg/m³,69.9791669845581
Oshodi Bus Terminal 3-5008432,2026-01-17T18:00:00+01:00,relativehumidity,%,62.6958335240682
Oshodi Bus Terminal 3-5008432,2026-01-17T18:00:00+01:00,temperature,c,31.424999872843426
Oshodi Bus Terminal 3-5008432,2026-01-17T18:00:00+01:00,um003,particles/cm³,3839.8333333333335
Oshodi Bus Terminal 3-5008432,2026-01-17T19:00:00+01:00,pm1,µg/m³,44.16249958674113
Oshodi Bus Terminal 3-5008432,2026-01-17T19:00:00+01:00,pm25,µg/m³,65.93749952316284
Oshodi Bus Terminal 3-5008432,2026-01-17T19:00:00+01:00,relativehumidity,%,65.56666660308838
Oshodi Bus Terminal 3-5008432,2026-01-17T19:00:00+01:00,temperature,c,30.445833285649616
Oshodi Bus Terminal 3-5008432,2026-01-17T19:00:00+01:00,um003,particles/cm³,3773.25
Oshodi Bus Terminal 3-5008432,2026-01-17T20:00:00+01:00,pm1,µg/m³,52.629166762034096
Oshodi Bus Terminal 3-5008432,2026-01-17T20:00:00+01:00,pm25,µg/m³,77.42500034968059
Oshodi Bus Terminal 3-5008432,2026-01-17T20:00:00+01:00,relativehumidity,%,65.91666571299235
Oshodi Bus Terminal 3-5008432,2026-01-17T20:00:00+01:00,temperature,c,29.90000009536743
Oshodi Bus Terminal 3-5008432,2026-01-17T20:00:00+01:00,um003,particles/cm³,4483.291666666667
Oshodi Bus Terminal 3-5008432,2026-01-17T21:00:00+01:00,pm1,µg/m³,49.62916692097982
Oshodi Bus Terminal 3-5008432,2026-01-17T21:00:00+01:00,pm25,µg/m³,76.41666650772095
Oshodi Bus Terminal 3-5008432,2026-01-17T21:00:00+01:00,relativehumidity,%,72.14166673024495
Oshodi Bus Terminal 3-5008432,2026-01-17T21:00:00+01:00,temperature,c,29.354166746139526
Oshodi Bus Terminal 3-5008432,2026-01-17T21:00:00+01:00,um003,particles/cm³,4226.375
Oshodi Bus Terminal 3-5008432,2026-01-17T22:00:00+01:00,pm1,µg/m³,66.84166653951009
Oshodi Bus Terminal 3-5008432,2026-01-17T22:00:00+01:00,pm25,µg/m³,108.66666666666667
Oshodi Bus Terminal 3-5008432,2026-01-17T22:00:00+01:00,relativehumidity,%,74.8541669845581
Oshodi Bus Terminal 3-5008432,2026-01-17T22:00:00+01:00,temperature,c,29.21250033378601
Oshodi Bus Terminal 3-5008432,2026-01-17T22:00:00+01:00,um003,particles/cm³,5648.208333333333
Oshodi Bus Terminal 3-5008432,2026-01-17T23:00:00+01:00,pm1,µg/m³,61.745833237965904
Oshodi Bus Terminal 3-5008432,2026-01-17T23:00:00+01:00,pm25,µg/m³,99.67500019073486
Oshodi Bus Terminal 3-5008432,2026-01-17T23:00:00+01:00,relativehumidity,%,77.83750057220459
Oshodi Bus Terminal 3-5008432,2026-01-17T23:00:00+01:00,temperature,c,29.066666841506958
Oshodi Bus Terminal 3-5008432,2026-01-17T23:00:00+01:00,um003,particles/cm³,5237.708333333333
Oshodi Bus Terminal 3-5008432,2026-01-18T00:00:00+01:00,pm1,µg/m³,53.36363636363637
Oshodi Bus Terminal 3-5008432,2026-01-18T00:00:00+01:00,pm25,µg/m³,86.80454514243387
Oshodi Bus Terminal 3-5008432,2026-01-18T00:00:00+01:00,relativehumidity,%,79.07272720336914
Oshodi Bus Terminal 3-5008432,2026-01-18T00:00:00+01:00,temperature,c,28.954545281150125
Oshodi Bus Terminal 3-5008432,2026-01-18T00:00:00+01:00,um003,particles/cm³,4473.454545454545
Oshodi Bus Terminal 3-5008432,2026-01-18T01:00:00+01:00,pm1,µg/m³,42.96250009536743
Oshodi Bus Terminal 3-5008432,2026-01-18T01:00:00+01:00,pm25,µg/m³,68.51249980926514
Oshodi Bus Terminal 3-5008432,2026-01-18T01:00:00+01:00,relativehumidity,%,82.00416660308838
Oshodi Bus Terminal 3-5008432,2026-01-18T01:00:00+01:00,temperature,c,28.74583339691162
Oshodi Bus Terminal 3-5008432,2026-01-18T01:00:00+01:00,um003,particles/cm³,3605.1666666666665
Oshodi Bus Terminal 3-5008432,2026-01-18T02:00:00+01:00,pm1,µg/m³,41.22499998410543
Oshodi Bus Terminal 3-5008432,2026-01-18T02:00:00+01:00,pm25,µg/m³,67.50416723887126
Oshodi Bus Terminal 3-5008432,2026-01-18T02:00:00+01:00,relativehumidity,%,83.53750006357829
Oshodi Bus Terminal 3-5008432,2026-01-18T02:00:00+01:00,temperature,c,28.654167254765827
Oshodi Bus Terminal 3-5008432,2026-01-18T02:00:00+01:00,um003,particles/cm³,3548.2083333333335
Oshodi Bus Terminal 3-5008432,2026-01-18T03:00:00+01:00,pm1,µg/m³,47.15416661898295
Oshodi Bus Terminal 3-5008432,2026-01-18T03:00:00+01:00,pm25,µg/m³,83.24166647593181
Oshodi Bus Terminal 3-5008432,2026-01-18T03:00:00+01:00,relativehumidity,%,84.95833269755046
Oshodi Bus Terminal 3-5008432,2026-01-18T03:00:00+01:00,temperature,c,28.399999777475994
Oshodi Bus Terminal 3-5008432,2026-01-18T03:00:00+01:00,um003,particles/cm³,3973.5416666666665
Oshodi Bus Terminal 3-5008432,2026-01-18T04:00:00+01:00,pm1,µg/m³,35.12500007947286
Oshodi Bus Terminal 3-5008432,2026-01-18T04:00:00+01:00,pm25,µg/m³,53.97083361943563
Oshodi Bus Terminal 3-5008432,2026-01-18T04:00:00+01:00,relativehumidity,%,86.04166603088379
Oshodi Bus Terminal 3-5008432,2026-01-18T04:00:00+01:00,temperature,c,28.158333778381348
Oshodi Bus Terminal 3-5008432,2026-01-18T04:00:00+01:00,um003,particles/cm³,2840.2916666666665
Oshodi Bus Terminal 3-5008432,2026-01-18T05:00:00+01:00,pm1,µg/m³,33.99583347638448
Oshodi Bus Terminal 3-5008432,2026-01-18T05:00:00+01:00,pm25,µg/m³,51.75416644414266
Oshodi Bus Terminal 3-5008432,2026-01-18T05:00:00+01:00,relativehumidity,%,86.24166679382324
Oshodi Bus Terminal 3-5008432,2026-01-18T05:00:00+01:00,temperature,c,28.191666920979817
Oshodi Bus Terminal 3-5008432,2026-01-18T05:00:00+01:00,um003,particles/cm³,2760.1666666666665
Oshodi Bus Terminal 3-5008432,2026-01-18T06:00:00+01:00,pm1,µg/m³,29.9375
Oshodi Bus Terminal 3-5008432,2026-01-18T06:00:00+01:00,pm25,µg/m³,47.03750038146973
Oshodi Bus Terminal 3-5008432,2026-01-18T06:00:00+01:00,relativehumidity,%,87.24999936421712
Oshodi Bus Terminal 3-5008432,2026-01-18T06:00:00+01:00,temperature,c,27.97499990463257
Oshodi Bus Terminal 3-5008432,2026-01-18T06:00:00+01:00,um003,particles/cm³,2312.5
Oshodi Bus Terminal 3-5008432,2026-01-18T07:00:00+01:00,pm1,µg/m³,36.00416660308838
Oshodi Bus Terminal 3-5008432,2026-01-18T07:00:00+01:00,pm25,µg/m³,59.63333320617676
Oshodi Bus Terminal 3-5008432,2026-01-18T07:00:00+01:00,relativehumidity,%,88.8916670481364
Oshodi Bus Terminal 3-5008432,2026-01-18T07:00:00+01:00,temperature,c,27.170833349227905
Oshodi Bus Terminal 3-5008432,2026-01-18T07:00:00+01:00,um003,particles/cm³,3099.375
Oshodi Bus Terminal 3-5008432,2026-01-18T08:00:00+01:00,pm1,µg/m³,31.991666714350384
Oshodi Bus Terminal 3-5008432,2026-01-18T08:00:00+01:00,pm25,µg/m³,50.4916664759318
Oshodi Bus Terminal 3-5008432,2026-01-18T08:00:00+01:00,relativehumidity,%,85.6999994913737
Oshodi Bus Terminal 3-5008432,2026-01-18T08:00:00+01:00,temperature,c,27.25
Oshodi Bus Terminal 3-5008432,2026-01-18T08:00:00+01:00,um003,particles/cm³,2612.75
Oshodi Bus Terminal 3-5008432,2026-01-18T09:00:00+01:00,pm1,µg/m³,31.258333047231037
Oshodi Bus Terminal 3-5008432,2026-01-18T09:00:00+01:00,pm25,µg/m³,48.92083295186361
Oshodi Bus Terminal 3-5008432,2026-01-18T09:00:00+01:00,relativehumidity,%,81.6291659673055
Oshodi Bus Terminal 3-5008432,2026-01-18T09:00:00+01:00,temperature,c,28.47500006357829
Oshodi Bus Terminal 3-5008432,2026-01-18T09:00:00+01:00,um003,particles/cm³,2513.125
Oshodi Bus Terminal 3-5008432,2026-01-18T10:00:00+01:00,pm1,µg/m³,28.1875
Oshodi Bus Terminal 3-5008432,2026-01-18T10:00:00+01:00,pm25,µg/m³,44.241666634877525
Oshodi Bus Terminal 3-5008432,2026-01-18T10:00:00+01:00,relativehumidity,%,76.46666717529297
Oshodi Bus Terminal 3-5008432,2026-01-18T10:00:00+01:00,temperature,c,30.291666825612385
Oshodi Bus Terminal 3-5008432,2026-01-18T10:00:00+01:00,um003,particles/cm³,2089.875
Oshodi Bus Terminal 3-5008432,2026-01-18T11:00:00+01:00,pm1,µg/m³,28.00416660308838
Oshodi Bus Terminal 3-5008432,2026-01-18T11:00:00+01:00,pm25,µg/m³,43.766666412353516
Oshodi Bus Terminal 3-5008432,2026-01-18T11:00:00+01:00,relativehumidity,%,75.4833329518636
Oshodi Bus Terminal 3-5008432,2026-01-18T11:00:00+01:00,temperature,c,31.133333206176758
Oshodi Bus Terminal 3-5008432,2026-01-18T11:00:00+01:00,um003,particles/cm³,2091.4583333333335
Oshodi Bus Terminal 3-5008432,2026-01-18T12:00:00+01:00,pm1,µg/m³,31.787500222524006
Oshodi Bus Terminal 3-5008432,2026-01-18T12:00:00+01:00,pm25,µg/m³,49.39166673024496
Oshodi Bus Terminal 3-5008432,2026-01-18T12:00:00+01:00,relativehumidity,%,70.26249996821086
Oshodi Bus Terminal 3-5008432,2026-01-18T12:00:00+01:00,temperature,c,32.424999713897705
Oshodi Bus Terminal 3-5008432,2026-01-18T12:00:00+01:00,um003,particles/cm³,2390.5
Oshodi Bus Terminal 3-5008432,2026-01-18T13:00:00+01:00,pm1,µg/m³,33.445453903891824
Oshodi Bus Terminal 3-5008432,2026-01-18T13:00:00+01:00,pm25,µg/m³,50.950000589544125
Oshodi Bus Terminal 3-5008432,2026-01-18T13:00:00+01:00,relativehumidity,%,62.03636360168457
Oshodi Bus Terminal 3-5008432,2026-01-18T13:00:00+01:00,temperature,c,34.686363913796164
Oshodi Bus Terminal 3-5008432,2026-01-18T13:00:00+01:00,um003,particles/cm³,2713.818181818182
Oshodi Bus Terminal 3-5008432,2026-01-18T14:00:00+01:00,pm1,µg/m³,30.079166332880657
Oshodi Bus Terminal 3-5008432,2026-01-18T14:00:00+01:00,pm25,µg/m³,45.854166984558105
Oshodi Bus Terminal 3-5008432,2026-01-18T14:00:00+01:00,relativehumidity,%,60.30416679382324
Oshodi Bus Terminal 3-5008432,2026-01-18T14:00:00+01:00,temperature,c,35.195833683013916
Oshodi Bus Terminal 3-5008432,2026-01-18T14:00:00+01:00,um003,particles/cm³,2275.625
Oshodi Bus Terminal 3-5008432,2026-01-18T15:00:00+01:00,pm1,µg/m³,30.304166714350384
Oshodi Bus Terminal 3-5008432,2026-01-18T15:00:00+01:00,pm25,µg/m³,45.67083342870077
Oshodi Bus Terminal 3-5008432,2026-01-18T15:00:00+01:00,relativehumidity,%,62.81250031789144
Oshodi Bus Terminal 3-5008432,2026-01-18T15:00:00+01:00,temperature,c,34.42916679382324
Oshodi Bus Terminal 3-5008432,2026-01-18T15:00:00+01:00,um003,particles/cm³,2337.25
Oshodi Bus Terminal 3-5008432,2026-01-18T16:00:00+01:00,pm1,µg/m³,30.358333587646484
Oshodi Bus Terminal 3-5008432,2026-01-18T16:00:00+01:00,pm25,µg/m³,45.433333237965904
Oshodi Bus Terminal 3-5008432,2026-01-18T16:00:00+01:00,relativehumidity,%,61.90416653951009
Oshodi Bus Terminal 3-5008432,2026-01-18T16:00:00+01:00,temperature,c,34.512500286102295
Oshodi Bus Terminal 3-5008432,2026-01-18T16:00:00+01:00,um003,particles/cm³,2289.125
Oshodi Bus Terminal 3-5008432,2026-01-18T17:00:00+01:00,pm1,µg/m³,29.874999809265137
Oshodi Bus Terminal 3-5008432,2026-01-18T17:00:00+01:00,pm25,µg/m³,44.90500011444092
Oshodi Bus Terminal 3-5008432,2026-01-18T17:00:00+01:00,relativehumidity,%,63.329999923706055
Oshodi Bus Terminal 3-5008432,2026-01-18T17:00:00+01:00,temperature,c,34.214999771118165
Oshodi Bus Terminal 3-5008432,2026-01-18T17:00:00+01:00,um003,particles/cm³,2267.7
Oshodi Bus Terminal 3-5008432,2026-01-18T18:00:00+01:00,pm1,µg/m³,30.77916646003723
Oshodi Bus Terminal 3-5008432,2026-01-18T18:00:00+01:00,pm25,µg/m³,46.65833314259847
Oshodi Bus Terminal 3-5008432,2026-01-18T18:00:00+01:00,relativehumidity,%,67.64166625340779
Oshodi Bus Terminal 3-5008432,2026-01-18T18:00:00+01:00,temperature,c,32.91249966621399
Oshodi Bus Terminal 3-5008432,2026-01-18T18:00:00+01:00,um003,particles/cm³,2372.375
Oshodi Bus Terminal 3-5008432,2026-01-18T19:00:00+01:00,pm1,µg/m³,31.3708332379659
Oshodi Bus Terminal 3-5008432,2026-01-18T19:00:00+01:00,pm25,µg/m³,47.36250019073486
Oshodi Bus Terminal 3-5008432,2026-01-18T19:00:00+01:00,relativehumidity,%,74.95833237965901
Oshodi Bus Terminal 3-5008432,2026-01-18T19:00:00+01:00,temperature,c,31.05833347638448
Oshodi Bus Terminal 3-5008432,2026-01-18T19:00:00+01:00,um003,particles/cm³,2532.2083333333335
Oshodi Bus Terminal 3-5008432,2026-01-18T20:00:00+01:00,pm1,µg/m³,34.313636259599164
Oshodi Bus Terminal 3-5008432,2026-01-18T20:00:00+01:00,pm25,µg/m³,52.48181828585538
Oshodi Bus Terminal 3-5008432,2026-01-18T20:00:00+01:00,relativehumidity,%,79.01363719593395
Oshodi Bus Terminal 3-5008432,2026-01-18T20:00:00+01:00,temperature,c,30.218181870200418
Oshodi Bus Terminal 3-5008432,2026-01-18T20:00:00+01:00,um003,particles/cm³,2873.818181818182
Oshodi Bus Terminal 3-5008432,2026-01-18T21:00:00+01:00,pm1,µg/m³,32.77500009536743
Oshodi Bus Terminal 3-5008432,2026-01-18T21:00:00+01:00,pm25,µg/m³,50.225000063578285
Oshodi Bus Terminal 3-5008432,2026-01-18T21:00:00+01:00,relativehumidity,%,80.23750082651775
Oshodi Bus Terminal 3-5008432,2026-01-18T21:00:00+01:00,temperature,c,29.924999713897705
Oshodi Bus Terminal 3-5008432,2026-01-18T21:00:00+01:00,um003,particles/cm³,2696.375
Oshodi Bus Terminal 3-5008432,2026-01-18T22:00:00+01:00,pm1,µg/m³,33.79166690508524
Oshodi Bus Terminal 3-5008432,2026-01-18T22:00:00+01:00,pm25,µg/m³,51.25
Oshodi Bus Terminal 3-5008432,2026-01-18T22:00:00+01:00,relativehumidity,%,81.56249936421712
Oshodi Bus Terminal 3-5008432,2026-01-18T22:00:00+01:00,temperature,c,29.82083264986674
Oshodi Bus Terminal 3-5008432,2026-01-18T22:00:00+01:00,um003,particles/cm³,2752.0833333333335
Oshodi Bus Terminal 3-5008432,2026-01-18T23:00:00+01:00,pm1,µg/m³,31.28333314259847
Oshodi Bus Terminal 3-5008432,2026-01-18T23:00:00+01:00,pm25,µg/m³,47.87083355585734
Oshodi Bus Terminal 3-5008432,2026-01-18T23:00:00+01:00,relativehumidity,%,81.25
Oshodi Bus Terminal 3-5008432,2026-01-18T23:00:00+01:00,temperature,c,29.65000057220459
Oshodi Bus Terminal 3-5008432,2026-01-18T23:00:00+01:00,um003,particles/cm³,2500.9583333333335
Oshodi Bus Terminal 3-5008432,2026-01-19T00:00:00+01:00,pm1,µg/m³,31.97499982515971
Oshodi Bus Terminal 3-5008432,2026-01-19T00:00:00+01:00,pm25,µg/m³,50.05833355585734
Oshodi Bus Terminal 3-5008432,2026-01-19T00:00:00+01:00,relativehumidity,%,83.88333257039388
Oshodi Bus Terminal 3-5008432,2026-01-19T00:00:00+01:00,temperature,c,29.329166650772095
Oshodi Bus Terminal 3-5008432,2026-01-19T00:00:00+01:00,um003,particles/cm³,2519.25
Oshodi Bus Terminal 3-5008432,2026-01-19T01:00:00+01:00,pm1,µg/m³,31.25000007947286
Oshodi Bus Terminal 3-5008432,2026-01-19T01:00:00+01:00,pm25,µg/m³,48.550000031789146
Oshodi Bus Terminal 3-5008432,2026-01-19T01:00:00+01:00,relativehumidity,%,85.70416609446208
Oshodi Bus Terminal 3-5008432,2026-01-19T01:00:00+01:00,temperature,c,29.050000190734863
Oshodi Bus Terminal 3-5008432,2026-01-19T01:00:00+01:00,um003,particles/cm³,2460.8333333333335
Oshodi Bus Terminal 3-5008432,2026-01-19T02:00:00+01:00,pm1,µg/m³,30.270833333333332
Oshodi Bus Terminal 3-5008432,2026-01-19T02:00:00+01:00,pm25,µg/m³,48.30833292007446
Oshodi Bus Terminal 3-5008432,2026-01-19T02:00:00+01:00,relativehumidity,%,87.02499993642171
Oshodi Bus Terminal 3-5008432,2026-01-19T02:00:00+01:00,temperature,c,28.737500031789143
Oshodi Bus Terminal 3-5008432,2026-01-19T02:00:00+01:00,um003,particles/cm³,2352.875
Oshodi Bus Terminal 3-5008432,2026-01-19T03:00:00+01:00,pm1,µg/m³,31.65833322207133
Oshodi Bus Terminal 3-5008432,2026-01-19T03:00:00+01:00,pm25,µg/m³,49.66249974568685
Oshodi Bus Terminal 3-5008432,2026-01-19T03:00:00+01:00,relativehumidity,%,86.31250031789143
Oshodi Bus Terminal 3-5008432,2026-01-19T03:00:00+01:00,temperature,c,28.645833651224773
Oshodi Bus Terminal 3-5008432,2026-01-19T03:00:00+01:00,um003,particles/cm³,2512.4166666666665
Oshodi Bus Terminal 3-5008432,2026-01-19T04:00:00+01:00,pm1,µg/m³,30.029166618982952
Oshodi Bus Terminal 3-5008432,2026-01-19T04:00:00+01:00,pm25,µg/m³,47.59166653951009
Oshodi Bus Terminal 3-5008432,2026-01-19T04:00:00+01:00,relativehumidity,%,87.23333358764648
Oshodi Bus Terminal 3-5008432,2026-01-19T04:00:00+01:00,temperature,c,28.354166110356648
Oshodi Bus Terminal 3-5008432,2026-01-19T04:00:00+01:00,um003,particles/cm³,2353.4166666666665
Oshodi Bus Terminal 3-5008432,2026-01-19T05:00:00+01:00,pm1,µg/m³,31.308333158493042
Oshodi Bus Terminal 3-5008432,2026-01-19T05:00:00+01:00,pm25,µg/m³,50.08333349227905
Oshodi Bus Terminal 3-5008432,2026-01-19T05:00:00+01:00,relativehumidity,%,88.02083365122478
Oshodi Bus Terminal 3-5008432,2026-01-19T05:00:00+01:00,temperature,c,28.15000033378601
Oshodi Bus Terminal 3-5008432,2026-01-19T05:00:00+01:00,um003,particles/cm³,2498.9583333333335
Oshodi Bus Terminal 3-5008432,2026-01-19T06:00:00+01:00,pm1,µg/m³,33.46666677792867
Oshodi Bus Terminal 3-5008432,2026-01-19T06:00:00+01:00,pm25,µg/m³,53.18333355585734
Oshodi Bus Terminal 3-5008432,2026-01-19T06:00:00+01:00,relativehumidity,%,88.2375005086263
Oshodi Bus Terminal 3-5008432,2026-01-19T06:00:00+01:00,temperature,c,28.08750033378601
Oshodi Bus Terminal 3-5008432,2026-01-19T06:00:00+01:00,um003,particles/cm³,2789.5416666666665
Oshodi Bus Terminal 3-5008432,2026-01-19T07:00:00+01:00,pm1,µg/m³,36.712499936421715
Oshodi Bus Terminal 3-5008432,2026-01-19T07:00:00+01:00,pm25,µg/m³,61.05416711171468
Oshodi Bus Terminal 3-5008432,2026-01-19T07:00:00+01:00,relativehumidity,%,88.88333352406819
Oshodi Bus Terminal 3-5008432,2026-01-19T07:00:00+01:00,temperature,c,27.920833031336468
Oshodi Bus Terminal 3-5008432,2026-01-19T07:00:00+01:00,um003,particles/cm³,3150.25
Oshodi Bus Terminal 3-5008432,2026-01-19T08:00:00+01:00,pm1,µg/m³,36.52499961853027
Oshodi Bus Terminal 3-5008432,2026-01-19T08:00:00+01:00,pm25,µg/m³,59.98750019073486
Oshodi Bus Terminal 3-5008432,2026-01-19T08:00:00+01:00,relativehumidity,%,88.39999993642171
Oshodi Bus Terminal 3-5008432,2026-01-19T08:00:00+01:00,temperature,c,28.03749982515971
Oshodi Bus Terminal 3-5008432,2026-01-19T08:00:00+01:00,um003,particles/cm³,3151.125
Oshodi Bus Terminal 3-5008432,2026-01-19T09:00:00+01:00,pm1,µg/m³,34.575000047683716
Oshodi Bus Terminal 3-5008432,2026-01-19T09:00:00+01:00,pm25,µg/m³,55.02083365122477
Oshodi Bus Terminal 3-5008432,2026-01-19T09:00:00+01:00,relativehumidity,%,83.73333326975505
Oshodi Bus Terminal 3-5008432,2026-01-19T09:00:00+01:00,temperature,c,29.22083322207133
Oshodi Bus Terminal 3-5008432,2026-01-19T09:00:00+01:00,um003,particles/cm³,2929.2916666666665
Oshodi Bus Terminal 3-5008432,2026-01-19T10:00:00+01:00,pm1,µg/m³,31.263636242259633
Oshodi Bus Terminal 3-5008432,2026-01-19T10:00:00+01:00,pm25,µg/m³,48.622727307406336
Oshodi Bus Terminal 3-5008432,2026-01-19T10:00:00+01:00,relativehumidity,%,78.32727293534712
Oshodi Bus Terminal 3-5008432,2026-01-19T10:00:00+01:00,temperature,c,30.645454666831277
Oshodi Bus Terminal 3-5008432,2026-01-19T10:00:00+01:00,um003,particles/cm³,2467.1363636363635
Oshodi Bus Terminal 3-5008432,2026-01-19T11:00:00+01:00,pm1,µg/m³,36.416666746139526
Oshodi Bus Terminal 3-5008432,2026-01-19T11:00:00+01:00,pm25,µg/m³,55.14166657129923
Oshodi Bus Terminal 3-5008432,2026-01-19T11:00:00+01:00,relativehumidity,%,72.12083339691162
Oshodi Bus Terminal 3-5008432,2026-01-19T11:00:00+01:00,temperature,c,32.00833328564962
Oshodi Bus Terminal 3-5008432,2026-01-19T11:00:00+01:00,um003,particles/cm³,2977.0416666666665
Oshodi Bus Terminal 3-5008432,2026-01-19T12:00:00+01:00,pm1,µg/m³,33.833333333333336
Oshodi Bus Terminal 3-5008432,2026-01-19T12:00:00+01:00,pm25,µg/m³,51.7583335240682
Oshodi Bus Terminal 3-5008432,2026-01-19T12:00:00+01:00,relativehumidity,%,66.5583340326945
Oshodi Bus Terminal 3-5008432,2026-01-19T12:00:00+01:00,temperature,c,33.10416714350382
Oshodi Bus Terminal 3-5008432,2026-01-19T12:00:00+01:00,um003,particles/cm³,2805.625
Oshodi Bus Terminal 3-5008432,2026-01-19T13:00:00+01:00,pm1,µg/m³,34.53749966621399
Oshodi Bus Terminal 3-5008432,2026-01-19T13:00:00+01:00,pm25,µg/m³,51.5083327293396
Oshodi Bus Terminal 3-5008432,2026-01-19T13:00:00+01:00,relativehumidity,%,61.96666669845581
Oshodi Bus Terminal 3-5008432,2026-01-19T13:00:00+01:00,temperature,c,34.59583330154419
Oshodi Bus Terminal 3-5008432,2026-01-19T13:00:00+01:00,um003,particles/cm³,2797.2916666666665
Oshodi Bus Terminal 3-5008432,2026-01-19T14:00:00+01:00,pm1,µg/m³,34.70000036557516
Oshodi Bus Terminal 3-5008432,2026-01-19T14:00:00+01:00,pm25,µg/m³,51.09583361943563
Oshodi Bus Terminal 3-5008432,2026-01-19T14:00:00+01:00,relativehumidity,%,60.866666634877525
Oshodi Bus Terminal 3-5008432,2026-01-19T14:00:00+01:00,temperature,c,34.74583307902018
Oshodi Bus Terminal 3-5008432,2026-01-19T14:00:00+01:00,um003,particles/cm³,2756.7916666666665
Oshodi Bus Terminal 3-5008432,2026-01-19T15:00:00+01:00,pm1,µg/m³,31.03333330154419
Oshodi Bus Terminal 3-5008432,2026-01-19T15:00:00+01:00,pm25,µg/m³,45.97500022252401
Oshodi Bus Terminal 3-5008432,2026-01-19T15:00:00+01:00,relativehumidity,%,58.23333326975504
Oshodi Bus Terminal 3-5008432,2026-01-19T15:00:00+01:00,temperature,c,35.050000508626304
Oshodi Bus Terminal 3-5008432,2026-01-19T15:00:00+01:00,um003,particles/cm³,2417.2916666666665
Oshodi Bus Terminal 3-5008432,2026-01-19T16:00:00+01:00,pm1,µg/m³,28.57083336512248
Oshodi Bus Terminal 3-5008432,2026-01-19T16:00:00+01:00,pm25,µg/m³,43.06666660308838
Oshodi Bus Terminal 3-5008432,2026-01-19T16:00:00+01:00,relativehumidity,%,64.28333346048991
Oshodi Bus Terminal 3-5008432,2026-01-19T16:00:00+01:00,temperature,c,33.03333282470703
Oshodi Bus Terminal 3-5008432,2026-01-19T16:00:00+01:00,um003,particles/cm³,2009.125
Oshodi Bus Terminal 3-5008432,2026-01-19T17:00:00+01:00,pm1,µg/m³,30.754166920979817
Oshodi Bus Terminal 3-5008432,2026-01-19T17:00:00+01:00,pm25,µg/m³,45.945833365122475
Oshodi Bus Terminal 3-5008432,2026-01-19T17:00:00+01:00,relativehumidity,%,63.62083371480306
Oshodi Bus Terminal 3-5008432,2026-01-19T17:00:00+01:00,temperature,c,33.71666701634725
Oshodi Bus Terminal 3-5008432,2026-01-19T17:00:00+01:00,um003,particles/cm³,2459.7916666666665
Oshodi Bus Terminal 3-5008432,2026-01-19T18:00:00+01:00,pm1,µg/m³,37.27916646003723
Oshodi Bus Terminal 3-5008432,2026-01-19T18:00:00+01:00,pm25,µg/m³,53.72916650772095
Oshodi Bus Terminal 3-5008432,2026-01-19T18:00:00+01:00,relativehumidity,%,67.35000038146973
Oshodi Bus Terminal 3-5008432,2026-01-19T18:00:00+01:00,temperature,c,33.17916695276896
Oshodi Bus Terminal 3-5008432,2026-01-19T18:00:00+01:00,um003,particles/cm³,3042.7916666666665
Oshodi Bus Terminal 3-5008432,2026-01-19T19:00:00+01:00,pm1,µg/m³,38.508333365122475
Oshodi Bus Terminal 3-5008432,2026-01-19T19:00:00+01:00,pm25,µg/m³,55.95416673024496
Oshodi Bus Terminal 3-5008432,2026-01-19T19:00:00+01:00,relativehumidity,%,73.76666673024495
Oshodi Bus Terminal 3-5008432,2026-01-19T19:00:00+01:00,temperature,c,31.570833444595337
Oshodi Bus Terminal 3-5008432,2026-01-19T19:00:00+01:00,um003,particles/cm³,3277.0833333333335
Oshodi Bus Terminal 3-5008432,2026-01-19T20:00:00+01:00,pm1,µg/m³,37.21249985694885
Oshodi Bus Terminal 3-5008432,2026-01-19T20:00:00+01:00,pm25,µg/m³,54.46666669845581
Oshodi Bus Terminal 3-5008432,2026-01-19T20:00:00+01:00,relativehumidity,%,78.97499974568684
Oshodi Bus Terminal 3-5008432,2026-01-19T20:00:00+01:00,temperature,c,30.550000031789143
Oshodi Bus Terminal 3-5008432,2026-01-19T20:00:00+01:00,um003,particles/cm³,3118.375
Oshodi Bus Terminal 3-5008432,2026-01-19T21:00:00+01:00,pm1,µg/m³,41.37499971389771
Oshodi Bus Terminal 3-5008432,2026-01-19T21:00:00+01:00,pm25,µg/m³,61.335000610351564
Oshodi Bus Terminal 3-5008432,2026-01-19T21:00:00+01:00,relativehumidity,%,81.37499961853027
Oshodi Bus Terminal 3-5008432,2026-01-19T21:00:00+01:00,temperature,c,30.165000247955323
Oshodi Bus Terminal 3-5008432,2026-01-19T21:00:00+01:00,um003,particles/cm³,3246.4
Oshodi Bus Terminal 3-5008432,2026-01-19T22:00:00+01:00,pm1,µg/m³,39.72083290417989
Oshodi Bus Terminal 3-5008432,2026-01-19T22:00:00+01:00,pm25,µg/m³,57.92499987284342
Oshodi Bus Terminal 3-5008432,2026-01-19T22:00:00+01:00,relativehumidity,%,82.21249930063884
Oshodi Bus Terminal 3-5008432,2026-01-19T22:00:00+01:00,temperature,c,29.862499554951984
Oshodi Bus Terminal 3-5008432,2026-01-19T22:00:00+01:00,um003,particles/cm³,3354.875
Oshodi Bus Terminal 3-5008432,2026-01-19T23:00:00+01:00,pm1,µg/m³,43.681818355213515
Oshodi Bus Terminal 3-5008432,2026-01-19T23:00:00+01:00,pm25,µg/m³,65.3454544760964
Oshodi Bus Terminal 3-5008432,2026-01-19T23:00:00+01:00,relativehumidity,%,82.72727342085405
Oshodi Bus Terminal 3-5008432,2026-01-19T23:00:00+01:00,temperature,c,29.67727314342152
Oshodi Bus Terminal 3-5008432,2026-01-19T23:00:00+01:00,um003,particles/cm³,3348.590909090909
Oshodi Bus Terminal 3-5008432,2026-01-20T00:00:00+01:00,pm1,µg/m³,44.94999980926514
Oshodi Bus Terminal 3-5008432,2026-01-20T00:00:00+01:00,pm25,µg/m³,64.31249984105428
Oshodi Bus Terminal 3-5008432,2026-01-20T00:00:00+01:00,relativehumidity,%,83.2291669845581
Oshodi Bus Terminal 3-5008432,2026-01-20T00:00:00+01:00,temperature,c,29.49166663487752
Oshodi Bus Terminal 3-5008432,2026-01-20T00:00:00+01:00,um003,particles/cm³,3624.0833333333335
Oshodi Bus Terminal 3-5008432,2026-01-20T01:00:00+01:00,pm1,µg/m³,32.104166428248085
Oshodi Bus Terminal 3-5008432,2026-01-20T01:00:00+01:00,pm25,µg/m³,47.08749977747599
Oshodi Bus Terminal 3-5008432,2026-01-20T01:00:00+01:00,relativehumidity,%,82.77500025431316
Oshodi Bus Terminal 3-5008432,2026-01-20T01:00:00+01:00,temperature,c,29.40416630109151
Oshodi Bus Terminal 3-5008432,2026-01-20T01:00:00+01:00,um003,particles/cm³,2483.875
Oshodi Bus Terminal 3-5008432,2026-01-20T02:00:00+01:00,pm1,µg/m³,30.331818493929777
Oshodi Bus Terminal 3-5008432,2026-01-20T02:00:00+01:00,pm25,µg/m³,45.51363598216664
Oshodi Bus Terminal 3-5008432,2026-01-20T02:00:00+01:00,relativehumidity,%,83.83181797374378
Oshodi Bus Terminal 3-5008432,2026-01-20T02:00:00+01:00,temperature,c,29.33181754025546
Oshodi Bus Terminal 3-5008432,2026-01-20T02:00:00+01:00,um003,particles/cm³,2325.1363636363635
Oshodi Bus Terminal 3-5008432,2026-01-20T03:00:00+01:00,pm1,µg/m³,27.854166666666668
Oshodi Bus Terminal 3-5008432,2026-01-20T03:00:00+01:00,pm25,µg/m³,42.98749987284342
Oshodi Bus Terminal 3-5008432,2026-01-20T03:00:00+01:00,relativehumidity,%,83.65833282470703
Oshodi Bus Terminal 3-5008432,2026-01-20T03:00:00+01:00,temperature,c,29.162500381469727
Oshodi Bus Terminal 3-5008432,2026-01-20T03:00:00+01:00,um003,particles/cm³,2063.1666666666665
Oshodi Bus Terminal 3-5008432,2026-01-20T04:00:00+01:00,pm1,µg/m³,30.34999990463257
Oshodi Bus Terminal 3-5008432,2026-01-20T04:00:00+01:00,pm25,µg/m³,46.28333314259847
Oshodi Bus Terminal 3-5008432,2026-01-20T04:00:00+01:00,relativehumidity,%,84.46249930063884
Oshodi Bus Terminal 3-5008432,2026-01-20T04:00:00+01:00,temperature,c,28.983333269755047
Oshodi Bus Terminal 3-5008432,2026-01-20T04:00:00+01:00,um003,particles/cm³,2359.0
Oshodi Bus Terminal 3-5008432,2026-01-20T05:00:00+01:00,pm1,µg/m³,27.60416642824809
Oshodi Bus Terminal 3-5008432,2026-01-20T05:00:00+01:00,pm25,µg/m³,42.72916650772095
Oshodi Bus Terminal 3-5008432,2026-01-20T05:00:00+01:00,relativehumidity,%,85.41666666666667
Oshodi Bus Terminal 3-5008432,2026-01-20T05:00:00+01:00,temperature,c,28.800000031789143
Oshodi Bus Terminal 3-5008432,2026-01-20T05:00:00+01:00,um003,particles/cm³,2042.7083333333333
Oshodi Bus Terminal 3-5008432,2026-01-20T06:00:00+01:00,pm1,µg/m³,31.87500007947286
Oshodi Bus Terminal 3-5008432,2026-01-20T06:00:00+01:00,pm25,µg/m³,49.679166634877525
Oshodi Bus Terminal 3-5008432,2026-01-20T06:00:00+01:00,relativehumidity,%,86.51666641235352
Oshodi Bus Terminal 3-5008432,2026-01-20T06:00:00+01:00,temperature,c,28.591667016347248
Oshodi Bus Terminal 3-5008432,2026-01-20T06:00:00+01:00,um003,particles/cm³,2552.75
Oshodi Bus Terminal 3-5008432,2026-01-20T07:00:00+01:00,pm1,µg/m³,34.61818174882369
Oshodi Bus Terminal 3-5008432,2026-01-20T07:00:00+01:00,pm25,µg/m³,54.781817869706586
Oshodi Bus Terminal 3-5008432,2026-01-20T07:00:00+01:00,relativehumidity,%,88.15000013871627
Oshodi Bus Terminal 3-5008432,2026-01-20T07:00:00+01:00,temperature,c,28.25909085707231
Oshodi Bus Terminal 3-5008432,2026-01-20T07:00:00+01:00,um003,particles/cm³,2849.909090909091
Oshodi Bus Terminal 3-5008432,2026-01-20T08:00:00+01:00,pm1,µg/m³,68.04000129699708
Oshodi Bus Terminal 3-5008432,2026-01-20T08:00:00+01:00,pm25,µg/m³,119.34500026702881
Oshodi Bus Terminal 3-5008432,2026-01-20T08:00:00+01:00,relativehumidity,%,88.73500022888183
Oshodi Bus Terminal 3-5008432,2026-01-20T08:00:00+01:00,temperature,c,28.235000228881837
Oshodi Bus Terminal 3-5008432,2026-01-20T08:00:00+01:00,um003,particles/cm³,5512.5
Oshodi Bus Terminal 3-5008432,2026-01-20T09:00:00+01:00,pm1,µg/m³,31.68749992052714
Oshodi Bus Terminal 3-5008432,2026-01-20T09:00:00+01:00,pm25,µg/m³,49.45416704813639
Oshodi Bus Terminal 3-5008432,2026-01-20T09:00:00+01:00,relativehumidity,%,86.82916673024495
Oshodi Bus Terminal 3-5008432,2026-01-20T09:00:00+01:00,temperature,c,28.62500015894572
Oshodi Bus Terminal 3-5008432,2026-01-20T09:00:00+01:00,um003,particles/cm³,2572.6666666666665
Oshodi Bus Terminal 3-5008432,2026-01-20T10:00:00+01:00,pm1,µg/m³,38.74583292007446
Oshodi Bus Terminal 3-5008432,2026-01-20T10:00:00+01:00,pm25,µg/m³,60.19166644414266
Oshodi Bus Terminal 3-5008432,2026-01-20T10:00:00+01:00,relativehumidity,%,85.57916609446208
Oshodi Bus Terminal 3-5008432,2026-01-20T10:00:00+01:00,temperature,c,27.916666587193806
Oshodi Bus Terminal 3-5008432,2026-01-20T10:00:00+01:00,um003,particles/cm³,3312.6666666666665
Oshodi Bus Terminal 3-5008432,2026-01-20T11:00:00+01:00,pm1,µg/m³,57.733333905537926
Oshodi Bus Terminal 3-5008432,2026-01-20T11:00:00+01:00,pm25,µg/m³,88.27916717529297
Oshodi Bus Terminal 3-5008432,2026-01-20T11:00:00+01:00,relativehumidity,%,84.18749904632568
Oshodi Bus Terminal 3-5008432,2026-01-20T11:00:00+01:00,temperature,c,28.762500047683716
Oshodi Bus Terminal 3-5008432,2026-01-20T11:00:00+01:00,um003,particles/cm³,4945.166666666667
Oshodi Bus Terminal 3-5008432,2026-01-20T12:00:00+01:00,pm1,µg/m³,45.020833333333336
Oshodi Bus Terminal 3-5008432,2026-01-20T12:00:00+01:00,pm25,µg/m³,66.97499958674113
Oshodi Bus Terminal 3-5008432,2026-01-20T12:00:00+01:00,relativehumidity,%,81.81666628519694
Oshodi Bus Terminal 3-5008432,2026-01-20T12:00:00+01:00,temperature,c,27.641666730244953
Oshodi Bus Terminal 3-5008432,2026-01-20T12:00:00+01:00,um003,particles/cm³,3817.75
Oshodi Bus Terminal 3-5008432,2026-01-20T13:00:00+01:00,pm1,µg/m³,43.06666660308838
Oshodi Bus Terminal 3-5008432,2026-01-20T13:00:00+01:00,pm25,µg/m³,62.63333320617676
Oshodi Bus Terminal 3-5008432,2026-01-20T13:00:00+01:00,relativehumidity,%,79.34166558583577
Oshodi Bus Terminal 3-5008432,2026-01-20T13:00:00+01:00,temperature,c,27.81666660308838
Oshodi Bus Terminal 3-5008432,2026-01-20T13:00:00+01:00,um003,particles/cm³,3728.5416666666665
Oshodi Bus Terminal 3-5008432,2026-01-20T14:00:00+01:00,pm1,µg/m³,43.70000044504801
Oshodi Bus Terminal 3-5008432,2026-01-20T14:00:00+01:00,pm25,µg/m³,64.8291670481364
Oshodi Bus Terminal 3-5008432,2026-01-20T14:00:00+01:00,relativehumidity,%,79.23749891916911
Oshodi Bus Terminal 3-5008432,2026-01-20T14:00:00+01:00,temperature,c,27.691666682561237
Oshodi Bus Terminal 3-5008432,2026-01-20T14:00:00+01:00,um003,particles/cm³,3680.5
Oshodi Bus Terminal 3-5008432,2026-01-20T15:00:00+01:00,pm1,µg/m³,32.637499968210854
Oshodi Bus Terminal 3-5008432,2026-01-20T15:00:00+01:00,pm25,µg/m³,48.579166412353516
Oshodi Bus Terminal 3-5008432,2026-01-20T15:00:00+01:00,relativehumidity,%,81.26666673024495
Oshodi Bus Terminal 3-5008432,2026-01-20T15:00:00+01:00,temperature,c,27.025000015894573
Oshodi Bus Terminal 3-5008432,2026-01-20T15:00:00+01:00,um003,particles/cm³,2643.0
Oshodi Bus Terminal 3-5008432,2026-01-20T16:00:00+01:00,pm1,µg/m³,39.620833237965904
Oshodi Bus Terminal 3-5008432,2026-01-20T16:00:00+01:00,pm25,µg/m³,57.41666650772095
Oshodi Bus Terminal 3-5008432,2026-01-20T16:00:00+01:00,relativehumidity,%,85.02500025431316
Oshodi Bus Terminal 3-5008432,2026-01-20T16:00:00+01:00,temperature,c,26.545833508173626
Oshodi Bus Terminal 3-5008432,2026-01-20T16:00:00+01:00,um003,particles/cm³,3320.6666666666665
Oshodi Bus Terminal 3-5008432,2026-01-20T17:00:00+01:00,pm1,µg/m³,29.704166809717815
Oshodi Bus Terminal 3-5008432,2026-01-20T17:00:00+01:00,pm25,µg/m³,43.46249977747599
Oshodi Bus Terminal 3-5008432,2026-01-20T17:00:00+01:00,relativehumidity,%,83.45000044504802
Oshodi Bus Terminal 3-5008432,2026-01-20T17:00:00+01:00,temperature,c,26.21666669845581
Oshodi Bus Terminal 3-5008432,2026-01-20T17:00:00+01:00,um003,particles/cm³,2265.5833333333335
Oshodi Bus Terminal 3-5008432,2026-01-20T18:00:00+01:00,pm1,µg/m³,35.04166626930237
Oshodi Bus Terminal 3-5008432,2026-01-20T18:00:00+01:00,pm25,µg/m³,51.566666762034096
Oshodi Bus Terminal 3-5008432,2026-01-20T18:00:00+01:00,relativehumidity,%,84.0500005086263
Oshodi Bus Terminal 3-5008432,2026-01-20T18:00:00+01:00,temperature,c,26.416666746139526
Oshodi Bus Terminal 3-5008432,2026-01-20T18:00:00+01:00,um003,particles/cm³,2807.0833333333335
Oshodi Bus Terminal 3-5008432,2026-01-20T19:00:00+01:00,pm1,µg/m³,39.81818199157715
Oshodi Bus Terminal 3-5008432,2026-01-20T19:00:00+01:00,pm25,µg/m³,57.39999996532094
Oshodi Bus Terminal 3-5008432,2026-01-20T19:00:00+01:00,relativehumidity,%,86.2000004161488
Oshodi Bus Terminal 3-5008432,2026-01-20T19:00:00+01:00,temperature,c,26.568181731484152
Oshodi Bus Terminal 3-5008432,2026-01-20T19:00:00+01:00,um003,particles/cm³,3349.3636363636365
Oshodi Bus Terminal 3-5008432,2026-01-20T20:00:00+01:00,pm1,µg/m³,30.89000015258789
Oshodi Bus Terminal 3-5008432,2026-01-20T20:00:00+01:00,pm25,µg/m³,43.509999465942386
Oshodi Bus Terminal 3-5008432,2026-01-20T20:00:00+01:00,relativehumidity,%,83.49500007629395
Oshodi Bus Terminal 3-5008432,2026-01-20T20:00:00+01:00,temperature,c,26.89499959945679
Oshodi Bus Terminal 3-5008432,2026-01-20T20:00:00+01:00,um003,particles/cm³,2435.85
Oshodi Bus Terminal 3-5008432,2026-01-20T21:00:00+01:00,pm1,µg/m³,39.695833683013916
Oshodi Bus Terminal 3-5008432,2026-01-20T21:00:00+01:00,pm25,µg/m³,55.80833292007446
Oshodi Bus Terminal 3-5008432,2026-01-20T21:00:00+01:00,relativehumidity,%,84.52916622161865
Oshodi Bus Terminal 3-5008432,2026-01-20T21:00:00+01:00,temperature,c,27.02916677792867
Oshodi Bus Terminal 3-5008432,2026-01-20T21:00:00+01:00,um003,particles/cm³,3360.6666666666665
Oshodi Bus Terminal 3-5008432,2026-01-20T22:00:00+01:00,pm1,µg/m³,46.83749977747599
Oshodi Bus Terminal 3-5008432,2026-01-20T22:00:00+01:00,pm25,µg/m³,70.27499993642171
Oshodi Bus Terminal 3-5008432,2026-01-20T22:00:00+01:00,relativehumidity,%,83.65833282470703
Oshodi Bus Terminal 3-5008432,2026-01-20T22:00:00+01:00,temperature,c,27.262499888737995
Oshodi Bus Terminal 3-5008432,2026-01-20T22:00:00+01:00,um003,particles/cm³,3965.9166666666665
Oshodi Bus Terminal 3-5008432,2026-01-20T23:00:00+01:00,pm1,µg/m³,52.416666666666664
Oshodi Bus Terminal 3-5008432,2026-01-20T23:00:00+01:00,pm25,µg/m³,77.2708330154419
Oshodi Bus Terminal 3-5008432,2026-01-20T23:00:00+01:00,relativehumidity,%,80.3791659673055
Oshodi Bus Terminal 3-5008432,2026-01-20T23:00:00+01:00,temperature,c,27.68333371480306
Oshodi Bus Terminal 3-5008432,2026-01-20T23:00:00+01:00,um003,particles/cm³,4482.458333333333
Oshodi Bus Terminal 3-5008432,2026-01-21T00:00:00+01:00,pm1,µg/m³,43.77916661898295
Oshodi Bus Terminal 3-5008432,2026-01-21T00:00:00+01:00,pm25,µg/m³,65.7416672706604
Oshodi Bus Terminal 3-5008432,2026-01-21T00:00:00+01:00,relativehumidity,%,81.65000057220459
Oshodi Bus Terminal 3-5008432,2026-01-21T00:00:00+01:00,temperature,c,27.833332697550457
Oshodi Bus Terminal 3-5008432,2026-01-21T00:00:00+01:00,um003,particles/cm³,3624.7083333333335
Oshodi Bus Terminal 3-5008432,2026-01-21T01:00:00+01:00,pm1,µg/m³,36.40416653951009
Oshodi Bus Terminal 3-5008432,2026-01-21T01:00:00+01:00,pm25,µg/m³,60.441666762034096
Oshodi Bus Terminal 3-5008432,2026-01-21T01:00:00+01:00,relativehumidity,%,83.39999930063884
Oshodi Bus Terminal 3-5008432,2026-01-21T01:00:00+01:00,temperature,c,27.741666475931805
Oshodi Bus Terminal 3-5008432,2026-01-21T01:00:00+01:00,um003,particles/cm³,3036.9583333333335
Oshodi Bus Terminal 3-5008432,2026-01-21T02:00:00+01:00,pm1,µg/m³,40.54999987284342
Oshodi Bus Terminal 3-5008432,2026-01-21T02:00:00+01:00,pm25,µg/m³,66.67083390553792
Oshodi Bus Terminal 3-5008432,2026-01-21T02:00:00+01:00,relativehumidity,%,85.86666711171468
Oshodi Bus Terminal 3-5008432,2026-01-21T02:00:00+01:00,temperature,c,26.829166650772095
Oshodi Bus Terminal 3-5008432,2026-01-21T02:00:00+01:00,um003,particles/cm³,3474.7083333333335
Oshodi Bus Terminal 3-5008432,2026-01-21T03:00:00+01:00,pm1,µg/m³,29.824999888737995
Oshodi Bus Terminal 3-5008432,2026-01-21T03:00:00+01:00,pm25,µg/m³,48.22916650772095
Oshodi Bus Terminal 3-5008432,2026-01-21T03:00:00+01:00,relativehumidity,%,88.07083288828532
Oshodi Bus Terminal 3-5008432,2026-01-21T03:00:00+01:00,temperature,c,25.879166841506958
Oshodi Bus Terminal 3-5008432,2026-01-21T03:00:00+01:00,um003,particles/cm³,2284.0416666666665
Oshodi Bus Terminal 3-5008432,2026-01-21T04:00:00+01:00,pm1,µg/m³,22.475000143051147
Oshodi Bus Terminal 3-5008432,2026-01-21T04:00:00+01:00,pm25,µg/m³,35.72916650772095
Oshodi Bus Terminal 3-5008432,2026-01-21T04:00:00+01:00,relativehumidity,%,88.67916647593181
Oshodi Bus Terminal 3-5008432,2026-01-21T04:00:00+01:00,temperature,c,25.612500429153442
Oshodi Bus Terminal 3-5008432,2026-01-21T04:00:00+01:00,um003,particles/cm³,1487.25
Oshodi Bus Terminal 3-5008432,2026-01-21T05:00:00+01:00,pm1,µg/m³,24.804166714350384
Oshodi Bus Terminal 3-5008432,2026-01-21T05:00:00+01:00,pm25,µg/m³,39.26250012715658
Oshodi Bus Terminal 3-5008432,2026-01-21T05:00:00+01:00,relativehumidity,%,87.38749980926514
Oshodi Bus Terminal 3-5008432,2026-01-21T05:00:00+01:00,temperature,c,25.820833206176758
Oshodi Bus Terminal 3-5008432,2026-01-21T05:00:00+01:00,um003,particles/cm³,1735.1666666666667
Oshodi Bus Terminal 3-5008432,2026-01-21T06:00:00+01:00,pm1,µg/m³,26.97083330154419
Oshodi Bus Terminal 3-5008432,2026-01-21T06:00:00+01:00,pm25,µg/m³,41.425000508626304
Oshodi Bus Terminal 3-5008432,2026-01-21T06:00:00+01:00,relativehumidity,%,87.17083326975505
Oshodi Bus Terminal 3-5008432,2026-01-21T06:00:00+01:00,temperature,c,25.729166746139526
Oshodi Bus Terminal 3-5008432,2026-01-21T06:00:00+01:00,um003,particles/cm³,1974.9166666666667
Oshodi Bus Terminal 3-5008432,2026-01-21T07:00:00+01:00,pm1,µg/m³,28.945833444595337
Oshodi Bus Terminal 3-5008432,2026-01-21T07:00:00+01:00,pm25,µg/m³,44.270833333333336
Oshodi Bus Terminal 3-5008432,2026-01-21T07:00:00+01:00,relativehumidity,%,87.17916679382324
Oshodi Bus Terminal 3-5008432,2026-01-21T07:00:00+01:00,temperature,c,25.43749992052714
Oshodi Bus Terminal 3-5008432,2026-01-21T07:00:00+01:00,um003,particles/cm³,2207.9583333333335
Oshodi Bus Terminal 3-5008432,2026-01-21T08:00:00+01:00,pm1,µg/m³,41.504166762034096
Oshodi Bus Terminal 3-5008432,2026-01-21T08:00:00+01:00,pm25,µg/m³,60.716666062672935
Oshodi Bus Terminal 3-5008432,2026-01-21T08:00:00+01:00,relativehumidity,%,85.47916571299235
Oshodi Bus Terminal 3-5008432,2026-01-21T08:00:00+01:00,temperature,c,25.96666685740153
Oshodi Bus Terminal 3-5008432,2026-01-21T08:00:00+01:00,um003,particles/cm³,3561.1666666666665
Oshodi Bus Terminal 3-5008432,2026-01-21T09:00:00+01:00,pm1,µg/m³,37.241666873296104
Oshodi Bus Terminal 3-5008432,2026-01-21T09:00:00+01:00,pm25,µg/m³,57.34166717529297
Oshodi Bus Terminal 3-5008432,2026-01-21T09:00:00+01:00,relativehumidity,%,81.79583326975505
Oshodi Bus Terminal 3-5008432,2026-01-21T09:00:00+01:00,temperature,c,27.12083339691162
Oshodi Bus Terminal 3-5008432,2026-01-21T09:00:00+01:00,um003,particles/cm³,3094.9166666666665
Oshodi Bus Terminal 3-5008432,2026-01-21T10:00:00+01:00,pm1,µg/m³,30.729166746139526
Oshodi Bus Terminal 3-5008432,2026-01-21T10:00:00+01:00,pm25,µg/m³,47.4458335240682
Oshodi Bus Terminal 3-5008432,2026-01-21T10:00:00+01:00,relativehumidity,%,73.81250031789143
Oshodi Bus Terminal 3-5008432,2026-01-21T10:00:00+01:00,temperature,c,29.1333331267039
Oshodi Bus Terminal 3-5008432,2026-01-21T10:00:00+01:00,um003,particles/cm³,2435.9583333333335
Oshodi Bus Terminal 3-5008432,2026-01-21T11:00:00+01:00,pm1,µg/m³,28.99999976158142
Oshodi Bus Terminal 3-5008432,2026-01-21T11:00:00+01:00,pm25,µg/m³,44.041666189829506
Oshodi Bus Terminal 3-5008432,2026-01-21T11:00:00+01:00,relativehumidity,%,62.85000022252401
Oshodi Bus Terminal 3-5008432,2026-01-21T11:00:00+01:00,temperature,c,32.41666658719381
Oshodi Bus Terminal 3-5008432,2026-01-21T11:00:00+01:00,um003,particles/cm³,2225.625
Oshodi Bus Terminal 3-5008432,2026-01-21T12:00:00+01:00,pm1,µg/m³,25.59166677792867
Oshodi Bus Terminal 3-5008432,2026-01-21T12:00:00+01:00,pm25,µg/m³,38.53333361943563
Oshodi Bus Terminal 3-5008432,2026-01-21T12:00:00+01:00,relativehumidity,%,58.01249965031942
Oshodi Bus Terminal 3-5008432,2026-01-21T12:00:00+01:00,temperature,c,33.09583346048991
Oshodi Bus Terminal 3-5008432,2026-01-21T12:00:00+01:00,um003,particles/cm³,1784.5
Oshodi Bus Terminal 3-5008432,2026-01-21T13:00:00+01:00,pm1,µg/m³,27.99090879613703
Oshodi Bus Terminal 3-5008432,2026-01-21T13:00:00+01:00,pm25,µg/m³,42.13636363636363
Oshodi Bus Terminal 3-5008432,2026-01-21T13:00:00+01:00,relativehumidity,%,55.36363636363637
Oshodi Bus Terminal 3-5008432,2026-01-21T13:00:00+01:00,temperature,c,33.24545478820801
Oshodi Bus Terminal 3-5008432,2026-01-21T13:00:00+01:00,um003,particles/cm³,2015.9545454545455
Oshodi Bus Terminal 3-5008432,2026-01-21T14:00:00+01:00,pm1,µg/m³,27.391666571299236
Oshodi Bus Terminal 3-5008432,2026-01-21T14:00:00+01:00,pm25,µg/m³,41.84583330154419
Oshodi Bus Terminal 3-5008432,2026-01-21T14:00:00+01:00,relativehumidity,%,53.09166622161865
Oshodi Bus Terminal 3-5008432,2026-01-21T14:00:00+01:00,temperature,c,34.08333317438761
Oshodi Bus Terminal 3-5008432,2026-01-21T14:00:00+01:00,um003,particles/cm³,2008.75
Oshodi Bus Terminal 3-5008432,2026-01-21T15:00:00+01:00,pm1,µg/m³,28.962499856948853
Oshodi Bus Terminal 3-5008432,2026-01-21T15:00:00+01:00,pm25,µg/m³,43.399999936421715
Oshodi Bus Terminal 3-5008432,2026-01-21T15:00:00+01:00,relativehumidity,%,50.42916679382324
Oshodi Bus Terminal 3-5008432,2026-01-21T15:00:00+01:00,temperature,c,34.40416638056437
Oshodi Bus Terminal 3-5008432,2026-01-21T15:00:00+01:00,um003,particles/cm³,2155.5833333333335
Oshodi Bus Terminal 3-5008432,2026-01-21T16:00:00+01:00,pm1,µg/m³,26.43750015894572
Oshodi Bus Terminal 3-5008432,2026-01-21T16:00:00+01:00,pm25,µg/m³,39.7416672706604
Oshodi Bus Terminal 3-5008432,2026-01-21T16:00:00+01:00,relativehumidity,%,48.97500022252401
Oshodi Bus Terminal 3-5008432,2026-01-21T16:00:00+01:00,temperature,c,35.26666657129923
Oshodi Bus Terminal 3-5008432,2026-01-21T16:00:00+01:00,um003,particles/cm³,1857.25
Oshodi Bus Terminal 3-5008432,2026-01-21T17:00:00+01:00,pm1,µg/m³,36.84583322207133
Oshodi Bus Terminal 3-5008432,2026-01-21T17:00:00+01:00,pm25,µg/m³,53.36250019073486
Oshodi Bus Terminal 3-5008432,2026-01-21T17:00:00+01:00,relativehumidity,%,49.40416685740153
Oshodi Bus Terminal 3-5008432,2026-01-21T17:00:00+01:00,temperature,c,35.85416650772095
Oshodi Bus Terminal 3-5008432,2026-01-21T17:00:00+01:00,um003,particles/cm³,2913.5833333333335
Oshodi Bus Terminal 3-5008432,2026-01-21T18:00:00+01:00,pm1,µg/m³,34.174999713897705
Oshodi Bus Terminal 3-5008432,2026-01-21T18:00:00+01:00,pm25,µg/m³,49.66874980926514
Oshodi Bus Terminal 3-5008432,2026-01-21T18:00:00+01:00,relativehumidity,%,60.737499952316284
Oshodi Bus Terminal 3-5008432,2026-01-21T18:00:00+01:00,temperature,c,33.362499713897705
Oshodi Bus Terminal 3-5008432,2026-01-21T18:00:00+01:00,um003,particles/cm³,2897.125
Oshodi Bus Terminal 3-5008432,2026-01-21T19:00:00+01:00,pm1,µg/m³,30.43333347638448
Oshodi Bus Terminal 3-5008432,2026-01-21T19:00:00+01:00,pm25,µg/m³,44.77083349227905
Oshodi Bus Terminal 3-5008432,2026-01-21T19:00:00+01:00,relativehumidity,%,67.60833390553792
Oshodi Bus Terminal 3-5008432,2026-01-21T19:00:00+01:00,temperature,c,31.03333353996277
Oshodi Bus Terminal 3-5008432,2026-01-21T19:00:00+01:00,um003,particles/cm³,2395.125
Oshodi Bus Terminal 3-5008432,2026-01-21T20:00:00+01:00,pm1,µg/m³,37.35416650772095
Oshodi Bus Terminal 3-5008432,2026-01-21T20:00:00+01:00,pm25,µg/m³,56.97916682561239
Oshodi Bus Terminal 3-5008432,2026-01-21T20:00:00+01:00,relativehumidity,%,76.61666584014893
Oshodi Bus Terminal 3-5008432,2026-01-21T20:00:00+01:00,temperature,c,29.700000047683716
Oshodi Bus Terminal 3-5008432,2026-01-21T20:00:00+01:00,um003,particles/cm³,3127.375
Oshodi Bus Terminal 3-5008432,2026-01-21T21:00:00+01:00,pm1,µg/m³,37.73749963442484
Oshodi Bus Terminal 3-5008432,2026-01-21T21:00:00+01:00,pm25,µg/m³,57.695833365122475
Oshodi Bus Terminal 3-5008432,2026-01-21T21:00:00+01:00,relativehumidity,%,80.61666711171468
Oshodi Bus Terminal 3-5008432,2026-01-21T21:00:00+01:00,temperature,c,29.212499856948853
Oshodi Bus Terminal 3-5008432,2026-01-21T21:00:00+01:00,um003,particles/cm³,3245.875
Oshodi Bus Terminal 3-5008432,2026-01-21T22:00:00+01:00,pm1,µg/m³,38.88750044504801
Oshodi Bus Terminal 3-5008432,2026-01-21T22:00:00+01:00,pm25,µg/m³,57.295833905537926
Oshodi Bus Terminal 3-5008432,2026-01-21T22:00:00+01:00,relativehumidity,%,82.75416660308838
Oshodi Bus Terminal 3-5008432,2026-01-21T22:00:00+01:00,temperature,c,28.96666653951009
Oshodi Bus Terminal 3-5008432,2026-01-21T22:00:00+01:00,um003,particles/cm³,3221.875
Oshodi Bus Terminal 3-5008432,2026-01-21T23:00:00+01:00,pm1,µg/m³,50.46666685740153
Oshodi Bus Terminal 3-5008432,2026-01-21T23:00:00+01:00,pm25,µg/m³,76.46249945958455
Oshodi Bus Terminal 3-5008432,2026-01-21T23:00:00+01:00,relativehumidity,%,83.48749955495198
Oshodi Bus Terminal 3-5008432,2026-01-21T23:00:00+01:00,temperature,c,28.854166110356648
Oshodi Bus Terminal 3-5008432,2026-01-21T23:00:00+01:00,um003,particles/cm³,4275.916666666667
Oshodi Bus Terminal 3-5008432,2026-01-22T00:00:00+01:00,pm1,µg/m³,40.26666657129923
Oshodi Bus Terminal 3-5008432,2026-01-22T00:00:00+01:00,pm25,µg/m³,58.72916603088379
Oshodi Bus Terminal 3-5008432,2026-01-22T00:00:00+01:00,relativehumidity,%,84.25833320617676
Oshodi Bus Terminal 3-5008432,2026-01-22T00:00:00+01:00,temperature,c,28.71666693687439
Oshodi Bus Terminal 3-5008432,2026-01-22T00:00:00+01:00,um003,particles/cm³,3293.5416666666665
Oshodi Bus Terminal 3-5008432,2026-01-22T01:00:00+01:00,pm1,µg/m³,40.75833328564962
Oshodi Bus Terminal 3-5008432,2026-01-22T01:00:00+01:00,pm25,µg/m³,58.84999990463257
Oshodi Bus Terminal 3-5008432,2026-01-22T01:00:00+01:00,relativehumidity,%,85.77916685740153
Oshodi Bus Terminal 3-5008432,2026-01-22T01:00:00+01:00,temperature,c,28.47499990463257
Oshodi Bus Terminal 3-5008432,2026-01-22T01:00:00+01:00,um003,particles/cm³,3250.3333333333335
Oshodi Bus Terminal 3-5008432,2026-01-22T02:00:00+01:00,pm1,µg/m³,34.06818173148415
Oshodi Bus Terminal 3-5008432,2026-01-22T02:00:00+01:00,pm25,µg/m³,50.94545468417081
Oshodi Bus Terminal 3-5008432,2026-01-22T02:00:00+01:00,relativehumidity,%,86.34091013128108
Oshodi Bus Terminal 3-5008432,2026-01-22T02:00:00+01:00,temperature,c,28.372726787220348
Oshodi Bus Terminal 3-5008432,2026-01-22T02:00:00+01:00,um003,particles/cm³,2684.5454545454545
Oshodi Bus Terminal 3-5008432,2026-01-22T03:00:00+01:00,pm1,µg/m³,32.21666653951009
Oshodi Bus Terminal 3-5008432,2026-01-22T03:00:00+01:00,pm25,µg/m³,53.24999984105428
Oshodi Bus Terminal 3-5008432,2026-01-22T03:00:00+01:00,relativehumidity,%,87.63333288828532
Oshodi Bus Terminal 3-5008432,2026-01-22T03:00:00+01:00,temperature,c,28.108333269755047
Oshodi Bus Terminal 3-5008432,2026-01-22T03:00:00+01:00,um003,particles/cm³,2533.9166666666665
Oshodi Bus Terminal 3-5008432,2026-01-22T04:00:00+01:00,pm1,µg/m³,31.362499952316284
Oshodi Bus Terminal 3-5008432,2026-01-22T04:00:00+01:00,pm25,µg/m³,50.933333237965904
Oshodi Bus Terminal 3-5008432,2026-01-22T04:00:00+01:00,relativehumidity,%,89.2791674931844
Oshodi Bus Terminal 3-5008432,2026-01-22T04:00:00+01:00,temperature,c,27.68333347638448
Oshodi Bus Terminal 3-5008432,2026-01-22T04:00:00+01:00,um003,particles/cm³,2568.9166666666665
Oshodi Bus Terminal 3-5008432,2026-01-22T05:00:00+01:00,pm1,µg/m³,37.637499491373696
Oshodi Bus Terminal 3-5008432,2026-01-22T05:00:00+01:00,pm25,µg/m³,61.48333326975504
Oshodi Bus Terminal 3-5008432,2026-01-22T05:00:00+01:00,relativehumidity,%,90.58333333333333
Oshodi Bus Terminal 3-5008432,2026-01-22T05:00:00+01:00,temperature,c,27.370832840601604
Oshodi Bus Terminal 3-5008432,2026-01-22T05:00:00+01:00,um003,particles/cm³,3241.25
Oshodi Bus Terminal 3-5008432,2026-01-22T06:00:00+01:00,pm1,µg/m³,37.499999602635704
Oshodi Bus Terminal 3-5008432,2026-01-22T06:00:00+01:00,pm25,µg/m³,60.666666984558105
Oshodi Bus Terminal 3-5008432,2026-01-22T06:00:00+01:00,relativehumidity,%,91.10416762034099
Oshodi Bus Terminal 3-5008432,2026-01-22T06:00:00+01:00,temperature,c,27.241666793823242
Oshodi Bus Terminal 3-5008432,2026-01-22T06:00:00+01:00,um003,particles/cm³,3195.1666666666665
Oshodi Bus Terminal 3-5008432,2026-01-22T07:00:00+01:00,pm1,µg/m³,50.96249977747599
Oshodi Bus Terminal 3-5008432,2026-01-22T07:00:00+01:00,pm25,µg/m³,82.96666606267293
Oshodi Bus Terminal 3-5008432,2026-01-22T07:00:00+01:00,relativehumidity,%,91.40833282470703
Oshodi Bus Terminal 3-5008432,2026-01-22T07:00:00+01:00,temperature,c,27.091667016347248
Oshodi Bus Terminal 3-5008432,2026-01-22T07:00:00+01:00,um003,particles/cm³,4262.041666666667
Oshodi Bus Terminal 3-5008432,2026-01-22T08:00:00+01:00,pm1,µg/m³,43.93999977111817
Oshodi Bus Terminal 3-5008432,2026-01-22T08:00:00+01:00,pm25,µg/m³,71.10499954223633
Oshodi Bus Terminal 3-5008432,2026-01-22T08:00:00+01:00,relativehumidity,%,91.79000053405761
Oshodi Bus Terminal 3-5008432,2026-01-22T08:00:00+01:00,temperature,c,26.964999866485595
Oshodi Bus Terminal 3-5008432,2026-01-22T08:00:00+01:00,um003,particles/cm³,3762.7
Oshodi Bus Terminal 3-5008432,2026-01-22T09:00:00+01:00,pm1,µg/m³,43.12083339691162
Oshodi Bus Terminal 3-5008432,2026-01-22T09:00:00+01:00,pm25,µg/m³,66.8125
Oshodi Bus Terminal 3-5008432,2026-01-22T09:00:00+01:00,relativehumidity,%,89.07500044504802
Oshodi Bus Terminal 3-5008432,2026-01-22T09:00:00+01:00,temperature,c,27.80833347638448
Oshodi Bus Terminal 3-5008432,2026-01-22T09:00:00+01:00,um003,particles/cm³,3485.8333333333335
Oshodi Bus Terminal 3-5008432,2026-01-22T10:00:00+01:00,pm1,µg/m³,35.21249977747599
Oshodi Bus Terminal 3-5008432,2026-01-22T10:00:00+01:00,pm25,µg/m³,53.31666612625122
Oshodi Bus Terminal 3-5008432,2026-01-22T10:00:00+01:00,relativehumidity,%,80.80833371480306
Oshodi Bus Terminal 3-5008432,2026-01-22T10:00:00+01:00,temperature,c,29.841666618982952
Oshodi Bus Terminal 3-5008432,2026-01-22T10:00:00+01:00,um003,particles/cm³,2778.5416666666665
Oshodi Bus Terminal 3-5008432,2026-01-22T11:00:00+01:00,pm1,µg/m³,28.700000095367432
Oshodi Bus Terminal 3-5008432,2026-01-22T11:00:00+01:00,pm25,µg/m³,43.14500007629395
Oshodi Bus Terminal 3-5008432,2026-01-22T11:00:00+01:00,relativehumidity,%,75.89000015258789
Oshodi Bus Terminal 3-5008432,2026-01-22T11:00:00+01:00,temperature,c,30.79000015258789
Oshodi Bus Terminal 3-5008432,2026-01-22T11:00:00+01:00,um003,particles/cm³,1991.65
Oshodi Bus Terminal 3-5008432,2026-01-22T12:00:00+01:00,pm1,µg/m³,22.133333444595337
Oshodi Bus Terminal 3-5008432,2026-01-22T12:00:00+01:00,pm25,µg/m³,33.31666668256124
Oshodi Bus Terminal 3-5008432,2026-01-22T12:00:00+01:00,relativehumidity,%,67.83749993642171
Oshodi Bus Terminal 3-5008432,2026-01-22T12:00:00+01:00,temperature,c,32.454166094462074
Oshodi Bus Terminal 3-5008432,2026-01-22T12:00:00+01:00,um003,particles/cm³,1462.5416666666667
Oshodi Bus Terminal 3-5008432,2026-01-22T13:00:00+01:00,pm1,µg/m³,24.520833333333332
Oshodi Bus Terminal 3-5008432,2026-01-22T13:00:00+01:00,pm25,µg/m³,37.56249976158142
Oshodi Bus Terminal 3-5008432,2026-01-22T13:00:00+01:00,relativehumidity,%,57.141666889190674
Oshodi Bus Terminal 3-5008432,2026-01-22T13:00:00+01:00,temperature,c,34.58750009536743
Oshodi Bus Terminal 3-5008432,2026-01-22T13:00:00+01:00,um003,particles/cm³,1623.125
Oshodi Bus Terminal 3-5008432,2026-01-22T14:00:00+01:00,pm1,µg/m³,25.083333333333332
Oshodi Bus Terminal 3-5008432,2026-01-22T14:00:00+01:00,pm25,µg/m³,37.354166666666664
Oshodi Bus Terminal 3-5008432,2026-01-22T14:00:00+01:00,relativehumidity,%,54.55416679382324
Oshodi Bus Terminal 3-5008432,2026-01-22T14:00:00+01:00,temperature,c,34.77916669845581
Oshodi Bus Terminal 3-5008432,2026-01-22T14:00:00+01:00,um003,particles/cm³,1699.25
Oshodi Bus Terminal 3-5008432,2026-01-22T15:00:00+01:00,pm1,µg/m³,29.572727116671476
Oshodi Bus Terminal 3-5008432,2026-01-22T15:00:00+01:00,pm25,µg/m³,43.51818171414462
Oshodi Bus Terminal 3-5008432,2026-01-22T15:00:00+01:00,relativehumidity,%,48.9409087787975
Oshodi Bus Terminal 3-5008432,2026-01-22T15:00:00+01:00,temperature,c,36.61363636363637
Oshodi Bus Terminal 3-5008432,2026-01-22T15:00:00+01:00,um003,particles/cm³,2136.590909090909
Oshodi Bus Terminal 3-5008432,2026-01-22T16:00:00+01:00,pm1,µg/m³,30.12500007947286
Oshodi Bus Terminal 3-5008432,2026-01-22T16:00:00+01:00,pm25,µg/m³,44.24583339691162
Oshodi Bus Terminal 3-5008432,2026-01-22T16:00:00+01:00,relativehumidity,%,49.191666762034096
Oshodi Bus Terminal 3-5008432,2026-01-22T16:00:00+01:00,temperature,c,35.65416638056437
Oshodi Bus Terminal 3-5008432,2026-01-22T16:00:00+01:00,um003,particles/cm³,2168.5416666666665
Oshodi Bus Terminal 3-5008432,2026-01-22T17:00:00+01:00,pm1,µg/m³,34.82083328564962
Oshodi Bus Terminal 3-5008432,2026-01-22T17:00:00+01:00,pm25,µg/m³,50.93749984105428
Oshodi Bus Terminal 3-5008432,2026-01-22T17:00:00+01:00,relativehumidity,%,55.637500286102295
Oshodi Bus Terminal 3-5008432,2026-01-22T17:00:00+01:00,temperature,c,34.416666666666664
Oshodi Bus Terminal 3-5008432,2026-01-22T17:00:00+01:00,um003,particles/cm³,2831.625
Oshodi Bus Terminal 3-5008432,2026-01-22T18:00:00+01:00,pm1,µg/m³,36.629166762034096
Oshodi Bus Terminal 3-5008432,2026-01-22T18:00:00+01:00,pm25,µg/m³,53.041666666666664
Oshodi Bus Terminal 3-5008432,2026-01-22T18:00:00+01:00,relativehumidity,%,66.0583332379659
Oshodi Bus Terminal 3-5008432,2026-01-22T18:00:00+01:00,temperature,c,32.36249979337057
Oshodi Bus Terminal 3-5008432,2026-01-22T18:00:00+01:00,um003,particles/cm³,2987.5
Oshodi Bus Terminal 3-5008432,2026-01-22T19:00:00+01:00,pm1,µg/m³,38.36666671435038
Oshodi Bus Terminal 3-5008432,2026-01-22T19:00:00+01:00,pm25,µg/m³,55.4375
Oshodi Bus Terminal 3-5008432,2026-01-22T19:00:00+01:00,relativehumidity,%,70.64583396911621
Oshodi Bus Terminal 3-5008432,2026-01-22T19:00:00+01:00,temperature,c,31.070833206176758
Oshodi Bus Terminal 3-5008432,2026-01-22T19:00:00+01:00,um003,particles/cm³,3102.75
Oshodi Bus Terminal 3-5008432,2026-01-22T20:00:00+01:00,pm1,µg/m³,39.34166669845581
Oshodi Bus Terminal 3-5008432,2026-01-22T20:00:00+01:00,pm25,µg/m³,56.82916673024496
Oshodi Bus Terminal 3-5008432,2026-01-22T20:00:00+01:00,relativehumidity,%,73.9208329518636
Oshodi Bus Terminal 3-5008432,2026-01-22T20:00:00+01:00,temperature,c,30.129166841506958
Oshodi Bus Terminal 3-5008432,2026-01-22T20:00:00+01:00,um003,particles/cm³,3229.7916666666665
Oshodi Bus Terminal 3-5008432,2026-01-22T21:00:00+01:00,pm1,µg/m³,39.612500111262
Oshodi Bus Terminal 3-5008432,2026-01-22T21:00:00+01:00,pm25,µg/m³,56.82083400090536
Oshodi Bus Terminal 3-5008432,2026-01-22T21:00:00+01:00,relativehumidity,%,75.04166730244954
Oshodi Bus Terminal 3-5008432,2026-01-22T21:00:00+01:00,temperature,c,29.854166269302368
Oshodi Bus Terminal 3-5008432,2026-01-22T21:00:00+01:00,um003,particles/cm³,3347.6666666666665
Oshodi Bus Terminal 3-5008432,2026-01-22T22:00:00+01:00,pm1,µg/m³,48.03749990463257
Oshodi Bus Terminal 3-5008432,2026-01-22T22:00:00+01:00,pm25,µg/m³,69.19583384195964
Oshodi Bus Terminal 3-5008432,2026-01-22T22:00:00+01:00,relativehumidity,%,76.55416647593181
Oshodi Bus Terminal 3-5008432,2026-01-22T22:00:00+01:00,temperature,c,29.570833603541057
Oshodi Bus Terminal 3-5008432,2026-01-22T22:00:00+01:00,um003,particles/cm³,4136.416666666667
Oshodi Bus Terminal 3-5008432,2026-01-22T23:00:00+01:00,pm1,µg/m³,56.78333330154419
Oshodi Bus Terminal 3-5008432,2026-01-22T23:00:00+01:00,pm25,µg/m³,81.0166670481364
Oshodi Bus Terminal 3-5008432,2026-01-22T23:00:00+01:00,relativehumidity,%,78.5208330154419
Oshodi Bus Terminal 3-5008432,2026-01-22T23:00:00+01:00,temperature,c,29.241666952768963
Oshodi Bus Terminal 3-5008432,2026-01-22T23:00:00+01:00,um003,particles/cm³,4808.208333333333
Oshodi Bus Terminal 3-5008432,2026-01-23T00:00:00+01:00,pm1,µg/m³,59.90833330154419
Oshodi Bus Terminal 3-5008432,2026-01-23T00:00:00+01:00,pm25,µg/m³,87.19166723887126
Oshodi Bus Terminal 3-5008432,2026-01-23T00:00:00+01:00,relativehumidity,%,79.89166673024495
Oshodi Bus Terminal 3-5008432,2026-01-23T00:00:00+01:00,temperature,c,28.949999809265137
Oshodi Bus Terminal 3-5008432,2026-01-23T00:00:00+01:00,um003,particles/cm³,5082.333333333333
Oshodi Bus Terminal 3-5008432,2026-01-23T01:00:00+01:00,pm1,µg/m³,69.67083374659221
Oshodi Bus Terminal 3-5008432,2026-01-23T01:00:00+01:00,pm25,µg/m³,105.89166673024495
Oshodi Bus Terminal 3-5008432,2026-01-23T01:00:00+01:00,relativehumidity,%,80.92916647593181
Oshodi Bus Terminal 3-5008432,2026-01-23T01:00:00+01:00,temperature,c,28.81249984105428
Oshodi Bus Terminal 3-5008432,2026-01-23T01:00:00+01:00,um003,particles/cm³,5776.125
Oshodi Bus Terminal 3-5008432,2026-01-23T02:00:00+01:00,pm1,µg/m³,64.33333396911621
Oshodi Bus Terminal 3-5008432,2026-01-23T02:00:00+01:00,pm25,µg/m³,102.11666679382324
Oshodi Bus Terminal 3-5008432,2026-01-23T02:00:00+01:00,relativehumidity,%,82.5666675567627
Oshodi Bus Terminal 3-5008432,2026-01-23T02:00:00+01:00,temperature,c,28.291666587193806
Oshodi Bus Terminal 3-5008432,2026-01-23T02:00:00+01:00,um003,particles/cm³,5402.083333333333
Oshodi Bus Terminal 3-5008432,2026-01-23T03:00:00+01:00,pm1,µg/m³,57.531817869706586
Oshodi Bus Terminal 3-5008432,2026-01-23T03:00:00+01:00,pm25,µg/m³,93.75909042358398
Oshodi Bus Terminal 3-5008432,2026-01-23T03:00:00+01:00,relativehumidity,%,84.62727321277966
Oshodi Bus Terminal 3-5008432,2026-01-23T03:00:00+01:00,temperature,c,27.72727290066806
Oshodi Bus Terminal 3-5008432,2026-01-23T03:00:00+01:00,um003,particles/cm³,4882.681818181818
Oshodi Bus Terminal 3-5008432,2026-01-23T04:00:00+01:00,pm1,µg/m³,80.55833292007446
Oshodi Bus Terminal 3-5008432,2026-01-23T04:00:00+01:00,pm25,µg/m³,144.55000082651773
Oshodi Bus Terminal 3-5008432,2026-01-23T04:00:00+01:00,relativehumidity,%,86.13750044504802
Oshodi Bus Terminal 3-5008432,2026-01-23T04:00:00+01:00,temperature,c,27.270833333333332
Oshodi Bus Terminal 3-5008432,2026-01-23T04:00:00+01:00,um003,particles/cm³,6742.666666666667
Oshodi Bus Terminal 3-5008432,2026-01-23T05:00:00+01:00,pm1,µg/m³,59.870833237965904
Oshodi Bus Terminal 3-5008432,2026-01-23T05:00:00+01:00,pm25,µg/m³,98.39166673024495
Oshodi Bus Terminal 3-5008432,2026-01-23T05:00:00+01:00,relativehumidity,%,87.58750025431316
Oshodi Bus Terminal 3-5008432,2026-01-23T05:00:00+01:00,temperature,c,26.84583306312561
Oshodi Bus Terminal 3-5008432,2026-01-23T05:00:00+01:00,um003,particles/cm³,5060.375
Oshodi Bus Terminal 3-5008432,2026-01-23T06:00:00+01:00,pm1,µg/m³,44.93333355585734
Oshodi Bus Terminal 3-5008432,2026-01-23T06:00:00+01:00,pm25,µg/m³,71.13333352406819
Oshodi Bus Terminal 3-5008432,2026-01-23T06:00:00+01:00,relativehumidity,%,87.11249987284343
Oshodi Bus Terminal 3-5008432,2026-01-23T06:00:00+01:00,temperature,c,25.96666669845581
Oshodi Bus Terminal 3-5008432,2026-01-23T06:00:00+01:00,um003,particles/cm³,3860.2083333333335
Oshodi Bus Terminal 3-5008432,2026-01-23T07:00:00+01:00,pm1,µg/m³,49.579167207082115
Oshodi Bus Terminal 3-5008432,2026-01-23T07:00:00+01:00,pm25,µg/m³,81.56249984105428
Oshodi Bus Terminal 3-5008432,2026-01-23T07:00:00+01:00,relativehumidity,%,87.69166723887126
Oshodi Bus Terminal 3-5008432,2026-01-23T07:00:00+01:00,temperature,c,25.637500127156574
Oshodi Bus Terminal 3-5008432,2026-01-23T07:00:00+01:00,um003,particles/cm³,4215.541666666667
Oshodi Bus Terminal 3-5008432,2026-01-23T08:00:00+01:00,pm1,µg/m³,50.00000015894572
Oshodi Bus Terminal 3-5008432,2026-01-23T08:00:00+01:00,pm25,µg/m³,77.93333339691162
Oshodi Bus Terminal 3-5008432,2026-01-23T08:00:00+01:00,relativehumidity,%,86.97083282470703
Oshodi Bus Terminal 3-5008432,2026-01-23T08:00:00+01:00,temperature,c,25.870833317438763
Oshodi Bus Terminal 3-5008432,2026-01-23T08:00:00+01:00,um003,particles/cm³,4251.666666666667
Oshodi Bus Terminal 3-5008432,2026-01-23T09:00:00+01:00,pm1,µg/m³,40.862500270207725
Oshodi Bus Terminal 3-5008432,2026-01-23T09:00:00+01:00,pm25,µg/m³,63.362499713897705
Oshodi Bus Terminal 3-5008432,2026-01-23T09:00:00+01:00,relativehumidity,%,81.1708329518636
Oshodi Bus Terminal 3-5008432,2026-01-23T09:00:00+01:00,temperature,c,26.950000206629436
Oshodi Bus Terminal 3-5008432,2026-01-23T09:00:00+01:00,um003,particles/cm³,3422.8333333333335
Oshodi Bus Terminal 3-5008432,2026-01-23T10:00:00+01:00,pm1,µg/m³,36.6791664759318
Oshodi Bus Terminal 3-5008432,2026-01-23T10:00:00+01:00,pm25,µg/m³,54.829166412353516
Oshodi Bus Terminal 3-5008432,2026-01-23T10:00:00+01:00,relativehumidity,%,62.304166316986084
Oshodi Bus Terminal 3-5008432,2026-01-23T10:00:00+01:00,temperature,c,29.66250006357829
Oshodi Bus Terminal 3-5008432,2026-01-23T10:00:00+01:00,um003,particles/cm³,3057.5
Oshodi Bus Terminal 3-5008432,2026-01-23T11:00:00+01:00,pm1,µg/m³,37.74583315849304
Oshodi Bus Terminal 3-5008432,2026-01-23T11:00:00+01:00,pm25,µg/m³,54.862500031789146
Oshodi Bus Terminal 3-5008432,2026-01-23T11:00:00+01:00,relativehumidity,%,26.549999872843426
Oshodi Bus Terminal 3-5008432,2026-01-23T11:00:00+01:00,temperature,c,33.191667238871254
Oshodi Bus Terminal 3-5008432,2026-01-23T11:00:00+01:00,um003,particles/cm³,3140.7916666666665
Oshodi Bus Terminal 3-5008432,2026-01-23T12:00:00+01:00,pm1,µg/m³,34.9136361208829
Oshodi Bus Terminal 3-5008432,2026-01-23T12:00:00+01:00,pm25,µg/m³,51.5772727619518
Oshodi Bus Terminal 3-5008432,2026-01-23T12:00:00+01:00,relativehumidity,%,22.69545433738015
Oshodi Bus Terminal 3-5008432,2026-01-23T12:00:00+01:00,temperature,c,34.27272727272727
Oshodi Bus Terminal 3-5008432,2026-01-23T12:00:00+01:00,um003,particles/cm³,2867.0454545454545
Oshodi Bus Terminal 3-5008432,2026-01-23T13:00:00+01:00,pm1,µg/m³,34.29583382606506
Oshodi Bus Terminal 3-5008432,2026-01-23T13:00:00+01:00,pm25,µg/m³,49.99583355585734
Oshodi Bus Terminal 3-5008432,2026-01-23T13:00:00+01:00,relativehumidity,%,21.645833492279053
Oshodi Bus Terminal 3-5008432,2026-01-23T13:00:00+01:00,temperature,c,36.43750031789144
Oshodi Bus Terminal 3-5008432,2026-01-23T13:00:00+01:00,um003,particles/cm³,2826.9166666666665
Oshodi Bus Terminal 3-5008432,2026-01-23T14:00:00+01:00,pm1,µg/m³,34.69583320617676
Oshodi Bus Terminal 3-5008432,2026-01-23T14:00:00+01:00,pm25,µg/m³,50.43750031789144
Oshodi Bus Terminal 3-5008432,2026-01-23T14:00:00+01:00,relativehumidity,%,20.94166660308838
Oshodi Bus Terminal 3-5008432,2026-01-23T14:00:00+01:00,temperature,c,38.46250009536743
Oshodi Bus Terminal 3-5008432,2026-01-23T14:00:00+01:00,um003,particles/cm³,2892.875
Oshodi Bus Terminal 3-5008432,2026-01-23T15:00:00+01:00,pm1,µg/m³,36.1875
Oshodi Bus Terminal 3-5008432,2026-01-23T15:00:00+01:00,pm25,µg/m³,52.24999984105428
Oshodi Bus Terminal 3-5008432,2026-01-23T15:00:00+01:00,relativehumidity,%,19.241666793823242
Oshodi Bus Terminal 3-5008432,2026-01-23T15:00:00+01:00,temperature,c,39.30833371480306
Oshodi Bus Terminal 3-5008432,2026-01-23T15:00:00+01:00,um003,particles/cm³,2964.5833333333335
Oshodi Bus Terminal 3-5008432,2026-01-23T16:00:00+01:00,pm1,µg/m³,40.84166701634725
Oshodi Bus Terminal 3-5008432,2026-01-23T16:00:00+01:00,pm25,µg/m³,58.77916653951009
Oshodi Bus Terminal 3-5008432,2026-01-23T16:00:00+01:00,relativehumidity,%,19.745833317438763
Oshodi Bus Terminal 3-5008432,2026-01-23T16:00:00+01:00,temperature,c,39.46666638056437
Oshodi Bus Terminal 3-5008432,2026-01-23T16:00:00+01:00,um003,particles/cm³,3357.5833333333335
Oshodi Bus Terminal 3-5008432,2026-01-23T17:00:00+01:00,pm1,µg/m³,61.39166657129923
Oshodi Bus Terminal 3-5008432,2026-01-23T17:00:00+01:00,pm25,µg/m³,87.98749987284343
Oshodi Bus Terminal 3-5008432,2026-01-23T17:00:00+01:00,relativehumidity,%,32.03749974568685
Oshodi Bus Terminal 3-5008432,2026-01-23T17:00:00+01:00,temperature,c,36.93749968210856
Oshodi Bus Terminal 3-5008432,2026-01-23T17:00:00+01:00,um003,particles/cm³,5093.833333333333
Oshodi Bus Terminal 3-5008432,2026-01-23T18:00:00+01:00,pm1,µg/m³,50.81249984105428
Oshodi Bus Terminal 3-5008432,2026-01-23T18:00:00+01:00,pm25,µg/m³,72.09583361943562
Oshodi Bus Terminal 3-5008432,2026-01-23T18:00:00+01:00,relativehumidity,%,41.99999984105428
Oshodi Bus Terminal 3-5008432,2026-01-23T18:00:00+01:00,temperature,c,34.39583365122477
Oshodi Bus Terminal 3-5008432,2026-01-23T18:00:00+01:00,um003,particles/cm³,4302.958333333333
Oshodi Bus Terminal 3-5008432,2026-01-23T19:00:00+01:00,pm1,µg/m³,47.97083346048991
Oshodi Bus Terminal 3-5008432,2026-01-23T19:00:00+01:00,pm25,µg/m³,69.17083326975505
Oshodi Bus Terminal 3-5008432,2026-01-23T19:00:00+01:00,relativehumidity,%,49.62500031789144
Oshodi Bus Terminal 3-5008432,2026-01-23T19:00:00+01:00,temperature,c,32.287500063578285
Oshodi Bus Terminal 3-5008432,2026-01-23T19:00:00+01:00,um003,particles/cm³,4062.5416666666665
Oshodi Bus Terminal 3-5008432,2026-01-23T20:00:00+01:00,pm1,µg/m³,51.06249984105428
Oshodi Bus Terminal 3-5008432,2026-01-23T20:00:00+01:00,pm25,µg/m³,73.78749926884969
Oshodi Bus Terminal 3-5008432,2026-01-23T20:00:00+01:00,relativehumidity,%,62.545833110809326
Oshodi Bus Terminal 3-5008432,2026-01-23T20:00:00+01:00,temperature,c,30.758333683013916
Oshodi Bus Terminal 3-5008432,2026-01-23T20:00:00+01:00,um003,particles/cm³,4261.5
Oshodi Bus Terminal 3-5008432,2026-01-23T21:00:00+01:00,pm1,µg/m³,49.44166644414266
Oshodi Bus Terminal 3-5008432,2026-01-23T21:00:00+01:00,pm25,µg/m³,72.17499987284343
Oshodi Bus Terminal 3-5008432,2026-01-23T21:00:00+01:00,relativehumidity,%,68.18333307902019
Oshodi Bus Terminal 3-5008432,2026-01-23T21:00:00+01:00,temperature,c,30.12083355585734
Oshodi Bus Terminal 3-5008432,2026-01-23T21:00:00+01:00,um003,particles/cm³,4166.916666666667
Oshodi Bus Terminal 3-5008432,2026-01-23T22:00:00+01:00,pm1,µg/m³,57.22083346048991
Oshodi Bus Terminal 3-5008432,2026-01-23T22:00:00+01:00,pm25,µg/m³,82.52083396911621
Oshodi Bus Terminal 3-5008432,2026-01-23T22:00:00+01:00,relativehumidity,%,70.99583339691162
Oshodi Bus Terminal 3-5008432,2026-01-23T22:00:00+01:00,temperature,c,29.695833444595337
Oshodi Bus Terminal 3-5008432,2026-01-23T22:00:00+01:00,um003,particles/cm³,4821.333333333333
Oshodi Bus Terminal 3-5008432,2026-01-23T23:00:00+01:00,pm1,µg/m³,64.12916660308838
Oshodi Bus Terminal 3-5008432,2026-01-23T23:00:00+01:00,pm25,µg/m³,92.625
Oshodi Bus Terminal 3-5008432,2026-01-23T23:00:00+01:00,relativehumidity,%,74.1875
Oshodi Bus Terminal 3-5008432,2026-01-23T23:00:00+01:00,temperature,c,29.28333322207133
Oshodi Bus Terminal 3-5008432,2026-01-23T23:00:00+01:00,um003,particles/cm³,5264.458333333333
Oshodi Bus Terminal 3-5008432,2026-01-24T00:00:00+01:00,pm1,µg/m³,62.02499961853027
Oshodi Bus Terminal 3-5008432,2026-01-24T00:00:00+01:00,pm25,µg/m³,87.35000006357829
Oshodi Bus Terminal 3-5008432,2026-01-24T00:00:00+01:00,relativehumidity,%,78.82083352406819
Oshodi Bus Terminal 3-5008432,2026-01-24T00:00:00+01:00,temperature,c,28.954166491826374
Oshodi Bus Terminal 3-5008432,2026-01-24T00:00:00+01:00,um003,particles/cm³,5186.583333333333
Oshodi Bus Terminal 3-5008432,2026-01-24T01:00:00+01:00,pm1,µg/m³,66.52083349227905
Oshodi Bus Terminal 3-5008432,2026-01-24T01:00:00+01:00,pm25,µg/m³,94.97083346048991
Oshodi Bus Terminal 3-5008432,2026-01-24T01:00:00+01:00,relativehumidity,%,76.82083384195964
Oshodi Bus Terminal 3-5008432,2026-01-24T01:00:00+01:00,temperature,c,28.820833206176758
Oshodi Bus Terminal 3-5008432,2026-01-24T01:00:00+01:00,um003,particles/cm³,5361.791666666667
Oshodi Bus Terminal 3-5008432,2026-01-24T02:00:00+01:00,pm1,µg/m³,67.54583311080933
Oshodi Bus Terminal 3-5008432,2026-01-24T02:00:00+01:00,pm25,µg/m³,99.70416609446208
Oshodi Bus Terminal 3-5008432,2026-01-24T02:00:00+01:00,relativehumidity,%,74.64583396911621
Oshodi Bus Terminal 3-5008432,2026-01-24T02:00:00+01:00,temperature,c,28.770833094914753
Oshodi Bus Terminal 3-5008432,2026-01-24T02:00:00+01:00,um003,particles/cm³,5680.041666666667
Oshodi Bus Terminal 3-5008432,2026-01-24T03:00:00+01:00,pm1,µg/m³,52.89583365122477
Oshodi Bus Terminal 3-5008432,2026-01-24T03:00:00+01:00,pm25,µg/m³,79.75416660308838
Oshodi Bus Terminal 3-5008432,2026-01-24T03:00:00+01:00,relativehumidity,%,75.09583346048991
Oshodi Bus Terminal 3-5008432,2026-01-24T03:00:00+01:00,temperature,c,28.537500143051147
Oshodi Bus Terminal 3-5008432,2026-01-24T03:00:00+01:00,um003,particles/cm³,4450.916666666667
Oshodi Bus Terminal 3-5008432,2026-01-24T04:00:00+01:00,pm1,µg/m³,70.44166628519694
Oshodi Bus Terminal 3-5008432,2026-01-24T04:00:00+01:00,pm25,µg/m³,111.4875005086263
Oshodi Bus Terminal 3-5008432,2026-01-24T04:00:00+01:00,relativehumidity,%,78.27083269755046
Oshodi Bus Terminal 3-5008432,2026-01-24T04:00:00+01:00,temperature,c,27.950000206629436
Oshodi Bus Terminal 3-5008432,2026-01-24T04:00:00+01:00,um003,particles/cm³,5890.166666666667
Oshodi Bus Terminal 3-5008432,2026-01-24T05:00:00+01:00,pm1,µg/m³,66.99166647593181
Oshodi Bus Terminal 3-5008432,2026-01-24T05:00:00+01:00,pm25,µg/m³,108.17916711171468
Oshodi Bus Terminal 3-5008432,2026-01-24T05:00:00+01:00,relativehumidity,%,80.97500101725261
Oshodi Bus Terminal 3-5008432,2026-01-24T05:00:00+01:00,temperature,c,27.324999809265137
Oshodi Bus Terminal 3-5008432,2026-01-24T05:00:00+01:00,um003,particles/cm³,5580.125
Oshodi Bus Terminal 3-5008432,2026-01-24T06:00:00+01:00,pm1,µg/m³,83.51666673024495
Oshodi Bus Terminal 3-5008432,2026-01-24T06:00:00+01:00,pm25,µg/m³,138.10416666666666
Oshodi Bus Terminal 3-5008432,2026-01-24T06:00:00+01:00,relativehumidity,%,83.43750063578288
Oshodi Bus Terminal 3-5008432,2026-01-24T06:00:00+01:00,temperature,c,27.12083379427592
Oshodi Bus Terminal 3-5008432,2026-01-24T06:00:00+01:00,um003,particles/cm³,6965.291666666667
Oshodi Bus Terminal 3-5008432,2026-01-24T07:00:00+01:00,pm1,µg/m³,90.25416660308838
Oshodi Bus Terminal 3-5008432,2026-01-24T07:00:00+01:00,pm25,µg/m³,149.3791675567627
Oshodi Bus Terminal 3-5008432,2026-01-24T07:00:00+01:00,relativehumidity,%,84.26666673024495
Oshodi Bus Terminal 3-5008432,2026-01-24T07:00:00+01:00,temperature,c,26.77500017484029
Oshodi Bus Terminal 3-5008432,2026-01-24T07:00:00+01:00,um003,particles/cm³,7550.791666666667
Oshodi Bus Terminal 3-5008432,2026-01-24T08:00:00+01:00,pm1,µg/m³,102.89999961853027
Oshodi Bus Terminal 3-5008432,2026-01-24T08:00:00+01:00,pm25,µg/m³,174.20416704813638
Oshodi Bus Terminal 3-5008432,2026-01-24T08:00:00+01:00,relativehumidity,%,84.91666603088379
Oshodi Bus Terminal 3-5008432,2026-01-24T08:00:00+01:00,temperature,c,26.52916677792867
Oshodi Bus Terminal 3-5008432,2026-01-24T08:00:00+01:00,um003,particles/cm³,8425.375
Oshodi Bus Terminal 3-5008432,2026-01-24T09:00:00+01:00,pm1,µg/m³,81.86250019073486
Oshodi Bus Terminal 3-5008432,2026-01-24T09:00:00+01:00,pm25,µg/m³,132.98333422342935
Oshodi Bus Terminal 3-5008432,2026-01-24T09:00:00+01:00,relativehumidity,%,80.73749987284343
Oshodi Bus Terminal 3-5008432,2026-01-24T09:00:00+01:00,temperature,c,27.712499698003132
Oshodi Bus Terminal 3-5008432,2026-01-24T09:00:00+01:00,um003,particles/cm³,6731.416666666667
Oshodi Bus Terminal 3-5008432,2026-01-24T10:00:00+01:00,pm1,µg/m³,68.14999993642171
Oshodi Bus Terminal 3-5008432,2026-01-24T10:00:00+01:00,pm25,µg/m³,110.43333339691162
Oshodi Bus Terminal 3-5008432,2026-01-24T10:00:00+01:00,relativehumidity,%,75.20833365122478
Oshodi Bus Terminal 3-5008432,2026-01-24T10:00:00+01:00,temperature,c,29.81250007947286
Oshodi Bus Terminal 3-5008432,2026-01-24T10:00:00+01:00,um003,particles/cm³,5660.083333333333
Oshodi Bus Terminal 3-5008432,2026-01-24T11:00:00+01:00,pm1,µg/m³,40.46666653951009
Oshodi Bus Terminal 3-5008432,2026-01-24T11:00:00+01:00,pm25,µg/m³,63.72083377838135
Oshodi Bus Terminal 3-5008432,2026-01-24T11:00:00+01:00,relativehumidity,%,71.95416673024495
Oshodi Bus Terminal 3-5008432,2026-01-24T11:00:00+01:00,temperature,c,31.104166746139526
Oshodi Bus Terminal 3-5008432,2026-01-24T11:00:00+01:00,um003,particles/cm³,3406.7083333333335
Oshodi Bus Terminal 3-5008432,2026-01-24T12:00:00+01:00,pm1,µg/m³,36.895833571751915
Oshodi Bus Terminal 3-5008432,2026-01-24T12:00:00+01:00,pm25,µg/m³,55.48749987284342
Oshodi Bus Terminal 3-5008432,2026-01-24T12:00:00+01:00,relativehumidity,%,61.391666889190674
Oshodi Bus Terminal 3-5008432,2026-01-24T12:00:00+01:00,temperature,c,33.375
Oshodi Bus Terminal 3-5008432,2026-01-24T12:00:00+01:00,um003,particles/cm³,3076.0416666666665
Oshodi Bus Terminal 3-5008432,2026-01-24T13:00:00+01:00,pm1,µg/m³,37.125
Oshodi Bus Terminal 3-5008432,2026-01-24T13:00:00+01:00,pm25,µg/m³,54.58749977747599
Oshodi Bus Terminal 3-5008432,2026-01-24T13:00:00+01:00,relativehumidity,%,53.7416664759318
Oshodi Bus Terminal 3-5008432,2026-01-24T13:00:00+01:00,temperature,c,34.96250025431315
Oshodi Bus Terminal 3-5008432,2026-01-24T13:00:00+01:00,um003,particles/cm³,3078.2083333333335
Oshodi Bus Terminal 3-5008432,2026-01-24T14:00:00+01:00,pm1,µg/m³,39.60833326975504
Oshodi Bus Terminal 3-5008432,2026-01-24T14:00:00+01:00,pm25,µg/m³,58.90416638056437
Oshodi Bus Terminal 3-5008432,2026-01-24T14:00:00+01:00,relativehumidity,%,53.17916679382324
Oshodi Bus Terminal 3-5008432,2026-01-24T14:00:00+01:00,temperature,c,34.579166412353516
Oshodi Bus Terminal 3-5008432,2026-01-24T14:00:00+01:00,um003,particles/cm³,3286.9166666666665
Oshodi Bus Terminal 3-5008432,2026-01-24T15:00:00+01:00,pm1,µg/m³,39.11666599909464
Oshodi Bus Terminal 3-5008432,2026-01-24T15:00:00+01:00,pm25,µg/m³,56.833333015441895
Oshodi Bus Terminal 3-5008432,2026-01-24T15:00:00+01:00,relativehumidity,%,54.066666762034096
Oshodi Bus Terminal 3-5008432,2026-01-24T15:00:00+01:00,temperature,c,35.51249965031942
Oshodi Bus Terminal 3-5008432,2026-01-24T15:00:00+01:00,um003,particles/cm³,3233.875
Oshodi Bus Terminal 3-5008432,2026-01-24T16:00:00+01:00,pm1,µg/m³,36.549999713897705
Oshodi Bus Terminal 3-5008432,2026-01-24T16:00:00+01:00,pm25,µg/m³,53.05833307902018
Oshodi Bus Terminal 3-5008432,2026-01-24T16:00:00+01:00,relativehumidity,%,60.358333587646484
Oshodi Bus Terminal 3-5008432,2026-01-24T16:00:00+01:00,temperature,c,34.24583355585734
Oshodi Bus Terminal 3-5008432,2026-01-24T16:00:00+01:00,um003,particles/cm³,2993.0
Oshodi Bus Terminal 3-5008432,2026-01-24T17:00:00+01:00,pm1,µg/m³,34.97083330154419
Oshodi Bus Terminal 3-5008432,2026-01-24T17:00:00+01:00,pm25,µg/m³,51.162500063578285
Oshodi Bus Terminal 3-5008432,2026-01-24T17:00:00+01:00,relativehumidity,%,65.39999930063884
Oshodi Bus Terminal 3-5008432,2026-01-24T17:00:00+01:00,temperature,c,32.73333295186361
Oshodi Bus Terminal 3-5008432,2026-01-24T17:00:00+01:00,um003,particles/cm³,2818.9166666666665
Oshodi Bus Terminal 3-5008432,2026-01-24T18:00:00+01:00,pm1,µg/m³,40.36666711171468
Oshodi Bus Terminal 3-5008432,2026-01-24T18:00:00+01:00,pm25,µg/m³,59.42916695276896
Oshodi Bus Terminal 3-5008432,2026-01-24T18:00:00+01:00,relativehumidity,%,69.05416647593181
Oshodi Bus Terminal 3-5008432,2026-01-24T18:00:00+01:00,temperature,c,31.79583279291789
Oshodi Bus Terminal 3-5008432,2026-01-24T18:00:00+01:00,um003,particles/cm³,3352.9166666666665
Oshodi Bus Terminal 3-5008432,2026-01-24T19:00:00+01:00,pm1,µg/m³,43.10454533316872
Oshodi Bus Terminal 3-5008432,2026-01-24T19:00:00+01:00,pm25,µg/m³,63.35454559326172
Oshodi Bus Terminal 3-5008432,2026-01-24T19:00:00+01:00,relativehumidity,%,73.25909146395597
Oshodi Bus Terminal 3-5008432,2026-01-24T19:00:00+01:00,temperature,c,30.563636346296832
Oshodi Bus Terminal 3-5008432,2026-01-24T19:00:00+01:00,um003,particles/cm³,3641.590909090909
Oshodi Bus Terminal 3-5008432,2026-01-24T20:00:00+01:00,pm1,µg/m³,44.34583330154419
Oshodi Bus Terminal 3-5008432,2026-01-24T20:00:00+01:00,pm25,µg/m³,65.23333390553792
Oshodi Bus Terminal 3-5008432,2026-01-24T20:00:00+01:00,relativehumidity,%,75.99583307902019
Oshodi Bus Terminal 3-5008432,2026-01-24T20:00:00+01:00,temperature,c,29.866666793823242
Oshodi Bus Terminal 3-5008432,2026-01-24T20:00:00+01:00,um003,particles/cm³,3693.875
Oshodi Bus Terminal 3-5008432,2026-01-24T21:00:00+01:00,pm1,µg/m³,40.31249984105428
Oshodi Bus Terminal 3-5008432,2026-01-24T21:00:00+01:00,pm25,µg/m³,60.89166704813639
Oshodi Bus Terminal 3-5008432,2026-01-24T21:00:00+01:00,relativehumidity,%,78.26250108083089
Oshodi Bus Terminal 3-5008432,2026-01-24T21:00:00+01:00,temperature,c,29.545833508173626
Oshodi Bus Terminal 3-5008432,2026-01-24T21:00:00+01:00,um003,particles/cm³,3407.875
Oshodi Bus Terminal 3-5008432,2026-01-24T22:00:00+01:00,pm1,µg/m³,46.15416653951009
Oshodi Bus Terminal 3-5008432,2026-01-24T22:00:00+01:00,pm25,µg/m³,70.44583225250244
Oshodi Bus Terminal 3-5008432,2026-01-24T22:00:00+01:00,relativehumidity,%,77.71249898274739
Oshodi Bus Terminal 3-5008432,2026-01-24T22:00:00+01:00,temperature,c,29.41249966621399
Oshodi Bus Terminal 3-5008432,2026-01-24T22:00:00+01:00,um003,particles/cm³,4013.5416666666665
Oshodi Bus Terminal 3-5008432,2026-01-24T23:00:00+01:00,pm1,µg/m³,49.52500009536743
Oshodi Bus Terminal 3-5008432,2026-01-24T23:00:00+01:00,pm25,µg/m³,72.3708332379659
Oshodi Bus Terminal 3-5008432,2026-01-24T23:00:00+01:00,relativehumidity,%,77.87500063578288
Oshodi Bus Terminal 3-5008432,2026-01-24T23:00:00+01:00,temperature,c,29.237500111262005
Oshodi Bus Terminal 3-5008432,2026-01-24T23:00:00+01:00,um003,particles/cm³,4171.541666666667
Oshodi Bus Terminal 3-5008432,2026-01-25T00:00:00+01:00,pm1,µg/m³,43.41666603088379
Oshodi Bus Terminal 3-5008432,2026-01-25T00:00:00+01:00,pm25,µg/m³,65.7000002861023
Oshodi Bus Terminal 3-5008432,2026-01-25T00:00:00+01:00,relativehumidity,%,78.60833422342937
Oshodi Bus Terminal 3-5008432,2026-01-25T00:00:00+01:00,temperature,c,29.12083379427592
Oshodi Bus Terminal 3-5008432,2026-01-25T00:00:00+01:00,um003,particles/cm³,3685.3333333333335
Oshodi Bus Terminal 3-5008432,2026-01-25T01:00:00+01:00,pm1,µg/m³,64.89583388964336
Oshodi Bus Terminal 3-5008432,2026-01-25T01:00:00+01:00,pm25,µg/m³,115.92500019073486
Oshodi Bus Terminal 3-5008432,2026-01-25T01:00:00+01:00,relativehumidity,%,80.66666730244954
Oshodi Bus Terminal 3-5008432,2026-01-25T01:00:00+01:00,temperature,c,28.812499682108562
Oshodi Bus Terminal 3-5008432,2026-01-25T01:00:00+01:00,um003,particles/cm³,5379.125
Oshodi Bus Terminal 3-5008432,2026-01-25T02:00:00+01:00,pm1,µg/m³,47.33333349227905
Oshodi Bus Terminal 3-5008432,2026-01-25T02:00:00+01:00,pm25,µg/m³,78.38750060399373
Oshodi Bus Terminal 3-5008432,2026-01-25T02:00:00+01:00,relativehumidity,%,81.54583326975505
Oshodi Bus Terminal 3-5008432,2026-01-25T02:00:00+01:00,temperature,c,28.675000031789143
Oshodi Bus Terminal 3-5008432,2026-01-25T02:00:00+01:00,um003,particles/cm³,3945.5416666666665
Oshodi Bus Terminal 3-5008432,2026-01-25T03:00:00+01:00,pm1,µg/m³,38.391666968663536
Oshodi Bus Terminal 3-5008432,2026-01-25T03:00:00+01:00,pm25,µg/m³,63.141666094462074
Oshodi Bus Terminal 3-5008432,2026-01-25T03:00:00+01:00,relativehumidity,%,83.12499936421712
Oshodi Bus Terminal 3-5008432,2026-01-25T03:00:00+01:00,temperature,c,28.195833444595337
Oshodi Bus Terminal 3-5008432,2026-01-25T03:00:00+01:00,um003,particles/cm³,3195.4583333333335
Oshodi Bus Terminal 3-5008432,2026-01-25T04:00:00+01:00,pm1,µg/m³,46.91249926884969
Oshodi Bus Terminal 3-5008432,2026-01-25T04:00:00+01:00,pm25,µg/m³,77.57083352406819
Oshodi Bus Terminal 3-5008432,2026-01-25T04:00:00+01:00,relativehumidity,%,84.48749923706055
Oshodi Bus Terminal 3-5008432,2026-01-25T04:00:00+01:00,temperature,c,27.8166667620341
Oshodi Bus Terminal 3-5008432,2026-01-25T04:00:00+01:00,um003,particles/cm³,3992.25
Oshodi Bus Terminal 3-5008432,2026-01-25T05:00:00+01:00,pm1,µg/m³,36.24166671435038
Oshodi Bus Terminal 3-5008432,2026-01-25T05:00:00+01:00,pm25,µg/m³,57.56666644414266
Oshodi Bus Terminal 3-5008432,2026-01-25T05:00:00+01:00,relativehumidity,%,86.5291674931844
Oshodi Bus Terminal 3-5008432,2026-01-25T05:00:00+01:00,temperature,c,27.354166507720947
Oshodi Bus Terminal 3-5008432,2026-01-25T05:00:00+01:00,um003,particles/cm³,3050.1666666666665
Oshodi Bus Terminal 3-5008432,2026-01-25T06:00:00+01:00,pm1,µg/m³,36.38333304723104
Oshodi Bus Terminal 3-5008432,2026-01-25T06:00:00+01:00,pm25,µg/m³,58.708333015441895
Oshodi Bus Terminal 3-5008432,2026-01-25T06:00:00+01:00,relativehumidity,%,88.48750019073486
Oshodi Bus Terminal 3-5008432,2026-01-25T06:00:00+01:00,temperature,c,26.8708332379659
Oshodi Bus Terminal 3-5008432,2026-01-25T06:00:00+01:00,um003,particles/cm³,3065.2083333333335
Oshodi Bus Terminal 3-5008432,2026-01-25T07:00:00+01:00,pm1,µg/m³,57.520833015441895
Oshodi Bus Terminal 3-5008432,2026-01-25T07:00:00+01:00,pm25,µg/m³,97.97916666666667
Oshodi Bus Terminal 3-5008432,2026-01-25T07:00:00+01:00,relativehumidity,%,89.65833441416423
Oshodi Bus Terminal 3-5008432,2026-01-25T07:00:00+01:00,temperature,c,26.695833603541057
Oshodi Bus Terminal 3-5008432,2026-01-25T07:00:00+01:00,um003,particles/cm³,4820.083333333333
Oshodi Bus Terminal 3-5008432,2026-01-25T08:00:00+01:00,pm1,µg/m³,38.38750012715658
Oshodi Bus Terminal 3-5008432,2026-01-25T08:00:00+01:00,pm25,µg/m³,61.366666316986084
Oshodi Bus Terminal 3-5008432,2026-01-25T08:00:00+01:00,relativehumidity,%,89.56249968210857
Oshodi Bus Terminal 3-5008432,2026-01-25T08:00:00+01:00,temperature,c,26.8125
Oshodi Bus Terminal 3-5008432,2026-01-25T08:00:00+01:00,um003,particles/cm³,3234.6666666666665
Oshodi Bus Terminal 3-5008432,2026-01-25T09:00:00+01:00,pm1,µg/m³,43.574999968210854
Oshodi Bus Terminal 3-5008432,2026-01-25T09:00:00+01:00,pm25,µg/m³,71.52083285649617
Oshodi Bus Terminal 3-5008432,2026-01-25T09:00:00+01:00,relativehumidity,%,86.53749942779541
Oshodi Bus Terminal 3-5008432,2026-01-25T09:00:00+01:00,temperature,c,27.55833339691162
Oshodi Bus Terminal 3-5008432,2026-01-25T09:00:00+01:00,um003,particles/cm³,3732.9166666666665
Oshodi Bus Terminal 3-5008432,2026-01-25T10:00:00+01:00,pm1,µg/m³,30.754166841506958
Oshodi Bus Terminal 3-5008432,2026-01-25T10:00:00+01:00,pm25,µg/m³,48.508333365122475
Oshodi Bus Terminal 3-5008432,2026-01-25T10:00:00+01:00,relativehumidity,%,83.2624994913737
Oshodi Bus Terminal 3-5008432,2026-01-25T10:00:00+01:00,temperature,c,28.68749992052714
Oshodi Bus Terminal 3-5008432,2026-01-25T10:00:00+01:00,um003,particles/cm³,2424.0
Oshodi Bus Terminal 3-5008432,2026-01-25T11:00:00+01:00,pm1,µg/m³,27.1916663646698
Oshodi Bus Terminal 3-5008432,2026-01-25T11:00:00+01:00,pm25,µg/m³,42.166666666666664
Oshodi Bus Terminal 3-5008432,2026-01-25T11:00:00+01:00,relativehumidity,%,75.8083340326945
Oshodi Bus Terminal 3-5008432,2026-01-25T11:00:00+01:00,temperature,c,30.50416644414266
Oshodi Bus Terminal 3-5008432,2026-01-25T11:00:00+01:00,um003,particles/cm³,1959.0
Oshodi Bus Terminal 3-5008432,2026-01-25T12:00:00+01:00,pm1,µg/m³,28.170833269755047
Oshodi Bus Terminal 3-5008432,2026-01-25T12:00:00+01:00,pm25,µg/m³,43.11666679382324
Oshodi Bus Terminal 3-5008432,2026-01-25T12:00:00+01:00,relativehumidity,%,65.9416667620341
Oshodi Bus Terminal 3-5008432,2026-01-25T12:00:00+01:00,temperature,c,32.39583349227905
Oshodi Bus Terminal 3-5008432,2026-01-25T12:00:00+01:00,um003,particles/cm³,2071.8333333333335
Oshodi Bus Terminal 3-5008432,2026-01-25T13:00:00+01:00,pm1,µg/m³,29.804166793823242
Oshodi Bus Terminal 3-5008432,2026-01-25T13:00:00+01:00,pm25,µg/m³,44.90833330154419
Oshodi Bus Terminal 3-5008432,2026-01-25T13:00:00+01:00,relativehumidity,%,55.16666650772095
Oshodi Bus Terminal 3-5008432,2026-01-25T13:00:00+01:00,temperature,c,34.28333346048991
Oshodi Bus Terminal 3-5008432,2026-01-25T13:00:00+01:00,um003,particles/cm³,2265.4583333333335
Oshodi Bus Terminal 3-5008432,2026-01-25T14:00:00+01:00,pm1,µg/m³,33.025000174840294
Oshodi Bus Terminal 3-5008432,2026-01-25T14:00:00+01:00,pm25,µg/m³,49.03749990463257
Oshodi Bus Terminal 3-5008432,2026-01-25T14:00:00+01:00,relativehumidity,%,43.08749977747599
Oshodi Bus Terminal 3-5008432,2026-01-25T14:00:00+01:00,temperature,c,37.254166762034096
Oshodi Bus Terminal 3-5008432,2026-01-25T14:00:00+01:00,um003,particles/cm³,2588.1666666666665
Oshodi Bus Terminal 3-5008432,2026-01-25T15:00:00+01:00,pm1,µg/m³,29.233333269755047
Oshodi Bus Terminal 3-5008432,2026-01-25T15:00:00+01:00,pm25,µg/m³,42.90000009536743
Oshodi Bus Terminal 3-5008432,2026-01-25T15:00:00+01:00,relativehumidity,%,31.02916677792867
Oshodi Bus Terminal 3-5008432,2026-01-25T15:00:00+01:00,temperature,c,40.04999987284342
Oshodi Bus Terminal 3-5008432,2026-01-25T15:00:00+01:00,um003,particles/cm³,2114.125
Oshodi Bus Terminal 3-5008432,2026-01-25T16:00:00+01:00,pm1,µg/m³,36.46666669845581
Oshodi Bus Terminal 3-5008432,2026-01-25T16:00:00+01:00,pm25,µg/m³,52.7333337465922
Oshodi Bus Terminal 3-5008432,2026-01-25T16:00:00+01:00,relativehumidity,%,35.65416701634725
Oshodi Bus Terminal 3-5008432,2026-01-25T16:00:00+01:00,temperature,c,38.304166634877525
Oshodi Bus Terminal 3-5008432,2026-01-25T16:00:00+01:00,um003,particles/cm³,2783.8333333333335
Oshodi Bus Terminal 3-5008432,2026-01-25T17:00:00+01:00,pm1,µg/m³,45.866666634877525
Oshodi Bus Terminal 3-5008432,2026-01-25T17:00:00+01:00,pm25,µg/m³,70.80833355585735
Oshodi Bus Terminal 3-5008432,2026-01-25T17:00:00+01:00,relativehumidity,%,56.375
Oshodi Bus Terminal 3-5008432,2026-01-25T17:00:00+01:00,temperature,c,35.233333110809326
Oshodi Bus Terminal 3-5008432,2026-01-25T17:00:00+01:00,um003,particles/cm³,3710.5
Oshodi Bus Terminal 3-5008432,2026-01-25T18:00:00+01:00,pm1,µg/m³,36.695833126703896
Oshodi Bus Terminal 3-5008432,2026-01-25T18:00:00+01:00,pm25,µg/m³,54.891667207082115
Oshodi Bus Terminal 3-5008432,2026-01-25T18:00:00+01:00,relativehumidity,%,64.93333307902019
Oshodi Bus Terminal 3-5008432,2026-01-25T18:00:00+01:00,temperature,c,33.166666984558105
Oshodi Bus Terminal 3-5008432,2026-01-25T18:00:00+01:00,um003,particles/cm³,3117.125
Oshodi Bus Terminal 3-5008432,2026-01-25T19:00:00+01:00,pm1,µg/m³,36.320833126703896
Oshodi Bus Terminal 3-5008432,2026-01-25T19:00:00+01:00,pm25,µg/m³,54.03750022252401
Oshodi Bus Terminal 3-5008432,2026-01-25T19:00:00+01:00,relativehumidity,%,72.40833346048991
Oshodi Bus Terminal 3-5008432,2026-01-25T19:00:00+01:00,temperature,c,31.120833079020183
Oshodi Bus Terminal 3-5008432,2026-01-25T19:00:00+01:00,um003,particles/cm³,2984.7916666666665
Oshodi Bus Terminal 3-5008432,2026-01-25T20:00:00+01:00,pm1,µg/m³,33.99166703224182
Oshodi Bus Terminal 3-5008432,2026-01-25T20:00:00+01:00,pm25,µg/m³,51.21666685740153
Oshodi Bus Terminal 3-5008432,2026-01-25T20:00:00+01:00,relativehumidity,%,78.19583352406819
Oshodi Bus Terminal 3-5008432,2026-01-25T20:00:00+01:00,temperature,c,29.895833094914753
Oshodi Bus Terminal 3-5008432,2026-01-25T20:00:00+01:00,um003,particles/cm³,2776.8333333333335
Oshodi Bus Terminal 3-5008432,2026-01-25T21:00:00+01:00,pm1,µg/m³,36.59999990463257
Oshodi Bus Terminal 3-5008432,2026-01-25T21:00:00+01:00,pm25,µg/m³,55.64166673024496
Oshodi Bus Terminal 3-5008432,2026-01-25T21:00:00+01:00,relativehumidity,%,80.37499936421712
Oshodi Bus Terminal 3-5008432,2026-01-25T21:00:00+01:00,temperature,c,29.61666703224182
Oshodi Bus Terminal 3-5008432,2026-01-25T21:00:00+01:00,um003,particles/cm³,3032.0833333333335
Oshodi Bus Terminal 3-5008432,2026-01-25T22:00:00+01:00,pm1,µg/m³,35.016666650772095
Oshodi Bus Terminal 3-5008432,2026-01-25T22:00:00+01:00,pm25,µg/m³,52.6791664759318
Oshodi Bus Terminal 3-5008432,2026-01-25T22:00:00+01:00,relativehumidity,%,82.82500076293945
Oshodi Bus Terminal 3-5008432,2026-01-25T22:00:00+01:00,temperature,c,29.38333288828532
Oshodi Bus Terminal 3-5008432,2026-01-25T22:00:00+01:00,um003,particles/cm³,2869.25
Oshodi Bus Terminal 3-5008432,2026-01-25T23:00:00+01:00,pm1,µg/m³,34.762500047683716
Oshodi Bus Terminal 3-5008432,2026-01-25T23:00:00+01:00,pm25,µg/m³,52.487499713897705
Oshodi Bus Terminal 3-5008432,2026-01-25T23:00:00+01:00,relativehumidity,%,83.61666711171468
Oshodi Bus Terminal 3-5008432,2026-01-25T23:00:00+01:00,temperature,c,29.270833094914753
Oshodi Bus Terminal 3-5008432,2026-01-25T23:00:00+01:00,um003,particles/cm³,2813.9583333333335
Oshodi Bus Terminal 3-5008432,2026-01-26T00:00:00+01:00,pm1,µg/m³,37.80000045082786
Oshodi Bus Terminal 3-5008432,2026-01-26T00:00:00+01:00,pm25,µg/m³,57.3272727619518
Oshodi Bus Terminal 3-5008432,2026-01-26T00:00:00+01:00,relativehumidity,%,84.47272803566672
Oshodi Bus Terminal 3-5008432,2026-01-26T00:00:00+01:00,temperature,c,29.16818245974454
Oshodi Bus Terminal 3-5008432,2026-01-26T00:00:00+01:00,um003,particles/cm³,3078.818181818182
Oshodi Bus Terminal 3-5008432,2026-01-26T01:00:00+01:00,pm1,µg/m³,37.94583304723104
Oshodi Bus Terminal 3-5008432,2026-01-26T01:00:00+01:00,pm25,µg/m³,58.479166666666664
Oshodi Bus Terminal 3-5008432,2026-01-26T01:00:00+01:00,relativehumidity,%,84.7916669845581
Oshodi Bus Terminal 3-5008432,2026-01-26T01:00:00+01:00,temperature,c,28.995833317438763
Oshodi Bus Terminal 3-5008432,2026-01-26T01:00:00+01:00,um003,particles/cm³,3175.0
Oshodi Bus Terminal 3-5008432,2026-01-26T02:00:00+01:00,pm1,µg/m³,41.829166412353516
Oshodi Bus Terminal 3-5008432,2026-01-26T02:00:00+01:00,pm25,µg/m³,69.77500041325887
Oshodi Bus Terminal 3-5008432,2026-01-26T02:00:00+01:00,relativehumidity,%,85.8874994913737
Oshodi Bus Terminal 3-5008432,2026-01-26T02:00:00+01:00,temperature,c,28.71249993642171
Oshodi Bus Terminal 3-5008432,2026-01-26T02:00:00+01:00,um003,particles/cm³,3538.5833333333335
Oshodi Bus Terminal 3-5008432,2026-01-26T03:00:00+01:00,pm1,µg/m³,51.116666316986084
Oshodi Bus Terminal 3-5008432,2026-01-26T03:00:00+01:00,pm25,µg/m³,92.3083340326945
Oshodi Bus Terminal 3-5008432,2026-01-26T03:00:00+01:00,relativehumidity,%,87.81249968210857
Oshodi Bus Terminal 3-5008432,2026-01-26T03:00:00+01:00,temperature,c,28.21666646003723
Oshodi Bus Terminal 3-5008432,2026-01-26T03:00:00+01:00,um003,particles/cm³,4383.833333333333
Oshodi Bus Terminal 3-5008432,2026-01-26T04:00:00+01:00,pm1,µg/m³,36.833333015441895
Oshodi Bus Terminal 3-5008432,2026-01-26T04:00:00+01:00,pm25,µg/m³,61.44166644414266
Oshodi Bus Terminal 3-5008432,2026-01-26T04:00:00+01:00,relativehumidity,%,90.61250019073486
Oshodi Bus Terminal 3-5008432,2026-01-26T04:00:00+01:00,temperature,c,27.49166663487752
Oshodi Bus Terminal 3-5008432,2026-01-26T04:00:00+01:00,um003,particles/cm³,3146.625
Oshodi Bus Terminal 3-5008432,2026-01-26T05:00:00+01:00,pm1,µg/m³,39.936363740400836
Oshodi Bus Terminal 3-5008432,2026-01-26T05:00:00+01:00,pm25,µg/m³,69.63636328957297
Oshodi Bus Terminal 3-5008432,2026-01-26T05:00:00+01:00,relativehumidity,%,91.87727251919833
Oshodi Bus Terminal 3-5008432,2026-01-26T05:00:00+01:00,temperature,c,27.24090914292769
Oshodi Bus Terminal 3-5008432,2026-01-26T05:00:00+01:00,um003,particles/cm³,3444.0
Oshodi Bus Terminal 3-5008432,2026-01-26T06:00:00+01:00,pm1,µg/m³,35.270833015441895
Oshodi Bus Terminal 3-5008432,2026-01-26T06:00:00+01:00,pm25,µg/m³,58.68333355585734
Oshodi Bus Terminal 3-5008432,2026-01-26T06:00:00+01:00,relativehumidity,%,93.02916558583577
Oshodi Bus Terminal 3-5008432,2026-01-26T06:00:00+01:00,temperature,c,26.99166663487752
Oshodi Bus Terminal 3-5008432,2026-01-26T06:00:00+01:00,um003,particles/cm³,2993.25
Oshodi Bus Terminal 3-5008432,2026-01-26T07:00:00+01:00,pm1,µg/m³,33.18749992052714
Oshodi Bus Terminal 3-5008432,2026-01-26T07:00:00+01:00,pm25,µg/m³,53.09583346048991
Oshodi Bus Terminal 3-5008432,2026-01-26T07:00:00+01:00,relativehumidity,%,92.25833511352539
Oshodi Bus Terminal 3-5008432,2026-01-26T07:00:00+01:00,temperature,c,26.94166644414266
Oshodi Bus Terminal 3-5008432,2026-01-26T07:00:00+01:00,um003,particles/cm³,2745.6666666666665
Oshodi Bus Terminal 3-5008432,2026-01-26T08:00:00+01:00,pm1,µg/m³,34.50909120386297
Oshodi Bus Terminal 3-5008432,2026-01-26T08:00:00+01:00,pm25,µg/m³,55.15454517711293
Oshodi Bus Terminal 3-5008432,2026-01-26T08:00:00+01:00,relativehumidity,%,91.46363587812944
Oshodi Bus Terminal 3-5008432,2026-01-26T08:00:00+01:00,temperature,c,26.88636337627064
Oshodi Bus Terminal 3-5008432,2026-01-26T08:00:00+01:00,um003,particles/cm³,2915.2272727272725
Oshodi Bus Terminal 3-5008432,2026-01-26T09:00:00+01:00,pm1,µg/m³,33.19000005722046
Oshodi Bus Terminal 3-5008432,2026-01-26T09:00:00+01:00,pm25,µg/m³,52.74499988555908
Oshodi Bus Terminal 3-5008432,2026-01-26T09:00:00+01:00,relativehumidity,%,89.89000015258789
Oshodi Bus Terminal 3-5008432,2026-01-26T09:00:00+01:00,temperature,c,27.175000286102296
Oshodi Bus Terminal 3-5008432,2026-01-26T09:00:00+01:00,um003,particles/cm³,2731.55
Oshodi Bus Terminal 3-5008432,2026-01-26T10:00:00+01:00,pm1,µg/m³,30.862500031789143
Oshodi Bus Terminal 3-5008432,2026-01-26T10:00:00+01:00,pm25,µg/m³,48.22916634877523
Oshodi Bus Terminal 3-5008432,2026-01-26T10:00:00+01:00,relativehumidity,%,83.41249974568684
Oshodi Bus Terminal 3-5008432,2026-01-26T10:00:00+01:00,temperature,c,28.75000023841858
Oshodi Bus Terminal 3-5008432,2026-01-26T10:00:00+01:00,um003,particles/cm³,2425.125
Oshodi Bus Terminal 3-5008432,2026-01-26T11:00:00+01:00,pm1,µg/m³,33.29499979019165
Oshodi Bus Terminal 3-5008432,2026-01-26T11:00:00+01:00,pm25,µg/m³,52.784999465942384
Oshodi Bus Terminal 3-5008432,2026-01-26T11:00:00+01:00,relativehumidity,%,76.04999923706055
Oshodi Bus Terminal 3-5008432,2026-01-26T11:00:00+01:00,temperature,c,30.39000005722046
Oshodi Bus Terminal 3-5008432,2026-01-26T11:00:00+01:00,um003,particles/cm³,2776.8
Oshodi Bus Terminal 3-5008432,2026-01-26T12:00:00+01:00,pm1,µg/m³,29.133333603541057
Oshodi Bus Terminal 3-5008432,2026-01-26T12:00:00+01:00,pm25,µg/m³,43.97499974568685
Oshodi Bus Terminal 3-5008432,2026-01-26T12:00:00+01:00,relativehumidity,%,58.949999968210854
Oshodi Bus Terminal 3-5008432,2026-01-26T12:00:00+01:00,temperature,c,33.19166644414266
Oshodi Bus Terminal 3-5008432,2026-01-26T12:00:00+01:00,um003,particles/cm³,2189.2916666666665
Oshodi Bus Terminal 3-5008432,2026-01-26T13:00:00+01:00,pm1,µg/m³,30.420833428700764
Oshodi Bus Terminal 3-5008432,2026-01-26T13:00:00+01:00,pm25,µg/m³,45.37916660308838
Oshodi Bus Terminal 3-5008432,2026-01-26T13:00:00+01:00,relativehumidity,%,46.37499968210856
Oshodi Bus Terminal 3-5008432,2026-01-26T13:00:00+01:00,temperature,c,35.45833317438761
Oshodi Bus Terminal 3-5008432,2026-01-26T13:00:00+01:00,um003,particles/cm³,2330.2083333333335
Oshodi Bus Terminal 3-5008432,2026-01-26T14:00:00+01:00,pm1,µg/m³,34.33333341280619
Oshodi Bus Terminal 3-5008432,2026-01-26T14:00:00+01:00,pm25,µg/m³,51.766666094462074
Oshodi Bus Terminal 3-5008432,2026-01-26T14:00:00+01:00,relativehumidity,%,33.53333353996277
Oshodi Bus Terminal 3-5008432,2026-01-26T14:00:00+01:00,temperature,c,38.28749990463257
Oshodi Bus Terminal 3-5008432,2026-01-26T14:00:00+01:00,um003,particles/cm³,2745.2083333333335
Oshodi Bus Terminal 3-5008432,2026-01-26T15:00:00+01:00,pm1,µg/m³,44.433333237965904
Oshodi Bus Terminal 3-5008432,2026-01-26T15:00:00+01:00,pm25,µg/m³,64.46666701634724
Oshodi Bus Terminal 3-5008432,2026-01-26T15:00:00+01:00,relativehumidity,%,35.29166658719381
Oshodi Bus Terminal 3-5008432,2026-01-26T15:00:00+01:00,temperature,c,37.58333317438761
Oshodi Bus Terminal 3-5008432,2026-01-26T15:00:00+01:00,um003,particles/cm³,3620.625
Oshodi Bus Terminal 3-5008432,2026-01-26T16:00:00+01:00,pm1,µg/m³,39.191666762034096
Oshodi Bus Terminal 3-5008432,2026-01-26T16:00:00+01:00,pm25,µg/m³,57.20833317438761
Oshodi Bus Terminal 3-5008432,2026-01-26T16:00:00+01:00,relativehumidity,%,45.90416653951009
Oshodi Bus Terminal 3-5008432,2026-01-26T16:00:00+01:00,temperature,c,36.358333110809326
Oshodi Bus Terminal 3-5008432,2026-01-26T16:00:00+01:00,um003,particles/cm³,3283.7916666666665
Oshodi Bus Terminal 3-5008432,2026-01-26T17:00:00+01:00,pm1,µg/m³,38.12272696061568
Oshodi Bus Terminal 3-5008432,2026-01-26T17:00:00+01:00,pm25,µg/m³,57.19545451077548
Oshodi Bus Terminal 3-5008432,2026-01-26T17:00:00+01:00,relativehumidity,%,54.577272935347125
Oshodi Bus Terminal 3-5008432,2026-01-26T17:00:00+01:00,temperature,c,34.586363705721766
Oshodi Bus Terminal 3-5008432,2026-01-26T17:00:00+01:00,um003,particles/cm³,3182.1363636363635
Oshodi Bus Terminal 3-5008432,2026-01-26T18:00:00+01:00,pm1,µg/m³,45.00416644414266
Oshodi Bus Terminal 3-5008432,2026-01-26T18:00:00+01:00,pm25,µg/m³,67.47499974568684
Oshodi Bus Terminal 3-5008432,2026-01-26T18:00:00+01:00,relativehumidity,%,57.191666762034096
Oshodi Bus Terminal 3-5008432,2026-01-26T18:00:00+01:00,temperature,c,33.09166653951009
Oshodi Bus Terminal 3-5008432,2026-01-26T18:00:00+01:00,um003,particles/cm³,3855.125
Oshodi Bus Terminal 3-5008432,2026-01-26T19:00:00+01:00,pm1,µg/m³,52.15416653951009
Oshodi Bus Terminal 3-5008432,2026-01-26T19:00:00+01:00,pm25,µg/m³,79.28749958674113
Oshodi Bus Terminal 3-5008432,2026-01-26T19:00:00+01:00,relativehumidity,%,63.24583387374878
Oshodi Bus Terminal 3-5008432,2026-01-26T19:00:00+01:00,temperature,c,31.608333428700764
Oshodi Bus Terminal 3-5008432,2026-01-26T19:00:00+01:00,um003,particles/cm³,4461.25
Oshodi Bus Terminal 3-5008432,2026-01-26T20:00:00+01:00,pm1,µg/m³,43.24166711171468
Oshodi Bus Terminal 3-5008432,2026-01-26T20:00:00+01:00,pm25,µg/m³,64.59583361943562
Oshodi Bus Terminal 3-5008432,2026-01-26T20:00:00+01:00,relativehumidity,%,68.82083384195964
Oshodi Bus Terminal 3-5008432,2026-01-26T20:00:00+01:00,temperature,c,30.479166587193806
Oshodi Bus Terminal 3-5008432,2026-01-26T20:00:00+01:00,um003,particles/cm³,3728.2083333333335
Oshodi Bus Terminal 3-5008432,2026-01-26T21:00:00+01:00,pm1,µg/m³,42.22083346048991
Oshodi Bus Terminal 3-5008432,2026-01-26T21:00:00+01:00,pm25,µg/m³,61.78749974568685
Oshodi Bus Terminal 3-5008432,2026-01-26T21:00:00+01:00,relativehumidity,%,73.62500031789143
Oshodi Bus Terminal 3-5008432,2026-01-26T21:00:00+01:00,temperature,c,29.829166412353516
Oshodi Bus Terminal 3-5008432,2026-01-26T21:00:00+01:00,um003,particles/cm³,3580.1666666666665
Oshodi Bus Terminal 3-5008432,2026-01-26T22:00:00+01:00,pm1,µg/m³,40.354166666666664
Oshodi Bus Terminal 3-5008432,2026-01-26T22:00:00+01:00,pm25,µg/m³,59.750000635782875
Oshodi Bus Terminal 3-5008432,2026-01-26T22:00:00+01:00,relativehumidity,%,77.27499993642171
Oshodi Bus Terminal 3-5008432,2026-01-26T22:00:00+01:00,temperature,c,29.441666682561237
Oshodi Bus Terminal 3-5008432,2026-01-26T22:00:00+01:00,um003,particles/cm³,3399.375
Oshodi Bus Terminal 3-5008432,2026-01-26T23:00:00+01:00,pm1,µg/m³,42.52916701634725
Oshodi Bus Terminal 3-5008432,2026-01-26T23:00:00+01:00,pm25,µg/m³,62.3916662534078
Oshodi Bus Terminal 3-5008432,2026-01-26T23:00:00+01:00,relativehumidity,%,79.6833324432373
Oshodi Bus Terminal 3-5008432,2026-01-26T23:00:00+01:00,temperature,c,29.100000143051147
Oshodi Bus Terminal 3-5008432,2026-01-26T23:00:00+01:00,um003,particles/cm³,3636.625
Oshodi Bus Terminal 3-5008432,2026-01-27T00:00:00+01:00,pm1,µg/m³,43.07083304723104
Oshodi Bus Terminal 3-5008432,2026-01-27T00:00:00+01:00,pm25,µg/m³,62.80416679382324
Oshodi Bus Terminal 3-5008432,2026-01-27T00:00:00+01:00,relativehumidity,%,81.88750012715657
Oshodi Bus Terminal 3-5008432,2026-01-27T00:00:00+01:00,temperature,c,28.99166663487752
Oshodi Bus Terminal 3-5008432,2026-01-27T00:00:00+01:00,um003,particles/cm³,3527.0833333333335
Oshodi Bus Terminal 3-5008432,2026-01-27T01:00:00+01:00,pm1,µg/m³,42.6333335240682
Oshodi Bus Terminal 3-5008432,2026-01-27T01:00:00+01:00,pm25,µg/m³,64.81666660308838
Oshodi Bus Terminal 3-5008432,2026-01-27T01:00:00+01:00,relativehumidity,%,82.25833257039388
Oshodi Bus Terminal 3-5008432,2026-01-27T01:00:00+01:00,temperature,c,28.93749976158142
Oshodi Bus Terminal 3-5008432,2026-01-27T01:00:00+01:00,um003,particles/cm³,3676.25
Oshodi Bus Terminal 3-5008432,2026-01-27T02:00:00+01:00,pm1,µg/m³,42.925000031789146
Oshodi Bus Terminal 3-5008432,2026-01-27T02:00:00+01:00,pm25,µg/m³,67.24999968210857
Oshodi Bus Terminal 3-5008432,2026-01-27T02:00:00+01:00,relativehumidity,%,83.80416552225749
Oshodi Bus Terminal 3-5008432,2026-01-27T02:00:00+01:00,temperature,c,28.679166714350384
Oshodi Bus Terminal 3-5008432,2026-01-27T02:00:00+01:00,um003,particles/cm³,3645.0833333333335
Oshodi Bus Terminal 3-5008432,2026-01-27T03:00:00+01:00,pm1,µg/m³,42.245833237965904
Oshodi Bus Terminal 3-5008432,2026-01-27T03:00:00+01:00,pm25,µg/m³,71.42500066757202
Oshodi Bus Terminal 3-5008432,2026-01-27T03:00:00+01:00,relativehumidity,%,85.68333371480306
Oshodi Bus Terminal 3-5008432,2026-01-27T03:00:00+01:00,temperature,c,28.054166396458943
Oshodi Bus Terminal 3-5008432,2026-01-27T03:00:00+01:00,um003,particles/cm³,3611.4583333333335
Oshodi Bus Terminal 3-5008432,2026-01-27T04:00:00+01:00,pm1,µg/m³,38.570833603541054
Oshodi Bus Terminal 3-5008432,2026-01-27T04:00:00+01:00,pm25,µg/m³,62.77916622161865
Oshodi Bus Terminal 3-5008432,2026-01-27T04:00:00+01:00,relativehumidity,%,87.17500019073486
Oshodi Bus Terminal 3-5008432,2026-01-27T04:00:00+01:00,temperature,c,27.637500524520874
Oshodi Bus Terminal 3-5008432,2026-01-27T04:00:00+01:00,um003,particles/cm³,3227.875
Oshodi Bus Terminal 3-5008432,2026-01-27T05:00:00+01:00,pm1,µg/m³,46.40416653951009
Oshodi Bus Terminal 3-5008432,2026-01-27T05:00:00+01:00,pm25,µg/m³,77.30416663487752
Oshodi Bus Terminal 3-5008432,2026-01-27T05:00:00+01:00,relativehumidity,%,87.95000044504802
Oshodi Bus Terminal 3-5008432,2026-01-27T05:00:00+01:00,temperature,c,27.333333174387615
Oshodi Bus Terminal 3-5008432,2026-01-27T05:00:00+01:00,um003,particles/cm³,3984.7916666666665
Oshodi Bus Terminal 3-5008432,2026-01-27T06:00:00+01:00,pm1,µg/m³,59.62499968210856
Oshodi Bus Terminal 3-5008432,2026-01-27T06:00:00+01:00,pm25,µg/m³,99.54166618982951
Oshodi Bus Terminal 3-5008432,2026-01-27T06:00:00+01:00,relativehumidity,%,88.95416577657063
Oshodi Bus Terminal 3-5008432,2026-01-27T06:00:00+01:00,temperature,c,27.016666730244953
Oshodi Bus Terminal 3-5008432,2026-01-27T06:00:00+01:00,um003,particles/cm³,4984.333333333333
Oshodi Bus Terminal 3-5008432,2026-01-27T07:00:00+01:00,pm1,µg/m³,76.98749955495198
Oshodi Bus Terminal 3-5008432,2026-01-27T07:00:00+01:00,pm25,µg/m³,129.82083447774252
Oshodi Bus Terminal 3-5008432,2026-01-27T07:00:00+01:00,relativehumidity,%,88.69583288828532
Oshodi Bus Terminal 3-5008432,2026-01-27T07:00:00+01:00,temperature,c,26.68750015894572
Oshodi Bus Terminal 3-5008432,2026-01-27T07:00:00+01:00,um003,particles/cm³,6354.25
Oshodi Bus Terminal 3-5008432,2026-01-27T08:00:00+01:00,pm1,µg/m³,52.083333015441895
Oshodi Bus Terminal 3-5008432,2026-01-27T08:00:00+01:00,pm25,µg/m³,83.43749968210857
Oshodi Bus Terminal 3-5008432,2026-01-27T08:00:00+01:00,relativehumidity,%,87.57083225250244
Oshodi Bus Terminal 3-5008432,2026-01-27T08:00:00+01:00,temperature,c,26.75000015894572
Oshodi Bus Terminal 3-5008432,2026-01-27T08:00:00+01:00,um003,particles/cm³,4402.125
Oshodi Bus Terminal 3-5008432,2026-01-27T09:00:00+01:00,pm1,µg/m³,45.23333342870077
Oshodi Bus Terminal 3-5008432,2026-01-27T09:00:00+01:00,pm25,µg/m³,72.86250019073486
Oshodi Bus Terminal 3-5008432,2026-01-27T09:00:00+01:00,relativehumidity,%,85.72916730244954
Oshodi Bus Terminal 3-5008432,2026-01-27T09:00:00+01:00,temperature,c,27.325000206629436
Oshodi Bus Terminal 3-5008432,2026-01-27T09:00:00+01:00,um003,particles/cm³,3864.1666666666665
Oshodi Bus Terminal 3-5008432,2026-01-27T10:00:00+01:00,pm1,µg/m³,38.46500015258789
Oshodi Bus Terminal 3-5008432,2026-01-27T10:00:00+01:00,pm25,µg/m³,61.79999923706055
Oshodi Bus Terminal 3-5008432,2026-01-27T10:00:00+01:00,relativehumidity,%,80.58500099182129
Oshodi Bus Terminal 3-5008432,2026-01-27T10:00:00+01:00,temperature,c,28.964999961853028
Oshodi Bus Terminal 3-5008432,2026-01-27T10:00:00+01:00,um003,particles/cm³,3284.55
Oshodi Bus Terminal 3-5008432,2026-01-27T11:00:00+01:00,pm1,µg/m³,32.72083306312561
Oshodi Bus Terminal 3-5008432,2026-01-27T11:00:00+01:00,pm25,µg/m³,49.958333810170494
Oshodi Bus Terminal 3-5008432,2026-01-27T11:00:00+01:00,relativehumidity,%,72.37916692097981
Oshodi Bus Terminal 3-5008432,2026-01-27T11:00:00+01:00,temperature,c,31.05833347638448
Oshodi Bus Terminal 3-5008432,2026-01-27T11:00:00+01:00,um003,particles/cm³,2619.8333333333335
Oshodi Bus Terminal 3-5008432,2026-01-27T12:00:00+01:00,pm1,µg/m³,35.34583338101705
Oshodi Bus Terminal 3-5008432,2026-01-27T12:00:00+01:00,pm25,µg/m³,52.19583384195963
Oshodi Bus Terminal 3-5008432,2026-01-27T12:00:00+01:00,relativehumidity,%,63.27916653951009
Oshodi Bus Terminal 3-5008432,2026-01-27T12:00:00+01:00,temperature,c,32.95416617393494
Oshodi Bus Terminal 3-5008432,2026-01-27T12:00:00+01:00,um003,particles/cm³,2891.5833333333335
Oshodi Bus Terminal 3-5008432,2026-01-27T13:00:00+01:00,pm1,µg/m³,39.11666679382324
Oshodi Bus Terminal 3-5008432,2026-01-27T13:00:00+01:00,pm25,µg/m³,58.45833365122477
Oshodi Bus Terminal 3-5008432,2026-01-27T13:00:00+01:00,relativehumidity,%,56.14166704813639
Oshodi Bus Terminal 3-5008432,2026-01-27T13:00:00+01:00,temperature,c,34.71666669845581
Oshodi Bus Terminal 3-5008432,2026-01-27T13:00:00+01:00,um003,particles/cm³,3243.8333333333335
Oshodi Bus Terminal 3-5008432,2026-01-27T14:00:00+01:00,pm1,µg/m³,45.02500025431315
Oshodi Bus Terminal 3-5008432,2026-01-27T14:00:00+01:00,pm25,µg/m³,66.04166603088379
Oshodi Bus Terminal 3-5008432,2026-01-27T14:00:00+01:00,relativehumidity,%,53.733333587646484
Oshodi Bus Terminal 3-5008432,2026-01-27T14:00:00+01:00,temperature,c,35.35833295186361
Oshodi Bus Terminal 3-5008432,2026-01-27T14:00:00+01:00,um003,particles/cm³,3750.1666666666665
Oshodi Bus Terminal 3-5008432,2026-01-27T15:00:00+01:00,pm1,µg/m³,39.1416662534078
Oshodi Bus Terminal 3-5008432,2026-01-27T15:00:00+01:00,pm25,µg/m³,56.74999968210856
Oshodi Bus Terminal 3-5008432,2026-01-27T15:00:00+01:00,relativehumidity,%,52.60416682561239
Oshodi Bus Terminal 3-5008432,2026-01-27T15:00:00+01:00,temperature,c,35.46666669845581
Oshodi Bus Terminal 3-5008432,2026-01-27T15:00:00+01:00,um003,particles/cm³,3302.4583333333335
Oshodi Bus Terminal 3-5008432,2026-01-27T16:00:00+01:00,pm1,µg/m³,40.024999936421715
Oshodi Bus Terminal 3-5008432,2026-01-27T16:00:00+01:00,pm25,µg/m³,56.570833683013916
Oshodi Bus Terminal 3-5008432,2026-01-27T16:00:00+01:00,relativehumidity,%,51.75000015894572
Oshodi Bus Terminal 3-5008432,2026-01-27T16:00:00+01:00,temperature,c,35.375
Oshodi Bus Terminal 3-5008432,2026-01-27T16:00:00+01:00,um003,particles/cm³,3281.25
Oshodi Bus Terminal 3-5008432,2026-01-27T17:00:00+01:00,pm1,µg/m³,35.28749990463257
Oshodi Bus Terminal 3-5008432,2026-01-27T17:00:00+01:00,pm25,µg/m³,51.016666412353516
Oshodi Bus Terminal 3-5008432,2026-01-27T17:00:00+01:00,relativehumidity,%,55.59583361943563
Oshodi Bus Terminal 3-5008432,2026-01-27T17:00:00+01:00,temperature,c,34.27916653951009
Oshodi Bus Terminal 3-5008432,2026-01-27T17:00:00+01:00,um003,particles/cm³,2933.9166666666665
Oshodi Bus Terminal 3-5008432,2026-01-27T18:00:00+01:00,pm1,µg/m³,41.03749990463257
Oshodi Bus Terminal 3-5008432,2026-01-27T18:00:00+01:00,pm25,µg/m³,58.55000019073486
Oshodi Bus Terminal 3-5008432,2026-01-27T18:00:00+01:00,relativehumidity,%,60.26666657129923
Oshodi Bus Terminal 3-5008432,2026-01-27T18:00:00+01:00,temperature,c,33.608333110809326
Oshodi Bus Terminal 3-5008432,2026-01-27T18:00:00+01:00,um003,particles/cm³,3390.75
Oshodi Bus Terminal 3-5008432,2026-01-27T19:00:00+01:00,pm1,µg/m³,45.87499984105428
Oshodi Bus Terminal 3-5008432,2026-01-27T19:00:00+01:00,pm25,µg/m³,66.02083317438762
Oshodi Bus Terminal 3-5008432,2026-01-27T19:00:00+01:00,relativehumidity,%,69.7291669845581
Oshodi Bus Terminal 3-5008432,2026-01-27T19:00:00+01:00,temperature,c,31.545833269755047
Oshodi Bus Terminal 3-5008432,2026-01-27T19:00:00+01:00,um003,particles/cm³,3750.2916666666665
Oshodi Bus Terminal 3-5008432,2026-01-27T20:00:00+01:00,pm1,µg/m³,44.42083342870077
Oshodi Bus Terminal 3-5008432,2026-01-27T20:00:00+01:00,pm25,µg/m³,64.62499968210857
Oshodi Bus Terminal 3-5008432,2026-01-27T20:00:00+01:00,relativehumidity,%,75.72083314259847
Oshodi Bus Terminal 3-5008432,2026-01-27T20:00:00+01:00,temperature,c,30.537500143051147
Oshodi Bus Terminal 3-5008432,2026-01-27T20:00:00+01:00,um003,particles/cm³,3704.0
Oshodi Bus Terminal 3-5008432,2026-01-27T21:00:00+01:00,pm1,µg/m³,41.02499977747599
Oshodi Bus Terminal 3-5008432,2026-01-27T21:00:00+01:00,pm25,µg/m³,61.870833237965904
Oshodi Bus Terminal 3-5008432,2026-01-27T21:00:00+01:00,relativehumidity,%,80.70000076293945
Oshodi Bus Terminal 3-5008432,2026-01-27T21:00:00+01:00,temperature,c,29.737500349680584
Oshodi Bus Terminal 3-5008432,2026-01-27T21:00:00+01:00,um003,particles/cm³,3428.3333333333335
Oshodi Bus Terminal 3-5008432,2026-01-27T22:00:00+01:00,pm1,µg/m³,43.849999687888406
Oshodi Bus Terminal 3-5008432,2026-01-27T22:00:00+01:00,pm25,µg/m³,66.02727317810059
Oshodi Bus Terminal 3-5008432,2026-01-27T22:00:00+01:00,relativehumidity,%,82.22272630171342
Oshodi Bus Terminal 3-5008432,2026-01-27T22:00:00+01:00,temperature,c,29.536363688382234
Oshodi Bus Terminal 3-5008432,2026-01-27T22:00:00+01:00,um003,particles/cm³,3718.3636363636365
Oshodi Bus Terminal 3-5008432,2026-01-27T23:00:00+01:00,pm1,µg/m³,46.6166672706604
Oshodi Bus Terminal 3-5008432,2026-01-27T23:00:00+01:00,pm25,µg/m³,68.83749930063884
Oshodi Bus Terminal 3-5008432,2026-01-27T23:00:00+01:00,relativehumidity,%,81.04166634877522
Oshodi Bus Terminal 3-5008432,2026-01-27T23:00:00+01:00,temperature,c,29.445833206176758
Oshodi Bus Terminal 3-5008432,2026-01-27T23:00:00+01:00,um003,particles/cm³,3845.9166666666665
Oshodi Bus Terminal 3-5008432,2026-01-28T00:00:00+01:00,pm1,µg/m³,51.14583349227905
Oshodi Bus Terminal 3-5008432,2026-01-28T00:00:00+01:00,pm25,µg/m³,77.20833381017049
Oshodi Bus Terminal 3-5008432,2026-01-28T00:00:00+01:00,relativehumidity,%,81.93333307902019
Oshodi Bus Terminal 3-5008432,2026-01-28T00:00:00+01:00,temperature,c,29.21666630109151
Oshodi Bus Terminal 3-5008432,2026-01-28T00:00:00+01:00,um003,particles/cm³,4317.458333333333
Oshodi Bus Terminal 3-5008432,2026-01-28T01:00:00+01:00,pm1,µg/m³,72.42500034968059
Oshodi Bus Terminal 3-5008432,2026-01-28T01:00:00+01:00,pm25,µg/m³,115.40000025431316
Oshodi Bus Terminal 3-5008432,2026-01-28T01:00:00+01:00,relativehumidity,%,83.02499930063884
Oshodi Bus Terminal 3-5008432,2026-01-28T01:00:00+01:00,temperature,c,29.037500143051147
Oshodi Bus Terminal 3-5008432,2026-01-28T01:00:00+01:00,um003,particles/cm³,5942.541666666667
Oshodi Bus Terminal 3-5008432,2026-01-28T02:00:00+01:00,pm1,µg/m³,44.824999968210854
Oshodi Bus Terminal 3-5008432,2026-01-28T02:00:00+01:00,pm25,µg/m³,67.73333326975505
Oshodi Bus Terminal 3-5008432,2026-01-28T02:00:00+01:00,relativehumidity,%,84.03749974568684
Oshodi Bus Terminal 3-5008432,2026-01-28T02:00:00+01:00,temperature,c,28.8166659673055
Oshodi Bus Terminal 3-5008432,2026-01-28T02:00:00+01:00,um003,particles/cm³,3804.2083333333335
Oshodi Bus Terminal 3-5008432,2026-01-28T03:00:00+01:00,pm1,µg/m³,38.2958337465922
Oshodi Bus Terminal 3-5008432,2026-01-28T03:00:00+01:00,pm25,µg/m³,57.020833333333336
Oshodi Bus Terminal 3-5008432,2026-01-28T03:00:00+01:00,relativehumidity,%,85.12500095367432
Oshodi Bus Terminal 3-5008432,2026-01-28T03:00:00+01:00,temperature,c,28.670833826065063
Oshodi Bus Terminal 3-5008432,2026-01-28T03:00:00+01:00,um003,particles/cm³,3219.7916666666665
Oshodi Bus Terminal 3-5008432,2026-01-28T04:00:00+01:00,pm1,µg/m³,46.0
Oshodi Bus Terminal 3-5008432,2026-01-28T04:00:00+01:00,pm25,µg/m³,66.80833292007446
Oshodi Bus Terminal 3-5008432,2026-01-28T04:00:00+01:00,relativehumidity,%,85.98333263397217
Oshodi Bus Terminal 3-5008432,2026-01-28T04:00:00+01:00,temperature,c,28.47083322207133
Oshodi Bus Terminal 3-5008432,2026-01-28T04:00:00+01:00,um003,particles/cm³,3895.0416666666665
Oshodi Bus Terminal 3-5008432,2026-01-28T05:00:00+01:00,pm1,µg/m³,39.49583371480306
Oshodi Bus Terminal 3-5008432,2026-01-28T05:00:00+01:00,pm25,µg/m³,59.9916664759318
Oshodi Bus Terminal 3-5008432,2026-01-28T05:00:00+01:00,relativehumidity,%,84.92083358764648
Oshodi Bus Terminal 3-5008432,2026-01-28T05:00:00+01:00,temperature,c,28.537500301996868
Oshodi Bus Terminal 3-5008432,2026-01-28T05:00:00+01:00,um003,particles/cm³,3323.8333333333335
Oshodi Bus Terminal 3-5008432,2026-01-28T06:00:00+01:00,pm1,µg/m³,53.316665967305504
Oshodi Bus Terminal 3-5008432,2026-01-28T06:00:00+01:00,pm25,µg/m³,89.37916692097981
Oshodi Bus Terminal 3-5008432,2026-01-28T06:00:00+01:00,relativehumidity,%,87.2208325068156
Oshodi Bus Terminal 3-5008432,2026-01-28T06:00:00+01:00,temperature,c,28.008333444595337
Oshodi Bus Terminal 3-5008432,2026-01-28T06:00:00+01:00,um003,particles/cm³,4521.0
Oshodi Bus Terminal 3-5008432,2026-01-28T07:00:00+01:00,pm1,µg/m³,39.441666762034096
Oshodi Bus Terminal 3-5008432,2026-01-28T07:00:00+01:00,pm25,µg/m³,65.6291667620341
Oshodi Bus Terminal 3-5008432,2026-01-28T07:00:00+01:00,relativehumidity,%,88.69166692097981
Oshodi Bus Terminal 3-5008432,2026-01-28T07:00:00+01:00,temperature,c,27.34166653951009
Oshodi Bus Terminal 3-5008432,2026-01-28T07:00:00+01:00,um003,particles/cm³,3393.4166666666665
Oshodi Bus Terminal 3-5008432,2026-01-28T08:00:00+01:00,pm1,µg/m³,46.5363637750799
Oshodi Bus Terminal 3-5008432,2026-01-28T08:00:00+01:00,pm25,µg/m³,76.96818230368875
Oshodi Bus Terminal 3-5008432,2026-01-28T08:00:00+01:00,relativehumidity,%,88.28636446866122
Oshodi Bus Terminal 3-5008432,2026-01-28T08:00:00+01:00,temperature,c,27.21363639831543
Oshodi Bus Terminal 3-5008432,2026-01-28T08:00:00+01:00,um003,particles/cm³,3991.818181818182
Oshodi Bus Terminal 3-5008432,2026-01-28T09:00:00+01:00,pm1,µg/m³,42.44166644414266
Oshodi Bus Terminal 3-5008432,2026-01-28T09:00:00+01:00,pm25,µg/m³,68.10833358764648
Oshodi Bus Terminal 3-5008432,2026-01-28T09:00:00+01:00,relativehumidity,%,82.20416673024495
Oshodi Bus Terminal 3-5008432,2026-01-28T09:00:00+01:00,temperature,c,28.34166653951009
Oshodi Bus Terminal 3-5008432,2026-01-28T09:00:00+01:00,um003,particles/cm³,3615.375
Oshodi Bus Terminal 3-5008432,2026-01-28T10:00:00+01:00,pm1,µg/m³,45.14999961853027
Oshodi Bus Terminal 3-5008432,2026-01-28T10:00:00+01:00,pm25,µg/m³,72.35416714350383
Oshodi Bus Terminal 3-5008432,2026-01-28T10:00:00+01:00,relativehumidity,%,74.84999974568684
Oshodi Bus Terminal 3-5008432,2026-01-28T10:00:00+01:00,temperature,c,30.508333524068195
Oshodi Bus Terminal 3-5008432,2026-01-28T10:00:00+01:00,um003,particles/cm³,3779.9583333333335
Oshodi Bus Terminal 3-5008432,2026-01-28T11:00:00+01:00,pm1,µg/m³,38.420833031336464
Oshodi Bus Terminal 3-5008432,2026-01-28T11:00:00+01:00,pm25,µg/m³,57.80833292007446
Oshodi Bus Terminal 3-5008432,2026-01-28T11:00:00+01:00,relativehumidity,%,68.38749980926514
Oshodi Bus Terminal 3-5008432,2026-01-28T11:00:00+01:00,temperature,c,32.37499976158142
Oshodi Bus Terminal 3-5008432,2026-01-28T11:00:00+01:00,um003,particles/cm³,3154.0416666666665
Oshodi Bus Terminal 3-5008432,2026-01-28T12:00:00+01:00,pm1,µg/m³,37.458333253860474
Oshodi Bus Terminal 3-5008432,2026-01-28T12:00:00+01:00,pm25,µg/m³,57.34583346048991
Oshodi Bus Terminal 3-5008432,2026-01-28T12:00:00+01:00,relativehumidity,%,65.26666673024495
Oshodi Bus Terminal 3-5008432,2026-01-28T12:00:00+01:00,temperature,c,32.68333355585734
Oshodi Bus Terminal 3-5008432,2026-01-28T12:00:00+01:00,um003,particles/cm³,3132.4166666666665
Oshodi Bus Terminal 3-5008432,2026-01-28T13:00:00+01:00,pm1,µg/m³,43.09166646003723
Oshodi Bus Terminal 3-5008432,2026-01-28T13:00:00+01:00,pm25,µg/m³,63.595832665761314
Oshodi Bus Terminal 3-5008432,2026-01-28T13:00:00+01:00,relativehumidity,%,61.4916664759318
Oshodi Bus Terminal 3-5008432,2026-01-28T13:00:00+01:00,temperature,c,33.61250034968058
Oshodi Bus Terminal 3-5008432,2026-01-28T13:00:00+01:00,um003,particles/cm³,3558.5833333333335
Oshodi Bus Terminal 3-5008432,2026-01-28T14:00:00+01:00,pm1,µg/m³,48.45416673024496
Oshodi Bus Terminal 3-5008432,2026-01-28T14:00:00+01:00,pm25,µg/m³,72.48333311080933
Oshodi Bus Terminal 3-5008432,2026-01-28T14:00:00+01:00,relativehumidity,%,61.087499936421715
Oshodi Bus Terminal 3-5008432,2026-01-28T14:00:00+01:00,temperature,c,33.78333282470703
Oshodi Bus Terminal 3-5008432,2026-01-28T14:00:00+01:00,um003,particles/cm³,3966.9583333333335
Oshodi Bus Terminal 3-5008432,2026-01-28T15:00:00+01:00,pm1,µg/m³,36.64999977747599
Oshodi Bus Terminal 3-5008432,2026-01-28T15:00:00+01:00,pm25,µg/m³,54.03749990463257
Oshodi Bus Terminal 3-5008432,2026-01-28T15:00:00+01:00,relativehumidity,%,57.72500022252401
Oshodi Bus Terminal 3-5008432,2026-01-28T15:00:00+01:00,temperature,c,34.633333365122475
Oshodi Bus Terminal 3-5008432,2026-01-28T15:00:00+01:00,um003,particles/cm³,3010.9583333333335
Oshodi Bus Terminal 3-5008432,2026-01-28T16:00:00+01:00,pm1,µg/m³,40.19166652361552
Oshodi Bus Terminal 3-5008432,2026-01-28T16:00:00+01:00,pm25,µg/m³,59.15833330154419
Oshodi Bus Terminal 3-5008432,2026-01-28T16:00:00+01:00,relativehumidity,%,57.16666682561239
Oshodi Bus Terminal 3-5008432,2026-01-28T16:00:00+01:00,temperature,c,35.07916704813639
Oshodi Bus Terminal 3-5008432,2026-01-28T16:00:00+01:00,um003,particles/cm³,3378.5416666666665
Oshodi Bus Terminal 3-5008432,2026-01-28T17:00:00+01:00,pm1,µg/m³,61.74166679382324
Oshodi Bus Terminal 3-5008432,2026-01-28T17:00:00+01:00,pm25,µg/m³,90.19999980926514
Oshodi Bus Terminal 3-5008432,2026-01-28T17:00:00+01:00,relativehumidity,%,59.41249990463257
Oshodi Bus Terminal 3-5008432,2026-01-28T17:00:00+01:00,temperature,c,34.32083320617676
Oshodi Bus Terminal 3-5008432,2026-01-28T17:00:00+01:00,um003,particles/cm³,5046.208333333333
Oshodi Bus Terminal 3-5008432,2026-01-28T18:00:00+01:00,pm1,µg/m³,40.20000020662943
Oshodi Bus Terminal 3-5008432,2026-01-28T18:00:00+01:00,pm25,µg/m³,57.83750009536743
Oshodi Bus Terminal 3-5008432,2026-01-28T18:00:00+01:00,relativehumidity,%,63.69166660308838
Oshodi Bus Terminal 3-5008432,2026-01-28T18:00:00+01:00,temperature,c,33.070833365122475
Oshodi Bus Terminal 3-5008432,2026-01-28T18:00:00+01:00,um003,particles/cm³,3348.125
Oshodi Bus Terminal 3-5008432,2026-01-28T19:00:00+01:00,pm1,µg/m³,42.741666634877525
Oshodi Bus Terminal 3-5008432,2026-01-28T19:00:00+01:00,pm25,µg/m³,62.36666711171468
Oshodi Bus Terminal 3-5008432,2026-01-28T19:00:00+01:00,relativehumidity,%,70.29166730244954
Oshodi Bus Terminal 3-5008432,2026-01-28T19:00:00+01:00,temperature,c,31.608333110809326
Oshodi Bus Terminal 3-5008432,2026-01-28T19:00:00+01:00,um003,particles/cm³,3627.1666666666665
Oshodi Bus Terminal 3-5008432,2026-01-28T20:00:00+01:00,pm1,µg/m³,43.02916653951009
Oshodi Bus Terminal 3-5008432,2026-01-28T20:00:00+01:00,pm25,µg/m³,63.137500286102295
Oshodi Bus Terminal 3-5008432,2026-01-28T20:00:00+01:00,relativehumidity,%,75.50833352406819
Oshodi Bus Terminal 3-5008432,2026-01-28T20:00:00+01:00,temperature,c,30.608333349227905
Oshodi Bus Terminal 3-5008432,2026-01-28T20:00:00+01:00,um003,particles/cm³,3701.75
Oshodi Bus Terminal 3-5008432,2026-01-28T21:00:00+01:00,pm1,µg/m³,43.26428549630301
Oshodi Bus Terminal 3-5008432,2026-01-28T21:00:00+01:00,pm25,µg/m³,64.69285774230957
Oshodi Bus Terminal 3-5008432,2026-01-28T21:00:00+01:00,relativehumidity,%,78.17142704554966
Oshodi Bus Terminal 3-5008432,2026-01-28T21:00:00+01:00,temperature,c,30.221428871154785
Oshodi Bus Terminal 3-5008432,2026-01-28T21:00:00+01:00,um003,particles/cm³,3650.9285714285716
Oshodi Bus Terminal 3-5008432,2026-01-28T22:00:00+01:00,pm1,µg/m³,41.44999972256747
Oshodi Bus Terminal 3-5008432,2026-01-28T22:00:00+01:00,pm25,µg/m³,62.568181471391156
Oshodi Bus Terminal 3-5008432,2026-01-28T22:00:00+01:00,relativehumidity,%,82.22727307406339
Oshodi Bus Terminal 3-5008432,2026-01-28T22:00:00+01:00,temperature,c,29.722727688876066
Oshodi Bus Terminal 3-5008432,2026-01-28T22:00:00+01:00,um003,particles/cm³,3530.5
Oshodi Bus Terminal 3-5008432,2026-01-28T23:00:00+01:00,pm1,µg/m³,53.120833237965904
Oshodi Bus Terminal 3-5008432,2026-01-28T23:00:00+01:00,pm25,µg/m³,77.16666571299235
Oshodi Bus Terminal 3-5008432,2026-01-28T23:00:00+01:00,relativehumidity,%,83.28749942779541
Oshodi Bus Terminal 3-5008432,2026-01-28T23:00:00+01:00,temperature,c,29.65000049273173
Oshodi Bus Terminal 3-5008432,2026-01-28T23:00:00+01:00,um003,particles/cm³,4467.791666666667
Oshodi Bus Terminal 3-5008432,2026-01-29T00:00:00+01:00,pm1,µg/m³,47.98750066757202
Oshodi Bus Terminal 3-5008432,2026-01-29T00:00:00+01:00,pm25,µg/m³,69.15000041325887
Oshodi Bus Terminal 3-5008432,2026-01-29T00:00:00+01:00,relativehumidity,%,82.15833346048991
Oshodi Bus Terminal 3-5008432,2026-01-29T00:00:00+01:00,temperature,c,29.49166663487752
Oshodi Bus Terminal 3-5008432,2026-01-29T00:00:00+01:00,um003,particles/cm³,3959.2916666666665
Oshodi Bus Terminal 3-5008432,2026-01-29T01:00:00+01:00,pm1,µg/m³,40.87083307902018
Oshodi Bus Terminal 3-5008432,2026-01-29T01:00:00+01:00,pm25,µg/m³,62.42499987284342
Oshodi Bus Terminal 3-5008432,2026-01-29T01:00:00+01:00,relativehumidity,%,83.33333396911621
Oshodi Bus Terminal 3-5008432,2026-01-29T01:00:00+01:00,temperature,c,29.183333953221638
Oshodi Bus Terminal 3-5008432,2026-01-29T01:00:00+01:00,um003,particles/cm³,3466.0416666666665
Oshodi Bus Terminal 3-5008432,2026-01-29T02:00:00+01:00,pm1,µg/m³,39.99583292007446
Oshodi Bus Terminal 3-5008432,2026-01-29T02:00:00+01:00,pm25,µg/m³,61.8041664759318
Oshodi Bus Terminal 3-5008432,2026-01-29T02:00:00+01:00,relativehumidity,%,83.51249917348225
Oshodi Bus Terminal 3-5008432,2026-01-29T02:00:00+01:00,temperature,c,29.066666920979817
Oshodi Bus Terminal 3-5008432,2026-01-29T02:00:00+01:00,um003,particles/cm³,3405.1666666666665
Oshodi Bus Terminal 3-5008432,2026-01-29T03:00:00+01:00,pm1,µg/m³,35.87499976158142
Oshodi Bus Terminal 3-5008432,2026-01-29T03:00:00+01:00,pm25,µg/m³,55.241666316986084
Oshodi Bus Terminal 3-5008432,2026-01-29T03:00:00+01:00,relativehumidity,%,84.85833358764648
Oshodi Bus Terminal 3-5008432,2026-01-29T03:00:00+01:00,temperature,c,28.824999729792278
Oshodi Bus Terminal 3-5008432,2026-01-29T03:00:00+01:00,um003,particles/cm³,2952.8333333333335
Oshodi Bus Terminal 3-5008432,2026-01-29T04:00:00+01:00,pm1,µg/m³,32.616666634877525
Oshodi Bus Terminal 3-5008432,2026-01-29T04:00:00+01:00,pm25,µg/m³,51.64583365122477
Oshodi Bus Terminal 3-5008432,2026-01-29T04:00:00+01:00,relativehumidity,%,86.12916723887126
Oshodi Bus Terminal 3-5008432,2026-01-29T04:00:00+01:00,temperature,c,28.612500429153442
Oshodi Bus Terminal 3-5008432,2026-01-29T04:00:00+01:00,um003,particles/cm³,2618.4583333333335
Oshodi Bus Terminal 3-5008432,2026-01-29T05:00:00+01:00,pm1,µg/m³,35.487499952316284
Oshodi Bus Terminal 3-5008432,2026-01-29T05:00:00+01:00,pm25,µg/m³,57.29166682561239
Oshodi Bus Terminal 3-5008432,2026-01-29T05:00:00+01:00,relativehumidity,%,87.08750025431316
Oshodi Bus Terminal 3-5008432,2026-01-29T05:00:00+01:00,temperature,c,28.391666253407795
Oshodi Bus Terminal 3-5008432,2026-01-29T05:00:00+01:00,um003,particles/cm³,2970.3333333333335
Oshodi Bus Terminal 3-5008432,2026-01-29T06:00:00+01:00,pm1,µg/m³,51.85454594005238
Oshodi Bus Terminal 3-5008432,2026-01-29T06:00:00+01:00,pm25,µg/m³,88.26818136735396
Oshodi Bus Terminal 3-5008432,2026-01-29T06:00:00+01:00,relativehumidity,%,87.87727251919833
Oshodi Bus Terminal 3-5008432,2026-01-29T06:00:00+01:00,temperature,c,28.15909125588157
Oshodi Bus Terminal 3-5008432,2026-01-29T06:00:00+01:00,um003,particles/cm³,4409.818181818182
Oshodi Bus Terminal 3-5008432,2026-01-29T07:00:00+01:00,pm1,µg/m³,60.870833237965904
Oshodi Bus Terminal 3-5008432,2026-01-29T07:00:00+01:00,pm25,µg/m³,97.69583352406819
Oshodi Bus Terminal 3-5008432,2026-01-29T07:00:00+01:00,relativehumidity,%,87.50416787465413
Oshodi Bus Terminal 3-5008432,2026-01-29T07:00:00+01:00,temperature,c,27.90000009536743
Oshodi Bus Terminal 3-5008432,2026-01-29T07:00:00+01:00,um003,particles/cm³,5025.75
Oshodi Bus Terminal 3-5008432,2026-01-29T08:00:00+01:00,pm1,µg/m³,45.670833587646484
Oshodi Bus Terminal 3-5008432,2026-01-29T08:00:00+01:00,pm25,µg/m³,74.80416615804036
Oshodi Bus Terminal 3-5008432,2026-01-29T08:00:00+01:00,relativehumidity,%,86.94999980926514
Oshodi Bus Terminal 3-5008432,2026-01-29T08:00:00+01:00,temperature,c,27.804166952768963
Oshodi Bus Terminal 3-5008432,2026-01-29T08:00:00+01:00,um003,particles/cm³,3899.7916666666665
Oshodi Bus Terminal 3-5008432,2026-01-29T09:00:00+01:00,pm1,µg/m³,43.995833237965904
Oshodi Bus Terminal 3-5008432,2026-01-29T09:00:00+01:00,pm25,µg/m³,70.56666628519694
Oshodi Bus Terminal 3-5008432,2026-01-29T09:00:00+01:00,relativehumidity,%,83.85416603088379
Oshodi Bus Terminal 3-5008432,2026-01-29T09:00:00+01:00,temperature,c,28.770833094914753
Oshodi Bus Terminal 3-5008432,2026-01-29T09:00:00+01:00,um003,particles/cm³,3723.3333333333335
Oshodi Bus Terminal 3-5008432,2026-01-29T10:00:00+01:00,pm1,µg/m³,33.73333326975504
Oshodi Bus Terminal 3-5008432,2026-01-29T10:00:00+01:00,pm25,µg/m³,52.31249984105428
Oshodi Bus Terminal 3-5008432,2026-01-29T10:00:00+01:00,relativehumidity,%,78.59583441416423
Oshodi Bus Terminal 3-5008432,2026-01-29T10:00:00+01:00,temperature,c,30.22083322207133
Oshodi Bus Terminal 3-5008432,2026-01-29T10:00:00+01:00,um003,particles/cm³,2790.2916666666665
Oshodi Bus Terminal 3-5008432,2026-01-29T11:00:00+01:00,pm1,µg/m³,28.82083336512248
Oshodi Bus Terminal 3-5008432,2026-01-29T11:00:00+01:00,pm25,µg/m³,44.137500286102295
Oshodi Bus Terminal 3-5008432,2026-01-29T11:00:00+01:00,relativehumidity,%,71.98749987284343
Oshodi Bus Terminal 3-5008432,2026-01-29T11:00:00+01:00,temperature,c,31.59166677792867
Oshodi Bus Terminal 3-5008432,2026-01-29T11:00:00+01:00,um003,particles/cm³,2139.4166666666665
Oshodi Bus Terminal 3-5008432,2026-01-29T13:00:00+01:00,pm1,µg/m³,36.083333015441895
Oshodi Bus Terminal 3-5008432,2026-01-29T13:00:00+01:00,pm25,µg/m³,55.76249965031942
Oshodi Bus Terminal 3-5008432,2026-01-29T13:00:00+01:00,relativehumidity,%,62.10833406448364
Oshodi Bus Terminal 3-5008432,2026-01-29T13:00:00+01:00,temperature,c,34.383333365122475
Oshodi Bus Terminal 3-5008432,2026-01-29T13:00:00+01:00,um003,particles/cm³,2986.875
Oshodi Bus Terminal 3-5008432,2026-01-29T14:00:00+01:00,pm1,µg/m³,34.833333015441895
Oshodi Bus Terminal 3-5008432,2026-01-29T14:00:00+01:00,pm25,µg/m³,53.120833237965904
Oshodi Bus Terminal 3-5008432,2026-01-29T14:00:00+01:00,relativehumidity,%,62.80416679382324
Oshodi Bus Terminal 3-5008432,2026-01-29T14:00:00+01:00,temperature,c,33.92916695276896
Oshodi Bus Terminal 3-5008432,2026-01-29T14:00:00+01:00,um003,particles/cm³,2883.4583333333335
Oshodi Bus Terminal 3-5008432,2026-01-29T15:00:00+01:00,pm1,µg/m³,41.11666615804037
Oshodi Bus Terminal 3-5008432,2026-01-29T15:00:00+01:00,pm25,µg/m³,60.716666751437714
Oshodi Bus Terminal 3-5008432,2026-01-29T15:00:00+01:00,relativehumidity,%,63.29444355434842
Oshodi Bus Terminal 3-5008432,2026-01-29T15:00:00+01:00,temperature,c,34.32777786254883
Oshodi Bus Terminal 3-5008432,2026-01-29T15:00:00+01:00,um003,particles/cm³,3430.3333333333335
Oshodi Bus Terminal 3-5008432,2026-01-29T17:00:00+01:00,pm1,µg/m³,38.85833271344503
Oshodi Bus Terminal 3-5008432,2026-01-29T17:00:00+01:00,pm25,µg/m³,56.237499396006264
Oshodi Bus Terminal 3-5008432,2026-01-29T17:00:00+01:00,relativehumidity,%,65.50000047683716
Oshodi Bus Terminal 3-5008432,2026-01-29T17:00:00+01:00,temperature,c,34.08333317438761
Oshodi Bus Terminal 3-5008432,2026-01-29T17:00:00+01:00,um003,particles/cm³,3168.1666666666665
Oshodi Bus Terminal 3-5008432,2026-01-29T18:00:00+01:00,pm1,µg/m³,40.51666673024496
Oshodi Bus Terminal 3-5008432,2026-01-29T18:00:00+01:00,pm25,µg/m³,59.05000019073486
Oshodi Bus Terminal 3-5008432,2026-01-29T18:00:00+01:00,relativehumidity,%,69.19583320617676
Oshodi Bus Terminal 3-5008432,2026-01-29T18:00:00+01:00,temperature,c,33.191666762034096
Oshodi Bus Terminal 3-5008432,2026-01-29T18:00:00+01:00,um003,particles/cm³,3397.2916666666665
Oshodi Bus Terminal 3-5008432,2026-01-29T19:00:00+01:00,pm1,µg/m³,38.2888888253106
Oshodi Bus Terminal 3-5008432,2026-01-29T19:00:00+01:00,pm25,µg/m³,54.911110983954536
Oshodi Bus Terminal 3-5008432,2026-01-29T19:00:00+01:00,relativehumidity,%,73.50555504692926
Oshodi Bus Terminal 3-5008432,2026-01-29T19:00:00+01:00,temperature,c,31.61666668785943
Oshodi Bus Terminal 3-5008432,2026-01-29T19:00:00+01:00,um003,particles/cm³,2791.0
Oshodi Bus Terminal 3-5008432,2026-01-29T20:00:00+01:00,pm1,µg/m³,35.11874997615814
Oshodi Bus Terminal 3-5008432,2026-01-29T20:00:00+01:00,pm25,µg/m³,51.45625019073486
Oshodi Bus Terminal 3-5008432,2026-01-29T20:00:00+01:00,relativehumidity,%,76.98750066757202
Oshodi Bus Terminal 3-5008432,2026-01-29T20:00:00+01:00,temperature,c,30.55625009536743
Oshodi Bus Terminal 3-5008432,2026-01-29T20:00:00+01:00,um003,particles/cm³,2896.5
Oshodi Bus Terminal 3-5008432,2026-01-29T21:00:00+01:00,pm1,µg/m³,37.858333587646484
Oshodi Bus Terminal 3-5008432,2026-01-29T21:00:00+01:00,pm25,µg/m³,55.00416692097982
Oshodi Bus Terminal 3-5008432,2026-01-29T21:00:00+01:00,relativehumidity,%,80.39583333333333
Oshodi Bus Terminal 3-5008432,2026-01-29T21:00:00+01:00,temperature,c,30.066666920979817
Oshodi Bus Terminal 3-5008432,2026-01-29T21:00:00+01:00,um003,particles/cm³,3180.25
Oshodi Bus Terminal 3-5008432,2026-01-29T22:00:00+01:00,pm1,µg/m³,39.72083346048991
Oshodi Bus Terminal 3-5008432,2026-01-29T22:00:00+01:00,pm25,µg/m³,57.37499984105428
Oshodi Bus Terminal 3-5008432,2026-01-29T22:00:00+01:00,relativehumidity,%,81.49583276112874
Oshodi Bus Terminal 3-5008432,2026-01-29T22:00:00+01:00,temperature,c,29.78749966621399
Oshodi Bus Terminal 3-5008432,2026-01-29T22:00:00+01:00,um003,particles/cm³,3279.7083333333335
Oshodi Bus Terminal 3-5008432,2026-01-29T23:00:00+01:00,pm1,µg/m³,45.108333110809326
Oshodi Bus Terminal 3-5008432,2026-01-29T23:00:00+01:00,pm25,µg/m³,64.69166644414265
Oshodi Bus Terminal 3-5008432,2026-01-29T23:00:00+01:00,relativehumidity,%,81.11250019073486
Oshodi Bus Terminal 3-5008432,2026-01-29T23:00:00+01:00,temperature,c,29.658333619435627
Oshodi Bus Terminal 3-5008432,2026-01-29T23:00:00+01:00,um003,particles/cm³,3985.75
Oshodi Bus Terminal 3-5008432,2026-01-30T00:00:00+01:00,pm1,µg/m³,43.237499952316284
Oshodi Bus Terminal 3-5008432,2026-01-30T00:00:00+01:00,pm25,µg/m³,61.293750047683716
Oshodi Bus Terminal 3-5008432,2026-01-30T00:00:00+01:00,relativehumidity,%,82.21250104904175
Oshodi Bus Terminal 3-5008432,2026-01-30T00:00:00+01:00,temperature,c,29.512500047683716
Oshodi Bus Terminal 3-5008432,2026-01-30T00:00:00+01:00,um003,particles/cm³,3595.875
Oshodi Bus Terminal 3-5008432,2026-01-30T01:00:00+01:00,pm1,µg/m³,33.72500014305115
Oshodi Bus Terminal 3-5008432,2026-01-30T01:00:00+01:00,pm25,µg/m³,49.85833342870077
Oshodi Bus Terminal 3-5008432,2026-01-30T01:00:00+01:00,relativehumidity,%,84.13333320617676
Oshodi Bus Terminal 3-5008432,2026-01-30T01:00:00+01:00,temperature,c,29.32499933242798
Oshodi Bus Terminal 3-5008432,2026-01-30T01:00:00+01:00,um003,particles/cm³,2720.125
Oshodi Bus Terminal 3-5008432,2026-01-30T02:00:00+01:00,pm1,µg/m³,30.24583339691162
Oshodi Bus Terminal 3-5008432,2026-01-30T02:00:00+01:00,pm25,µg/m³,45.81250031789144
Oshodi Bus Terminal 3-5008432,2026-01-30T02:00:00+01:00,relativehumidity,%,85.46250025431316
Oshodi Bus Terminal 3-5008432,2026-01-30T02:00:00+01:00,temperature,c,29.25
Oshodi Bus Terminal 3-5008432,2026-01-30T02:00:00+01:00,um003,particles/cm³,2362.6666666666665
Oshodi Bus Terminal 3-5008432,2026-01-30T03:00:00+01:00,pm1,µg/m³,31.285000133514405
Oshodi Bus Terminal 3-5008432,2026-01-30T03:00:00+01:00,pm25,µg/m³,47.390000343322754
Oshodi Bus Terminal 3-5008432,2026-01-30T03:00:00+01:00,relativehumidity,%,86.05000076293945
Oshodi Bus Terminal 3-5008432,2026-01-30T03:00:00+01:00,temperature,c,29.075000286102295
Oshodi Bus Terminal 3-5008432,2026-01-30T03:00:00+01:00,um003,particles/cm³,2456.95
Oshodi Bus Terminal 3-5008432,2026-01-30T04:00:00+01:00,pm1,µg/m³,27.0583332379659
Oshodi Bus Terminal 3-5008432,2026-01-30T04:00:00+01:00,pm25,µg/m³,42.13749980926514
Oshodi Bus Terminal 3-5008432,2026-01-30T04:00:00+01:00,relativehumidity,%,86.19583384195964
Oshodi Bus Terminal 3-5008432,2026-01-30T04:00:00+01:00,temperature,c,28.85833279291789
Oshodi Bus Terminal 3-5008432,2026-01-30T04:00:00+01:00,um003,particles/cm³,1938.5416666666667
Oshodi Bus Terminal 3-5008432,2026-01-30T05:00:00+01:00,pm1,µg/m³,27.245454701510344
Oshodi Bus Terminal 3-5008432,2026-01-30T05:00:00+01:00,pm25,µg/m³,42.34090874411843
Oshodi Bus Terminal 3-5008432,2026-01-30T05:00:00+01:00,relativehumidity,%,86.96818161010742
Oshodi Bus Terminal 3-5008432,2026-01-30T05:00:00+01:00,temperature,c,28.60909080505371
Oshodi Bus Terminal 3-5008432,2026-01-30T05:00:00+01:00,um003,particles/cm³,1971.6363636363637
Oshodi Bus Terminal 3-5008432,2026-01-30T09:00:00+01:00,pm1,µg/m³,40.52083317438761
Oshodi Bus Terminal 3-5008432,2026-01-30T09:00:00+01:00,pm25,µg/m³,63.420832792917885
Oshodi Bus Terminal 3-5008432,2026-01-30T09:00:00+01:00,relativehumidity,%,88.90833377838135
Oshodi Bus Terminal 3-5008432,2026-01-30T09:00:00+01:00,temperature,c,24.541666825612385
Oshodi Bus Terminal 3-5008432,2026-01-30T09:00:00+01:00,um003,particles/cm³,3157.125
Oshodi Bus Terminal 3-5008432,2026-01-30T10:00:00+01:00,pm1,µg/m³,34.78749966621399
Oshodi Bus Terminal 3-5008432,2026-01-30T10:00:00+01:00,pm25,µg/m³,52.05416695276896
Oshodi Bus Terminal 3-5008432,2026-01-30T10:00:00+01:00,relativehumidity,%,83.39999898274739
Oshodi Bus Terminal 3-5008432,2026-01-30T10:00:00+01:00,temperature,c,25.099999984105427
Oshodi Bus Terminal 3-5008432,2026-01-30T10:00:00+01:00,um003,particles/cm³,2764.4166666666665
Oshodi Bus Terminal 3-5008432,2026-01-30T11:00:00+01:00,pm1,µg/m³,39.362499952316284
Oshodi Bus Terminal 3-5008432,2026-01-30T11:00:00+01:00,pm25,µg/m³,60.18124985694885
Oshodi Bus Terminal 3-5008432,2026-01-30T11:00:00+01:00,relativehumidity,%,82.46874809265137
Oshodi Bus Terminal 3-5008432,2026-01-30T11:00:00+01:00,temperature,c,25.91249966621399
Oshodi Bus Terminal 3-5008432,2026-01-30T11:00:00+01:00,um003,particles/cm³,3310.625
Oshodi Bus Terminal 3-5008432,2026-01-30T12:00:00+01:00,pm1,µg/m³,34.087500174840294
Oshodi Bus Terminal 3-5008432,2026-01-30T12:00:00+01:00,pm25,µg/m³,53.06249984105428
Oshodi Bus Terminal 3-5008432,2026-01-30T12:00:00+01:00,relativehumidity,%,78.54583390553792
Oshodi Bus Terminal 3-5008432,2026-01-30T12:00:00+01:00,temperature,c,27.079166650772095
Oshodi Bus Terminal 3-5008432,2026-01-30T12:00:00+01:00,um003,particles/cm³,2844.0
Oshodi Bus Terminal 3-5008432,2026-01-30T13:00:00+01:00,pm1,µg/m³,36.01249980926514
Oshodi Bus Terminal 3-5008432,2026-01-30T13:00:00+01:00,pm25,µg/m³,56.12499976158142
Oshodi Bus Terminal 3-5008432,2026-01-30T13:00:00+01:00,relativehumidity,%,74.91249942779541
Oshodi Bus Terminal 3-5008432,2026-01-30T13:00:00+01:00,temperature,c,28.737500190734863
Oshodi Bus Terminal 3-5008432,2026-01-30T13:00:00+01:00,um003,particles/cm³,2957.875
Oshodi Bus Terminal 3-5008432,2026-01-30T14:00:00+01:00,pm1,µg/m³,41.58499984741211
Oshodi Bus Terminal 3-5008432,2026-01-30T14:00:00+01:00,pm25,µg/m³,65.60500049591064
Oshodi Bus Terminal 3-5008432,2026-01-30T14:00:00+01:00,relativehumidity,%,70.77000007629394
Oshodi Bus Terminal 3-5008432,2026-01-30T14:00:00+01:00,temperature,c,29.744999885559082
Oshodi Bus Terminal 3-5008432,2026-01-30T14:00:00+01:00,um003,particles/cm³,3489.9
